<?xml version="1.0"?>

<BaseID:1000>
<Switch1>
8
</Switch1>
<Switch2>
8
</Switch2>
<Switch3>
7
</Switch3>
<Switch4>
11
</Switch4>
<Switch5>
12
</Switch5>
<Switch6>
16
</Switch6>
<Switch7>
13
</Switch7>
<Switch8>
17
</Switch8>
<Switch9>
10
</Switch9>
<Switch10>
6
</Switch10>
<Switch11>
0
</Switch11>
<Switch12>
2
</Switch12>
<Switch13>
10
</Switch13>
<Switch14>
2
</Switch14>
<Switch15>
14
</Switch15>
<Switch16>
7
</Switch16>
<Switch17>
13
</Switch17>
<Switch18>
19
</Switch18>
<Switch19>
3
</Switch19>
<Switch20>
7
</Switch20>
<Switch21>
10
</Switch21>
<Switch22>
17
</Switch22>
<Switch23>
12
</Switch23>
<Switch24>
5
</Switch24>
<Switch25>
3
</Switch25>
<Switch26>
11
</Switch26>
<Switch27>
1
</Switch27>
<Switch28>
15
</Switch28>
<Switch29>
15
</Switch29>
<Switch30>
1
</Switch30>
<Switch31>
2
</Switch31>
<Switch32>
6
</Switch32>
<Switch33>
18
</Switch33>
<Switch34>
14
</Switch34>
<Switch35>
11
</Switch35>
<Switch36>
6
</Switch36>
<Switch37>
13
</Switch37>
<Switch38>
7
</Switch38>
<Switch39>
17
</Switch39>
<Switch40>
10
</Switch40>
<Switch41>
4
</Switch41>
<Switch42>
16
</Switch42>
<Switch43>
0
</Switch43>
<Switch44>
10
</Switch44>
<Switch45>
2
</Switch45>
<Switch46>
13
</Switch46>
<Switch47>
7
</Switch47>
<Switch48>
5
</Switch48>
<Switch49>
9
</Switch49>
<Switch50>
13
</Switch50>
<Switch51>
7
</Switch51>
<Switch52>
10
</Switch52>
<Switch53>
3
</Switch53>
<Switch54>
3
</Switch54>
<Switch55>
1
</Switch55>
<Switch56>
3
</Switch56>
<Switch57>
17
</Switch57>
<Switch58>
1
</Switch58>
<Switch59>
8
</Switch59>
<Switch60>
19
</Switch60>
<Switch61>
14
</Switch61>
<Switch62>
2
</Switch62>
<Switch63>
7
</Switch63>
<Switch64>
2
</Switch64>
<Switch65>
3
</Switch65>
<Switch66>
13
</Switch66>
<Switch67>
11
</Switch67>
<Switch68>
6
</Switch68>
<Switch69>
15
</Switch69>
<Switch70>
8
</Switch70>
<Switch71>
8
</Switch71>
<Switch72>
6
</Switch72>
<Switch73>
6
</Switch73>
<Switch74>
3
</Switch74>
<Switch75>
19
</Switch75>
<Switch76>
0
</Switch76>
<Switch77>
13
</Switch77>
<Switch78>
9
</Switch78>
<Switch79>
13
</Switch79>
<Switch80>
15
</Switch80>
<Switch81>
1
</Switch81>
<Switch82>
2
</Switch82>
<Switch83>
18
</Switch83>
<Switch84>
4
</Switch84>
<Switch85>
15
</Switch85>
<Switch86>
3
</Switch86>
<Switch87>
12
</Switch87>
<Switch88>
1
</Switch88>
<Switch89>
0
</Switch89>
<Switch90>
11
</Switch90>
<Switch91>
15
</Switch91>
<Switch92>
5
</Switch92>
<Switch93>
9
</Switch93>
<Switch94>
7
</Switch94>
<Switch95>
10
</Switch95>
<Switch96>
19
</Switch96>
<Switch97>
8
</Switch97>
<Switch98>
8
</Switch98>
<Switch99>
9
</Switch99>
<Switch100>
17
</Switch100>
<Switch101>
6
</Switch101>
<Switch102>
6
</Switch102>
<Switch103>
12
</Switch103>
<Switch104>
8
</Switch104>
<Switch105>
8
</Switch105>
<Switch106>
5
</Switch106>
<Switch107>
3
</Switch107>
<Switch108>
6
</Switch108>
<Switch109>
9
</Switch109>
<Switch110>
0
</Switch110>
<Switch111>
3
</Switch111>
<Switch112>
9
</Switch112>
<Switch113>
10
</Switch113>
<Switch114>
17
</Switch114>
<Switch115>
12
</Switch115>
<Switch116>
11
</Switch116>
<Switch117>
15
</Switch117>
<Switch118>
19
</Switch118>
<Switch119>
5
</Switch119>
<Switch120>
4
</Switch120>
<Switch121>
6
</Switch121>
<Switch122>
1
</Switch122>
<Switch123>
18
</Switch123>
<Switch124>
7
</Switch124>
<Switch125>
17
</Switch125>
<Switch126>
0
</Switch126>
<Switch127>
17
</Switch127>
<Switch128>
2
</Switch128>
<Switch129>
3
</Switch129>
<Switch130>
12
</Switch130>
<Switch131>
9
</Switch131>
<Switch132>
5
</Switch132>
<Switch133>
7
</Switch133>
<Switch134>
13
</Switch134>
<Switch135>
3
</Switch135>
<Switch136>
13
</Switch136>
<Switch137>
2
</Switch137>
<Switch138>
12
</Switch138>
<Switch139>
6
</Switch139>
<Switch140>
2
</Switch140>
<Switch141>
1
</Switch141>
<Switch142>
13
</Switch142>
<Switch143>
18
</Switch143>
<Switch144>
18
</Switch144>
<Switch145>
8
</Switch145>
<Switch146>
3
</Switch146>
<Switch147>
10
</Switch147>
<Switch148>
18
</Switch148>
<Switch149>
6
</Switch149>
<Switch150>
11
</Switch150>
<Switch151>
19
</Switch151>
<Switch152>
8
</Switch152>
<Switch153>
1
</Switch153>
<Switch154>
18
</Switch154>
<Switch155>
5
</Switch155>
<Switch156>
11
</Switch156>
<Switch157>
17
</Switch157>
<Switch158>
18
</Switch158>
<Switch159>
6
</Switch159>
<Switch160>
2
</Switch160>
<Switch161>
17
</Switch161>
<Switch162>
13
</Switch162>
<Switch163>
17
</Switch163>
<Switch164>
16
</Switch164>
<Switch165>
5
</Switch165>
<Switch166>
17
</Switch166>
<Switch167>
9
</Switch167>
<Switch168>
4
</Switch168>
<Switch169>
12
</Switch169>
<Switch170>
8
</Switch170>
<Switch171>
3
</Switch171>
<Switch172>
18
</Switch172>
<Switch173>
18
</Switch173>
<Switch174>
12
</Switch174>
<Switch175>
10
</Switch175>
<Switch176>
6
</Switch176>
<Switch177>
3
</Switch177>
<Switch178>
12
</Switch178>
<Switch179>
10
</Switch179>
<Switch180>
5
</Switch180>
<Switch181>
16
</Switch181>
<Switch182>
9
</Switch182>
<Switch183>
15
</Switch183>
<Switch184>
12
</Switch184>
<Switch185>
6
</Switch185>
<Switch186>
3
</Switch186>
<Switch187>
9
</Switch187>
<Switch188>
8
</Switch188>
<Switch189>
9
</Switch189>
<Switch190>
12
</Switch190>
<Switch191>
17
</Switch191>
<Switch192>
4
</Switch192>
<Switch193>
18
</Switch193>
<Switch194>
19
</Switch194>
<Switch195>
3
</Switch195>
<Switch196>
4
</Switch196>
<Switch197>
13
</Switch197>
<Switch198>
19
</Switch198>
<Switch199>
12
</Switch199>
<Switch200>
6
</Switch200>
<Switch201>
2
</Switch201>
<Switch202>
19
</Switch202>
<Switch203>
10
</Switch203>
<Switch204>
17
</Switch204>
<Switch205>
15
</Switch205>
<Switch206>
14
</Switch206>
<Switch207>
18
</Switch207>
<Switch208>
18
</Switch208>
<Switch209>
19
</Switch209>
<Switch210>
0
</Switch210>
<Switch211>
10
</Switch211>
<Switch212>
17
</Switch212>
<Switch213>
6
</Switch213>
<Switch214>
11
</Switch214>
<Switch215>
17
</Switch215>
<Switch216>
12
</Switch216>
<Switch217>
2
</Switch217>
<Switch218>
4
</Switch218>
<Switch219>
8
</Switch219>
<Switch220>
13
</Switch220>
<Switch221>
14
</Switch221>
<Switch222>
18
</Switch222>
<Switch223>
11
</Switch223>
<Switch224>
7
</Switch224>
<Switch225>
13
</Switch225>
<Switch226>
14
</Switch226>
<Switch227>
1
</Switch227>
<Switch228>
7
</Switch228>
<Switch229>
14
</Switch229>
<Switch230>
14
</Switch230>
<Switch231>
18
</Switch231>
<Switch232>
15
</Switch232>
<Switch233>
0
</Switch233>
<Switch234>
19
</Switch234>
<Switch235>
15
</Switch235>
<Switch236>
10
</Switch236>
<Switch237>
1
</Switch237>
<Switch238>
2
</Switch238>
<Switch239>
15
</Switch239>
<Switch240>
18
</Switch240>
<Switch241>
4
</Switch241>
<Switch242>
10
</Switch242>
<Switch243>
0
</Switch243>
<Switch244>
4
</Switch244>
<Switch245>
15
</Switch245>
<Switch246>
12
</Switch246>
<Switch247>
0
</Switch247>
<Switch248>
2
</Switch248>
<Switch249>
7
</Switch249>
<Switch250>
1
</Switch250>
<Switch251>
0
</Switch251>
<Switch252>
4
</Switch252>
<Switch253>
7
</Switch253>
<Switch254>
9
</Switch254>
<Switch255>
12
</Switch255>
<Switch256>
8
</Switch256>
<Switch257>
12
</Switch257>
<Switch258>
13
</Switch258>
<Switch259>
9
</Switch259>
<Switch260>
11
</Switch260>
<Switch261>
13
</Switch261>
<Switch262>
6
</Switch262>
<Switch263>
3
</Switch263>
<Switch264>
18
</Switch264>
<Switch265>
9
</Switch265>
<Switch266>
18
</Switch266>
<Switch267>
18
</Switch267>
<Switch268>
11
</Switch268>
<Switch269>
18
</Switch269>
<Switch270>
8
</Switch270>
<Switch271>
5
</Switch271>
<Switch272>
13
</Switch272>
<Switch273>
5
</Switch273>
<Switch274>
3
</Switch274>
<Switch275>
2
</Switch275>
<Switch276>
3
</Switch276>
<Switch277>
8
</Switch277>
<Switch278>
5
</Switch278>
<Switch279>
13
</Switch279>
<Switch280>
15
</Switch280>
<Switch281>
2
</Switch281>
<Switch282>
6
</Switch282>
<Switch283>
4
</Switch283>
<Switch284>
12
</Switch284>
<Switch285>
1
</Switch285>
<Switch286>
12
</Switch286>
<Switch287>
16
</Switch287>
<Switch288>
18
</Switch288>
<Switch289>
2
</Switch289>
<Switch290>
1
</Switch290>
<Switch291>
2
</Switch291>
<Switch292>
14
</Switch292>
<Switch293>
0
</Switch293>
<Switch294>
12
</Switch294>
<Switch295>
1
</Switch295>
<Switch296>
19
</Switch296>
<Switch297>
15
</Switch297>
<Switch298>
18
</Switch298>
<Switch299>
19
</Switch299>
<Switch300>
11
</Switch300>
<Switch301>
17
</Switch301>
<Switch302>
5
</Switch302>
<Switch303>
11
</Switch303>
<Switch304>
0
</Switch304>
<Switch305>
16
</Switch305>
<Switch306>
19
</Switch306>
<Switch307>
3
</Switch307>
<Switch308>
10
</Switch308>
<Switch309>
0
</Switch309>
<Switch310>
8
</Switch310>
<Switch311>
16
</Switch311>
<Switch312>
5
</Switch312>
<Switch313>
14
</Switch313>
<Switch314>
10
</Switch314>
<Switch315>
4
</Switch315>
<Switch316>
9
</Switch316>
<Switch317>
15
</Switch317>
<Switch318>
7
</Switch318>
<Switch319>
2
</Switch319>
<Switch320>
14
</Switch320>
<Switch321>
10
</Switch321>
<Switch322>
2
</Switch322>
<Switch323>
12
</Switch323>
<Switch324>
3
</Switch324>
<Switch325>
10
</Switch325>
<Switch326>
3
</Switch326>
<Switch327>
2
</Switch327>
<Switch328>
19
</Switch328>
<Switch329>
12
</Switch329>
<Switch330>
7
</Switch330>
<Switch331>
19
</Switch331>
<Switch332>
18
</Switch332>
<Switch333>
11
</Switch333>
<Switch334>
15
</Switch334>
<Switch335>
18
</Switch335>
<Switch336>
2
</Switch336>
<Switch337>
3
</Switch337>
<Switch338>
18
</Switch338>
<Switch339>
4
</Switch339>
<Switch340>
5
</Switch340>
<Switch341>
8
</Switch341>
<Switch342>
11
</Switch342>
<Switch343>
4
</Switch343>
<Switch344>
12
</Switch344>
<Switch345>
1
</Switch345>
<Switch346>
2
</Switch346>
<Switch347>
8
</Switch347>
<Switch348>
3
</Switch348>
<Switch349>
17
</Switch349>
<Switch350>
2
</Switch350>
<Switch351>
11
</Switch351>
<Switch352>
8
</Switch352>
<Switch353>
14
</Switch353>
<Switch354>
8
</Switch354>
<Switch355>
8
</Switch355>
<Switch356>
14
</Switch356>
<Switch357>
0
</Switch357>
<Switch358>
19
</Switch358>
<Switch359>
2
</Switch359>
<Switch360>
5
</Switch360>
<Switch361>
17
</Switch361>
<Switch362>
7
</Switch362>
<Switch363>
9
</Switch363>
<Switch364>
8
</Switch364>
<Switch365>
19
</Switch365>
<Switch366>
4
</Switch366>
<Switch367>
10
</Switch367>
<Switch368>
0
</Switch368>
<Switch369>
0
</Switch369>
<Switch370>
0
</Switch370>
<Switch371>
19
</Switch371>
<Switch372>
0
</Switch372>
<Switch373>
18
</Switch373>
<Switch374>
1
</Switch374>
<Switch375>
2
</Switch375>
<Switch376>
15
</Switch376>
<Switch377>
2
</Switch377>
<Switch378>
18
</Switch378>
<Switch379>
4
</Switch379>
<Switch380>
13
</Switch380>
<Switch381>
12
</Switch381>
<Switch382>
2
</Switch382>
<Switch383>
6
</Switch383>
<Switch384>
19
</Switch384>
<Switch385>
0
</Switch385>
<Switch386>
15
</Switch386>
<Switch387>
8
</Switch387>
<Switch388>
2
</Switch388>
<Switch389>
8
</Switch389>
<Switch390>
16
</Switch390>
<Switch391>
15
</Switch391>
<Switch392>
7
</Switch392>
<Switch393>
6
</Switch393>
<Switch394>
0
</Switch394>
<Switch395>
9
</Switch395>
<Switch396>
0
</Switch396>
<Switch397>
6
</Switch397>
<Switch398>
4
</Switch398>
<Switch399>
2
</Switch399>
<Switch400>
13
</Switch400>
<Switch401>
17
</Switch401>
<Switch402>
4
</Switch402>
<Switch403>
6
</Switch403>
<Switch404>
4
</Switch404>
<Switch405>
13
</Switch405>
<Switch406>
11
</Switch406>
<Switch407>
6
</Switch407>
<Switch408>
15
</Switch408>
<Switch409>
13
</Switch409>
<Switch410>
6
</Switch410>
<Switch411>
9
</Switch411>
<Switch412>
17
</Switch412>
<Switch413>
15
</Switch413>
<Switch414>
2
</Switch414>
<Switch415>
16
</Switch415>
<Switch416>
11
</Switch416>
<Switch417>
5
</Switch417>
<Switch418>
10
</Switch418>
<Switch419>
18
</Switch419>
<Switch420>
5
</Switch420>
<Switch421>
2
</Switch421>
<Switch422>
3
</Switch422>
<Switch423>
7
</Switch423>
<Switch424>
10
</Switch424>
<Switch425>
11
</Switch425>
<Switch426>
15
</Switch426>
<Switch427>
7
</Switch427>
<Switch428>
8
</Switch428>
<Switch429>
11
</Switch429>
<Switch430>
13
</Switch430>
<Switch431>
7
</Switch431>
<Switch432>
10
</Switch432>
<Switch433>
11
</Switch433>
<Switch434>
11
</Switch434>
<Switch435>
3
</Switch435>
<Switch436>
7
</Switch436>
<Switch437>
6
</Switch437>
<Switch438>
16
</Switch438>
<Switch439>
15
</Switch439>
<Switch440>
0
</Switch440>
<Switch441>
1
</Switch441>
<Switch442>
1
</Switch442>
<Switch443>
1
</Switch443>
<Switch444>
18
</Switch444>
<Switch445>
19
</Switch445>
<Switch446>
6
</Switch446>
<Switch447>
1
</Switch447>
<Switch448>
13
</Switch448>
</BaseID:1000>
