<?xml version="1.0"?>

<BaseID:1003>
<Switch1>
9
</Switch1>
<Switch2>
15
</Switch2>
<Switch3>
3
</Switch3>
<Switch4>
7
</Switch4>
<Switch5>
13
</Switch5>
<Switch6>
7
</Switch6>
<Switch7>
3
</Switch7>
<Switch8>
12
</Switch8>
<Switch9>
7
</Switch9>
<Switch10>
12
</Switch10>
<Switch11>
16
</Switch11>
<Switch12>
19
</Switch12>
<Switch13>
18
</Switch13>
<Switch14>
7
</Switch14>
<Switch15>
2
</Switch15>
<Switch16>
4
</Switch16>
<Switch17>
0
</Switch17>
<Switch18>
16
</Switch18>
<Switch19>
9
</Switch19>
<Switch20>
5
</Switch20>
<Switch21>
15
</Switch21>
<Switch22>
10
</Switch22>
<Switch23>
18
</Switch23>
<Switch24>
8
</Switch24>
<Switch25>
4
</Switch25>
<Switch26>
11
</Switch26>
<Switch27>
9
</Switch27>
<Switch28>
16
</Switch28>
<Switch29>
10
</Switch29>
<Switch30>
6
</Switch30>
<Switch31>
17
</Switch31>
<Switch32>
13
</Switch32>
<Switch33>
15
</Switch33>
<Switch34>
6
</Switch34>
<Switch35>
9
</Switch35>
<Switch36>
1
</Switch36>
<Switch37>
6
</Switch37>
<Switch38>
16
</Switch38>
<Switch39>
4
</Switch39>
<Switch40>
10
</Switch40>
<Switch41>
0
</Switch41>
<Switch42>
8
</Switch42>
<Switch43>
8
</Switch43>
<Switch44>
10
</Switch44>
<Switch45>
9
</Switch45>
<Switch46>
5
</Switch46>
<Switch47>
17
</Switch47>
<Switch48>
14
</Switch48>
<Switch49>
19
</Switch49>
<Switch50>
3
</Switch50>
<Switch51>
4
</Switch51>
<Switch52>
15
</Switch52>
<Switch53>
18
</Switch53>
<Switch54>
19
</Switch54>
<Switch55>
19
</Switch55>
<Switch56>
3
</Switch56>
<Switch57>
0
</Switch57>
<Switch58>
18
</Switch58>
<Switch59>
11
</Switch59>
<Switch60>
8
</Switch60>
<Switch61>
3
</Switch61>
<Switch62>
10
</Switch62>
<Switch63>
13
</Switch63>
<Switch64>
7
</Switch64>
<Switch65>
12
</Switch65>
<Switch66>
10
</Switch66>
<Switch67>
7
</Switch67>
<Switch68>
8
</Switch68>
<Switch69>
0
</Switch69>
<Switch70>
1
</Switch70>
<Switch71>
14
</Switch71>
<Switch72>
10
</Switch72>
<Switch73>
3
</Switch73>
<Switch74>
7
</Switch74>
<Switch75>
6
</Switch75>
<Switch76>
17
</Switch76>
<Switch77>
14
</Switch77>
<Switch78>
8
</Switch78>
<Switch79>
10
</Switch79>
<Switch80>
4
</Switch80>
<Switch81>
8
</Switch81>
<Switch82>
18
</Switch82>
<Switch83>
2
</Switch83>
<Switch84>
7
</Switch84>
<Switch85>
12
</Switch85>
<Switch86>
6
</Switch86>
<Switch87>
11
</Switch87>
<Switch88>
10
</Switch88>
<Switch89>
7
</Switch89>
<Switch90>
14
</Switch90>
<Switch91>
4
</Switch91>
<Switch92>
0
</Switch92>
<Switch93>
5
</Switch93>
<Switch94>
6
</Switch94>
<Switch95>
4
</Switch95>
<Switch96>
10
</Switch96>
<Switch97>
3
</Switch97>
<Switch98>
5
</Switch98>
<Switch99>
17
</Switch99>
<Switch100>
6
</Switch100>
<Switch101>
3
</Switch101>
<Switch102>
3
</Switch102>
<Switch103>
1
</Switch103>
<Switch104>
1
</Switch104>
<Switch105>
11
</Switch105>
<Switch106>
1
</Switch106>
<Switch107>
12
</Switch107>
<Switch108>
14
</Switch108>
<Switch109>
1
</Switch109>
<Switch110>
13
</Switch110>
<Switch111>
4
</Switch111>
<Switch112>
2
</Switch112>
<Switch113>
8
</Switch113>
<Switch114>
17
</Switch114>
<Switch115>
4
</Switch115>
<Switch116>
9
</Switch116>
<Switch117>
1
</Switch117>
<Switch118>
11
</Switch118>
<Switch119>
13
</Switch119>
<Switch120>
13
</Switch120>
<Switch121>
1
</Switch121>
<Switch122>
7
</Switch122>
<Switch123>
12
</Switch123>
<Switch124>
15
</Switch124>
<Switch125>
14
</Switch125>
<Switch126>
9
</Switch126>
<Switch127>
14
</Switch127>
<Switch128>
3
</Switch128>
<Switch129>
1
</Switch129>
<Switch130>
17
</Switch130>
<Switch131>
18
</Switch131>
<Switch132>
17
</Switch132>
<Switch133>
14
</Switch133>
<Switch134>
5
</Switch134>
<Switch135>
3
</Switch135>
<Switch136>
6
</Switch136>
<Switch137>
9
</Switch137>
<Switch138>
6
</Switch138>
<Switch139>
18
</Switch139>
<Switch140>
16
</Switch140>
<Switch141>
17
</Switch141>
<Switch142>
19
</Switch142>
<Switch143>
15
</Switch143>
<Switch144>
7
</Switch144>
<Switch145>
15
</Switch145>
<Switch146>
12
</Switch146>
<Switch147>
1
</Switch147>
<Switch148>
1
</Switch148>
<Switch149>
13
</Switch149>
<Switch150>
15
</Switch150>
<Switch151>
9
</Switch151>
<Switch152>
17
</Switch152>
<Switch153>
3
</Switch153>
<Switch154>
5
</Switch154>
<Switch155>
15
</Switch155>
<Switch156>
5
</Switch156>
</BaseID:1003>
