<?xml version="1.0"?>

<BaseID:1004>
<Switch1>
9
</Switch1>
<Switch2>
15
</Switch2>
<Switch3>
19
</Switch3>
<Switch4>
11
</Switch4>
<Switch5>
1
</Switch5>
<Switch6>
9
</Switch6>
<Switch7>
4
</Switch7>
<Switch8>
13
</Switch8>
<Switch9>
3
</Switch9>
<Switch10>
7
</Switch10>
<Switch11>
10
</Switch11>
<Switch12>
15
</Switch12>
<Switch13>
4
</Switch13>
<Switch14>
0
</Switch14>
<Switch15>
3
</Switch15>
<Switch16>
13
</Switch16>
<Switch17>
7
</Switch17>
<Switch18>
13
</Switch18>
<Switch19>
3
</Switch19>
<Switch20>
6
</Switch20>
<Switch21>
11
</Switch21>
<Switch22>
14
</Switch22>
<Switch23>
12
</Switch23>
<Switch24>
1
</Switch24>
<Switch25>
12
</Switch25>
<Switch26>
2
</Switch26>
<Switch27>
1
</Switch27>
<Switch28>
2
</Switch28>
<Switch29>
18
</Switch29>
<Switch30>
10
</Switch30>
<Switch31>
7
</Switch31>
<Switch32>
4
</Switch32>
<Switch33>
2
</Switch33>
<Switch34>
11
</Switch34>
<Switch35>
5
</Switch35>
<Switch36>
1
</Switch36>
<Switch37>
18
</Switch37>
<Switch38>
9
</Switch38>
<Switch39>
14
</Switch39>
<Switch40>
5
</Switch40>
<Switch41>
8
</Switch41>
<Switch42>
13
</Switch42>
<Switch43>
17
</Switch43>
<Switch44>
17
</Switch44>
<Switch45>
15
</Switch45>
<Switch46>
7
</Switch46>
<Switch47>
5
</Switch47>
<Switch48>
15
</Switch48>
<Switch49>
14
</Switch49>
<Switch50>
17
</Switch50>
<Switch51>
19
</Switch51>
<Switch52>
10
</Switch52>
<Switch53>
9
</Switch53>
<Switch54>
11
</Switch54>
<Switch55>
10
</Switch55>
<Switch56>
11
</Switch56>
<Switch57>
13
</Switch57>
<Switch58>
7
</Switch58>
<Switch59>
5
</Switch59>
<Switch60>
19
</Switch60>
<Switch61>
8
</Switch61>
<Switch62>
15
</Switch62>
<Switch63>
15
</Switch63>
<Switch64>
17
</Switch64>
<Switch65>
15
</Switch65>
<Switch66>
3
</Switch66>
<Switch67>
0
</Switch67>
<Switch68>
8
</Switch68>
<Switch69>
2
</Switch69>
<Switch70>
13
</Switch70>
<Switch71>
8
</Switch71>
<Switch72>
6
</Switch72>
<Switch73>
14
</Switch73>
<Switch74>
15
</Switch74>
<Switch75>
3
</Switch75>
<Switch76>
12
</Switch76>
<Switch77>
13
</Switch77>
<Switch78>
18
</Switch78>
<Switch79>
8
</Switch79>
<Switch80>
7
</Switch80>
<Switch81>
2
</Switch81>
<Switch82>
9
</Switch82>
<Switch83>
7
</Switch83>
<Switch84>
16
</Switch84>
<Switch85>
3
</Switch85>
<Switch86>
14
</Switch86>
<Switch87>
9
</Switch87>
<Switch88>
0
</Switch88>
<Switch89>
5
</Switch89>
<Switch90>
11
</Switch90>
<Switch91>
10
</Switch91>
<Switch92>
11
</Switch92>
<Switch93>
15
</Switch93>
<Switch94>
6
</Switch94>
<Switch95>
3
</Switch95>
<Switch96>
17
</Switch96>
<Switch97>
0
</Switch97>
<Switch98>
6
</Switch98>
<Switch99>
9
</Switch99>
<Switch100>
3
</Switch100>
<Switch101>
7
</Switch101>
<Switch102>
0
</Switch102>
<Switch103>
3
</Switch103>
<Switch104>
16
</Switch104>
<Switch105>
0
</Switch105>
<Switch106>
1
</Switch106>
<Switch107>
7
</Switch107>
<Switch108>
10
</Switch108>
<Switch109>
14
</Switch109>
<Switch110>
11
</Switch110>
<Switch111>
17
</Switch111>
<Switch112>
9
</Switch112>
<Switch113>
7
</Switch113>
<Switch114>
19
</Switch114>
<Switch115>
2
</Switch115>
<Switch116>
6
</Switch116>
<Switch117>
0
</Switch117>
<Switch118>
15
</Switch118>
<Switch119>
3
</Switch119>
<Switch120>
12
</Switch120>
<Switch121>
11
</Switch121>
<Switch122>
5
</Switch122>
<Switch123>
15
</Switch123>
<Switch124>
2
</Switch124>
<Switch125>
19
</Switch125>
<Switch126>
4
</Switch126>
<Switch127>
9
</Switch127>
<Switch128>
9
</Switch128>
<Switch129>
11
</Switch129>
<Switch130>
8
</Switch130>
<Switch131>
7
</Switch131>
<Switch132>
7
</Switch132>
<Switch133>
6
</Switch133>
<Switch134>
8
</Switch134>
<Switch135>
5
</Switch135>
<Switch136>
11
</Switch136>
<Switch137>
19
</Switch137>
<Switch138>
12
</Switch138>
<Switch139>
6
</Switch139>
<Switch140>
8
</Switch140>
<Switch141>
9
</Switch141>
<Switch142>
15
</Switch142>
<Switch143>
10
</Switch143>
<Switch144>
12
</Switch144>
<Switch145>
10
</Switch145>
<Switch146>
3
</Switch146>
<Switch147>
9
</Switch147>
<Switch148>
1
</Switch148>
<Switch149>
14
</Switch149>
<Switch150>
10
</Switch150>
<Switch151>
11
</Switch151>
<Switch152>
3
</Switch152>
<Switch153>
7
</Switch153>
<Switch154>
13
</Switch154>
<Switch155>
9
</Switch155>
<Switch156>
17
</Switch156>
<Switch157>
7
</Switch157>
<Switch158>
17
</Switch158>
<Switch159>
7
</Switch159>
<Switch160>
6
</Switch160>
<Switch161>
19
</Switch161>
<Switch162>
17
</Switch162>
<Switch163>
16
</Switch163>
<Switch164>
8
</Switch164>
<Switch165>
15
</Switch165>
<Switch166>
7
</Switch166>
<Switch167>
12
</Switch167>
<Switch168>
19
</Switch168>
<Switch169>
18
</Switch169>
<Switch170>
3
</Switch170>
<Switch171>
4
</Switch171>
<Switch172>
13
</Switch172>
<Switch173>
4
</Switch173>
<Switch174>
1
</Switch174>
<Switch175>
13
</Switch175>
<Switch176>
18
</Switch176>
<Switch177>
3
</Switch177>
<Switch178>
11
</Switch178>
<Switch179>
3
</Switch179>
<Switch180>
8
</Switch180>
<Switch181>
11
</Switch181>
<Switch182>
11
</Switch182>
<Switch183>
5
</Switch183>
<Switch184>
13
</Switch184>
<Switch185>
14
</Switch185>
<Switch186>
16
</Switch186>
<Switch187>
11
</Switch187>
<Switch188>
8
</Switch188>
<Switch189>
1
</Switch189>
<Switch190>
17
</Switch190>
<Switch191>
16
</Switch191>
<Switch192>
14
</Switch192>
<Switch193>
5
</Switch193>
<Switch194>
10
</Switch194>
<Switch195>
18
</Switch195>
<Switch196>
5
</Switch196>
<Switch197>
6
</Switch197>
<Switch198>
2
</Switch198>
<Switch199>
14
</Switch199>
<Switch200>
12
</Switch200>
<Switch201>
14
</Switch201>
<Switch202>
14
</Switch202>
<Switch203>
17
</Switch203>
<Switch204>
10
</Switch204>
<Switch205>
5
</Switch205>
<Switch206>
8
</Switch206>
<Switch207>
13
</Switch207>
<Switch208>
2
</Switch208>
<Switch209>
8
</Switch209>
<Switch210>
13
</Switch210>
<Switch211>
5
</Switch211>
<Switch212>
0
</Switch212>
<Switch213>
13
</Switch213>
<Switch214>
1
</Switch214>
<Switch215>
18
</Switch215>
<Switch216>
2
</Switch216>
<Switch217>
15
</Switch217>
<Switch218>
13
</Switch218>
<Switch219>
11
</Switch219>
<Switch220>
14
</Switch220>
<Switch221>
7
</Switch221>
<Switch222>
7
</Switch222>
<Switch223>
12
</Switch223>
<Switch224>
7
</Switch224>
<Switch225>
3
</Switch225>
<Switch226>
2
</Switch226>
<Switch227>
13
</Switch227>
<Switch228>
11
</Switch228>
<Switch229>
7
</Switch229>
<Switch230>
1
</Switch230>
<Switch231>
1
</Switch231>
<Switch232>
11
</Switch232>
<Switch233>
10
</Switch233>
<Switch234>
17
</Switch234>
<Switch235>
8
</Switch235>
<Switch236>
14
</Switch236>
<Switch237>
6
</Switch237>
<Switch238>
11
</Switch238>
<Switch239>
2
</Switch239>
<Switch240>
13
</Switch240>
<Switch241>
16
</Switch241>
<Switch242>
9
</Switch242>
<Switch243>
19
</Switch243>
<Switch244>
12
</Switch244>
<Switch245>
10
</Switch245>
<Switch246>
5
</Switch246>
<Switch247>
4
</Switch247>
<Switch248>
18
</Switch248>
<Switch249>
19
</Switch249>
<Switch250>
12
</Switch250>
<Switch251>
10
</Switch251>
<Switch252>
7
</Switch252>
<Switch253>
11
</Switch253>
<Switch254>
16
</Switch254>
<Switch255>
15
</Switch255>
<Switch256>
12
</Switch256>
<Switch257>
12
</Switch257>
<Switch258>
1
</Switch258>
<Switch259>
10
</Switch259>
<Switch260>
17
</Switch260>
<Switch261>
13
</Switch261>
<Switch262>
15
</Switch262>
<Switch263>
4
</Switch263>
<Switch264>
14
</Switch264>
<Switch265>
10
</Switch265>
<Switch266>
1
</Switch266>
<Switch267>
1
</Switch267>
<Switch268>
15
</Switch268>
<Switch269>
13
</Switch269>
<Switch270>
15
</Switch270>
<Switch271>
4
</Switch271>
<Switch272>
5
</Switch272>
<Switch273>
16
</Switch273>
<Switch274>
1
</Switch274>
<Switch275>
13
</Switch275>
<Switch276>
2
</Switch276>
<Switch277>
11
</Switch277>
<Switch278>
19
</Switch278>
<Switch279>
13
</Switch279>
<Switch280>
18
</Switch280>
<Switch281>
13
</Switch281>
<Switch282>
9
</Switch282>
<Switch283>
7
</Switch283>
<Switch284>
12
</Switch284>
<Switch285>
11
</Switch285>
<Switch286>
12
</Switch286>
<Switch287>
9
</Switch287>
<Switch288>
0
</Switch288>
<Switch289>
9
</Switch289>
<Switch290>
4
</Switch290>
<Switch291>
9
</Switch291>
<Switch292>
3
</Switch292>
<Switch293>
6
</Switch293>
<Switch294>
6
</Switch294>
<Switch295>
11
</Switch295>
<Switch296>
18
</Switch296>
<Switch297>
11
</Switch297>
<Switch298>
13
</Switch298>
<Switch299>
18
</Switch299>
<Switch300>
5
</Switch300>
<Switch301>
11
</Switch301>
<Switch302>
4
</Switch302>
<Switch303>
0
</Switch303>
<Switch304>
11
</Switch304>
<Switch305>
6
</Switch305>
<Switch306>
15
</Switch306>
<Switch307>
6
</Switch307>
<Switch308>
14
</Switch308>
<Switch309>
4
</Switch309>
<Switch310>
3
</Switch310>
<Switch311>
3
</Switch311>
<Switch312>
16
</Switch312>
<Switch313>
1
</Switch313>
<Switch314>
13
</Switch314>
<Switch315>
16
</Switch315>
<Switch316>
17
</Switch316>
<Switch317>
4
</Switch317>
<Switch318>
15
</Switch318>
<Switch319>
2
</Switch319>
<Switch320>
1
</Switch320>
<Switch321>
5
</Switch321>
<Switch322>
10
</Switch322>
<Switch323>
5
</Switch323>
<Switch324>
18
</Switch324>
<Switch325>
4
</Switch325>
<Switch326>
12
</Switch326>
<Switch327>
15
</Switch327>
<Switch328>
11
</Switch328>
<Switch329>
8
</Switch329>
<Switch330>
5
</Switch330>
<Switch331>
13
</Switch331>
<Switch332>
1
</Switch332>
<Switch333>
16
</Switch333>
<Switch334>
10
</Switch334>
<Switch335>
8
</Switch335>
<Switch336>
11
</Switch336>
<Switch337>
5
</Switch337>
<Switch338>
18
</Switch338>
<Switch339>
15
</Switch339>
<Switch340>
17
</Switch340>
<Switch341>
13
</Switch341>
<Switch342>
16
</Switch342>
<Switch343>
0
</Switch343>
<Switch344>
17
</Switch344>
<Switch345>
0
</Switch345>
<Switch346>
15
</Switch346>
<Switch347>
18
</Switch347>
<Switch348>
5
</Switch348>
<Switch349>
6
</Switch349>
<Switch350>
1
</Switch350>
<Switch351>
11
</Switch351>
<Switch352>
17
</Switch352>
<Switch353>
5
</Switch353>
<Switch354>
3
</Switch354>
<Switch355>
4
</Switch355>
<Switch356>
14
</Switch356>
<Switch357>
9
</Switch357>
<Switch358>
1
</Switch358>
<Switch359>
10
</Switch359>
<Switch360>
2
</Switch360>
<Switch361>
13
</Switch361>
<Switch362>
10
</Switch362>
<Switch363>
6
</Switch363>
<Switch364>
10
</Switch364>
<Switch365>
16
</Switch365>
<Switch366>
16
</Switch366>
<Switch367>
6
</Switch367>
<Switch368>
5
</Switch368>
<Switch369>
2
</Switch369>
<Switch370>
10
</Switch370>
<Switch371>
3
</Switch371>
<Switch372>
10
</Switch372>
<Switch373>
10
</Switch373>
<Switch374>
4
</Switch374>
<Switch375>
3
</Switch375>
<Switch376>
9
</Switch376>
<Switch377>
10
</Switch377>
<Switch378>
3
</Switch378>
<Switch379>
0
</Switch379>
<Switch380>
5
</Switch380>
<Switch381>
13
</Switch381>
<Switch382>
1
</Switch382>
<Switch383>
3
</Switch383>
<Switch384>
14
</Switch384>
<Switch385>
16
</Switch385>
<Switch386>
7
</Switch386>
<Switch387>
15
</Switch387>
<Switch388>
2
</Switch388>
<Switch389>
11
</Switch389>
<Switch390>
3
</Switch390>
<Switch391>
14
</Switch391>
<Switch392>
13
</Switch392>
<Switch393>
3
</Switch393>
<Switch394>
3
</Switch394>
<Switch395>
15
</Switch395>
<Switch396>
1
</Switch396>
<Switch397>
11
</Switch397>
<Switch398>
11
</Switch398>
<Switch399>
5
</Switch399>
<Switch400>
17
</Switch400>
<Switch401>
0
</Switch401>
<Switch402>
0
</Switch402>
<Switch403>
15
</Switch403>
<Switch404>
18
</Switch404>
<Switch405>
15
</Switch405>
<Switch406>
5
</Switch406>
<Switch407>
5
</Switch407>
<Switch408>
17
</Switch408>
<Switch409>
17
</Switch409>
<Switch410>
18
</Switch410>
<Switch411>
16
</Switch411>
<Switch412>
0
</Switch412>
<Switch413>
13
</Switch413>
<Switch414>
8
</Switch414>
<Switch415>
18
</Switch415>
<Switch416>
7
</Switch416>
<Switch417>
14
</Switch417>
<Switch418>
3
</Switch418>
<Switch419>
9
</Switch419>
<Switch420>
15
</Switch420>
<Switch421>
15
</Switch421>
<Switch422>
13
</Switch422>
<Switch423>
18
</Switch423>
<Switch424>
13
</Switch424>
<Switch425>
6
</Switch425>
<Switch426>
16
</Switch426>
<Switch427>
18
</Switch427>
<Switch428>
6
</Switch428>
<Switch429>
17
</Switch429>
<Switch430>
15
</Switch430>
<Switch431>
5
</Switch431>
<Switch432>
8
</Switch432>
<Switch433>
8
</Switch433>
<Switch434>
3
</Switch434>
<Switch435>
19
</Switch435>
<Switch436>
9
</Switch436>
<Switch437>
7
</Switch437>
<Switch438>
15
</Switch438>
<Switch439>
0
</Switch439>
<Switch440>
3
</Switch440>
<Switch441>
7
</Switch441>
<Switch442>
11
</Switch442>
<Switch443>
3
</Switch443>
<Switch444>
11
</Switch444>
<Switch445>
18
</Switch445>
<Switch446>
14
</Switch446>
<Switch447>
4
</Switch447>
<Switch448>
8
</Switch448>
<Switch449>
16
</Switch449>
<Switch450>
2
</Switch450>
<Switch451>
4
</Switch451>
<Switch452>
16
</Switch452>
<Switch453>
9
</Switch453>
<Switch454>
10
</Switch454>
<Switch455>
2
</Switch455>
<Switch456>
7
</Switch456>
<Switch457>
12
</Switch457>
<Switch458>
10
</Switch458>
<Switch459>
19
</Switch459>
<Switch460>
0
</Switch460>
<Switch461>
10
</Switch461>
<Switch462>
0
</Switch462>
<Switch463>
6
</Switch463>
<Switch464>
16
</Switch464>
<Switch465>
5
</Switch465>
<Switch466>
7
</Switch466>
<Switch467>
18
</Switch467>
<Switch468>
18
</Switch468>
<Switch469>
0
</Switch469>
<Switch470>
4
</Switch470>
<Switch471>
2
</Switch471>
<Switch472>
9
</Switch472>
<Switch473>
4
</Switch473>
<Switch474>
10
</Switch474>
<Switch475>
4
</Switch475>
<Switch476>
13
</Switch476>
<Switch477>
15
</Switch477>
<Switch478>
19
</Switch478>
<Switch479>
1
</Switch479>
<Switch480>
8
</Switch480>
<Switch481>
9
</Switch481>
<Switch482>
9
</Switch482>
<Switch483>
9
</Switch483>
<Switch484>
18
</Switch484>
<Switch485>
17
</Switch485>
<Switch486>
15
</Switch486>
<Switch487>
6
</Switch487>
<Switch488>
13
</Switch488>
<Switch489>
0
</Switch489>
<Switch490>
11
</Switch490>
<Switch491>
4
</Switch491>
<Switch492>
7
</Switch492>
<Switch493>
1
</Switch493>
<Switch494>
6
</Switch494>
<Switch495>
16
</Switch495>
<Switch496>
6
</Switch496>
<Switch497>
7
</Switch497>
<Switch498>
16
</Switch498>
<Switch499>
5
</Switch499>
<Switch500>
10
</Switch500>
<Switch501>
16
</Switch501>
<Switch502>
10
</Switch502>
<Switch503>
9
</Switch503>
<Switch504>
1
</Switch504>
<Switch505>
3
</Switch505>
<Switch506>
3
</Switch506>
<Switch507>
9
</Switch507>
<Switch508>
15
</Switch508>
<Switch509>
14
</Switch509>
<Switch510>
2
</Switch510>
<Switch511>
5
</Switch511>
<Switch512>
17
</Switch512>
<Switch513>
6
</Switch513>
<Switch514>
6
</Switch514>
<Switch515>
3
</Switch515>
<Switch516>
1
</Switch516>
<Switch517>
19
</Switch517>
<Switch518>
11
</Switch518>
<Switch519>
18
</Switch519>
<Switch520>
17
</Switch520>
<Switch521>
19
</Switch521>
<Switch522>
1
</Switch522>
<Switch523>
15
</Switch523>
<Switch524>
1
</Switch524>
<Switch525>
0
</Switch525>
<Switch526>
4
</Switch526>
<Switch527>
11
</Switch527>
<Switch528>
18
</Switch528>
<Switch529>
7
</Switch529>
<Switch530>
11
</Switch530>
<Switch531>
4
</Switch531>
<Switch532>
4
</Switch532>
<Switch533>
13
</Switch533>
<Switch534>
19
</Switch534>
<Switch535>
11
</Switch535>
<Switch536>
8
</Switch536>
<Switch537>
4
</Switch537>
<Switch538>
7
</Switch538>
<Switch539>
11
</Switch539>
<Switch540>
0
</Switch540>
<Switch541>
5
</Switch541>
<Switch542>
4
</Switch542>
<Switch543>
9
</Switch543>
<Switch544>
14
</Switch544>
<Switch545>
14
</Switch545>
<Switch546>
15
</Switch546>
<Switch547>
15
</Switch547>
<Switch548>
7
</Switch548>
<Switch549>
19
</Switch549>
<Switch550>
12
</Switch550>
<Switch551>
19
</Switch551>
<Switch552>
13
</Switch552>
<Switch553>
19
</Switch553>
<Switch554>
16
</Switch554>
<Switch555>
12
</Switch555>
<Switch556>
7
</Switch556>
<Switch557>
17
</Switch557>
<Switch558>
3
</Switch558>
<Switch559>
12
</Switch559>
<Switch560>
1
</Switch560>
<Switch561>
16
</Switch561>
<Switch562>
15
</Switch562>
<Switch563>
19
</Switch563>
<Switch564>
8
</Switch564>
<Switch565>
17
</Switch565>
<Switch566>
0
</Switch566>
<Switch567>
7
</Switch567>
<Switch568>
15
</Switch568>
<Switch569>
8
</Switch569>
<Switch570>
1
</Switch570>
<Switch571>
17
</Switch571>
<Switch572>
1
</Switch572>
<Switch573>
14
</Switch573>
<Switch574>
5
</Switch574>
<Switch575>
12
</Switch575>
<Switch576>
3
</Switch576>
<Switch577>
1
</Switch577>
<Switch578>
7
</Switch578>
<Switch579>
5
</Switch579>
<Switch580>
3
</Switch580>
<Switch581>
5
</Switch581>
<Switch582>
16
</Switch582>
<Switch583>
11
</Switch583>
<Switch584>
11
</Switch584>
<Switch585>
12
</Switch585>
<Switch586>
18
</Switch586>
<Switch587>
8
</Switch587>
<Switch588>
19
</Switch588>
<Switch589>
2
</Switch589>
<Switch590>
11
</Switch590>
<Switch591>
18
</Switch591>
<Switch592>
17
</Switch592>
<Switch593>
3
</Switch593>
<Switch594>
16
</Switch594>
<Switch595>
17
</Switch595>
<Switch596>
4
</Switch596>
<Switch597>
5
</Switch597>
<Switch598>
0
</Switch598>
<Switch599>
17
</Switch599>
<Switch600>
4
</Switch600>
<Switch601>
18
</Switch601>
<Switch602>
17
</Switch602>
<Switch603>
0
</Switch603>
<Switch604>
2
</Switch604>
<Switch605>
7
</Switch605>
<Switch606>
9
</Switch606>
<Switch607>
17
</Switch607>
<Switch608>
12
</Switch608>
<Switch609>
16
</Switch609>
<Switch610>
3
</Switch610>
<Switch611>
16
</Switch611>
<Switch612>
3
</Switch612>
<Switch613>
5
</Switch613>
<Switch614>
4
</Switch614>
<Switch615>
16
</Switch615>
<Switch616>
13
</Switch616>
<Switch617>
12
</Switch617>
<Switch618>
1
</Switch618>
<Switch619>
3
</Switch619>
<Switch620>
1
</Switch620>
<Switch621>
13
</Switch621>
<Switch622>
12
</Switch622>
<Switch623>
13
</Switch623>
<Switch624>
0
</Switch624>
<Switch625>
19
</Switch625>
<Switch626>
15
</Switch626>
<Switch627>
14
</Switch627>
<Switch628>
17
</Switch628>
<Switch629>
17
</Switch629>
<Switch630>
6
</Switch630>
<Switch631>
10
</Switch631>
<Switch632>
1
</Switch632>
<Switch633>
10
</Switch633>
<Switch634>
3
</Switch634>
<Switch635>
12
</Switch635>
<Switch636>
14
</Switch636>
<Switch637>
5
</Switch637>
<Switch638>
12
</Switch638>
<Switch639>
2
</Switch639>
<Switch640>
17
</Switch640>
<Switch641>
18
</Switch641>
<Switch642>
13
</Switch642>
<Switch643>
1
</Switch643>
<Switch644>
3
</Switch644>
<Switch645>
2
</Switch645>
<Switch646>
12
</Switch646>
<Switch647>
17
</Switch647>
<Switch648>
17
</Switch648>
<Switch649>
6
</Switch649>
<Switch650>
4
</Switch650>
<Switch651>
1
</Switch651>
<Switch652>
12
</Switch652>
<Switch653>
3
</Switch653>
<Switch654>
13
</Switch654>
<Switch655>
5
</Switch655>
<Switch656>
0
</Switch656>
<Switch657>
0
</Switch657>
<Switch658>
11
</Switch658>
<Switch659>
8
</Switch659>
<Switch660>
6
</Switch660>
<Switch661>
13
</Switch661>
<Switch662>
9
</Switch662>
<Switch663>
8
</Switch663>
<Switch664>
9
</Switch664>
<Switch665>
9
</Switch665>
<Switch666>
12
</Switch666>
<Switch667>
9
</Switch667>
<Switch668>
17
</Switch668>
<Switch669>
4
</Switch669>
<Switch670>
13
</Switch670>
<Switch671>
3
</Switch671>
<Switch672>
6
</Switch672>
<Switch673>
12
</Switch673>
<Switch674>
19
</Switch674>
<Switch675>
4
</Switch675>
<Switch676>
8
</Switch676>
<Switch677>
14
</Switch677>
<Switch678>
0
</Switch678>
<Switch679>
14
</Switch679>
<Switch680>
13
</Switch680>
<Switch681>
15
</Switch681>
<Switch682>
0
</Switch682>
<Switch683>
9
</Switch683>
<Switch684>
13
</Switch684>
<Switch685>
4
</Switch685>
<Switch686>
11
</Switch686>
<Switch687>
14
</Switch687>
<Switch688>
3
</Switch688>
<Switch689>
3
</Switch689>
<Switch690>
8
</Switch690>
<Switch691>
17
</Switch691>
<Switch692>
16
</Switch692>
<Switch693>
5
</Switch693>
<Switch694>
2
</Switch694>
<Switch695>
1
</Switch695>
<Switch696>
19
</Switch696>
<Switch697>
6
</Switch697>
<Switch698>
19
</Switch698>
<Switch699>
6
</Switch699>
<Switch700>
4
</Switch700>
<Switch701>
16
</Switch701>
<Switch702>
17
</Switch702>
<Switch703>
6
</Switch703>
<Switch704>
15
</Switch704>
<Switch705>
1
</Switch705>
<Switch706>
0
</Switch706>
<Switch707>
8
</Switch707>
<Switch708>
2
</Switch708>
<Switch709>
11
</Switch709>
<Switch710>
0
</Switch710>
<Switch711>
19
</Switch711>
<Switch712>
7
</Switch712>
<Switch713>
17
</Switch713>
<Switch714>
19
</Switch714>
<Switch715>
8
</Switch715>
<Switch716>
15
</Switch716>
<Switch717>
4
</Switch717>
<Switch718>
10
</Switch718>
<Switch719>
4
</Switch719>
<Switch720>
15
</Switch720>
<Switch721>
8
</Switch721>
<Switch722>
6
</Switch722>
<Switch723>
13
</Switch723>
<Switch724>
14
</Switch724>
<Switch725>
17
</Switch725>
<Switch726>
9
</Switch726>
<Switch727>
0
</Switch727>
<Switch728>
1
</Switch728>
<Switch729>
18
</Switch729>
<Switch730>
1
</Switch730>
<Switch731>
19
</Switch731>
<Switch732>
3
</Switch732>
<Switch733>
1
</Switch733>
<Switch734>
8
</Switch734>
<Switch735>
16
</Switch735>
<Switch736>
0
</Switch736>
<Switch737>
9
</Switch737>
<Switch738>
1
</Switch738>
<Switch739>
14
</Switch739>
<Switch740>
16
</Switch740>
<Switch741>
14
</Switch741>
<Switch742>
19
</Switch742>
<Switch743>
4
</Switch743>
<Switch744>
14
</Switch744>
<Switch745>
8
</Switch745>
<Switch746>
11
</Switch746>
<Switch747>
18
</Switch747>
<Switch748>
19
</Switch748>
<Switch749>
7
</Switch749>
<Switch750>
18
</Switch750>
<Switch751>
16
</Switch751>
<Switch752>
6
</Switch752>
<Switch753>
17
</Switch753>
<Switch754>
2
</Switch754>
<Switch755>
2
</Switch755>
<Switch756>
1
</Switch756>
<Switch757>
17
</Switch757>
<Switch758>
18
</Switch758>
<Switch759>
0
</Switch759>
<Switch760>
18
</Switch760>
<Switch761>
0
</Switch761>
</BaseID:1004>
