<?xml version="1.0"?>

<BaseID:1010>
<Switch1>
0
</Switch1>
<Switch2>
12
</Switch2>
<Switch3>
4
</Switch3>
<Switch4>
10
</Switch4>
<Switch5>
7
</Switch5>
<Switch6>
14
</Switch6>
<Switch7>
1
</Switch7>
<Switch8>
0
</Switch8>
<Switch9>
14
</Switch9>
<Switch10>
3
</Switch10>
<Switch11>
18
</Switch11>
<Switch12>
18
</Switch12>
<Switch13>
18
</Switch13>
<Switch14>
10
</Switch14>
<Switch15>
8
</Switch15>
<Switch16>
12
</Switch16>
<Switch17>
5
</Switch17>
<Switch18>
9
</Switch18>
<Switch19>
4
</Switch19>
<Switch20>
9
</Switch20>
<Switch21>
14
</Switch21>
<Switch22>
6
</Switch22>
<Switch23>
13
</Switch23>
<Switch24>
19
</Switch24>
<Switch25>
0
</Switch25>
<Switch26>
11
</Switch26>
<Switch27>
1
</Switch27>
<Switch28>
11
</Switch28>
<Switch29>
6
</Switch29>
<Switch30>
2
</Switch30>
<Switch31>
0
</Switch31>
<Switch32>
8
</Switch32>
<Switch33>
18
</Switch33>
<Switch34>
3
</Switch34>
<Switch35>
5
</Switch35>
<Switch36>
11
</Switch36>
<Switch37>
13
</Switch37>
<Switch38>
6
</Switch38>
<Switch39>
8
</Switch39>
<Switch40>
5
</Switch40>
<Switch41>
8
</Switch41>
<Switch42>
13
</Switch42>
<Switch43>
4
</Switch43>
<Switch44>
0
</Switch44>
<Switch45>
13
</Switch45>
<Switch46>
18
</Switch46>
<Switch47>
10
</Switch47>
<Switch48>
8
</Switch48>
<Switch49>
11
</Switch49>
<Switch50>
11
</Switch50>
<Switch51>
10
</Switch51>
<Switch52>
19
</Switch52>
<Switch53>
3
</Switch53>
<Switch54>
15
</Switch54>
<Switch55>
15
</Switch55>
<Switch56>
1
</Switch56>
<Switch57>
16
</Switch57>
<Switch58>
5
</Switch58>
<Switch59>
7
</Switch59>
<Switch60>
14
</Switch60>
<Switch61>
0
</Switch61>
<Switch62>
19
</Switch62>
<Switch63>
8
</Switch63>
<Switch64>
6
</Switch64>
<Switch65>
2
</Switch65>
<Switch66>
4
</Switch66>
<Switch67>
10
</Switch67>
<Switch68>
14
</Switch68>
<Switch69>
19
</Switch69>
<Switch70>
12
</Switch70>
<Switch71>
17
</Switch71>
<Switch72>
1
</Switch72>
<Switch73>
8
</Switch73>
<Switch74>
10
</Switch74>
<Switch75>
15
</Switch75>
<Switch76>
1
</Switch76>
<Switch77>
17
</Switch77>
<Switch78>
5
</Switch78>
<Switch79>
12
</Switch79>
<Switch80>
1
</Switch80>
<Switch81>
1
</Switch81>
<Switch82>
4
</Switch82>
<Switch83>
10
</Switch83>
<Switch84>
8
</Switch84>
<Switch85>
7
</Switch85>
<Switch86>
3
</Switch86>
<Switch87>
12
</Switch87>
<Switch88>
0
</Switch88>
<Switch89>
5
</Switch89>
<Switch90>
2
</Switch90>
<Switch91>
7
</Switch91>
<Switch92>
6
</Switch92>
<Switch93>
16
</Switch93>
<Switch94>
5
</Switch94>
<Switch95>
1
</Switch95>
<Switch96>
2
</Switch96>
<Switch97>
4
</Switch97>
<Switch98>
10
</Switch98>
<Switch99>
2
</Switch99>
</BaseID:1010>
