<?xml version="1.0"?>

<BaseID:1012>
<Switch1>
9
</Switch1>
<Switch2>
10
</Switch2>
<Switch3>
8
</Switch3>
<Switch4>
8
</Switch4>
<Switch5>
1
</Switch5>
<Switch6>
3
</Switch6>
<Switch7>
9
</Switch7>
<Switch8>
7
</Switch8>
<Switch9>
0
</Switch9>
<Switch10>
7
</Switch10>
<Switch11>
12
</Switch11>
<Switch12>
15
</Switch12>
<Switch13>
18
</Switch13>
<Switch14>
11
</Switch14>
<Switch15>
15
</Switch15>
<Switch16>
16
</Switch16>
<Switch17>
17
</Switch17>
<Switch18>
12
</Switch18>
<Switch19>
19
</Switch19>
<Switch20>
4
</Switch20>
<Switch21>
4
</Switch21>
<Switch22>
17
</Switch22>
<Switch23>
18
</Switch23>
<Switch24>
17
</Switch24>
<Switch25>
17
</Switch25>
<Switch26>
17
</Switch26>
<Switch27>
2
</Switch27>
<Switch28>
18
</Switch28>
<Switch29>
0
</Switch29>
<Switch30>
6
</Switch30>
<Switch31>
8
</Switch31>
<Switch32>
19
</Switch32>
<Switch33>
0
</Switch33>
<Switch34>
17
</Switch34>
<Switch35>
7
</Switch35>
<Switch36>
10
</Switch36>
<Switch37>
1
</Switch37>
<Switch38>
6
</Switch38>
<Switch39>
14
</Switch39>
<Switch40>
10
</Switch40>
<Switch41>
8
</Switch41>
<Switch42>
7
</Switch42>
<Switch43>
2
</Switch43>
<Switch44>
12
</Switch44>
<Switch45>
10
</Switch45>
<Switch46>
4
</Switch46>
<Switch47>
0
</Switch47>
<Switch48>
13
</Switch48>
<Switch49>
15
</Switch49>
<Switch50>
11
</Switch50>
<Switch51>
4
</Switch51>
<Switch52>
11
</Switch52>
<Switch53>
16
</Switch53>
<Switch54>
15
</Switch54>
<Switch55>
14
</Switch55>
<Switch56>
9
</Switch56>
<Switch57>
9
</Switch57>
<Switch58>
15
</Switch58>
<Switch59>
6
</Switch59>
<Switch60>
18
</Switch60>
<Switch61>
9
</Switch61>
<Switch62>
17
</Switch62>
<Switch63>
9
</Switch63>
<Switch64>
12
</Switch64>
<Switch65>
7
</Switch65>
<Switch66>
16
</Switch66>
<Switch67>
18
</Switch67>
<Switch68>
14
</Switch68>
<Switch69>
17
</Switch69>
<Switch70>
15
</Switch70>
<Switch71>
19
</Switch71>
<Switch72>
1
</Switch72>
<Switch73>
12
</Switch73>
<Switch74>
15
</Switch74>
<Switch75>
0
</Switch75>
<Switch76>
3
</Switch76>
<Switch77>
4
</Switch77>
<Switch78>
17
</Switch78>
<Switch79>
18
</Switch79>
<Switch80>
14
</Switch80>
<Switch81>
16
</Switch81>
<Switch82>
10
</Switch82>
<Switch83>
18
</Switch83>
<Switch84>
17
</Switch84>
<Switch85>
14
</Switch85>
<Switch86>
5
</Switch86>
<Switch87>
1
</Switch87>
<Switch88>
16
</Switch88>
<Switch89>
11
</Switch89>
<Switch90>
7
</Switch90>
<Switch91>
3
</Switch91>
<Switch92>
10
</Switch92>
<Switch93>
1
</Switch93>
<Switch94>
1
</Switch94>
<Switch95>
9
</Switch95>
<Switch96>
15
</Switch96>
<Switch97>
18
</Switch97>
<Switch98>
9
</Switch98>
<Switch99>
4
</Switch99>
<Switch100>
0
</Switch100>
<Switch101>
6
</Switch101>
<Switch102>
14
</Switch102>
<Switch103>
12
</Switch103>
<Switch104>
17
</Switch104>
<Switch105>
14
</Switch105>
<Switch106>
8
</Switch106>
<Switch107>
14
</Switch107>
<Switch108>
13
</Switch108>
</BaseID:1012>
