<?xml version="1.0"?>

<BaseID:1016>
<Switch1>
9
</Switch1>
<Switch2>
17
</Switch2>
<Switch3>
3
</Switch3>
<Switch4>
4
</Switch4>
<Switch5>
0
</Switch5>
<Switch6>
16
</Switch6>
<Switch7>
0
</Switch7>
<Switch8>
9
</Switch8>
<Switch9>
7
</Switch9>
<Switch10>
3
</Switch10>
<Switch11>
11
</Switch11>
<Switch12>
16
</Switch12>
<Switch13>
13
</Switch13>
<Switch14>
0
</Switch14>
<Switch15>
2
</Switch15>
<Switch16>
11
</Switch16>
<Switch17>
14
</Switch17>
<Switch18>
3
</Switch18>
<Switch19>
13
</Switch19>
<Switch20>
11
</Switch20>
<Switch21>
13
</Switch21>
<Switch22>
0
</Switch22>
<Switch23>
19
</Switch23>
<Switch24>
13
</Switch24>
<Switch25>
8
</Switch25>
<Switch26>
7
</Switch26>
<Switch27>
12
</Switch27>
<Switch28>
12
</Switch28>
<Switch29>
13
</Switch29>
<Switch30>
0
</Switch30>
<Switch31>
13
</Switch31>
<Switch32>
4
</Switch32>
<Switch33>
17
</Switch33>
<Switch34>
8
</Switch34>
<Switch35>
6
</Switch35>
<Switch36>
6
</Switch36>
<Switch37>
13
</Switch37>
<Switch38>
12
</Switch38>
<Switch39>
8
</Switch39>
<Switch40>
14
</Switch40>
<Switch41>
12
</Switch41>
<Switch42>
17
</Switch42>
<Switch43>
7
</Switch43>
<Switch44>
6
</Switch44>
<Switch45>
11
</Switch45>
<Switch46>
8
</Switch46>
<Switch47>
5
</Switch47>
<Switch48>
16
</Switch48>
<Switch49>
12
</Switch49>
<Switch50>
18
</Switch50>
<Switch51>
9
</Switch51>
<Switch52>
3
</Switch52>
<Switch53>
19
</Switch53>
<Switch54>
9
</Switch54>
<Switch55>
4
</Switch55>
<Switch56>
7
</Switch56>
<Switch57>
12
</Switch57>
<Switch58>
3
</Switch58>
<Switch59>
2
</Switch59>
<Switch60>
11
</Switch60>
<Switch61>
17
</Switch61>
<Switch62>
8
</Switch62>
<Switch63>
15
</Switch63>
<Switch64>
9
</Switch64>
<Switch65>
19
</Switch65>
<Switch66>
16
</Switch66>
<Switch67>
0
</Switch67>
<Switch68>
9
</Switch68>
<Switch69>
4
</Switch69>
<Switch70>
2
</Switch70>
<Switch71>
12
</Switch71>
<Switch72>
6
</Switch72>
<Switch73>
8
</Switch73>
<Switch74>
4
</Switch74>
<Switch75>
19
</Switch75>
<Switch76>
18
</Switch76>
<Switch77>
10
</Switch77>
<Switch78>
4
</Switch78>
<Switch79>
10
</Switch79>
<Switch80>
9
</Switch80>
<Switch81>
3
</Switch81>
<Switch82>
8
</Switch82>
<Switch83>
2
</Switch83>
<Switch84>
14
</Switch84>
<Switch85>
9
</Switch85>
<Switch86>
6
</Switch86>
<Switch87>
12
</Switch87>
<Switch88>
2
</Switch88>
<Switch89>
9
</Switch89>
<Switch90>
6
</Switch90>
<Switch91>
2
</Switch91>
<Switch92>
6
</Switch92>
<Switch93>
7
</Switch93>
<Switch94>
6
</Switch94>
<Switch95>
3
</Switch95>
<Switch96>
7
</Switch96>
<Switch97>
3
</Switch97>
<Switch98>
1
</Switch98>
<Switch99>
9
</Switch99>
<Switch100>
13
</Switch100>
<Switch101>
18
</Switch101>
<Switch102>
7
</Switch102>
<Switch103>
8
</Switch103>
<Switch104>
17
</Switch104>
<Switch105>
4
</Switch105>
<Switch106>
1
</Switch106>
<Switch107>
12
</Switch107>
<Switch108>
1
</Switch108>
<Switch109>
0
</Switch109>
<Switch110>
0
</Switch110>
<Switch111>
4
</Switch111>
<Switch112>
10
</Switch112>
<Switch113>
10
</Switch113>
<Switch114>
5
</Switch114>
<Switch115>
1
</Switch115>
<Switch116>
4
</Switch116>
<Switch117>
3
</Switch117>
<Switch118>
17
</Switch118>
<Switch119>
9
</Switch119>
<Switch120>
15
</Switch120>
<Switch121>
12
</Switch121>
<Switch122>
2
</Switch122>
<Switch123>
17
</Switch123>
<Switch124>
9
</Switch124>
<Switch125>
6
</Switch125>
<Switch126>
6
</Switch126>
<Switch127>
11
</Switch127>
<Switch128>
17
</Switch128>
<Switch129>
10
</Switch129>
<Switch130>
10
</Switch130>
<Switch131>
6
</Switch131>
<Switch132>
14
</Switch132>
<Switch133>
10
</Switch133>
<Switch134>
8
</Switch134>
<Switch135>
4
</Switch135>
<Switch136>
12
</Switch136>
<Switch137>
10
</Switch137>
<Switch138>
16
</Switch138>
<Switch139>
18
</Switch139>
<Switch140>
1
</Switch140>
<Switch141>
14
</Switch141>
<Switch142>
1
</Switch142>
<Switch143>
10
</Switch143>
<Switch144>
16
</Switch144>
<Switch145>
5
</Switch145>
<Switch146>
12
</Switch146>
<Switch147>
18
</Switch147>
<Switch148>
17
</Switch148>
<Switch149>
15
</Switch149>
<Switch150>
8
</Switch150>
<Switch151>
1
</Switch151>
<Switch152>
17
</Switch152>
<Switch153>
12
</Switch153>
<Switch154>
13
</Switch154>
<Switch155>
11
</Switch155>
<Switch156>
3
</Switch156>
<Switch157>
8
</Switch157>
<Switch158>
12
</Switch158>
<Switch159>
10
</Switch159>
<Switch160>
4
</Switch160>
<Switch161>
3
</Switch161>
<Switch162>
12
</Switch162>
<Switch163>
15
</Switch163>
<Switch164>
8
</Switch164>
<Switch165>
14
</Switch165>
<Switch166>
16
</Switch166>
<Switch167>
12
</Switch167>
<Switch168>
19
</Switch168>
<Switch169>
1
</Switch169>
<Switch170>
8
</Switch170>
</BaseID:1016>
