<?xml version="1.0"?>

<BaseID:1019>
<Switch1>
3
</Switch1>
<Switch2>
10
</Switch2>
<Switch3>
7
</Switch3>
<Switch4>
18
</Switch4>
<Switch5>
1
</Switch5>
<Switch6>
15
</Switch6>
<Switch7>
13
</Switch7>
<Switch8>
1
</Switch8>
<Switch9>
0
</Switch9>
<Switch10>
18
</Switch10>
<Switch11>
3
</Switch11>
<Switch12>
9
</Switch12>
<Switch13>
4
</Switch13>
<Switch14>
9
</Switch14>
<Switch15>
12
</Switch15>
<Switch16>
15
</Switch16>
<Switch17>
1
</Switch17>
<Switch18>
6
</Switch18>
<Switch19>
17
</Switch19>
<Switch20>
1
</Switch20>
<Switch21>
5
</Switch21>
<Switch22>
16
</Switch22>
<Switch23>
14
</Switch23>
<Switch24>
2
</Switch24>
<Switch25>
10
</Switch25>
<Switch26>
10
</Switch26>
<Switch27>
19
</Switch27>
<Switch28>
2
</Switch28>
<Switch29>
17
</Switch29>
<Switch30>
16
</Switch30>
<Switch31>
0
</Switch31>
<Switch32>
6
</Switch32>
<Switch33>
9
</Switch33>
<Switch34>
1
</Switch34>
<Switch35>
13
</Switch35>
<Switch36>
11
</Switch36>
<Switch37>
2
</Switch37>
<Switch38>
14
</Switch38>
<Switch39>
17
</Switch39>
<Switch40>
12
</Switch40>
<Switch41>
3
</Switch41>
<Switch42>
11
</Switch42>
<Switch43>
1
</Switch43>
<Switch44>
7
</Switch44>
<Switch45>
19
</Switch45>
<Switch46>
19
</Switch46>
<Switch47>
17
</Switch47>
<Switch48>
9
</Switch48>
<Switch49>
4
</Switch49>
<Switch50>
2
</Switch50>
<Switch51>
0
</Switch51>
<Switch52>
1
</Switch52>
<Switch53>
4
</Switch53>
<Switch54>
0
</Switch54>
<Switch55>
7
</Switch55>
<Switch56>
14
</Switch56>
<Switch57>
5
</Switch57>
<Switch58>
10
</Switch58>
<Switch59>
5
</Switch59>
<Switch60>
12
</Switch60>
<Switch61>
12
</Switch61>
<Switch62>
16
</Switch62>
<Switch63>
0
</Switch63>
<Switch64>
10
</Switch64>
<Switch65>
11
</Switch65>
<Switch66>
15
</Switch66>
<Switch67>
6
</Switch67>
<Switch68>
7
</Switch68>
<Switch69>
1
</Switch69>
<Switch70>
12
</Switch70>
<Switch71>
10
</Switch71>
<Switch72>
7
</Switch72>
<Switch73>
11
</Switch73>
<Switch74>
2
</Switch74>
<Switch75>
19
</Switch75>
<Switch76>
14
</Switch76>
<Switch77>
4
</Switch77>
<Switch78>
6
</Switch78>
<Switch79>
6
</Switch79>
<Switch80>
3
</Switch80>
<Switch81>
17
</Switch81>
<Switch82>
4
</Switch82>
<Switch83>
9
</Switch83>
<Switch84>
3
</Switch84>
<Switch85>
19
</Switch85>
<Switch86>
7
</Switch86>
<Switch87>
7
</Switch87>
<Switch88>
4
</Switch88>
<Switch89>
2
</Switch89>
<Switch90>
13
</Switch90>
<Switch91>
12
</Switch91>
<Switch92>
13
</Switch92>
<Switch93>
0
</Switch93>
<Switch94>
16
</Switch94>
<Switch95>
13
</Switch95>
<Switch96>
16
</Switch96>
<Switch97>
16
</Switch97>
<Switch98>
5
</Switch98>
<Switch99>
3
</Switch99>
<Switch100>
11
</Switch100>
<Switch101>
17
</Switch101>
<Switch102>
0
</Switch102>
<Switch103>
10
</Switch103>
<Switch104>
2
</Switch104>
<Switch105>
15
</Switch105>
<Switch106>
10
</Switch106>
<Switch107>
14
</Switch107>
<Switch108>
17
</Switch108>
<Switch109>
0
</Switch109>
<Switch110>
3
</Switch110>
<Switch111>
17
</Switch111>
<Switch112>
2
</Switch112>
<Switch113>
11
</Switch113>
<Switch114>
0
</Switch114>
<Switch115>
19
</Switch115>
<Switch116>
6
</Switch116>
<Switch117>
13
</Switch117>
<Switch118>
0
</Switch118>
<Switch119>
7
</Switch119>
<Switch120>
0
</Switch120>
<Switch121>
10
</Switch121>
<Switch122>
15
</Switch122>
<Switch123>
7
</Switch123>
<Switch124>
8
</Switch124>
<Switch125>
9
</Switch125>
<Switch126>
12
</Switch126>
<Switch127>
3
</Switch127>
<Switch128>
1
</Switch128>
<Switch129>
12
</Switch129>
<Switch130>
3
</Switch130>
<Switch131>
7
</Switch131>
<Switch132>
6
</Switch132>
<Switch133>
7
</Switch133>
<Switch134>
16
</Switch134>
<Switch135>
7
</Switch135>
<Switch136>
4
</Switch136>
<Switch137>
14
</Switch137>
<Switch138>
7
</Switch138>
<Switch139>
9
</Switch139>
<Switch140>
9
</Switch140>
<Switch141>
2
</Switch141>
<Switch142>
14
</Switch142>
<Switch143>
7
</Switch143>
<Switch144>
6
</Switch144>
<Switch145>
13
</Switch145>
<Switch146>
5
</Switch146>
<Switch147>
10
</Switch147>
<Switch148>
14
</Switch148>
<Switch149>
4
</Switch149>
<Switch150>
7
</Switch150>
<Switch151>
11
</Switch151>
<Switch152>
18
</Switch152>
<Switch153>
3
</Switch153>
<Switch154>
0
</Switch154>
<Switch155>
16
</Switch155>
<Switch156>
1
</Switch156>
<Switch157>
14
</Switch157>
<Switch158>
7
</Switch158>
<Switch159>
2
</Switch159>
<Switch160>
5
</Switch160>
<Switch161>
7
</Switch161>
<Switch162>
10
</Switch162>
<Switch163>
6
</Switch163>
<Switch164>
17
</Switch164>
<Switch165>
10
</Switch165>
<Switch166>
4
</Switch166>
<Switch167>
19
</Switch167>
<Switch168>
18
</Switch168>
<Switch169>
14
</Switch169>
<Switch170>
17
</Switch170>
<Switch171>
5
</Switch171>
<Switch172>
17
</Switch172>
<Switch173>
19
</Switch173>
<Switch174>
2
</Switch174>
<Switch175>
4
</Switch175>
<Switch176>
14
</Switch176>
<Switch177>
2
</Switch177>
<Switch178>
13
</Switch178>
<Switch179>
19
</Switch179>
<Switch180>
3
</Switch180>
<Switch181>
2
</Switch181>
<Switch182>
2
</Switch182>
<Switch183>
18
</Switch183>
<Switch184>
13
</Switch184>
<Switch185>
11
</Switch185>
<Switch186>
0
</Switch186>
<Switch187>
7
</Switch187>
<Switch188>
8
</Switch188>
<Switch189>
4
</Switch189>
<Switch190>
13
</Switch190>
<Switch191>
10
</Switch191>
<Switch192>
19
</Switch192>
<Switch193>
9
</Switch193>
<Switch194>
16
</Switch194>
<Switch195>
9
</Switch195>
<Switch196>
14
</Switch196>
<Switch197>
4
</Switch197>
<Switch198>
1
</Switch198>
<Switch199>
4
</Switch199>
<Switch200>
8
</Switch200>
<Switch201>
10
</Switch201>
<Switch202>
0
</Switch202>
<Switch203>
13
</Switch203>
<Switch204>
9
</Switch204>
<Switch205>
19
</Switch205>
<Switch206>
0
</Switch206>
<Switch207>
16
</Switch207>
<Switch208>
12
</Switch208>
<Switch209>
15
</Switch209>
<Switch210>
15
</Switch210>
<Switch211>
13
</Switch211>
<Switch212>
2
</Switch212>
<Switch213>
3
</Switch213>
<Switch214>
18
</Switch214>
<Switch215>
6
</Switch215>
<Switch216>
18
</Switch216>
<Switch217>
16
</Switch217>
<Switch218>
15
</Switch218>
<Switch219>
4
</Switch219>
<Switch220>
6
</Switch220>
<Switch221>
7
</Switch221>
<Switch222>
15
</Switch222>
<Switch223>
15
</Switch223>
<Switch224>
17
</Switch224>
<Switch225>
6
</Switch225>
<Switch226>
11
</Switch226>
<Switch227>
8
</Switch227>
<Switch228>
15
</Switch228>
<Switch229>
15
</Switch229>
<Switch230>
6
</Switch230>
<Switch231>
11
</Switch231>
<Switch232>
17
</Switch232>
<Switch233>
3
</Switch233>
<Switch234>
0
</Switch234>
<Switch235>
9
</Switch235>
<Switch236>
13
</Switch236>
<Switch237>
9
</Switch237>
<Switch238>
19
</Switch238>
<Switch239>
14
</Switch239>
<Switch240>
18
</Switch240>
<Switch241>
9
</Switch241>
<Switch242>
3
</Switch242>
<Switch243>
16
</Switch243>
<Switch244>
2
</Switch244>
<Switch245>
4
</Switch245>
<Switch246>
1
</Switch246>
<Switch247>
10
</Switch247>
<Switch248>
1
</Switch248>
<Switch249>
12
</Switch249>
<Switch250>
5
</Switch250>
<Switch251>
0
</Switch251>
<Switch252>
2
</Switch252>
<Switch253>
10
</Switch253>
<Switch254>
8
</Switch254>
<Switch255>
13
</Switch255>
<Switch256>
17
</Switch256>
<Switch257>
15
</Switch257>
<Switch258>
5
</Switch258>
<Switch259>
17
</Switch259>
<Switch260>
3
</Switch260>
<Switch261>
3
</Switch261>
<Switch262>
0
</Switch262>
<Switch263>
16
</Switch263>
<Switch264>
19
</Switch264>
<Switch265>
3
</Switch265>
<Switch266>
9
</Switch266>
<Switch267>
6
</Switch267>
<Switch268>
18
</Switch268>
<Switch269>
3
</Switch269>
<Switch270>
8
</Switch270>
<Switch271>
4
</Switch271>
<Switch272>
17
</Switch272>
<Switch273>
13
</Switch273>
<Switch274>
17
</Switch274>
<Switch275>
9
</Switch275>
<Switch276>
8
</Switch276>
<Switch277>
9
</Switch277>
<Switch278>
3
</Switch278>
<Switch279>
5
</Switch279>
<Switch280>
6
</Switch280>
<Switch281>
18
</Switch281>
<Switch282>
10
</Switch282>
<Switch283>
7
</Switch283>
<Switch284>
1
</Switch284>
<Switch285>
6
</Switch285>
<Switch286>
1
</Switch286>
<Switch287>
15
</Switch287>
<Switch288>
15
</Switch288>
<Switch289>
14
</Switch289>
<Switch290>
12
</Switch290>
<Switch291>
19
</Switch291>
<Switch292>
7
</Switch292>
<Switch293>
17
</Switch293>
<Switch294>
3
</Switch294>
<Switch295>
15
</Switch295>
<Switch296>
0
</Switch296>
<Switch297>
0
</Switch297>
<Switch298>
15
</Switch298>
<Switch299>
3
</Switch299>
<Switch300>
15
</Switch300>
<Switch301>
18
</Switch301>
<Switch302>
2
</Switch302>
<Switch303>
9
</Switch303>
<Switch304>
13
</Switch304>
<Switch305>
18
</Switch305>
<Switch306>
9
</Switch306>
<Switch307>
8
</Switch307>
<Switch308>
2
</Switch308>
<Switch309>
6
</Switch309>
<Switch310>
19
</Switch310>
<Switch311>
1
</Switch311>
<Switch312>
5
</Switch312>
<Switch313>
10
</Switch313>
<Switch314>
2
</Switch314>
<Switch315>
8
</Switch315>
<Switch316>
5
</Switch316>
<Switch317>
18
</Switch317>
<Switch318>
14
</Switch318>
<Switch319>
3
</Switch319>
<Switch320>
5
</Switch320>
<Switch321>
5
</Switch321>
<Switch322>
10
</Switch322>
<Switch323>
11
</Switch323>
<Switch324>
14
</Switch324>
<Switch325>
9
</Switch325>
<Switch326>
10
</Switch326>
<Switch327>
8
</Switch327>
<Switch328>
13
</Switch328>
<Switch329>
8
</Switch329>
<Switch330>
15
</Switch330>
<Switch331>
8
</Switch331>
<Switch332>
16
</Switch332>
<Switch333>
13
</Switch333>
<Switch334>
6
</Switch334>
<Switch335>
0
</Switch335>
<Switch336>
1
</Switch336>
<Switch337>
7
</Switch337>
<Switch338>
19
</Switch338>
<Switch339>
11
</Switch339>
<Switch340>
6
</Switch340>
<Switch341>
18
</Switch341>
<Switch342>
18
</Switch342>
<Switch343>
8
</Switch343>
<Switch344>
5
</Switch344>
<Switch345>
8
</Switch345>
<Switch346>
13
</Switch346>
<Switch347>
15
</Switch347>
<Switch348>
16
</Switch348>
<Switch349>
0
</Switch349>
<Switch350>
6
</Switch350>
<Switch351>
15
</Switch351>
<Switch352>
6
</Switch352>
<Switch353>
3
</Switch353>
<Switch354>
1
</Switch354>
<Switch355>
11
</Switch355>
<Switch356>
12
</Switch356>
<Switch357>
19
</Switch357>
<Switch358>
1
</Switch358>
<Switch359>
3
</Switch359>
<Switch360>
6
</Switch360>
<Switch361>
9
</Switch361>
<Switch362>
19
</Switch362>
<Switch363>
18
</Switch363>
<Switch364>
13
</Switch364>
<Switch365>
10
</Switch365>
<Switch366>
7
</Switch366>
<Switch367>
18
</Switch367>
<Switch368>
15
</Switch368>
<Switch369>
6
</Switch369>
<Switch370>
7
</Switch370>
<Switch371>
17
</Switch371>
<Switch372>
15
</Switch372>
<Switch373>
6
</Switch373>
<Switch374>
8
</Switch374>
<Switch375>
11
</Switch375>
<Switch376>
3
</Switch376>
<Switch377>
9
</Switch377>
<Switch378>
19
</Switch378>
<Switch379>
13
</Switch379>
<Switch380>
9
</Switch380>
<Switch381>
18
</Switch381>
<Switch382>
18
</Switch382>
<Switch383>
4
</Switch383>
<Switch384>
5
</Switch384>
<Switch385>
4
</Switch385>
<Switch386>
3
</Switch386>
<Switch387>
10
</Switch387>
<Switch388>
17
</Switch388>
<Switch389>
10
</Switch389>
<Switch390>
9
</Switch390>
<Switch391>
3
</Switch391>
<Switch392>
18
</Switch392>
<Switch393>
2
</Switch393>
<Switch394>
0
</Switch394>
<Switch395>
8
</Switch395>
<Switch396>
19
</Switch396>
<Switch397>
9
</Switch397>
<Switch398>
2
</Switch398>
<Switch399>
8
</Switch399>
<Switch400>
13
</Switch400>
<Switch401>
15
</Switch401>
<Switch402>
13
</Switch402>
<Switch403>
19
</Switch403>
<Switch404>
10
</Switch404>
<Switch405>
1
</Switch405>
<Switch406>
11
</Switch406>
<Switch407>
18
</Switch407>
<Switch408>
15
</Switch408>
<Switch409>
7
</Switch409>
<Switch410>
1
</Switch410>
<Switch411>
17
</Switch411>
<Switch412>
0
</Switch412>
<Switch413>
12
</Switch413>
<Switch414>
5
</Switch414>
<Switch415>
3
</Switch415>
<Switch416>
19
</Switch416>
<Switch417>
16
</Switch417>
<Switch418>
6
</Switch418>
<Switch419>
1
</Switch419>
<Switch420>
2
</Switch420>
<Switch421>
11
</Switch421>
<Switch422>
2
</Switch422>
<Switch423>
6
</Switch423>
<Switch424>
14
</Switch424>
<Switch425>
3
</Switch425>
<Switch426>
6
</Switch426>
<Switch427>
15
</Switch427>
<Switch428>
17
</Switch428>
<Switch429>
12
</Switch429>
<Switch430>
2
</Switch430>
<Switch431>
12
</Switch431>
<Switch432>
3
</Switch432>
<Switch433>
0
</Switch433>
<Switch434>
5
</Switch434>
<Switch435>
3
</Switch435>
<Switch436>
17
</Switch436>
<Switch437>
16
</Switch437>
<Switch438>
10
</Switch438>
<Switch439>
9
</Switch439>
<Switch440>
1
</Switch440>
<Switch441>
16
</Switch441>
<Switch442>
13
</Switch442>
<Switch443>
11
</Switch443>
<Switch444>
2
</Switch444>
<Switch445>
15
</Switch445>
<Switch446>
3
</Switch446>
<Switch447>
14
</Switch447>
<Switch448>
3
</Switch448>
<Switch449>
0
</Switch449>
<Switch450>
16
</Switch450>
<Switch451>
7
</Switch451>
<Switch452>
18
</Switch452>
<Switch453>
9
</Switch453>
<Switch454>
7
</Switch454>
<Switch455>
3
</Switch455>
<Switch456>
19
</Switch456>
<Switch457>
5
</Switch457>
<Switch458>
5
</Switch458>
<Switch459>
10
</Switch459>
<Switch460>
4
</Switch460>
<Switch461>
9
</Switch461>
<Switch462>
12
</Switch462>
<Switch463>
3
</Switch463>
<Switch464>
3
</Switch464>
<Switch465>
3
</Switch465>
<Switch466>
15
</Switch466>
<Switch467>
0
</Switch467>
<Switch468>
6
</Switch468>
<Switch469>
7
</Switch469>
<Switch470>
7
</Switch470>
<Switch471>
8
</Switch471>
<Switch472>
12
</Switch472>
<Switch473>
19
</Switch473>
<Switch474>
12
</Switch474>
<Switch475>
12
</Switch475>
<Switch476>
10
</Switch476>
<Switch477>
11
</Switch477>
<Switch478>
6
</Switch478>
<Switch479>
18
</Switch479>
<Switch480>
3
</Switch480>
<Switch481>
10
</Switch481>
<Switch482>
19
</Switch482>
<Switch483>
17
</Switch483>
<Switch484>
17
</Switch484>
<Switch485>
13
</Switch485>
<Switch486>
13
</Switch486>
<Switch487>
1
</Switch487>
<Switch488>
14
</Switch488>
<Switch489>
18
</Switch489>
<Switch490>
18
</Switch490>
<Switch491>
18
</Switch491>
<Switch492>
14
</Switch492>
<Switch493>
13
</Switch493>
<Switch494>
0
</Switch494>
<Switch495>
13
</Switch495>
<Switch496>
12
</Switch496>
<Switch497>
18
</Switch497>
<Switch498>
16
</Switch498>
<Switch499>
7
</Switch499>
<Switch500>
17
</Switch500>
<Switch501>
18
</Switch501>
<Switch502>
14
</Switch502>
<Switch503>
19
</Switch503>
<Switch504>
6
</Switch504>
<Switch505>
0
</Switch505>
<Switch506>
14
</Switch506>
<Switch507>
11
</Switch507>
<Switch508>
16
</Switch508>
<Switch509>
4
</Switch509>
<Switch510>
3
</Switch510>
<Switch511>
3
</Switch511>
<Switch512>
17
</Switch512>
<Switch513>
8
</Switch513>
<Switch514>
14
</Switch514>
<Switch515>
6
</Switch515>
<Switch516>
11
</Switch516>
<Switch517>
11
</Switch517>
<Switch518>
19
</Switch518>
<Switch519>
17
</Switch519>
<Switch520>
10
</Switch520>
<Switch521>
4
</Switch521>
<Switch522>
7
</Switch522>
<Switch523>
2
</Switch523>
<Switch524>
13
</Switch524>
<Switch525>
3
</Switch525>
<Switch526>
17
</Switch526>
<Switch527>
14
</Switch527>
<Switch528>
9
</Switch528>
<Switch529>
11
</Switch529>
<Switch530>
18
</Switch530>
<Switch531>
11
</Switch531>
<Switch532>
16
</Switch532>
<Switch533>
12
</Switch533>
<Switch534>
16
</Switch534>
<Switch535>
10
</Switch535>
<Switch536>
17
</Switch536>
<Switch537>
15
</Switch537>
<Switch538>
16
</Switch538>
<Switch539>
5
</Switch539>
<Switch540>
17
</Switch540>
<Switch541>
1
</Switch541>
<Switch542>
0
</Switch542>
<Switch543>
1
</Switch543>
<Switch544>
2
</Switch544>
<Switch545>
9
</Switch545>
<Switch546>
12
</Switch546>
<Switch547>
18
</Switch547>
<Switch548>
13
</Switch548>
<Switch549>
3
</Switch549>
<Switch550>
10
</Switch550>
<Switch551>
16
</Switch551>
<Switch552>
9
</Switch552>
<Switch553>
6
</Switch553>
<Switch554>
5
</Switch554>
<Switch555>
18
</Switch555>
<Switch556>
16
</Switch556>
<Switch557>
8
</Switch557>
<Switch558>
7
</Switch558>
<Switch559>
10
</Switch559>
<Switch560>
11
</Switch560>
<Switch561>
5
</Switch561>
<Switch562>
2
</Switch562>
<Switch563>
1
</Switch563>
<Switch564>
9
</Switch564>
<Switch565>
14
</Switch565>
<Switch566>
17
</Switch566>
<Switch567>
17
</Switch567>
<Switch568>
5
</Switch568>
</BaseID:1019>
