<?xml version="1.0"?>

<BaseID:1024>
<Switch1>
0
</Switch1>
<Switch2>
14
</Switch2>
<Switch3>
12
</Switch3>
<Switch4>
6
</Switch4>
<Switch5>
2
</Switch5>
<Switch6>
9
</Switch6>
<Switch7>
1
</Switch7>
<Switch8>
7
</Switch8>
<Switch9>
2
</Switch9>
<Switch10>
9
</Switch10>
<Switch11>
8
</Switch11>
<Switch12>
5
</Switch12>
<Switch13>
12
</Switch13>
<Switch14>
4
</Switch14>
<Switch15>
5
</Switch15>
<Switch16>
17
</Switch16>
<Switch17>
11
</Switch17>
<Switch18>
1
</Switch18>
<Switch19>
6
</Switch19>
<Switch20>
1
</Switch20>
<Switch21>
2
</Switch21>
<Switch22>
16
</Switch22>
<Switch23>
0
</Switch23>
<Switch24>
9
</Switch24>
<Switch25>
6
</Switch25>
<Switch26>
5
</Switch26>
<Switch27>
14
</Switch27>
<Switch28>
18
</Switch28>
<Switch29>
13
</Switch29>
<Switch30>
2
</Switch30>
<Switch31>
13
</Switch31>
<Switch32>
15
</Switch32>
<Switch33>
10
</Switch33>
<Switch34>
0
</Switch34>
<Switch35>
13
</Switch35>
<Switch36>
19
</Switch36>
<Switch37>
1
</Switch37>
<Switch38>
12
</Switch38>
<Switch39>
11
</Switch39>
<Switch40>
18
</Switch40>
<Switch41>
6
</Switch41>
<Switch42>
18
</Switch42>
<Switch43>
8
</Switch43>
<Switch44>
15
</Switch44>
<Switch45>
18
</Switch45>
<Switch46>
11
</Switch46>
<Switch47>
5
</Switch47>
<Switch48>
19
</Switch48>
<Switch49>
6
</Switch49>
<Switch50>
9
</Switch50>
<Switch51>
1
</Switch51>
<Switch52>
11
</Switch52>
<Switch53>
9
</Switch53>
<Switch54>
4
</Switch54>
<Switch55>
17
</Switch55>
<Switch56>
10
</Switch56>
<Switch57>
1
</Switch57>
<Switch58>
18
</Switch58>
<Switch59>
11
</Switch59>
<Switch60>
2
</Switch60>
<Switch61>
10
</Switch61>
<Switch62>
10
</Switch62>
<Switch63>
12
</Switch63>
<Switch64>
17
</Switch64>
<Switch65>
3
</Switch65>
<Switch66>
1
</Switch66>
<Switch67>
3
</Switch67>
<Switch68>
19
</Switch68>
<Switch69>
6
</Switch69>
<Switch70>
2
</Switch70>
<Switch71>
1
</Switch71>
<Switch72>
10
</Switch72>
<Switch73>
14
</Switch73>
<Switch74>
4
</Switch74>
<Switch75>
3
</Switch75>
<Switch76>
15
</Switch76>
<Switch77>
0
</Switch77>
<Switch78>
11
</Switch78>
<Switch79>
19
</Switch79>
<Switch80>
4
</Switch80>
<Switch81>
15
</Switch81>
<Switch82>
16
</Switch82>
<Switch83>
8
</Switch83>
<Switch84>
8
</Switch84>
<Switch85>
9
</Switch85>
<Switch86>
18
</Switch86>
<Switch87>
1
</Switch87>
<Switch88>
2
</Switch88>
<Switch89>
12
</Switch89>
<Switch90>
9
</Switch90>
<Switch91>
9
</Switch91>
<Switch92>
14
</Switch92>
<Switch93>
1
</Switch93>
<Switch94>
2
</Switch94>
<Switch95>
5
</Switch95>
<Switch96>
6
</Switch96>
<Switch97>
12
</Switch97>
<Switch98>
13
</Switch98>
<Switch99>
15
</Switch99>
<Switch100>
13
</Switch100>
<Switch101>
17
</Switch101>
<Switch102>
8
</Switch102>
<Switch103>
4
</Switch103>
<Switch104>
10
</Switch104>
<Switch105>
7
</Switch105>
<Switch106>
17
</Switch106>
<Switch107>
0
</Switch107>
<Switch108>
12
</Switch108>
<Switch109>
0
</Switch109>
<Switch110>
0
</Switch110>
<Switch111>
1
</Switch111>
<Switch112>
11
</Switch112>
<Switch113>
13
</Switch113>
<Switch114>
7
</Switch114>
<Switch115>
10
</Switch115>
<Switch116>
19
</Switch116>
<Switch117>
8
</Switch117>
<Switch118>
9
</Switch118>
<Switch119>
11
</Switch119>
<Switch120>
12
</Switch120>
<Switch121>
12
</Switch121>
<Switch122>
18
</Switch122>
<Switch123>
7
</Switch123>
<Switch124>
1
</Switch124>
<Switch125>
8
</Switch125>
<Switch126>
0
</Switch126>
<Switch127>
1
</Switch127>
<Switch128>
15
</Switch128>
<Switch129>
13
</Switch129>
<Switch130>
17
</Switch130>
<Switch131>
17
</Switch131>
<Switch132>
2
</Switch132>
<Switch133>
17
</Switch133>
<Switch134>
13
</Switch134>
<Switch135>
2
</Switch135>
<Switch136>
4
</Switch136>
<Switch137>
5
</Switch137>
<Switch138>
3
</Switch138>
<Switch139>
17
</Switch139>
<Switch140>
10
</Switch140>
<Switch141>
3
</Switch141>
<Switch142>
5
</Switch142>
<Switch143>
5
</Switch143>
<Switch144>
12
</Switch144>
<Switch145>
17
</Switch145>
<Switch146>
0
</Switch146>
<Switch147>
8
</Switch147>
<Switch148>
12
</Switch148>
<Switch149>
15
</Switch149>
<Switch150>
14
</Switch150>
<Switch151>
19
</Switch151>
<Switch152>
18
</Switch152>
<Switch153>
15
</Switch153>
<Switch154>
10
</Switch154>
<Switch155>
2
</Switch155>
<Switch156>
8
</Switch156>
<Switch157>
0
</Switch157>
<Switch158>
10
</Switch158>
<Switch159>
9
</Switch159>
<Switch160>
16
</Switch160>
<Switch161>
0
</Switch161>
<Switch162>
12
</Switch162>
<Switch163>
12
</Switch163>
<Switch164>
17
</Switch164>
<Switch165>
12
</Switch165>
<Switch166>
19
</Switch166>
<Switch167>
9
</Switch167>
<Switch168>
3
</Switch168>
<Switch169>
6
</Switch169>
<Switch170>
18
</Switch170>
<Switch171>
11
</Switch171>
<Switch172>
14
</Switch172>
<Switch173>
9
</Switch173>
<Switch174>
3
</Switch174>
<Switch175>
13
</Switch175>
<Switch176>
14
</Switch176>
<Switch177>
6
</Switch177>
<Switch178>
6
</Switch178>
<Switch179>
14
</Switch179>
<Switch180>
4
</Switch180>
<Switch181>
18
</Switch181>
<Switch182>
1
</Switch182>
<Switch183>
1
</Switch183>
<Switch184>
7
</Switch184>
<Switch185>
5
</Switch185>
<Switch186>
4
</Switch186>
<Switch187>
6
</Switch187>
<Switch188>
2
</Switch188>
<Switch189>
17
</Switch189>
<Switch190>
18
</Switch190>
<Switch191>
8
</Switch191>
<Switch192>
14
</Switch192>
<Switch193>
3
</Switch193>
<Switch194>
14
</Switch194>
<Switch195>
9
</Switch195>
<Switch196>
0
</Switch196>
<Switch197>
0
</Switch197>
<Switch198>
4
</Switch198>
<Switch199>
7
</Switch199>
<Switch200>
11
</Switch200>
<Switch201>
0
</Switch201>
<Switch202>
12
</Switch202>
<Switch203>
1
</Switch203>
<Switch204>
12
</Switch204>
<Switch205>
14
</Switch205>
<Switch206>
10
</Switch206>
<Switch207>
7
</Switch207>
<Switch208>
11
</Switch208>
<Switch209>
0
</Switch209>
<Switch210>
17
</Switch210>
<Switch211>
15
</Switch211>
<Switch212>
7
</Switch212>
<Switch213>
1
</Switch213>
<Switch214>
5
</Switch214>
<Switch215>
6
</Switch215>
<Switch216>
15
</Switch216>
<Switch217>
16
</Switch217>
<Switch218>
16
</Switch218>
<Switch219>
2
</Switch219>
<Switch220>
12
</Switch220>
<Switch221>
11
</Switch221>
<Switch222>
8
</Switch222>
<Switch223>
2
</Switch223>
<Switch224>
11
</Switch224>
<Switch225>
6
</Switch225>
<Switch226>
7
</Switch226>
<Switch227>
11
</Switch227>
<Switch228>
7
</Switch228>
<Switch229>
14
</Switch229>
<Switch230>
5
</Switch230>
<Switch231>
14
</Switch231>
<Switch232>
16
</Switch232>
<Switch233>
7
</Switch233>
<Switch234>
15
</Switch234>
<Switch235>
17
</Switch235>
<Switch236>
3
</Switch236>
<Switch237>
2
</Switch237>
<Switch238>
5
</Switch238>
<Switch239>
19
</Switch239>
<Switch240>
10
</Switch240>
<Switch241>
12
</Switch241>
<Switch242>
1
</Switch242>
<Switch243>
4
</Switch243>
<Switch244>
12
</Switch244>
<Switch245>
16
</Switch245>
<Switch246>
12
</Switch246>
<Switch247>
16
</Switch247>
<Switch248>
18
</Switch248>
<Switch249>
2
</Switch249>
<Switch250>
14
</Switch250>
<Switch251>
11
</Switch251>
<Switch252>
9
</Switch252>
<Switch253>
2
</Switch253>
<Switch254>
18
</Switch254>
<Switch255>
15
</Switch255>
<Switch256>
8
</Switch256>
<Switch257>
12
</Switch257>
<Switch258>
16
</Switch258>
<Switch259>
19
</Switch259>
<Switch260>
19
</Switch260>
<Switch261>
7
</Switch261>
<Switch262>
10
</Switch262>
<Switch263>
6
</Switch263>
<Switch264>
18
</Switch264>
<Switch265>
6
</Switch265>
<Switch266>
6
</Switch266>
<Switch267>
12
</Switch267>
<Switch268>
8
</Switch268>
<Switch269>
5
</Switch269>
<Switch270>
18
</Switch270>
<Switch271>
15
</Switch271>
<Switch272>
11
</Switch272>
<Switch273>
17
</Switch273>
<Switch274>
15
</Switch274>
<Switch275>
16
</Switch275>
<Switch276>
12
</Switch276>
<Switch277>
18
</Switch277>
<Switch278>
8
</Switch278>
<Switch279>
1
</Switch279>
<Switch280>
8
</Switch280>
<Switch281>
7
</Switch281>
<Switch282>
3
</Switch282>
<Switch283>
13
</Switch283>
<Switch284>
18
</Switch284>
<Switch285>
14
</Switch285>
<Switch286>
18
</Switch286>
<Switch287>
16
</Switch287>
<Switch288>
6
</Switch288>
<Switch289>
1
</Switch289>
<Switch290>
12
</Switch290>
<Switch291>
9
</Switch291>
<Switch292>
3
</Switch292>
<Switch293>
17
</Switch293>
<Switch294>
3
</Switch294>
<Switch295>
5
</Switch295>
<Switch296>
13
</Switch296>
<Switch297>
5
</Switch297>
<Switch298>
5
</Switch298>
<Switch299>
1
</Switch299>
<Switch300>
18
</Switch300>
<Switch301>
7
</Switch301>
<Switch302>
7
</Switch302>
<Switch303>
12
</Switch303>
<Switch304>
18
</Switch304>
<Switch305>
15
</Switch305>
<Switch306>
18
</Switch306>
<Switch307>
5
</Switch307>
<Switch308>
2
</Switch308>
<Switch309>
5
</Switch309>
<Switch310>
18
</Switch310>
<Switch311>
12
</Switch311>
<Switch312>
5
</Switch312>
<Switch313>
6
</Switch313>
<Switch314>
18
</Switch314>
<Switch315>
11
</Switch315>
<Switch316>
11
</Switch316>
<Switch317>
3
</Switch317>
<Switch318>
17
</Switch318>
<Switch319>
15
</Switch319>
<Switch320>
11
</Switch320>
<Switch321>
14
</Switch321>
<Switch322>
11
</Switch322>
<Switch323>
5
</Switch323>
<Switch324>
8
</Switch324>
<Switch325>
1
</Switch325>
<Switch326>
3
</Switch326>
<Switch327>
8
</Switch327>
<Switch328>
17
</Switch328>
<Switch329>
9
</Switch329>
<Switch330>
9
</Switch330>
<Switch331>
9
</Switch331>
<Switch332>
6
</Switch332>
<Switch333>
7
</Switch333>
<Switch334>
5
</Switch334>
<Switch335>
11
</Switch335>
<Switch336>
11
</Switch336>
<Switch337>
7
</Switch337>
<Switch338>
18
</Switch338>
<Switch339>
13
</Switch339>
<Switch340>
7
</Switch340>
<Switch341>
3
</Switch341>
<Switch342>
6
</Switch342>
<Switch343>
1
</Switch343>
<Switch344>
13
</Switch344>
<Switch345>
15
</Switch345>
<Switch346>
3
</Switch346>
<Switch347>
18
</Switch347>
<Switch348>
11
</Switch348>
<Switch349>
8
</Switch349>
<Switch350>
19
</Switch350>
<Switch351>
10
</Switch351>
<Switch352>
13
</Switch352>
<Switch353>
18
</Switch353>
<Switch354>
17
</Switch354>
<Switch355>
14
</Switch355>
<Switch356>
10
</Switch356>
<Switch357>
11
</Switch357>
<Switch358>
11
</Switch358>
<Switch359>
4
</Switch359>
<Switch360>
2
</Switch360>
<Switch361>
9
</Switch361>
<Switch362>
13
</Switch362>
<Switch363>
8
</Switch363>
<Switch364>
19
</Switch364>
<Switch365>
7
</Switch365>
<Switch366>
4
</Switch366>
<Switch367>
7
</Switch367>
<Switch368>
6
</Switch368>
<Switch369>
17
</Switch369>
<Switch370>
0
</Switch370>
<Switch371>
8
</Switch371>
<Switch372>
10
</Switch372>
<Switch373>
10
</Switch373>
<Switch374>
12
</Switch374>
<Switch375>
16
</Switch375>
<Switch376>
9
</Switch376>
<Switch377>
11
</Switch377>
<Switch378>
3
</Switch378>
<Switch379>
14
</Switch379>
<Switch380>
18
</Switch380>
<Switch381>
11
</Switch381>
<Switch382>
4
</Switch382>
<Switch383>
16
</Switch383>
<Switch384>
6
</Switch384>
<Switch385>
13
</Switch385>
<Switch386>
7
</Switch386>
<Switch387>
1
</Switch387>
<Switch388>
0
</Switch388>
<Switch389>
15
</Switch389>
<Switch390>
3
</Switch390>
<Switch391>
19
</Switch391>
<Switch392>
9
</Switch392>
<Switch393>
17
</Switch393>
<Switch394>
13
</Switch394>
<Switch395>
5
</Switch395>
<Switch396>
14
</Switch396>
<Switch397>
10
</Switch397>
<Switch398>
3
</Switch398>
<Switch399>
11
</Switch399>
<Switch400>
19
</Switch400>
<Switch401>
15
</Switch401>
<Switch402>
15
</Switch402>
<Switch403>
19
</Switch403>
<Switch404>
0
</Switch404>
<Switch405>
12
</Switch405>
<Switch406>
7
</Switch406>
<Switch407>
9
</Switch407>
<Switch408>
19
</Switch408>
<Switch409>
2
</Switch409>
<Switch410>
5
</Switch410>
<Switch411>
10
</Switch411>
<Switch412>
17
</Switch412>
<Switch413>
14
</Switch413>
<Switch414>
15
</Switch414>
<Switch415>
13
</Switch415>
<Switch416>
8
</Switch416>
<Switch417>
12
</Switch417>
<Switch418>
12
</Switch418>
<Switch419>
1
</Switch419>
<Switch420>
14
</Switch420>
<Switch421>
1
</Switch421>
<Switch422>
3
</Switch422>
<Switch423>
19
</Switch423>
<Switch424>
4
</Switch424>
<Switch425>
2
</Switch425>
<Switch426>
18
</Switch426>
<Switch427>
13
</Switch427>
<Switch428>
2
</Switch428>
<Switch429>
3
</Switch429>
<Switch430>
8
</Switch430>
<Switch431>
13
</Switch431>
<Switch432>
18
</Switch432>
<Switch433>
3
</Switch433>
<Switch434>
19
</Switch434>
<Switch435>
14
</Switch435>
<Switch436>
12
</Switch436>
<Switch437>
6
</Switch437>
<Switch438>
0
</Switch438>
<Switch439>
13
</Switch439>
<Switch440>
8
</Switch440>
<Switch441>
10
</Switch441>
<Switch442>
9
</Switch442>
<Switch443>
19
</Switch443>
<Switch444>
12
</Switch444>
<Switch445>
18
</Switch445>
<Switch446>
13
</Switch446>
<Switch447>
13
</Switch447>
<Switch448>
5
</Switch448>
<Switch449>
3
</Switch449>
<Switch450>
4
</Switch450>
<Switch451>
0
</Switch451>
<Switch452>
14
</Switch452>
<Switch453>
0
</Switch453>
<Switch454>
2
</Switch454>
<Switch455>
15
</Switch455>
<Switch456>
8
</Switch456>
<Switch457>
4
</Switch457>
<Switch458>
18
</Switch458>
<Switch459>
4
</Switch459>
<Switch460>
16
</Switch460>
<Switch461>
19
</Switch461>
<Switch462>
1
</Switch462>
<Switch463>
13
</Switch463>
<Switch464>
3
</Switch464>
<Switch465>
5
</Switch465>
<Switch466>
17
</Switch466>
<Switch467>
17
</Switch467>
<Switch468>
15
</Switch468>
<Switch469>
17
</Switch469>
<Switch470>
19
</Switch470>
<Switch471>
18
</Switch471>
<Switch472>
16
</Switch472>
<Switch473>
13
</Switch473>
<Switch474>
7
</Switch474>
<Switch475>
12
</Switch475>
<Switch476>
10
</Switch476>
<Switch477>
16
</Switch477>
<Switch478>
18
</Switch478>
<Switch479>
0
</Switch479>
<Switch480>
7
</Switch480>
<Switch481>
13
</Switch481>
<Switch482>
4
</Switch482>
<Switch483>
19
</Switch483>
<Switch484>
5
</Switch484>
<Switch485>
6
</Switch485>
<Switch486>
10
</Switch486>
<Switch487>
16
</Switch487>
<Switch488>
5
</Switch488>
<Switch489>
5
</Switch489>
<Switch490>
7
</Switch490>
<Switch491>
9
</Switch491>
<Switch492>
11
</Switch492>
<Switch493>
18
</Switch493>
<Switch494>
3
</Switch494>
<Switch495>
13
</Switch495>
<Switch496>
14
</Switch496>
<Switch497>
4
</Switch497>
<Switch498>
19
</Switch498>
<Switch499>
7
</Switch499>
<Switch500>
16
</Switch500>
<Switch501>
3
</Switch501>
<Switch502>
16
</Switch502>
<Switch503>
14
</Switch503>
<Switch504>
15
</Switch504>
<Switch505>
11
</Switch505>
<Switch506>
0
</Switch506>
<Switch507>
2
</Switch507>
<Switch508>
0
</Switch508>
<Switch509>
14
</Switch509>
<Switch510>
6
</Switch510>
<Switch511>
10
</Switch511>
<Switch512>
17
</Switch512>
<Switch513>
18
</Switch513>
<Switch514>
15
</Switch514>
<Switch515>
9
</Switch515>
<Switch516>
17
</Switch516>
<Switch517>
9
</Switch517>
<Switch518>
9
</Switch518>
<Switch519>
12
</Switch519>
<Switch520>
15
</Switch520>
<Switch521>
19
</Switch521>
<Switch522>
17
</Switch522>
<Switch523>
17
</Switch523>
<Switch524>
12
</Switch524>
<Switch525>
16
</Switch525>
<Switch526>
17
</Switch526>
<Switch527>
18
</Switch527>
<Switch528>
7
</Switch528>
<Switch529>
12
</Switch529>
<Switch530>
7
</Switch530>
<Switch531>
5
</Switch531>
<Switch532>
0
</Switch532>
<Switch533>
13
</Switch533>
<Switch534>
10
</Switch534>
<Switch535>
0
</Switch535>
<Switch536>
14
</Switch536>
<Switch537>
10
</Switch537>
<Switch538>
11
</Switch538>
<Switch539>
1
</Switch539>
<Switch540>
13
</Switch540>
<Switch541>
9
</Switch541>
<Switch542>
5
</Switch542>
<Switch543>
8
</Switch543>
<Switch544>
6
</Switch544>
</BaseID:1024>
