<?xml version="1.0"?>

<BaseID:1026>
<Switch1>
7
</Switch1>
<Switch2>
14
</Switch2>
<Switch3>
10
</Switch3>
<Switch4>
16
</Switch4>
<Switch5>
7
</Switch5>
<Switch6>
9
</Switch6>
<Switch7>
2
</Switch7>
<Switch8>
6
</Switch8>
<Switch9>
8
</Switch9>
<Switch10>
5
</Switch10>
<Switch11>
14
</Switch11>
<Switch12>
4
</Switch12>
<Switch13>
4
</Switch13>
<Switch14>
9
</Switch14>
<Switch15>
1
</Switch15>
<Switch16>
3
</Switch16>
<Switch17>
12
</Switch17>
<Switch18>
7
</Switch18>
<Switch19>
7
</Switch19>
<Switch20>
8
</Switch20>
<Switch21>
7
</Switch21>
<Switch22>
6
</Switch22>
<Switch23>
19
</Switch23>
<Switch24>
1
</Switch24>
<Switch25>
18
</Switch25>
<Switch26>
18
</Switch26>
<Switch27>
6
</Switch27>
<Switch28>
15
</Switch28>
<Switch29>
13
</Switch29>
<Switch30>
7
</Switch30>
<Switch31>
10
</Switch31>
<Switch32>
19
</Switch32>
<Switch33>
16
</Switch33>
<Switch34>
11
</Switch34>
<Switch35>
3
</Switch35>
<Switch36>
13
</Switch36>
<Switch37>
2
</Switch37>
<Switch38>
7
</Switch38>
<Switch39>
2
</Switch39>
<Switch40>
4
</Switch40>
<Switch41>
11
</Switch41>
<Switch42>
5
</Switch42>
<Switch43>
15
</Switch43>
<Switch44>
13
</Switch44>
<Switch45>
15
</Switch45>
<Switch46>
7
</Switch46>
<Switch47>
17
</Switch47>
<Switch48>
4
</Switch48>
<Switch49>
0
</Switch49>
<Switch50>
0
</Switch50>
<Switch51>
1
</Switch51>
<Switch52>
5
</Switch52>
<Switch53>
6
</Switch53>
<Switch54>
4
</Switch54>
<Switch55>
3
</Switch55>
<Switch56>
13
</Switch56>
<Switch57>
19
</Switch57>
<Switch58>
19
</Switch58>
<Switch59>
3
</Switch59>
<Switch60>
0
</Switch60>
<Switch61>
18
</Switch61>
<Switch62>
6
</Switch62>
<Switch63>
16
</Switch63>
<Switch64>
11
</Switch64>
<Switch65>
16
</Switch65>
<Switch66>
6
</Switch66>
<Switch67>
11
</Switch67>
<Switch68>
6
</Switch68>
<Switch69>
5
</Switch69>
<Switch70>
2
</Switch70>
<Switch71>
7
</Switch71>
<Switch72>
0
</Switch72>
<Switch73>
5
</Switch73>
<Switch74>
7
</Switch74>
<Switch75>
0
</Switch75>
<Switch76>
4
</Switch76>
<Switch77>
13
</Switch77>
<Switch78>
17
</Switch78>
<Switch79>
6
</Switch79>
<Switch80>
4
</Switch80>
<Switch81>
13
</Switch81>
<Switch82>
9
</Switch82>
<Switch83>
0
</Switch83>
<Switch84>
9
</Switch84>
<Switch85>
4
</Switch85>
<Switch86>
6
</Switch86>
<Switch87>
10
</Switch87>
<Switch88>
1
</Switch88>
<Switch89>
13
</Switch89>
<Switch90>
0
</Switch90>
<Switch91>
17
</Switch91>
<Switch92>
5
</Switch92>
<Switch93>
16
</Switch93>
<Switch94>
11
</Switch94>
<Switch95>
14
</Switch95>
<Switch96>
7
</Switch96>
<Switch97>
15
</Switch97>
<Switch98>
10
</Switch98>
<Switch99>
14
</Switch99>
<Switch100>
9
</Switch100>
<Switch101>
15
</Switch101>
<Switch102>
0
</Switch102>
<Switch103>
13
</Switch103>
<Switch104>
13
</Switch104>
<Switch105>
4
</Switch105>
<Switch106>
9
</Switch106>
<Switch107>
13
</Switch107>
<Switch108>
0
</Switch108>
<Switch109>
0
</Switch109>
<Switch110>
5
</Switch110>
<Switch111>
2
</Switch111>
<Switch112>
18
</Switch112>
<Switch113>
19
</Switch113>
<Switch114>
18
</Switch114>
<Switch115>
12
</Switch115>
<Switch116>
15
</Switch116>
<Switch117>
13
</Switch117>
<Switch118>
16
</Switch118>
<Switch119>
9
</Switch119>
<Switch120>
16
</Switch120>
<Switch121>
0
</Switch121>
<Switch122>
14
</Switch122>
<Switch123>
14
</Switch123>
<Switch124>
13
</Switch124>
<Switch125>
6
</Switch125>
<Switch126>
13
</Switch126>
<Switch127>
1
</Switch127>
<Switch128>
16
</Switch128>
<Switch129>
0
</Switch129>
<Switch130>
16
</Switch130>
<Switch131>
17
</Switch131>
<Switch132>
0
</Switch132>
<Switch133>
9
</Switch133>
<Switch134>
11
</Switch134>
<Switch135>
1
</Switch135>
<Switch136>
3
</Switch136>
<Switch137>
6
</Switch137>
<Switch138>
9
</Switch138>
<Switch139>
10
</Switch139>
<Switch140>
6
</Switch140>
<Switch141>
18
</Switch141>
<Switch142>
5
</Switch142>
<Switch143>
12
</Switch143>
<Switch144>
18
</Switch144>
<Switch145>
9
</Switch145>
<Switch146>
10
</Switch146>
<Switch147>
13
</Switch147>
<Switch148>
8
</Switch148>
<Switch149>
17
</Switch149>
<Switch150>
18
</Switch150>
<Switch151>
11
</Switch151>
<Switch152>
10
</Switch152>
<Switch153>
10
</Switch153>
<Switch154>
9
</Switch154>
<Switch155>
4
</Switch155>
<Switch156>
14
</Switch156>
<Switch157>
13
</Switch157>
<Switch158>
19
</Switch158>
<Switch159>
4
</Switch159>
<Switch160>
16
</Switch160>
<Switch161>
8
</Switch161>
<Switch162>
3
</Switch162>
<Switch163>
2
</Switch163>
<Switch164>
4
</Switch164>
<Switch165>
8
</Switch165>
<Switch166>
17
</Switch166>
<Switch167>
10
</Switch167>
<Switch168>
6
</Switch168>
<Switch169>
19
</Switch169>
<Switch170>
7
</Switch170>
<Switch171>
19
</Switch171>
<Switch172>
6
</Switch172>
<Switch173>
14
</Switch173>
<Switch174>
8
</Switch174>
<Switch175>
17
</Switch175>
<Switch176>
12
</Switch176>
<Switch177>
7
</Switch177>
<Switch178>
13
</Switch178>
<Switch179>
15
</Switch179>
<Switch180>
4
</Switch180>
<Switch181>
5
</Switch181>
<Switch182>
0
</Switch182>
<Switch183>
8
</Switch183>
<Switch184>
16
</Switch184>
<Switch185>
17
</Switch185>
<Switch186>
16
</Switch186>
<Switch187>
0
</Switch187>
<Switch188>
18
</Switch188>
<Switch189>
3
</Switch189>
<Switch190>
19
</Switch190>
<Switch191>
11
</Switch191>
<Switch192>
1
</Switch192>
<Switch193>
18
</Switch193>
<Switch194>
16
</Switch194>
<Switch195>
17
</Switch195>
<Switch196>
5
</Switch196>
<Switch197>
13
</Switch197>
<Switch198>
4
</Switch198>
<Switch199>
5
</Switch199>
<Switch200>
11
</Switch200>
<Switch201>
9
</Switch201>
<Switch202>
0
</Switch202>
<Switch203>
4
</Switch203>
<Switch204>
3
</Switch204>
<Switch205>
19
</Switch205>
<Switch206>
5
</Switch206>
<Switch207>
16
</Switch207>
<Switch208>
5
</Switch208>
<Switch209>
7
</Switch209>
<Switch210>
16
</Switch210>
<Switch211>
14
</Switch211>
<Switch212>
15
</Switch212>
<Switch213>
11
</Switch213>
<Switch214>
18
</Switch214>
<Switch215>
1
</Switch215>
<Switch216>
5
</Switch216>
<Switch217>
1
</Switch217>
<Switch218>
15
</Switch218>
<Switch219>
11
</Switch219>
<Switch220>
6
</Switch220>
<Switch221>
6
</Switch221>
<Switch222>
16
</Switch222>
<Switch223>
3
</Switch223>
<Switch224>
7
</Switch224>
<Switch225>
8
</Switch225>
<Switch226>
15
</Switch226>
<Switch227>
8
</Switch227>
<Switch228>
18
</Switch228>
<Switch229>
18
</Switch229>
<Switch230>
10
</Switch230>
<Switch231>
13
</Switch231>
<Switch232>
13
</Switch232>
<Switch233>
18
</Switch233>
<Switch234>
3
</Switch234>
<Switch235>
8
</Switch235>
<Switch236>
19
</Switch236>
<Switch237>
0
</Switch237>
<Switch238>
18
</Switch238>
<Switch239>
6
</Switch239>
<Switch240>
8
</Switch240>
<Switch241>
15
</Switch241>
<Switch242>
3
</Switch242>
<Switch243>
10
</Switch243>
<Switch244>
16
</Switch244>
<Switch245>
9
</Switch245>
<Switch246>
0
</Switch246>
<Switch247>
10
</Switch247>
<Switch248>
9
</Switch248>
<Switch249>
4
</Switch249>
<Switch250>
7
</Switch250>
<Switch251>
3
</Switch251>
<Switch252>
18
</Switch252>
<Switch253>
0
</Switch253>
<Switch254>
17
</Switch254>
<Switch255>
19
</Switch255>
<Switch256>
16
</Switch256>
<Switch257>
15
</Switch257>
<Switch258>
2
</Switch258>
<Switch259>
6
</Switch259>
<Switch260>
5
</Switch260>
<Switch261>
17
</Switch261>
<Switch262>
1
</Switch262>
<Switch263>
10
</Switch263>
<Switch264>
16
</Switch264>
<Switch265>
10
</Switch265>
<Switch266>
5
</Switch266>
<Switch267>
13
</Switch267>
<Switch268>
0
</Switch268>
<Switch269>
14
</Switch269>
<Switch270>
18
</Switch270>
<Switch271>
10
</Switch271>
<Switch272>
13
</Switch272>
<Switch273>
16
</Switch273>
<Switch274>
17
</Switch274>
<Switch275>
3
</Switch275>
<Switch276>
8
</Switch276>
<Switch277>
2
</Switch277>
<Switch278>
10
</Switch278>
<Switch279>
9
</Switch279>
<Switch280>
16
</Switch280>
<Switch281>
16
</Switch281>
<Switch282>
4
</Switch282>
<Switch283>
1
</Switch283>
<Switch284>
1
</Switch284>
<Switch285>
19
</Switch285>
<Switch286>
8
</Switch286>
<Switch287>
8
</Switch287>
<Switch288>
18
</Switch288>
<Switch289>
14
</Switch289>
<Switch290>
0
</Switch290>
<Switch291>
10
</Switch291>
<Switch292>
8
</Switch292>
<Switch293>
1
</Switch293>
<Switch294>
19
</Switch294>
<Switch295>
13
</Switch295>
<Switch296>
9
</Switch296>
<Switch297>
7
</Switch297>
<Switch298>
17
</Switch298>
<Switch299>
13
</Switch299>
<Switch300>
3
</Switch300>
<Switch301>
2
</Switch301>
<Switch302>
5
</Switch302>
<Switch303>
8
</Switch303>
<Switch304>
4
</Switch304>
<Switch305>
17
</Switch305>
<Switch306>
3
</Switch306>
<Switch307>
0
</Switch307>
<Switch308>
16
</Switch308>
<Switch309>
18
</Switch309>
<Switch310>
4
</Switch310>
<Switch311>
0
</Switch311>
<Switch312>
15
</Switch312>
<Switch313>
17
</Switch313>
<Switch314>
1
</Switch314>
<Switch315>
17
</Switch315>
<Switch316>
13
</Switch316>
<Switch317>
2
</Switch317>
<Switch318>
12
</Switch318>
<Switch319>
9
</Switch319>
<Switch320>
0
</Switch320>
<Switch321>
7
</Switch321>
<Switch322>
15
</Switch322>
<Switch323>
18
</Switch323>
<Switch324>
4
</Switch324>
<Switch325>
2
</Switch325>
<Switch326>
15
</Switch326>
<Switch327>
17
</Switch327>
<Switch328>
11
</Switch328>
<Switch329>
19
</Switch329>
<Switch330>
16
</Switch330>
<Switch331>
10
</Switch331>
<Switch332>
12
</Switch332>
<Switch333>
13
</Switch333>
<Switch334>
18
</Switch334>
<Switch335>
9
</Switch335>
<Switch336>
10
</Switch336>
<Switch337>
7
</Switch337>
<Switch338>
16
</Switch338>
<Switch339>
7
</Switch339>
<Switch340>
13
</Switch340>
<Switch341>
13
</Switch341>
<Switch342>
3
</Switch342>
<Switch343>
11
</Switch343>
<Switch344>
13
</Switch344>
<Switch345>
9
</Switch345>
<Switch346>
7
</Switch346>
<Switch347>
18
</Switch347>
<Switch348>
8
</Switch348>
<Switch349>
9
</Switch349>
<Switch350>
9
</Switch350>
<Switch351>
14
</Switch351>
<Switch352>
10
</Switch352>
<Switch353>
3
</Switch353>
<Switch354>
11
</Switch354>
<Switch355>
8
</Switch355>
<Switch356>
9
</Switch356>
<Switch357>
13
</Switch357>
<Switch358>
12
</Switch358>
<Switch359>
3
</Switch359>
<Switch360>
2
</Switch360>
</BaseID:1026>
