<?xml version="1.0"?>

<BaseID:1027>
<Switch1>
8
</Switch1>
<Switch2>
2
</Switch2>
<Switch3>
5
</Switch3>
<Switch4>
8
</Switch4>
<Switch5>
5
</Switch5>
<Switch6>
1
</Switch6>
<Switch7>
0
</Switch7>
<Switch8>
10
</Switch8>
<Switch9>
5
</Switch9>
<Switch10>
8
</Switch10>
<Switch11>
0
</Switch11>
<Switch12>
8
</Switch12>
<Switch13>
2
</Switch13>
<Switch14>
13
</Switch14>
<Switch15>
4
</Switch15>
<Switch16>
16
</Switch16>
<Switch17>
16
</Switch17>
<Switch18>
3
</Switch18>
<Switch19>
18
</Switch19>
<Switch20>
0
</Switch20>
<Switch21>
5
</Switch21>
<Switch22>
10
</Switch22>
<Switch23>
15
</Switch23>
<Switch24>
19
</Switch24>
<Switch25>
14
</Switch25>
<Switch26>
8
</Switch26>
<Switch27>
0
</Switch27>
<Switch28>
0
</Switch28>
<Switch29>
1
</Switch29>
<Switch30>
18
</Switch30>
<Switch31>
0
</Switch31>
<Switch32>
14
</Switch32>
<Switch33>
1
</Switch33>
<Switch34>
17
</Switch34>
<Switch35>
11
</Switch35>
<Switch36>
0
</Switch36>
<Switch37>
3
</Switch37>
<Switch38>
8
</Switch38>
<Switch39>
9
</Switch39>
<Switch40>
13
</Switch40>
<Switch41>
14
</Switch41>
<Switch42>
0
</Switch42>
<Switch43>
18
</Switch43>
<Switch44>
8
</Switch44>
<Switch45>
17
</Switch45>
<Switch46>
4
</Switch46>
<Switch47>
10
</Switch47>
<Switch48>
16
</Switch48>
<Switch49>
1
</Switch49>
<Switch50>
14
</Switch50>
<Switch51>
8
</Switch51>
<Switch52>
18
</Switch52>
<Switch53>
19
</Switch53>
<Switch54>
10
</Switch54>
<Switch55>
0
</Switch55>
<Switch56>
8
</Switch56>
<Switch57>
13
</Switch57>
<Switch58>
15
</Switch58>
<Switch59>
10
</Switch59>
<Switch60>
1
</Switch60>
<Switch61>
0
</Switch61>
<Switch62>
4
</Switch62>
<Switch63>
11
</Switch63>
<Switch64>
2
</Switch64>
<Switch65>
13
</Switch65>
<Switch66>
2
</Switch66>
</BaseID:1027>
