<?xml version="1.0"?>

<BaseID:1030>
<Switch1>
13
</Switch1>
<Switch2>
19
</Switch2>
<Switch3>
8
</Switch3>
<Switch4>
0
</Switch4>
<Switch5>
7
</Switch5>
<Switch6>
0
</Switch6>
<Switch7>
1
</Switch7>
<Switch8>
3
</Switch8>
<Switch9>
12
</Switch9>
<Switch10>
1
</Switch10>
<Switch11>
15
</Switch11>
<Switch12>
15
</Switch12>
<Switch13>
19
</Switch13>
<Switch14>
19
</Switch14>
<Switch15>
8
</Switch15>
<Switch16>
10
</Switch16>
<Switch17>
19
</Switch17>
<Switch18>
17
</Switch18>
<Switch19>
0
</Switch19>
<Switch20>
1
</Switch20>
<Switch21>
3
</Switch21>
<Switch22>
9
</Switch22>
<Switch23>
11
</Switch23>
<Switch24>
17
</Switch24>
<Switch25>
18
</Switch25>
<Switch26>
11
</Switch26>
<Switch27>
2
</Switch27>
<Switch28>
9
</Switch28>
<Switch29>
14
</Switch29>
<Switch30>
3
</Switch30>
<Switch31>
11
</Switch31>
<Switch32>
15
</Switch32>
<Switch33>
10
</Switch33>
<Switch34>
0
</Switch34>
<Switch35>
12
</Switch35>
<Switch36>
5
</Switch36>
<Switch37>
1
</Switch37>
<Switch38>
18
</Switch38>
<Switch39>
13
</Switch39>
<Switch40>
2
</Switch40>
<Switch41>
19
</Switch41>
<Switch42>
1
</Switch42>
<Switch43>
18
</Switch43>
<Switch44>
6
</Switch44>
<Switch45>
12
</Switch45>
<Switch46>
7
</Switch46>
<Switch47>
7
</Switch47>
<Switch48>
2
</Switch48>
<Switch49>
12
</Switch49>
<Switch50>
5
</Switch50>
<Switch51>
7
</Switch51>
<Switch52>
16
</Switch52>
<Switch53>
17
</Switch53>
<Switch54>
9
</Switch54>
<Switch55>
16
</Switch55>
<Switch56>
19
</Switch56>
<Switch57>
12
</Switch57>
<Switch58>
16
</Switch58>
<Switch59>
17
</Switch59>
<Switch60>
11
</Switch60>
<Switch61>
7
</Switch61>
<Switch62>
3
</Switch62>
<Switch63>
0
</Switch63>
<Switch64>
17
</Switch64>
<Switch65>
4
</Switch65>
<Switch66>
4
</Switch66>
<Switch67>
19
</Switch67>
<Switch68>
15
</Switch68>
<Switch69>
7
</Switch69>
<Switch70>
13
</Switch70>
<Switch71>
5
</Switch71>
<Switch72>
11
</Switch72>
<Switch73>
11
</Switch73>
<Switch74>
15
</Switch74>
<Switch75>
1
</Switch75>
<Switch76>
17
</Switch76>
<Switch77>
6
</Switch77>
<Switch78>
17
</Switch78>
<Switch79>
14
</Switch79>
<Switch80>
7
</Switch80>
<Switch81>
16
</Switch81>
<Switch82>
16
</Switch82>
<Switch83>
0
</Switch83>
<Switch84>
13
</Switch84>
<Switch85>
13
</Switch85>
<Switch86>
19
</Switch86>
<Switch87>
8
</Switch87>
<Switch88>
1
</Switch88>
<Switch89>
18
</Switch89>
<Switch90>
6
</Switch90>
<Switch91>
3
</Switch91>
<Switch92>
17
</Switch92>
<Switch93>
4
</Switch93>
<Switch94>
3
</Switch94>
<Switch95>
19
</Switch95>
<Switch96>
9
</Switch96>
<Switch97>
3
</Switch97>
<Switch98>
17
</Switch98>
<Switch99>
2
</Switch99>
<Switch100>
12
</Switch100>
<Switch101>
15
</Switch101>
<Switch102>
11
</Switch102>
<Switch103>
5
</Switch103>
<Switch104>
4
</Switch104>
<Switch105>
16
</Switch105>
<Switch106>
9
</Switch106>
<Switch107>
14
</Switch107>
<Switch108>
10
</Switch108>
<Switch109>
19
</Switch109>
<Switch110>
0
</Switch110>
<Switch111>
7
</Switch111>
<Switch112>
11
</Switch112>
<Switch113>
18
</Switch113>
<Switch114>
4
</Switch114>
<Switch115>
14
</Switch115>
<Switch116>
16
</Switch116>
<Switch117>
9
</Switch117>
<Switch118>
16
</Switch118>
<Switch119>
2
</Switch119>
<Switch120>
4
</Switch120>
<Switch121>
0
</Switch121>
<Switch122>
16
</Switch122>
<Switch123>
3
</Switch123>
<Switch124>
6
</Switch124>
<Switch125>
1
</Switch125>
<Switch126>
6
</Switch126>
<Switch127>
19
</Switch127>
<Switch128>
18
</Switch128>
<Switch129>
6
</Switch129>
<Switch130>
8
</Switch130>
<Switch131>
1
</Switch131>
<Switch132>
10
</Switch132>
<Switch133>
16
</Switch133>
<Switch134>
15
</Switch134>
<Switch135>
6
</Switch135>
<Switch136>
18
</Switch136>
<Switch137>
19
</Switch137>
<Switch138>
6
</Switch138>
<Switch139>
3
</Switch139>
<Switch140>
16
</Switch140>
<Switch141>
2
</Switch141>
<Switch142>
5
</Switch142>
<Switch143>
2
</Switch143>
<Switch144>
18
</Switch144>
<Switch145>
3
</Switch145>
<Switch146>
3
</Switch146>
<Switch147>
6
</Switch147>
<Switch148>
5
</Switch148>
<Switch149>
16
</Switch149>
<Switch150>
7
</Switch150>
<Switch151>
6
</Switch151>
<Switch152>
0
</Switch152>
<Switch153>
9
</Switch153>
<Switch154>
4
</Switch154>
<Switch155>
3
</Switch155>
<Switch156>
14
</Switch156>
<Switch157>
6
</Switch157>
<Switch158>
1
</Switch158>
<Switch159>
17
</Switch159>
<Switch160>
17
</Switch160>
<Switch161>
18
</Switch161>
<Switch162>
1
</Switch162>
<Switch163>
11
</Switch163>
<Switch164>
4
</Switch164>
<Switch165>
10
</Switch165>
<Switch166>
14
</Switch166>
<Switch167>
19
</Switch167>
<Switch168>
0
</Switch168>
<Switch169>
7
</Switch169>
<Switch170>
10
</Switch170>
<Switch171>
13
</Switch171>
<Switch172>
11
</Switch172>
<Switch173>
10
</Switch173>
<Switch174>
19
</Switch174>
<Switch175>
17
</Switch175>
<Switch176>
13
</Switch176>
<Switch177>
10
</Switch177>
<Switch178>
19
</Switch178>
<Switch179>
8
</Switch179>
<Switch180>
16
</Switch180>
<Switch181>
14
</Switch181>
<Switch182>
0
</Switch182>
<Switch183>
4
</Switch183>
<Switch184>
12
</Switch184>
<Switch185>
14
</Switch185>
<Switch186>
17
</Switch186>
<Switch187>
13
</Switch187>
<Switch188>
9
</Switch188>
<Switch189>
15
</Switch189>
<Switch190>
19
</Switch190>
<Switch191>
7
</Switch191>
<Switch192>
18
</Switch192>
<Switch193>
14
</Switch193>
<Switch194>
16
</Switch194>
<Switch195>
14
</Switch195>
<Switch196>
6
</Switch196>
<Switch197>
12
</Switch197>
<Switch198>
2
</Switch198>
<Switch199>
4
</Switch199>
<Switch200>
16
</Switch200>
<Switch201>
9
</Switch201>
<Switch202>
8
</Switch202>
<Switch203>
4
</Switch203>
<Switch204>
15
</Switch204>
<Switch205>
17
</Switch205>
<Switch206>
6
</Switch206>
<Switch207>
2
</Switch207>
<Switch208>
12
</Switch208>
<Switch209>
12
</Switch209>
<Switch210>
18
</Switch210>
<Switch211>
12
</Switch211>
<Switch212>
2
</Switch212>
<Switch213>
10
</Switch213>
<Switch214>
0
</Switch214>
<Switch215>
1
</Switch215>
<Switch216>
1
</Switch216>
<Switch217>
2
</Switch217>
<Switch218>
14
</Switch218>
<Switch219>
9
</Switch219>
<Switch220>
3
</Switch220>
<Switch221>
12
</Switch221>
<Switch222>
9
</Switch222>
<Switch223>
8
</Switch223>
<Switch224>
0
</Switch224>
<Switch225>
11
</Switch225>
<Switch226>
13
</Switch226>
<Switch227>
8
</Switch227>
<Switch228>
0
</Switch228>
<Switch229>
4
</Switch229>
<Switch230>
7
</Switch230>
<Switch231>
1
</Switch231>
<Switch232>
15
</Switch232>
<Switch233>
17
</Switch233>
<Switch234>
5
</Switch234>
<Switch235>
0
</Switch235>
<Switch236>
0
</Switch236>
<Switch237>
14
</Switch237>
<Switch238>
10
</Switch238>
<Switch239>
12
</Switch239>
<Switch240>
19
</Switch240>
<Switch241>
1
</Switch241>
<Switch242>
10
</Switch242>
<Switch243>
9
</Switch243>
<Switch244>
18
</Switch244>
<Switch245>
14
</Switch245>
<Switch246>
2
</Switch246>
<Switch247>
0
</Switch247>
<Switch248>
11
</Switch248>
<Switch249>
18
</Switch249>
<Switch250>
4
</Switch250>
<Switch251>
13
</Switch251>
<Switch252>
17
</Switch252>
<Switch253>
6
</Switch253>
<Switch254>
10
</Switch254>
<Switch255>
0
</Switch255>
<Switch256>
12
</Switch256>
<Switch257>
16
</Switch257>
<Switch258>
15
</Switch258>
<Switch259>
6
</Switch259>
<Switch260>
2
</Switch260>
<Switch261>
1
</Switch261>
<Switch262>
0
</Switch262>
<Switch263>
11
</Switch263>
<Switch264>
0
</Switch264>
<Switch265>
14
</Switch265>
<Switch266>
14
</Switch266>
<Switch267>
13
</Switch267>
<Switch268>
19
</Switch268>
<Switch269>
8
</Switch269>
<Switch270>
1
</Switch270>
<Switch271>
3
</Switch271>
<Switch272>
5
</Switch272>
<Switch273>
8
</Switch273>
<Switch274>
9
</Switch274>
<Switch275>
9
</Switch275>
<Switch276>
0
</Switch276>
<Switch277>
13
</Switch277>
<Switch278>
15
</Switch278>
<Switch279>
14
</Switch279>
<Switch280>
9
</Switch280>
<Switch281>
13
</Switch281>
<Switch282>
0
</Switch282>
<Switch283>
11
</Switch283>
<Switch284>
1
</Switch284>
</BaseID:1030>
