<?xml version="1.0"?>

<BaseID:1031>
<Switch1>
1
</Switch1>
<Switch2>
3
</Switch2>
<Switch3>
17
</Switch3>
<Switch4>
2
</Switch4>
<Switch5>
12
</Switch5>
<Switch6>
15
</Switch6>
<Switch7>
3
</Switch7>
<Switch8>
2
</Switch8>
<Switch9>
18
</Switch9>
<Switch10>
15
</Switch10>
<Switch11>
13
</Switch11>
<Switch12>
17
</Switch12>
<Switch13>
13
</Switch13>
<Switch14>
18
</Switch14>
<Switch15>
5
</Switch15>
<Switch16>
5
</Switch16>
<Switch17>
7
</Switch17>
<Switch18>
1
</Switch18>
<Switch19>
14
</Switch19>
<Switch20>
1
</Switch20>
<Switch21>
9
</Switch21>
<Switch22>
1
</Switch22>
<Switch23>
3
</Switch23>
<Switch24>
9
</Switch24>
<Switch25>
8
</Switch25>
<Switch26>
3
</Switch26>
<Switch27>
7
</Switch27>
<Switch28>
9
</Switch28>
<Switch29>
4
</Switch29>
<Switch30>
3
</Switch30>
<Switch31>
11
</Switch31>
<Switch32>
7
</Switch32>
<Switch33>
2
</Switch33>
<Switch34>
12
</Switch34>
<Switch35>
15
</Switch35>
<Switch36>
8
</Switch36>
<Switch37>
0
</Switch37>
<Switch38>
8
</Switch38>
<Switch39>
10
</Switch39>
<Switch40>
15
</Switch40>
<Switch41>
4
</Switch41>
<Switch42>
6
</Switch42>
<Switch43>
12
</Switch43>
<Switch44>
19
</Switch44>
<Switch45>
18
</Switch45>
<Switch46>
2
</Switch46>
<Switch47>
2
</Switch47>
<Switch48>
14
</Switch48>
<Switch49>
7
</Switch49>
<Switch50>
5
</Switch50>
<Switch51>
0
</Switch51>
<Switch52>
18
</Switch52>
<Switch53>
7
</Switch53>
<Switch54>
17
</Switch54>
<Switch55>
4
</Switch55>
<Switch56>
7
</Switch56>
<Switch57>
15
</Switch57>
<Switch58>
18
</Switch58>
<Switch59>
4
</Switch59>
<Switch60>
12
</Switch60>
<Switch61>
5
</Switch61>
<Switch62>
1
</Switch62>
<Switch63>
2
</Switch63>
<Switch64>
0
</Switch64>
<Switch65>
8
</Switch65>
<Switch66>
3
</Switch66>
<Switch67>
19
</Switch67>
<Switch68>
17
</Switch68>
<Switch69>
14
</Switch69>
<Switch70>
2
</Switch70>
<Switch71>
17
</Switch71>
<Switch72>
16
</Switch72>
<Switch73>
10
</Switch73>
<Switch74>
0
</Switch74>
<Switch75>
3
</Switch75>
<Switch76>
3
</Switch76>
<Switch77>
3
</Switch77>
<Switch78>
19
</Switch78>
<Switch79>
3
</Switch79>
<Switch80>
9
</Switch80>
<Switch81>
4
</Switch81>
<Switch82>
1
</Switch82>
<Switch83>
0
</Switch83>
<Switch84>
12
</Switch84>
<Switch85>
2
</Switch85>
<Switch86>
5
</Switch86>
<Switch87>
7
</Switch87>
<Switch88>
13
</Switch88>
<Switch89>
0
</Switch89>
<Switch90>
11
</Switch90>
<Switch91>
2
</Switch91>
<Switch92>
4
</Switch92>
<Switch93>
10
</Switch93>
<Switch94>
2
</Switch94>
<Switch95>
3
</Switch95>
<Switch96>
18
</Switch96>
<Switch97>
4
</Switch97>
<Switch98>
9
</Switch98>
<Switch99>
3
</Switch99>
<Switch100>
5
</Switch100>
<Switch101>
3
</Switch101>
<Switch102>
4
</Switch102>
<Switch103>
4
</Switch103>
<Switch104>
7
</Switch104>
<Switch105>
2
</Switch105>
<Switch106>
9
</Switch106>
<Switch107>
2
</Switch107>
<Switch108>
19
</Switch108>
<Switch109>
19
</Switch109>
<Switch110>
17
</Switch110>
<Switch111>
6
</Switch111>
<Switch112>
14
</Switch112>
<Switch113>
0
</Switch113>
<Switch114>
13
</Switch114>
<Switch115>
9
</Switch115>
<Switch116>
14
</Switch116>
<Switch117>
1
</Switch117>
<Switch118>
7
</Switch118>
<Switch119>
11
</Switch119>
<Switch120>
5
</Switch120>
<Switch121>
9
</Switch121>
<Switch122>
10
</Switch122>
<Switch123>
15
</Switch123>
<Switch124>
17
</Switch124>
<Switch125>
9
</Switch125>
<Switch126>
3
</Switch126>
<Switch127>
3
</Switch127>
<Switch128>
3
</Switch128>
<Switch129>
2
</Switch129>
<Switch130>
8
</Switch130>
<Switch131>
14
</Switch131>
<Switch132>
14
</Switch132>
<Switch133>
10
</Switch133>
<Switch134>
15
</Switch134>
<Switch135>
10
</Switch135>
<Switch136>
14
</Switch136>
<Switch137>
1
</Switch137>
<Switch138>
1
</Switch138>
<Switch139>
9
</Switch139>
<Switch140>
15
</Switch140>
<Switch141>
13
</Switch141>
<Switch142>
14
</Switch142>
<Switch143>
8
</Switch143>
<Switch144>
17
</Switch144>
<Switch145>
4
</Switch145>
<Switch146>
13
</Switch146>
<Switch147>
15
</Switch147>
<Switch148>
16
</Switch148>
<Switch149>
1
</Switch149>
<Switch150>
0
</Switch150>
<Switch151>
12
</Switch151>
<Switch152>
17
</Switch152>
<Switch153>
10
</Switch153>
<Switch154>
17
</Switch154>
<Switch155>
2
</Switch155>
<Switch156>
12
</Switch156>
<Switch157>
9
</Switch157>
<Switch158>
16
</Switch158>
<Switch159>
6
</Switch159>
<Switch160>
16
</Switch160>
<Switch161>
1
</Switch161>
<Switch162>
14
</Switch162>
<Switch163>
0
</Switch163>
<Switch164>
11
</Switch164>
<Switch165>
3
</Switch165>
<Switch166>
3
</Switch166>
<Switch167>
12
</Switch167>
<Switch168>
15
</Switch168>
<Switch169>
18
</Switch169>
<Switch170>
16
</Switch170>
<Switch171>
9
</Switch171>
<Switch172>
6
</Switch172>
<Switch173>
4
</Switch173>
<Switch174>
11
</Switch174>
<Switch175>
0
</Switch175>
<Switch176>
1
</Switch176>
<Switch177>
0
</Switch177>
<Switch178>
9
</Switch178>
<Switch179>
18
</Switch179>
<Switch180>
11
</Switch180>
<Switch181>
12
</Switch181>
<Switch182>
3
</Switch182>
<Switch183>
3
</Switch183>
<Switch184>
11
</Switch184>
<Switch185>
9
</Switch185>
<Switch186>
5
</Switch186>
<Switch187>
10
</Switch187>
<Switch188>
12
</Switch188>
<Switch189>
2
</Switch189>
<Switch190>
12
</Switch190>
<Switch191>
19
</Switch191>
<Switch192>
2
</Switch192>
<Switch193>
2
</Switch193>
<Switch194>
18
</Switch194>
<Switch195>
17
</Switch195>
<Switch196>
1
</Switch196>
<Switch197>
10
</Switch197>
<Switch198>
11
</Switch198>
<Switch199>
17
</Switch199>
<Switch200>
8
</Switch200>
<Switch201>
15
</Switch201>
<Switch202>
19
</Switch202>
<Switch203>
8
</Switch203>
<Switch204>
16
</Switch204>
<Switch205>
9
</Switch205>
<Switch206>
15
</Switch206>
<Switch207>
11
</Switch207>
<Switch208>
0
</Switch208>
<Switch209>
12
</Switch209>
<Switch210>
14
</Switch210>
<Switch211>
18
</Switch211>
<Switch212>
3
</Switch212>
<Switch213>
16
</Switch213>
<Switch214>
10
</Switch214>
<Switch215>
16
</Switch215>
<Switch216>
12
</Switch216>
<Switch217>
4
</Switch217>
<Switch218>
3
</Switch218>
<Switch219>
1
</Switch219>
<Switch220>
1
</Switch220>
<Switch221>
13
</Switch221>
<Switch222>
16
</Switch222>
<Switch223>
2
</Switch223>
<Switch224>
7
</Switch224>
<Switch225>
6
</Switch225>
<Switch226>
8
</Switch226>
<Switch227>
17
</Switch227>
<Switch228>
2
</Switch228>
<Switch229>
0
</Switch229>
<Switch230>
4
</Switch230>
<Switch231>
18
</Switch231>
<Switch232>
10
</Switch232>
<Switch233>
18
</Switch233>
<Switch234>
17
</Switch234>
<Switch235>
19
</Switch235>
<Switch236>
10
</Switch236>
<Switch237>
18
</Switch237>
<Switch238>
8
</Switch238>
<Switch239>
8
</Switch239>
<Switch240>
8
</Switch240>
<Switch241>
16
</Switch241>
<Switch242>
11
</Switch242>
<Switch243>
10
</Switch243>
<Switch244>
6
</Switch244>
<Switch245>
0
</Switch245>
<Switch246>
6
</Switch246>
<Switch247>
14
</Switch247>
<Switch248>
4
</Switch248>
<Switch249>
12
</Switch249>
<Switch250>
6
</Switch250>
<Switch251>
18
</Switch251>
<Switch252>
4
</Switch252>
<Switch253>
13
</Switch253>
<Switch254>
7
</Switch254>
<Switch255>
4
</Switch255>
<Switch256>
12
</Switch256>
<Switch257>
18
</Switch257>
<Switch258>
0
</Switch258>
<Switch259>
4
</Switch259>
<Switch260>
1
</Switch260>
<Switch261>
19
</Switch261>
<Switch262>
14
</Switch262>
<Switch263>
19
</Switch263>
<Switch264>
13
</Switch264>
<Switch265>
4
</Switch265>
<Switch266>
1
</Switch266>
<Switch267>
10
</Switch267>
<Switch268>
19
</Switch268>
<Switch269>
18
</Switch269>
<Switch270>
19
</Switch270>
<Switch271>
1
</Switch271>
<Switch272>
11
</Switch272>
<Switch273>
3
</Switch273>
<Switch274>
15
</Switch274>
<Switch275>
12
</Switch275>
<Switch276>
14
</Switch276>
<Switch277>
5
</Switch277>
<Switch278>
10
</Switch278>
<Switch279>
17
</Switch279>
<Switch280>
15
</Switch280>
<Switch281>
17
</Switch281>
<Switch282>
14
</Switch282>
<Switch283>
1
</Switch283>
<Switch284>
8
</Switch284>
<Switch285>
6
</Switch285>
<Switch286>
7
</Switch286>
<Switch287>
9
</Switch287>
<Switch288>
1
</Switch288>
<Switch289>
17
</Switch289>
<Switch290>
3
</Switch290>
<Switch291>
18
</Switch291>
<Switch292>
19
</Switch292>
<Switch293>
2
</Switch293>
<Switch294>
8
</Switch294>
<Switch295>
10
</Switch295>
<Switch296>
9
</Switch296>
<Switch297>
12
</Switch297>
<Switch298>
13
</Switch298>
</BaseID:1031>
