<?xml version="1.0"?>

<BaseID:1039>
<Switch1>
5
</Switch1>
<Switch2>
18
</Switch2>
<Switch3>
12
</Switch3>
<Switch4>
14
</Switch4>
<Switch5>
19
</Switch5>
<Switch6>
7
</Switch6>
<Switch7>
9
</Switch7>
<Switch8>
8
</Switch8>
<Switch9>
13
</Switch9>
<Switch10>
13
</Switch10>
<Switch11>
4
</Switch11>
<Switch12>
4
</Switch12>
<Switch13>
17
</Switch13>
<Switch14>
1
</Switch14>
<Switch15>
14
</Switch15>
<Switch16>
7
</Switch16>
<Switch17>
0
</Switch17>
<Switch18>
1
</Switch18>
<Switch19>
12
</Switch19>
<Switch20>
6
</Switch20>
<Switch21>
9
</Switch21>
<Switch22>
8
</Switch22>
<Switch23>
12
</Switch23>
<Switch24>
9
</Switch24>
<Switch25>
2
</Switch25>
<Switch26>
0
</Switch26>
<Switch27>
19
</Switch27>
<Switch28>
1
</Switch28>
<Switch29>
14
</Switch29>
<Switch30>
13
</Switch30>
<Switch31>
18
</Switch31>
<Switch32>
9
</Switch32>
<Switch33>
14
</Switch33>
<Switch34>
15
</Switch34>
<Switch35>
15
</Switch35>
<Switch36>
12
</Switch36>
<Switch37>
11
</Switch37>
<Switch38>
16
</Switch38>
<Switch39>
19
</Switch39>
<Switch40>
19
</Switch40>
<Switch41>
18
</Switch41>
<Switch42>
16
</Switch42>
<Switch43>
2
</Switch43>
<Switch44>
11
</Switch44>
<Switch45>
8
</Switch45>
<Switch46>
14
</Switch46>
<Switch47>
7
</Switch47>
<Switch48>
5
</Switch48>
<Switch49>
3
</Switch49>
<Switch50>
4
</Switch50>
<Switch51>
11
</Switch51>
<Switch52>
10
</Switch52>
<Switch53>
9
</Switch53>
<Switch54>
8
</Switch54>
<Switch55>
17
</Switch55>
<Switch56>
16
</Switch56>
<Switch57>
4
</Switch57>
<Switch58>
17
</Switch58>
<Switch59>
8
</Switch59>
<Switch60>
18
</Switch60>
<Switch61>
3
</Switch61>
<Switch62>
5
</Switch62>
<Switch63>
8
</Switch63>
<Switch64>
12
</Switch64>
<Switch65>
5
</Switch65>
<Switch66>
0
</Switch66>
<Switch67>
19
</Switch67>
<Switch68>
18
</Switch68>
<Switch69>
8
</Switch69>
<Switch70>
7
</Switch70>
<Switch71>
16
</Switch71>
<Switch72>
7
</Switch72>
<Switch73>
13
</Switch73>
<Switch74>
16
</Switch74>
<Switch75>
3
</Switch75>
<Switch76>
19
</Switch76>
<Switch77>
3
</Switch77>
<Switch78>
18
</Switch78>
<Switch79>
13
</Switch79>
<Switch80>
9
</Switch80>
<Switch81>
6
</Switch81>
<Switch82>
9
</Switch82>
<Switch83>
6
</Switch83>
<Switch84>
4
</Switch84>
<Switch85>
15
</Switch85>
<Switch86>
15
</Switch86>
<Switch87>
0
</Switch87>
<Switch88>
13
</Switch88>
<Switch89>
2
</Switch89>
<Switch90>
18
</Switch90>
<Switch91>
18
</Switch91>
<Switch92>
17
</Switch92>
<Switch93>
3
</Switch93>
<Switch94>
1
</Switch94>
<Switch95>
7
</Switch95>
<Switch96>
6
</Switch96>
<Switch97>
13
</Switch97>
<Switch98>
3
</Switch98>
<Switch99>
5
</Switch99>
<Switch100>
12
</Switch100>
<Switch101>
17
</Switch101>
<Switch102>
7
</Switch102>
<Switch103>
11
</Switch103>
<Switch104>
18
</Switch104>
<Switch105>
15
</Switch105>
<Switch106>
18
</Switch106>
<Switch107>
15
</Switch107>
<Switch108>
11
</Switch108>
<Switch109>
4
</Switch109>
<Switch110>
15
</Switch110>
<Switch111>
8
</Switch111>
<Switch112>
11
</Switch112>
<Switch113>
5
</Switch113>
<Switch114>
9
</Switch114>
<Switch115>
12
</Switch115>
<Switch116>
19
</Switch116>
<Switch117>
11
</Switch117>
<Switch118>
12
</Switch118>
<Switch119>
6
</Switch119>
<Switch120>
8
</Switch120>
<Switch121>
12
</Switch121>
<Switch122>
14
</Switch122>
<Switch123>
8
</Switch123>
<Switch124>
4
</Switch124>
<Switch125>
6
</Switch125>
<Switch126>
9
</Switch126>
<Switch127>
0
</Switch127>
<Switch128>
8
</Switch128>
<Switch129>
3
</Switch129>
<Switch130>
5
</Switch130>
<Switch131>
13
</Switch131>
<Switch132>
13
</Switch132>
<Switch133>
13
</Switch133>
<Switch134>
16
</Switch134>
<Switch135>
5
</Switch135>
<Switch136>
10
</Switch136>
<Switch137>
16
</Switch137>
<Switch138>
6
</Switch138>
<Switch139>
13
</Switch139>
<Switch140>
0
</Switch140>
<Switch141>
10
</Switch141>
<Switch142>
19
</Switch142>
<Switch143>
1
</Switch143>
<Switch144>
5
</Switch144>
<Switch145>
7
</Switch145>
<Switch146>
12
</Switch146>
<Switch147>
7
</Switch147>
<Switch148>
4
</Switch148>
<Switch149>
18
</Switch149>
<Switch150>
13
</Switch150>
<Switch151>
18
</Switch151>
<Switch152>
9
</Switch152>
<Switch153>
0
</Switch153>
<Switch154>
18
</Switch154>
<Switch155>
16
</Switch155>
<Switch156>
17
</Switch156>
<Switch157>
0
</Switch157>
<Switch158>
1
</Switch158>
<Switch159>
17
</Switch159>
<Switch160>
0
</Switch160>
<Switch161>
7
</Switch161>
<Switch162>
16
</Switch162>
<Switch163>
19
</Switch163>
<Switch164>
15
</Switch164>
<Switch165>
14
</Switch165>
<Switch166>
13
</Switch166>
<Switch167>
12
</Switch167>
<Switch168>
2
</Switch168>
<Switch169>
11
</Switch169>
<Switch170>
3
</Switch170>
<Switch171>
11
</Switch171>
<Switch172>
10
</Switch172>
<Switch173>
5
</Switch173>
<Switch174>
1
</Switch174>
<Switch175>
3
</Switch175>
<Switch176>
5
</Switch176>
<Switch177>
13
</Switch177>
<Switch178>
8
</Switch178>
<Switch179>
9
</Switch179>
<Switch180>
18
</Switch180>
<Switch181>
2
</Switch181>
<Switch182>
17
</Switch182>
<Switch183>
17
</Switch183>
<Switch184>
5
</Switch184>
<Switch185>
8
</Switch185>
<Switch186>
17
</Switch186>
<Switch187>
8
</Switch187>
<Switch188>
13
</Switch188>
<Switch189>
9
</Switch189>
<Switch190>
13
</Switch190>
<Switch191>
2
</Switch191>
<Switch192>
16
</Switch192>
<Switch193>
0
</Switch193>
<Switch194>
4
</Switch194>
<Switch195>
19
</Switch195>
<Switch196>
4
</Switch196>
<Switch197>
4
</Switch197>
<Switch198>
4
</Switch198>
<Switch199>
16
</Switch199>
<Switch200>
6
</Switch200>
<Switch201>
1
</Switch201>
<Switch202>
9
</Switch202>
<Switch203>
3
</Switch203>
<Switch204>
5
</Switch204>
<Switch205>
14
</Switch205>
<Switch206>
12
</Switch206>
<Switch207>
7
</Switch207>
<Switch208>
18
</Switch208>
<Switch209>
18
</Switch209>
<Switch210>
4
</Switch210>
<Switch211>
3
</Switch211>
<Switch212>
11
</Switch212>
<Switch213>
1
</Switch213>
<Switch214>
8
</Switch214>
<Switch215>
6
</Switch215>
<Switch216>
15
</Switch216>
<Switch217>
0
</Switch217>
<Switch218>
4
</Switch218>
<Switch219>
2
</Switch219>
<Switch220>
19
</Switch220>
<Switch221>
18
</Switch221>
<Switch222>
10
</Switch222>
<Switch223>
2
</Switch223>
<Switch224>
3
</Switch224>
<Switch225>
15
</Switch225>
<Switch226>
16
</Switch226>
<Switch227>
4
</Switch227>
<Switch228>
1
</Switch228>
<Switch229>
5
</Switch229>
<Switch230>
16
</Switch230>
<Switch231>
8
</Switch231>
<Switch232>
19
</Switch232>
<Switch233>
5
</Switch233>
<Switch234>
5
</Switch234>
<Switch235>
3
</Switch235>
<Switch236>
4
</Switch236>
<Switch237>
11
</Switch237>
<Switch238>
2
</Switch238>
<Switch239>
4
</Switch239>
<Switch240>
8
</Switch240>
<Switch241>
8
</Switch241>
<Switch242>
2
</Switch242>
<Switch243>
1
</Switch243>
<Switch244>
1
</Switch244>
<Switch245>
14
</Switch245>
<Switch246>
6
</Switch246>
<Switch247>
14
</Switch247>
<Switch248>
7
</Switch248>
<Switch249>
10
</Switch249>
<Switch250>
2
</Switch250>
<Switch251>
16
</Switch251>
<Switch252>
17
</Switch252>
<Switch253>
5
</Switch253>
<Switch254>
2
</Switch254>
<Switch255>
17
</Switch255>
<Switch256>
18
</Switch256>
<Switch257>
11
</Switch257>
<Switch258>
5
</Switch258>
<Switch259>
4
</Switch259>
<Switch260>
5
</Switch260>
<Switch261>
18
</Switch261>
<Switch262>
5
</Switch262>
<Switch263>
8
</Switch263>
<Switch264>
0
</Switch264>
<Switch265>
4
</Switch265>
<Switch266>
19
</Switch266>
<Switch267>
17
</Switch267>
<Switch268>
9
</Switch268>
<Switch269>
10
</Switch269>
<Switch270>
18
</Switch270>
<Switch271>
19
</Switch271>
<Switch272>
12
</Switch272>
<Switch273>
9
</Switch273>
<Switch274>
19
</Switch274>
<Switch275>
15
</Switch275>
<Switch276>
13
</Switch276>
<Switch277>
17
</Switch277>
<Switch278>
18
</Switch278>
<Switch279>
16
</Switch279>
<Switch280>
2
</Switch280>
<Switch281>
4
</Switch281>
<Switch282>
4
</Switch282>
<Switch283>
19
</Switch283>
<Switch284>
1
</Switch284>
<Switch285>
16
</Switch285>
<Switch286>
14
</Switch286>
<Switch287>
8
</Switch287>
<Switch288>
8
</Switch288>
<Switch289>
6
</Switch289>
<Switch290>
19
</Switch290>
<Switch291>
18
</Switch291>
<Switch292>
6
</Switch292>
<Switch293>
8
</Switch293>
<Switch294>
11
</Switch294>
<Switch295>
5
</Switch295>
<Switch296>
17
</Switch296>
<Switch297>
6
</Switch297>
<Switch298>
14
</Switch298>
<Switch299>
18
</Switch299>
<Switch300>
14
</Switch300>
<Switch301>
10
</Switch301>
<Switch302>
8
</Switch302>
<Switch303>
19
</Switch303>
<Switch304>
5
</Switch304>
<Switch305>
1
</Switch305>
<Switch306>
18
</Switch306>
<Switch307>
9
</Switch307>
<Switch308>
19
</Switch308>
<Switch309>
18
</Switch309>
<Switch310>
14
</Switch310>
<Switch311>
4
</Switch311>
<Switch312>
11
</Switch312>
<Switch313>
10
</Switch313>
<Switch314>
13
</Switch314>
<Switch315>
3
</Switch315>
<Switch316>
16
</Switch316>
<Switch317>
14
</Switch317>
<Switch318>
11
</Switch318>
<Switch319>
14
</Switch319>
<Switch320>
13
</Switch320>
<Switch321>
18
</Switch321>
<Switch322>
8
</Switch322>
<Switch323>
5
</Switch323>
<Switch324>
18
</Switch324>
<Switch325>
2
</Switch325>
<Switch326>
14
</Switch326>
<Switch327>
14
</Switch327>
<Switch328>
19
</Switch328>
<Switch329>
14
</Switch329>
<Switch330>
2
</Switch330>
<Switch331>
14
</Switch331>
<Switch332>
3
</Switch332>
<Switch333>
7
</Switch333>
<Switch334>
4
</Switch334>
<Switch335>
8
</Switch335>
<Switch336>
19
</Switch336>
<Switch337>
13
</Switch337>
<Switch338>
3
</Switch338>
<Switch339>
15
</Switch339>
<Switch340>
19
</Switch340>
<Switch341>
10
</Switch341>
<Switch342>
17
</Switch342>
<Switch343>
7
</Switch343>
<Switch344>
2
</Switch344>
<Switch345>
17
</Switch345>
<Switch346>
18
</Switch346>
<Switch347>
4
</Switch347>
<Switch348>
17
</Switch348>
<Switch349>
15
</Switch349>
<Switch350>
3
</Switch350>
<Switch351>
15
</Switch351>
<Switch352>
5
</Switch352>
<Switch353>
19
</Switch353>
<Switch354>
19
</Switch354>
<Switch355>
14
</Switch355>
<Switch356>
6
</Switch356>
<Switch357>
12
</Switch357>
<Switch358>
14
</Switch358>
<Switch359>
11
</Switch359>
<Switch360>
5
</Switch360>
<Switch361>
2
</Switch361>
<Switch362>
4
</Switch362>
<Switch363>
5
</Switch363>
<Switch364>
18
</Switch364>
<Switch365>
5
</Switch365>
<Switch366>
9
</Switch366>
<Switch367>
19
</Switch367>
<Switch368>
3
</Switch368>
<Switch369>
13
</Switch369>
</BaseID:1039>
