<?xml version="1.0"?>

<BaseID:104>
<Switch1>
2
</Switch1>
<Switch2>
15
</Switch2>
<Switch3>
16
</Switch3>
<Switch4>
13
</Switch4>
<Switch5>
19
</Switch5>
<Switch6>
9
</Switch6>
<Switch7>
19
</Switch7>
<Switch8>
16
</Switch8>
<Switch9>
4
</Switch9>
<Switch10>
1
</Switch10>
<Switch11>
0
</Switch11>
<Switch12>
13
</Switch12>
<Switch13>
2
</Switch13>
<Switch14>
3
</Switch14>
<Switch15>
19
</Switch15>
<Switch16>
17
</Switch16>
<Switch17>
17
</Switch17>
<Switch18>
5
</Switch18>
<Switch19>
14
</Switch19>
<Switch20>
1
</Switch20>
<Switch21>
3
</Switch21>
<Switch22>
17
</Switch22>
<Switch23>
14
</Switch23>
<Switch24>
16
</Switch24>
<Switch25>
10
</Switch25>
<Switch26>
19
</Switch26>
<Switch27>
13
</Switch27>
<Switch28>
11
</Switch28>
<Switch29>
15
</Switch29>
<Switch30>
3
</Switch30>
<Switch31>
8
</Switch31>
<Switch32>
12
</Switch32>
<Switch33>
6
</Switch33>
<Switch34>
18
</Switch34>
<Switch35>
15
</Switch35>
<Switch36>
16
</Switch36>
<Switch37>
7
</Switch37>
<Switch38>
3
</Switch38>
<Switch39>
6
</Switch39>
<Switch40>
0
</Switch40>
<Switch41>
12
</Switch41>
<Switch42>
18
</Switch42>
<Switch43>
1
</Switch43>
<Switch44>
11
</Switch44>
<Switch45>
17
</Switch45>
<Switch46>
15
</Switch46>
<Switch47>
16
</Switch47>
<Switch48>
14
</Switch48>
<Switch49>
2
</Switch49>
<Switch50>
12
</Switch50>
<Switch51>
0
</Switch51>
<Switch52>
5
</Switch52>
</BaseID:104>
