<?xml version="1.0"?>

<BaseID:1043>
<Switch1>
13
</Switch1>
<Switch2>
16
</Switch2>
<Switch3>
11
</Switch3>
<Switch4>
4
</Switch4>
<Switch5>
18
</Switch5>
<Switch6>
11
</Switch6>
<Switch7>
18
</Switch7>
<Switch8>
16
</Switch8>
<Switch9>
6
</Switch9>
<Switch10>
19
</Switch10>
<Switch11>
7
</Switch11>
<Switch12>
11
</Switch12>
<Switch13>
11
</Switch13>
<Switch14>
10
</Switch14>
<Switch15>
16
</Switch15>
<Switch16>
12
</Switch16>
<Switch17>
16
</Switch17>
<Switch18>
2
</Switch18>
<Switch19>
7
</Switch19>
<Switch20>
14
</Switch20>
<Switch21>
11
</Switch21>
<Switch22>
16
</Switch22>
<Switch23>
3
</Switch23>
<Switch24>
18
</Switch24>
<Switch25>
11
</Switch25>
<Switch26>
0
</Switch26>
<Switch27>
3
</Switch27>
<Switch28>
0
</Switch28>
<Switch29>
3
</Switch29>
<Switch30>
4
</Switch30>
<Switch31>
4
</Switch31>
<Switch32>
17
</Switch32>
<Switch33>
13
</Switch33>
<Switch34>
2
</Switch34>
<Switch35>
10
</Switch35>
<Switch36>
1
</Switch36>
<Switch37>
17
</Switch37>
<Switch38>
16
</Switch38>
<Switch39>
19
</Switch39>
<Switch40>
2
</Switch40>
<Switch41>
18
</Switch41>
<Switch42>
19
</Switch42>
<Switch43>
16
</Switch43>
<Switch44>
7
</Switch44>
<Switch45>
3
</Switch45>
<Switch46>
8
</Switch46>
<Switch47>
13
</Switch47>
<Switch48>
15
</Switch48>
<Switch49>
4
</Switch49>
<Switch50>
8
</Switch50>
<Switch51>
0
</Switch51>
<Switch52>
5
</Switch52>
<Switch53>
16
</Switch53>
<Switch54>
6
</Switch54>
<Switch55>
16
</Switch55>
<Switch56>
4
</Switch56>
<Switch57>
7
</Switch57>
<Switch58>
19
</Switch58>
<Switch59>
7
</Switch59>
<Switch60>
11
</Switch60>
<Switch61>
13
</Switch61>
<Switch62>
5
</Switch62>
<Switch63>
17
</Switch63>
<Switch64>
4
</Switch64>
<Switch65>
10
</Switch65>
<Switch66>
17
</Switch66>
<Switch67>
15
</Switch67>
<Switch68>
2
</Switch68>
<Switch69>
5
</Switch69>
<Switch70>
0
</Switch70>
<Switch71>
4
</Switch71>
<Switch72>
2
</Switch72>
<Switch73>
15
</Switch73>
<Switch74>
5
</Switch74>
<Switch75>
1
</Switch75>
<Switch76>
7
</Switch76>
<Switch77>
13
</Switch77>
<Switch78>
13
</Switch78>
<Switch79>
15
</Switch79>
<Switch80>
10
</Switch80>
<Switch81>
11
</Switch81>
<Switch82>
16
</Switch82>
<Switch83>
14
</Switch83>
<Switch84>
17
</Switch84>
<Switch85>
5
</Switch85>
<Switch86>
12
</Switch86>
<Switch87>
5
</Switch87>
<Switch88>
6
</Switch88>
<Switch89>
15
</Switch89>
<Switch90>
16
</Switch90>
<Switch91>
13
</Switch91>
<Switch92>
9
</Switch92>
<Switch93>
8
</Switch93>
<Switch94>
3
</Switch94>
<Switch95>
1
</Switch95>
<Switch96>
8
</Switch96>
<Switch97>
8
</Switch97>
<Switch98>
3
</Switch98>
<Switch99>
3
</Switch99>
<Switch100>
15
</Switch100>
<Switch101>
7
</Switch101>
<Switch102>
13
</Switch102>
<Switch103>
12
</Switch103>
<Switch104>
0
</Switch104>
<Switch105>
19
</Switch105>
<Switch106>
7
</Switch106>
<Switch107>
1
</Switch107>
<Switch108>
16
</Switch108>
<Switch109>
10
</Switch109>
<Switch110>
10
</Switch110>
<Switch111>
9
</Switch111>
<Switch112>
16
</Switch112>
<Switch113>
17
</Switch113>
<Switch114>
13
</Switch114>
<Switch115>
13
</Switch115>
<Switch116>
8
</Switch116>
<Switch117>
9
</Switch117>
<Switch118>
18
</Switch118>
<Switch119>
4
</Switch119>
<Switch120>
5
</Switch120>
<Switch121>
12
</Switch121>
<Switch122>
16
</Switch122>
<Switch123>
16
</Switch123>
<Switch124>
2
</Switch124>
<Switch125>
8
</Switch125>
<Switch126>
15
</Switch126>
<Switch127>
10
</Switch127>
<Switch128>
9
</Switch128>
<Switch129>
11
</Switch129>
<Switch130>
9
</Switch130>
<Switch131>
1
</Switch131>
<Switch132>
0
</Switch132>
<Switch133>
19
</Switch133>
<Switch134>
5
</Switch134>
<Switch135>
10
</Switch135>
<Switch136>
1
</Switch136>
<Switch137>
6
</Switch137>
<Switch138>
18
</Switch138>
<Switch139>
0
</Switch139>
<Switch140>
18
</Switch140>
<Switch141>
14
</Switch141>
<Switch142>
13
</Switch142>
<Switch143>
7
</Switch143>
<Switch144>
5
</Switch144>
<Switch145>
6
</Switch145>
<Switch146>
16
</Switch146>
<Switch147>
4
</Switch147>
<Switch148>
12
</Switch148>
<Switch149>
13
</Switch149>
<Switch150>
13
</Switch150>
<Switch151>
7
</Switch151>
<Switch152>
13
</Switch152>
<Switch153>
9
</Switch153>
<Switch154>
2
</Switch154>
<Switch155>
13
</Switch155>
<Switch156>
6
</Switch156>
<Switch157>
5
</Switch157>
<Switch158>
11
</Switch158>
<Switch159>
18
</Switch159>
<Switch160>
4
</Switch160>
<Switch161>
16
</Switch161>
<Switch162>
18
</Switch162>
<Switch163>
10
</Switch163>
<Switch164>
1
</Switch164>
<Switch165>
13
</Switch165>
<Switch166>
11
</Switch166>
<Switch167>
0
</Switch167>
<Switch168>
12
</Switch168>
<Switch169>
18
</Switch169>
<Switch170>
5
</Switch170>
<Switch171>
0
</Switch171>
<Switch172>
17
</Switch172>
<Switch173>
13
</Switch173>
<Switch174>
12
</Switch174>
<Switch175>
2
</Switch175>
<Switch176>
6
</Switch176>
<Switch177>
19
</Switch177>
<Switch178>
9
</Switch178>
<Switch179>
3
</Switch179>
<Switch180>
2
</Switch180>
<Switch181>
17
</Switch181>
<Switch182>
3
</Switch182>
<Switch183>
8
</Switch183>
<Switch184>
1
</Switch184>
<Switch185>
6
</Switch185>
<Switch186>
0
</Switch186>
<Switch187>
8
</Switch187>
<Switch188>
17
</Switch188>
<Switch189>
11
</Switch189>
<Switch190>
13
</Switch190>
<Switch191>
11
</Switch191>
<Switch192>
16
</Switch192>
<Switch193>
2
</Switch193>
<Switch194>
19
</Switch194>
<Switch195>
9
</Switch195>
<Switch196>
2
</Switch196>
<Switch197>
12
</Switch197>
<Switch198>
19
</Switch198>
<Switch199>
17
</Switch199>
<Switch200>
14
</Switch200>
<Switch201>
5
</Switch201>
<Switch202>
1
</Switch202>
<Switch203>
6
</Switch203>
<Switch204>
0
</Switch204>
<Switch205>
10
</Switch205>
<Switch206>
14
</Switch206>
<Switch207>
12
</Switch207>
<Switch208>
2
</Switch208>
<Switch209>
19
</Switch209>
<Switch210>
19
</Switch210>
<Switch211>
11
</Switch211>
<Switch212>
18
</Switch212>
<Switch213>
1
</Switch213>
<Switch214>
6
</Switch214>
<Switch215>
6
</Switch215>
<Switch216>
13
</Switch216>
<Switch217>
4
</Switch217>
<Switch218>
12
</Switch218>
<Switch219>
0
</Switch219>
<Switch220>
10
</Switch220>
<Switch221>
5
</Switch221>
<Switch222>
12
</Switch222>
<Switch223>
15
</Switch223>
<Switch224>
13
</Switch224>
<Switch225>
1
</Switch225>
<Switch226>
16
</Switch226>
<Switch227>
3
</Switch227>
<Switch228>
18
</Switch228>
<Switch229>
17
</Switch229>
<Switch230>
2
</Switch230>
<Switch231>
8
</Switch231>
<Switch232>
5
</Switch232>
<Switch233>
15
</Switch233>
<Switch234>
18
</Switch234>
<Switch235>
0
</Switch235>
<Switch236>
13
</Switch236>
<Switch237>
7
</Switch237>
<Switch238>
11
</Switch238>
<Switch239>
6
</Switch239>
<Switch240>
10
</Switch240>
<Switch241>
15
</Switch241>
<Switch242>
11
</Switch242>
<Switch243>
4
</Switch243>
<Switch244>
4
</Switch244>
<Switch245>
9
</Switch245>
<Switch246>
13
</Switch246>
<Switch247>
13
</Switch247>
<Switch248>
2
</Switch248>
<Switch249>
2
</Switch249>
<Switch250>
10
</Switch250>
<Switch251>
9
</Switch251>
<Switch252>
11
</Switch252>
<Switch253>
12
</Switch253>
<Switch254>
0
</Switch254>
<Switch255>
1
</Switch255>
<Switch256>
4
</Switch256>
<Switch257>
13
</Switch257>
<Switch258>
8
</Switch258>
<Switch259>
11
</Switch259>
<Switch260>
15
</Switch260>
<Switch261>
8
</Switch261>
<Switch262>
10
</Switch262>
<Switch263>
19
</Switch263>
<Switch264>
8
</Switch264>
<Switch265>
18
</Switch265>
<Switch266>
19
</Switch266>
<Switch267>
10
</Switch267>
<Switch268>
7
</Switch268>
<Switch269>
6
</Switch269>
<Switch270>
11
</Switch270>
<Switch271>
4
</Switch271>
<Switch272>
5
</Switch272>
<Switch273>
13
</Switch273>
<Switch274>
1
</Switch274>
<Switch275>
17
</Switch275>
<Switch276>
0
</Switch276>
<Switch277>
4
</Switch277>
<Switch278>
0
</Switch278>
<Switch279>
0
</Switch279>
<Switch280>
15
</Switch280>
<Switch281>
8
</Switch281>
<Switch282>
15
</Switch282>
<Switch283>
0
</Switch283>
<Switch284>
10
</Switch284>
<Switch285>
12
</Switch285>
<Switch286>
13
</Switch286>
<Switch287>
8
</Switch287>
<Switch288>
8
</Switch288>
<Switch289>
15
</Switch289>
<Switch290>
12
</Switch290>
<Switch291>
10
</Switch291>
<Switch292>
11
</Switch292>
<Switch293>
13
</Switch293>
<Switch294>
9
</Switch294>
<Switch295>
13
</Switch295>
<Switch296>
13
</Switch296>
<Switch297>
0
</Switch297>
<Switch298>
5
</Switch298>
<Switch299>
11
</Switch299>
<Switch300>
1
</Switch300>
<Switch301>
16
</Switch301>
<Switch302>
14
</Switch302>
<Switch303>
14
</Switch303>
<Switch304>
16
</Switch304>
<Switch305>
3
</Switch305>
<Switch306>
12
</Switch306>
<Switch307>
7
</Switch307>
<Switch308>
14
</Switch308>
<Switch309>
19
</Switch309>
<Switch310>
3
</Switch310>
<Switch311>
1
</Switch311>
<Switch312>
8
</Switch312>
<Switch313>
14
</Switch313>
<Switch314>
11
</Switch314>
<Switch315>
8
</Switch315>
<Switch316>
1
</Switch316>
<Switch317>
9
</Switch317>
<Switch318>
19
</Switch318>
<Switch319>
10
</Switch319>
<Switch320>
2
</Switch320>
<Switch321>
14
</Switch321>
<Switch322>
19
</Switch322>
<Switch323>
12
</Switch323>
<Switch324>
15
</Switch324>
<Switch325>
3
</Switch325>
<Switch326>
5
</Switch326>
<Switch327>
18
</Switch327>
<Switch328>
8
</Switch328>
<Switch329>
4
</Switch329>
<Switch330>
0
</Switch330>
<Switch331>
12
</Switch331>
<Switch332>
12
</Switch332>
<Switch333>
4
</Switch333>
<Switch334>
12
</Switch334>
<Switch335>
4
</Switch335>
<Switch336>
10
</Switch336>
<Switch337>
5
</Switch337>
<Switch338>
5
</Switch338>
<Switch339>
9
</Switch339>
<Switch340>
18
</Switch340>
<Switch341>
10
</Switch341>
<Switch342>
6
</Switch342>
<Switch343>
7
</Switch343>
<Switch344>
18
</Switch344>
<Switch345>
1
</Switch345>
<Switch346>
6
</Switch346>
<Switch347>
14
</Switch347>
<Switch348>
10
</Switch348>
<Switch349>
6
</Switch349>
<Switch350>
19
</Switch350>
<Switch351>
18
</Switch351>
<Switch352>
5
</Switch352>
<Switch353>
19
</Switch353>
<Switch354>
3
</Switch354>
</BaseID:1043>
