<?xml version="1.0"?>

<BaseID:1045>
<Switch1>
2
</Switch1>
<Switch2>
5
</Switch2>
<Switch3>
14
</Switch3>
<Switch4>
3
</Switch4>
<Switch5>
3
</Switch5>
<Switch6>
9
</Switch6>
<Switch7>
0
</Switch7>
<Switch8>
18
</Switch8>
<Switch9>
4
</Switch9>
<Switch10>
16
</Switch10>
<Switch11>
4
</Switch11>
<Switch12>
13
</Switch12>
<Switch13>
1
</Switch13>
<Switch14>
19
</Switch14>
<Switch15>
19
</Switch15>
<Switch16>
7
</Switch16>
<Switch17>
12
</Switch17>
<Switch18>
9
</Switch18>
<Switch19>
11
</Switch19>
<Switch20>
9
</Switch20>
<Switch21>
0
</Switch21>
<Switch22>
0
</Switch22>
<Switch23>
12
</Switch23>
<Switch24>
3
</Switch24>
<Switch25>
0
</Switch25>
<Switch26>
11
</Switch26>
<Switch27>
11
</Switch27>
<Switch28>
12
</Switch28>
<Switch29>
3
</Switch29>
<Switch30>
18
</Switch30>
<Switch31>
6
</Switch31>
<Switch32>
16
</Switch32>
<Switch33>
2
</Switch33>
<Switch34>
3
</Switch34>
<Switch35>
2
</Switch35>
<Switch36>
0
</Switch36>
<Switch37>
9
</Switch37>
<Switch38>
4
</Switch38>
<Switch39>
4
</Switch39>
<Switch40>
11
</Switch40>
<Switch41>
11
</Switch41>
<Switch42>
9
</Switch42>
<Switch43>
11
</Switch43>
<Switch44>
15
</Switch44>
<Switch45>
12
</Switch45>
<Switch46>
0
</Switch46>
<Switch47>
16
</Switch47>
<Switch48>
14
</Switch48>
<Switch49>
13
</Switch49>
<Switch50>
2
</Switch50>
<Switch51>
8
</Switch51>
<Switch52>
13
</Switch52>
<Switch53>
6
</Switch53>
<Switch54>
9
</Switch54>
<Switch55>
15
</Switch55>
<Switch56>
0
</Switch56>
<Switch57>
9
</Switch57>
<Switch58>
13
</Switch58>
<Switch59>
6
</Switch59>
<Switch60>
4
</Switch60>
<Switch61>
4
</Switch61>
</BaseID:1045>
