<?xml version="1.0"?>

<BaseID:1047>
<Switch1>
15
</Switch1>
<Switch2>
2
</Switch2>
<Switch3>
10
</Switch3>
<Switch4>
12
</Switch4>
<Switch5>
5
</Switch5>
<Switch6>
9
</Switch6>
<Switch7>
14
</Switch7>
<Switch8>
0
</Switch8>
<Switch9>
7
</Switch9>
<Switch10>
3
</Switch10>
<Switch11>
17
</Switch11>
<Switch12>
16
</Switch12>
<Switch13>
13
</Switch13>
<Switch14>
2
</Switch14>
<Switch15>
16
</Switch15>
<Switch16>
9
</Switch16>
<Switch17>
17
</Switch17>
<Switch18>
4
</Switch18>
<Switch19>
14
</Switch19>
<Switch20>
5
</Switch20>
<Switch21>
16
</Switch21>
<Switch22>
9
</Switch22>
<Switch23>
3
</Switch23>
<Switch24>
15
</Switch24>
<Switch25>
14
</Switch25>
<Switch26>
1
</Switch26>
<Switch27>
13
</Switch27>
<Switch28>
0
</Switch28>
<Switch29>
1
</Switch29>
<Switch30>
1
</Switch30>
<Switch31>
1
</Switch31>
<Switch32>
0
</Switch32>
<Switch33>
5
</Switch33>
<Switch34>
3
</Switch34>
<Switch35>
6
</Switch35>
<Switch36>
11
</Switch36>
<Switch37>
18
</Switch37>
<Switch38>
14
</Switch38>
<Switch39>
1
</Switch39>
<Switch40>
11
</Switch40>
<Switch41>
1
</Switch41>
<Switch42>
3
</Switch42>
<Switch43>
14
</Switch43>
<Switch44>
15
</Switch44>
<Switch45>
4
</Switch45>
<Switch46>
3
</Switch46>
<Switch47>
14
</Switch47>
<Switch48>
2
</Switch48>
<Switch49>
6
</Switch49>
<Switch50>
7
</Switch50>
<Switch51>
14
</Switch51>
<Switch52>
6
</Switch52>
<Switch53>
11
</Switch53>
<Switch54>
19
</Switch54>
<Switch55>
8
</Switch55>
<Switch56>
13
</Switch56>
<Switch57>
18
</Switch57>
<Switch58>
0
</Switch58>
<Switch59>
5
</Switch59>
<Switch60>
4
</Switch60>
<Switch61>
13
</Switch61>
<Switch62>
3
</Switch62>
<Switch63>
7
</Switch63>
<Switch64>
8
</Switch64>
<Switch65>
1
</Switch65>
<Switch66>
18
</Switch66>
<Switch67>
0
</Switch67>
<Switch68>
2
</Switch68>
<Switch69>
0
</Switch69>
<Switch70>
17
</Switch70>
<Switch71>
16
</Switch71>
<Switch72>
7
</Switch72>
<Switch73>
11
</Switch73>
<Switch74>
11
</Switch74>
<Switch75>
9
</Switch75>
<Switch76>
2
</Switch76>
<Switch77>
5
</Switch77>
<Switch78>
8
</Switch78>
<Switch79>
9
</Switch79>
<Switch80>
1
</Switch80>
<Switch81>
19
</Switch81>
<Switch82>
15
</Switch82>
<Switch83>
6
</Switch83>
<Switch84>
3
</Switch84>
<Switch85>
5
</Switch85>
<Switch86>
17
</Switch86>
<Switch87>
9
</Switch87>
<Switch88>
8
</Switch88>
<Switch89>
19
</Switch89>
<Switch90>
5
</Switch90>
<Switch91>
4
</Switch91>
<Switch92>
15
</Switch92>
<Switch93>
17
</Switch93>
<Switch94>
11
</Switch94>
<Switch95>
3
</Switch95>
<Switch96>
18
</Switch96>
<Switch97>
16
</Switch97>
<Switch98>
15
</Switch98>
<Switch99>
6
</Switch99>
<Switch100>
12
</Switch100>
<Switch101>
11
</Switch101>
<Switch102>
19
</Switch102>
<Switch103>
2
</Switch103>
<Switch104>
7
</Switch104>
<Switch105>
17
</Switch105>
<Switch106>
14
</Switch106>
<Switch107>
13
</Switch107>
<Switch108>
10
</Switch108>
<Switch109>
13
</Switch109>
<Switch110>
0
</Switch110>
<Switch111>
12
</Switch111>
<Switch112>
0
</Switch112>
<Switch113>
0
</Switch113>
<Switch114>
11
</Switch114>
<Switch115>
16
</Switch115>
<Switch116>
19
</Switch116>
<Switch117>
18
</Switch117>
<Switch118>
16
</Switch118>
<Switch119>
0
</Switch119>
<Switch120>
17
</Switch120>
<Switch121>
6
</Switch121>
<Switch122>
7
</Switch122>
<Switch123>
7
</Switch123>
<Switch124>
1
</Switch124>
<Switch125>
16
</Switch125>
<Switch126>
5
</Switch126>
<Switch127>
2
</Switch127>
<Switch128>
3
</Switch128>
<Switch129>
17
</Switch129>
<Switch130>
7
</Switch130>
<Switch131>
1
</Switch131>
<Switch132>
18
</Switch132>
<Switch133>
18
</Switch133>
<Switch134>
4
</Switch134>
<Switch135>
7
</Switch135>
<Switch136>
7
</Switch136>
<Switch137>
18
</Switch137>
<Switch138>
4
</Switch138>
<Switch139>
7
</Switch139>
<Switch140>
18
</Switch140>
<Switch141>
2
</Switch141>
<Switch142>
5
</Switch142>
<Switch143>
3
</Switch143>
<Switch144>
8
</Switch144>
<Switch145>
10
</Switch145>
<Switch146>
4
</Switch146>
<Switch147>
8
</Switch147>
<Switch148>
12
</Switch148>
<Switch149>
6
</Switch149>
<Switch150>
0
</Switch150>
<Switch151>
9
</Switch151>
<Switch152>
8
</Switch152>
<Switch153>
6
</Switch153>
<Switch154>
6
</Switch154>
<Switch155>
13
</Switch155>
<Switch156>
13
</Switch156>
<Switch157>
0
</Switch157>
<Switch158>
12
</Switch158>
<Switch159>
2
</Switch159>
<Switch160>
0
</Switch160>
<Switch161>
1
</Switch161>
<Switch162>
9
</Switch162>
<Switch163>
8
</Switch163>
<Switch164>
11
</Switch164>
<Switch165>
19
</Switch165>
<Switch166>
0
</Switch166>
<Switch167>
11
</Switch167>
<Switch168>
10
</Switch168>
<Switch169>
10
</Switch169>
<Switch170>
17
</Switch170>
<Switch171>
7
</Switch171>
<Switch172>
7
</Switch172>
<Switch173>
17
</Switch173>
<Switch174>
5
</Switch174>
<Switch175>
18
</Switch175>
<Switch176>
2
</Switch176>
<Switch177>
4
</Switch177>
<Switch178>
13
</Switch178>
<Switch179>
4
</Switch179>
<Switch180>
19
</Switch180>
<Switch181>
16
</Switch181>
<Switch182>
12
</Switch182>
<Switch183>
14
</Switch183>
<Switch184>
14
</Switch184>
<Switch185>
3
</Switch185>
<Switch186>
18
</Switch186>
<Switch187>
3
</Switch187>
<Switch188>
3
</Switch188>
<Switch189>
11
</Switch189>
<Switch190>
10
</Switch190>
<Switch191>
1
</Switch191>
<Switch192>
19
</Switch192>
<Switch193>
2
</Switch193>
<Switch194>
6
</Switch194>
<Switch195>
5
</Switch195>
<Switch196>
12
</Switch196>
<Switch197>
1
</Switch197>
<Switch198>
14
</Switch198>
<Switch199>
15
</Switch199>
<Switch200>
10
</Switch200>
<Switch201>
1
</Switch201>
<Switch202>
6
</Switch202>
<Switch203>
8
</Switch203>
<Switch204>
12
</Switch204>
<Switch205>
2
</Switch205>
<Switch206>
0
</Switch206>
<Switch207>
1
</Switch207>
<Switch208>
12
</Switch208>
<Switch209>
19
</Switch209>
<Switch210>
18
</Switch210>
<Switch211>
14
</Switch211>
<Switch212>
19
</Switch212>
<Switch213>
2
</Switch213>
<Switch214>
14
</Switch214>
<Switch215>
8
</Switch215>
<Switch216>
5
</Switch216>
<Switch217>
6
</Switch217>
<Switch218>
8
</Switch218>
<Switch219>
5
</Switch219>
<Switch220>
9
</Switch220>
<Switch221>
7
</Switch221>
<Switch222>
13
</Switch222>
<Switch223>
6
</Switch223>
<Switch224>
14
</Switch224>
<Switch225>
19
</Switch225>
<Switch226>
16
</Switch226>
<Switch227>
9
</Switch227>
<Switch228>
4
</Switch228>
<Switch229>
15
</Switch229>
<Switch230>
3
</Switch230>
<Switch231>
5
</Switch231>
<Switch232>
2
</Switch232>
<Switch233>
12
</Switch233>
<Switch234>
9
</Switch234>
<Switch235>
3
</Switch235>
<Switch236>
10
</Switch236>
<Switch237>
1
</Switch237>
<Switch238>
0
</Switch238>
<Switch239>
13
</Switch239>
<Switch240>
16
</Switch240>
<Switch241>
6
</Switch241>
<Switch242>
11
</Switch242>
<Switch243>
14
</Switch243>
<Switch244>
16
</Switch244>
<Switch245>
6
</Switch245>
<Switch246>
0
</Switch246>
<Switch247>
4
</Switch247>
<Switch248>
6
</Switch248>
<Switch249>
18
</Switch249>
<Switch250>
3
</Switch250>
<Switch251>
18
</Switch251>
<Switch252>
12
</Switch252>
<Switch253>
2
</Switch253>
<Switch254>
18
</Switch254>
<Switch255>
9
</Switch255>
<Switch256>
11
</Switch256>
<Switch257>
1
</Switch257>
<Switch258>
13
</Switch258>
<Switch259>
15
</Switch259>
<Switch260>
8
</Switch260>
<Switch261>
3
</Switch261>
<Switch262>
3
</Switch262>
<Switch263>
19
</Switch263>
<Switch264>
6
</Switch264>
<Switch265>
11
</Switch265>
<Switch266>
17
</Switch266>
<Switch267>
4
</Switch267>
<Switch268>
4
</Switch268>
<Switch269>
17
</Switch269>
<Switch270>
11
</Switch270>
<Switch271>
0
</Switch271>
<Switch272>
8
</Switch272>
<Switch273>
9
</Switch273>
<Switch274>
4
</Switch274>
<Switch275>
1
</Switch275>
<Switch276>
8
</Switch276>
<Switch277>
14
</Switch277>
<Switch278>
11
</Switch278>
<Switch279>
5
</Switch279>
<Switch280>
14
</Switch280>
<Switch281>
4
</Switch281>
<Switch282>
11
</Switch282>
<Switch283>
7
</Switch283>
<Switch284>
2
</Switch284>
<Switch285>
17
</Switch285>
<Switch286>
1
</Switch286>
<Switch287>
6
</Switch287>
<Switch288>
0
</Switch288>
<Switch289>
18
</Switch289>
<Switch290>
5
</Switch290>
<Switch291>
5
</Switch291>
<Switch292>
3
</Switch292>
<Switch293>
11
</Switch293>
<Switch294>
6
</Switch294>
<Switch295>
8
</Switch295>
<Switch296>
6
</Switch296>
<Switch297>
13
</Switch297>
<Switch298>
19
</Switch298>
<Switch299>
7
</Switch299>
<Switch300>
19
</Switch300>
<Switch301>
0
</Switch301>
<Switch302>
10
</Switch302>
<Switch303>
16
</Switch303>
<Switch304>
2
</Switch304>
<Switch305>
1
</Switch305>
<Switch306>
2
</Switch306>
<Switch307>
11
</Switch307>
<Switch308>
4
</Switch308>
<Switch309>
12
</Switch309>
<Switch310>
14
</Switch310>
<Switch311>
3
</Switch311>
<Switch312>
11
</Switch312>
<Switch313>
3
</Switch313>
<Switch314>
5
</Switch314>
<Switch315>
12
</Switch315>
<Switch316>
15
</Switch316>
<Switch317>
0
</Switch317>
<Switch318>
5
</Switch318>
<Switch319>
17
</Switch319>
<Switch320>
7
</Switch320>
<Switch321>
2
</Switch321>
<Switch322>
2
</Switch322>
<Switch323>
12
</Switch323>
<Switch324>
2
</Switch324>
<Switch325>
12
</Switch325>
<Switch326>
12
</Switch326>
<Switch327>
4
</Switch327>
<Switch328>
6
</Switch328>
<Switch329>
18
</Switch329>
<Switch330>
1
</Switch330>
<Switch331>
7
</Switch331>
<Switch332>
3
</Switch332>
<Switch333>
9
</Switch333>
<Switch334>
5
</Switch334>
<Switch335>
12
</Switch335>
<Switch336>
0
</Switch336>
<Switch337>
17
</Switch337>
<Switch338>
0
</Switch338>
<Switch339>
12
</Switch339>
<Switch340>
15
</Switch340>
<Switch341>
9
</Switch341>
<Switch342>
15
</Switch342>
<Switch343>
6
</Switch343>
<Switch344>
19
</Switch344>
<Switch345>
19
</Switch345>
<Switch346>
16
</Switch346>
<Switch347>
5
</Switch347>
<Switch348>
2
</Switch348>
<Switch349>
7
</Switch349>
<Switch350>
19
</Switch350>
<Switch351>
11
</Switch351>
<Switch352>
2
</Switch352>
<Switch353>
8
</Switch353>
<Switch354>
10
</Switch354>
<Switch355>
3
</Switch355>
<Switch356>
17
</Switch356>
<Switch357>
14
</Switch357>
<Switch358>
0
</Switch358>
<Switch359>
7
</Switch359>
<Switch360>
10
</Switch360>
<Switch361>
14
</Switch361>
<Switch362>
10
</Switch362>
<Switch363>
8
</Switch363>
<Switch364>
7
</Switch364>
<Switch365>
15
</Switch365>
<Switch366>
8
</Switch366>
<Switch367>
0
</Switch367>
<Switch368>
0
</Switch368>
<Switch369>
10
</Switch369>
<Switch370>
11
</Switch370>
<Switch371>
7
</Switch371>
<Switch372>
18
</Switch372>
<Switch373>
1
</Switch373>
<Switch374>
8
</Switch374>
<Switch375>
14
</Switch375>
<Switch376>
12
</Switch376>
<Switch377>
17
</Switch377>
<Switch378>
0
</Switch378>
<Switch379>
5
</Switch379>
<Switch380>
0
</Switch380>
<Switch381>
14
</Switch381>
<Switch382>
7
</Switch382>
<Switch383>
18
</Switch383>
<Switch384>
15
</Switch384>
<Switch385>
12
</Switch385>
<Switch386>
12
</Switch386>
<Switch387>
7
</Switch387>
<Switch388>
7
</Switch388>
<Switch389>
17
</Switch389>
<Switch390>
19
</Switch390>
<Switch391>
1
</Switch391>
<Switch392>
14
</Switch392>
<Switch393>
11
</Switch393>
<Switch394>
6
</Switch394>
<Switch395>
0
</Switch395>
<Switch396>
3
</Switch396>
<Switch397>
7
</Switch397>
<Switch398>
18
</Switch398>
<Switch399>
16
</Switch399>
<Switch400>
13
</Switch400>
<Switch401>
15
</Switch401>
<Switch402>
6
</Switch402>
<Switch403>
13
</Switch403>
<Switch404>
12
</Switch404>
<Switch405>
16
</Switch405>
<Switch406>
6
</Switch406>
<Switch407>
3
</Switch407>
<Switch408>
4
</Switch408>
<Switch409>
9
</Switch409>
<Switch410>
9
</Switch410>
<Switch411>
12
</Switch411>
<Switch412>
0
</Switch412>
<Switch413>
9
</Switch413>
<Switch414>
17
</Switch414>
<Switch415>
8
</Switch415>
<Switch416>
4
</Switch416>
<Switch417>
3
</Switch417>
<Switch418>
12
</Switch418>
<Switch419>
12
</Switch419>
<Switch420>
9
</Switch420>
<Switch421>
9
</Switch421>
<Switch422>
1
</Switch422>
<Switch423>
11
</Switch423>
<Switch424>
14
</Switch424>
<Switch425>
14
</Switch425>
<Switch426>
13
</Switch426>
<Switch427>
1
</Switch427>
<Switch428>
0
</Switch428>
<Switch429>
2
</Switch429>
<Switch430>
17
</Switch430>
<Switch431>
1
</Switch431>
<Switch432>
6
</Switch432>
<Switch433>
0
</Switch433>
<Switch434>
9
</Switch434>
<Switch435>
6
</Switch435>
<Switch436>
10
</Switch436>
<Switch437>
18
</Switch437>
<Switch438>
1
</Switch438>
<Switch439>
2
</Switch439>
<Switch440>
13
</Switch440>
<Switch441>
9
</Switch441>
<Switch442>
16
</Switch442>
<Switch443>
8
</Switch443>
<Switch444>
7
</Switch444>
<Switch445>
12
</Switch445>
<Switch446>
5
</Switch446>
<Switch447>
0
</Switch447>
<Switch448>
12
</Switch448>
<Switch449>
12
</Switch449>
<Switch450>
19
</Switch450>
<Switch451>
13
</Switch451>
<Switch452>
6
</Switch452>
<Switch453>
14
</Switch453>
<Switch454>
6
</Switch454>
<Switch455>
15
</Switch455>
<Switch456>
18
</Switch456>
<Switch457>
17
</Switch457>
<Switch458>
4
</Switch458>
<Switch459>
3
</Switch459>
<Switch460>
10
</Switch460>
<Switch461>
14
</Switch461>
<Switch462>
7
</Switch462>
<Switch463>
1
</Switch463>
<Switch464>
13
</Switch464>
<Switch465>
14
</Switch465>
<Switch466>
8
</Switch466>
<Switch467>
1
</Switch467>
<Switch468>
3
</Switch468>
<Switch469>
15
</Switch469>
<Switch470>
0
</Switch470>
<Switch471>
17
</Switch471>
<Switch472>
17
</Switch472>
<Switch473>
11
</Switch473>
<Switch474>
16
</Switch474>
<Switch475>
7
</Switch475>
<Switch476>
5
</Switch476>
<Switch477>
14
</Switch477>
<Switch478>
14
</Switch478>
<Switch479>
14
</Switch479>
<Switch480>
11
</Switch480>
<Switch481>
8
</Switch481>
<Switch482>
16
</Switch482>
<Switch483>
19
</Switch483>
<Switch484>
18
</Switch484>
<Switch485>
4
</Switch485>
<Switch486>
9
</Switch486>
<Switch487>
7
</Switch487>
<Switch488>
10
</Switch488>
<Switch489>
11
</Switch489>
<Switch490>
6
</Switch490>
<Switch491>
8
</Switch491>
<Switch492>
4
</Switch492>
<Switch493>
16
</Switch493>
<Switch494>
0
</Switch494>
<Switch495>
2
</Switch495>
<Switch496>
5
</Switch496>
<Switch497>
16
</Switch497>
<Switch498>
11
</Switch498>
<Switch499>
7
</Switch499>
<Switch500>
9
</Switch500>
<Switch501>
15
</Switch501>
<Switch502>
9
</Switch502>
<Switch503>
6
</Switch503>
<Switch504>
10
</Switch504>
<Switch505>
19
</Switch505>
<Switch506>
1
</Switch506>
<Switch507>
5
</Switch507>
<Switch508>
5
</Switch508>
<Switch509>
9
</Switch509>
<Switch510>
1
</Switch510>
<Switch511>
10
</Switch511>
<Switch512>
16
</Switch512>
<Switch513>
18
</Switch513>
<Switch514>
15
</Switch514>
<Switch515>
14
</Switch515>
<Switch516>
6
</Switch516>
<Switch517>
18
</Switch517>
<Switch518>
8
</Switch518>
<Switch519>
2
</Switch519>
<Switch520>
14
</Switch520>
<Switch521>
5
</Switch521>
<Switch522>
4
</Switch522>
<Switch523>
6
</Switch523>
<Switch524>
11
</Switch524>
<Switch525>
12
</Switch525>
<Switch526>
6
</Switch526>
<Switch527>
11
</Switch527>
<Switch528>
10
</Switch528>
<Switch529>
3
</Switch529>
<Switch530>
15
</Switch530>
<Switch531>
19
</Switch531>
<Switch532>
8
</Switch532>
<Switch533>
5
</Switch533>
<Switch534>
14
</Switch534>
<Switch535>
16
</Switch535>
<Switch536>
2
</Switch536>
<Switch537>
0
</Switch537>
<Switch538>
7
</Switch538>
<Switch539>
0
</Switch539>
<Switch540>
7
</Switch540>
<Switch541>
3
</Switch541>
<Switch542>
6
</Switch542>
<Switch543>
1
</Switch543>
<Switch544>
5
</Switch544>
<Switch545>
18
</Switch545>
<Switch546>
13
</Switch546>
<Switch547>
9
</Switch547>
<Switch548>
6
</Switch548>
<Switch549>
6
</Switch549>
<Switch550>
17
</Switch550>
<Switch551>
0
</Switch551>
<Switch552>
6
</Switch552>
<Switch553>
14
</Switch553>
<Switch554>
12
</Switch554>
<Switch555>
1
</Switch555>
<Switch556>
14
</Switch556>
<Switch557>
14
</Switch557>
<Switch558>
19
</Switch558>
<Switch559>
12
</Switch559>
<Switch560>
7
</Switch560>
<Switch561>
14
</Switch561>
<Switch562>
11
</Switch562>
<Switch563>
10
</Switch563>
<Switch564>
9
</Switch564>
<Switch565>
19
</Switch565>
<Switch566>
16
</Switch566>
<Switch567>
8
</Switch567>
<Switch568>
16
</Switch568>
<Switch569>
14
</Switch569>
<Switch570>
15
</Switch570>
<Switch571>
17
</Switch571>
<Switch572>
12
</Switch572>
<Switch573>
18
</Switch573>
<Switch574>
9
</Switch574>
<Switch575>
13
</Switch575>
<Switch576>
17
</Switch576>
<Switch577>
13
</Switch577>
<Switch578>
4
</Switch578>
<Switch579>
5
</Switch579>
<Switch580>
13
</Switch580>
<Switch581>
18
</Switch581>
<Switch582>
8
</Switch582>
<Switch583>
13
</Switch583>
<Switch584>
7
</Switch584>
<Switch585>
2
</Switch585>
<Switch586>
16
</Switch586>
<Switch587>
3
</Switch587>
<Switch588>
14
</Switch588>
<Switch589>
18
</Switch589>
<Switch590>
5
</Switch590>
<Switch591>
1
</Switch591>
<Switch592>
2
</Switch592>
<Switch593>
13
</Switch593>
<Switch594>
12
</Switch594>
<Switch595>
12
</Switch595>
<Switch596>
12
</Switch596>
<Switch597>
15
</Switch597>
<Switch598>
19
</Switch598>
<Switch599>
4
</Switch599>
<Switch600>
3
</Switch600>
<Switch601>
14
</Switch601>
<Switch602>
0
</Switch602>
<Switch603>
19
</Switch603>
<Switch604>
3
</Switch604>
<Switch605>
8
</Switch605>
<Switch606>
6
</Switch606>
<Switch607>
12
</Switch607>
<Switch608>
0
</Switch608>
<Switch609>
18
</Switch609>
<Switch610>
6
</Switch610>
<Switch611>
14
</Switch611>
<Switch612>
0
</Switch612>
<Switch613>
0
</Switch613>
<Switch614>
15
</Switch614>
<Switch615>
6
</Switch615>
<Switch616>
19
</Switch616>
<Switch617>
18
</Switch617>
<Switch618>
12
</Switch618>
<Switch619>
2
</Switch619>
<Switch620>
18
</Switch620>
<Switch621>
3
</Switch621>
<Switch622>
5
</Switch622>
<Switch623>
10
</Switch623>
<Switch624>
6
</Switch624>
<Switch625>
13
</Switch625>
<Switch626>
12
</Switch626>
<Switch627>
9
</Switch627>
<Switch628>
12
</Switch628>
<Switch629>
14
</Switch629>
<Switch630>
10
</Switch630>
<Switch631>
13
</Switch631>
<Switch632>
13
</Switch632>
<Switch633>
11
</Switch633>
<Switch634>
11
</Switch634>
<Switch635>
0
</Switch635>
<Switch636>
6
</Switch636>
<Switch637>
6
</Switch637>
<Switch638>
12
</Switch638>
<Switch639>
5
</Switch639>
<Switch640>
10
</Switch640>
<Switch641>
13
</Switch641>
<Switch642>
7
</Switch642>
<Switch643>
11
</Switch643>
<Switch644>
10
</Switch644>
<Switch645>
18
</Switch645>
<Switch646>
0
</Switch646>
<Switch647>
1
</Switch647>
<Switch648>
7
</Switch648>
<Switch649>
1
</Switch649>
<Switch650>
10
</Switch650>
<Switch651>
10
</Switch651>
<Switch652>
7
</Switch652>
<Switch653>
19
</Switch653>
<Switch654>
6
</Switch654>
<Switch655>
8
</Switch655>
<Switch656>
7
</Switch656>
<Switch657>
1
</Switch657>
<Switch658>
1
</Switch658>
<Switch659>
4
</Switch659>
<Switch660>
9
</Switch660>
<Switch661>
1
</Switch661>
<Switch662>
18
</Switch662>
<Switch663>
16
</Switch663>
<Switch664>
17
</Switch664>
<Switch665>
17
</Switch665>
<Switch666>
6
</Switch666>
<Switch667>
5
</Switch667>
<Switch668>
18
</Switch668>
<Switch669>
0
</Switch669>
<Switch670>
8
</Switch670>
<Switch671>
4
</Switch671>
<Switch672>
7
</Switch672>
<Switch673>
15
</Switch673>
<Switch674>
1
</Switch674>
<Switch675>
9
</Switch675>
<Switch676>
16
</Switch676>
<Switch677>
13
</Switch677>
<Switch678>
5
</Switch678>
<Switch679>
12
</Switch679>
<Switch680>
19
</Switch680>
<Switch681>
8
</Switch681>
<Switch682>
8
</Switch682>
<Switch683>
12
</Switch683>
<Switch684>
16
</Switch684>
<Switch685>
13
</Switch685>
<Switch686>
3
</Switch686>
<Switch687>
9
</Switch687>
<Switch688>
5
</Switch688>
<Switch689>
14
</Switch689>
<Switch690>
3
</Switch690>
<Switch691>
14
</Switch691>
<Switch692>
4
</Switch692>
<Switch693>
10
</Switch693>
<Switch694>
19
</Switch694>
<Switch695>
12
</Switch695>
<Switch696>
11
</Switch696>
<Switch697>
13
</Switch697>
<Switch698>
3
</Switch698>
<Switch699>
10
</Switch699>
<Switch700>
13
</Switch700>
<Switch701>
2
</Switch701>
<Switch702>
2
</Switch702>
<Switch703>
13
</Switch703>
<Switch704>
18
</Switch704>
<Switch705>
12
</Switch705>
<Switch706>
6
</Switch706>
<Switch707>
0
</Switch707>
<Switch708>
10
</Switch708>
<Switch709>
9
</Switch709>
<Switch710>
4
</Switch710>
<Switch711>
10
</Switch711>
<Switch712>
12
</Switch712>
</BaseID:1047>
