<?xml version="1.0"?>

<BaseID:105>
<Switch1>
13
</Switch1>
<Switch2>
13
</Switch2>
<Switch3>
14
</Switch3>
<Switch4>
11
</Switch4>
<Switch5>
15
</Switch5>
<Switch6>
3
</Switch6>
<Switch7>
13
</Switch7>
<Switch8>
19
</Switch8>
<Switch9>
2
</Switch9>
<Switch10>
8
</Switch10>
<Switch11>
18
</Switch11>
<Switch12>
8
</Switch12>
<Switch13>
7
</Switch13>
<Switch14>
12
</Switch14>
<Switch15>
6
</Switch15>
<Switch16>
16
</Switch16>
<Switch17>
5
</Switch17>
<Switch18>
12
</Switch18>
<Switch19>
5
</Switch19>
<Switch20>
13
</Switch20>
<Switch21>
18
</Switch21>
<Switch22>
3
</Switch22>
<Switch23>
15
</Switch23>
<Switch24>
12
</Switch24>
<Switch25>
1
</Switch25>
<Switch26>
8
</Switch26>
<Switch27>
8
</Switch27>
<Switch28>
5
</Switch28>
<Switch29>
0
</Switch29>
<Switch30>
17
</Switch30>
<Switch31>
16
</Switch31>
<Switch32>
12
</Switch32>
<Switch33>
4
</Switch33>
<Switch34>
6
</Switch34>
<Switch35>
3
</Switch35>
<Switch36>
19
</Switch36>
<Switch37>
8
</Switch37>
<Switch38>
11
</Switch38>
<Switch39>
6
</Switch39>
<Switch40>
16
</Switch40>
<Switch41>
3
</Switch41>
<Switch42>
4
</Switch42>
<Switch43>
7
</Switch43>
<Switch44>
3
</Switch44>
<Switch45>
2
</Switch45>
<Switch46>
5
</Switch46>
<Switch47>
11
</Switch47>
<Switch48>
5
</Switch48>
<Switch49>
10
</Switch49>
<Switch50>
19
</Switch50>
<Switch51>
12
</Switch51>
<Switch52>
12
</Switch52>
<Switch53>
7
</Switch53>
<Switch54>
10
</Switch54>
<Switch55>
15
</Switch55>
<Switch56>
19
</Switch56>
<Switch57>
5
</Switch57>
<Switch58>
8
</Switch58>
<Switch59>
12
</Switch59>
<Switch60>
0
</Switch60>
<Switch61>
12
</Switch61>
<Switch62>
3
</Switch62>
<Switch63>
9
</Switch63>
<Switch64>
9
</Switch64>
<Switch65>
19
</Switch65>
<Switch66>
3
</Switch66>
<Switch67>
10
</Switch67>
<Switch68>
5
</Switch68>
<Switch69>
7
</Switch69>
<Switch70>
11
</Switch70>
<Switch71>
10
</Switch71>
<Switch72>
17
</Switch72>
<Switch73>
7
</Switch73>
<Switch74>
6
</Switch74>
<Switch75>
7
</Switch75>
<Switch76>
0
</Switch76>
<Switch77>
0
</Switch77>
<Switch78>
10
</Switch78>
<Switch79>
16
</Switch79>
<Switch80>
15
</Switch80>
<Switch81>
9
</Switch81>
<Switch82>
1
</Switch82>
<Switch83>
8
</Switch83>
<Switch84>
1
</Switch84>
<Switch85>
0
</Switch85>
<Switch86>
4
</Switch86>
<Switch87>
19
</Switch87>
<Switch88>
7
</Switch88>
<Switch89>
16
</Switch89>
<Switch90>
13
</Switch90>
<Switch91>
1
</Switch91>
<Switch92>
4
</Switch92>
<Switch93>
12
</Switch93>
<Switch94>
12
</Switch94>
<Switch95>
11
</Switch95>
<Switch96>
17
</Switch96>
<Switch97>
19
</Switch97>
<Switch98>
14
</Switch98>
<Switch99>
19
</Switch99>
<Switch100>
12
</Switch100>
<Switch101>
3
</Switch101>
<Switch102>
15
</Switch102>
<Switch103>
8
</Switch103>
<Switch104>
10
</Switch104>
<Switch105>
15
</Switch105>
<Switch106>
6
</Switch106>
<Switch107>
14
</Switch107>
<Switch108>
19
</Switch108>
<Switch109>
19
</Switch109>
<Switch110>
19
</Switch110>
<Switch111>
4
</Switch111>
<Switch112>
2
</Switch112>
<Switch113>
15
</Switch113>
<Switch114>
2
</Switch114>
<Switch115>
7
</Switch115>
<Switch116>
6
</Switch116>
<Switch117>
0
</Switch117>
<Switch118>
10
</Switch118>
<Switch119>
12
</Switch119>
<Switch120>
14
</Switch120>
<Switch121>
8
</Switch121>
<Switch122>
14
</Switch122>
<Switch123>
3
</Switch123>
<Switch124>
0
</Switch124>
<Switch125>
5
</Switch125>
<Switch126>
3
</Switch126>
<Switch127>
7
</Switch127>
<Switch128>
12
</Switch128>
<Switch129>
8
</Switch129>
<Switch130>
14
</Switch130>
<Switch131>
5
</Switch131>
<Switch132>
4
</Switch132>
<Switch133>
0
</Switch133>
<Switch134>
10
</Switch134>
<Switch135>
16
</Switch135>
<Switch136>
15
</Switch136>
<Switch137>
6
</Switch137>
<Switch138>
1
</Switch138>
<Switch139>
12
</Switch139>
<Switch140>
5
</Switch140>
<Switch141>
18
</Switch141>
<Switch142>
6
</Switch142>
<Switch143>
4
</Switch143>
<Switch144>
10
</Switch144>
<Switch145>
7
</Switch145>
<Switch146>
2
</Switch146>
<Switch147>
2
</Switch147>
<Switch148>
15
</Switch148>
<Switch149>
7
</Switch149>
<Switch150>
11
</Switch150>
<Switch151>
17
</Switch151>
<Switch152>
2
</Switch152>
<Switch153>
7
</Switch153>
<Switch154>
14
</Switch154>
<Switch155>
2
</Switch155>
<Switch156>
0
</Switch156>
<Switch157>
2
</Switch157>
<Switch158>
9
</Switch158>
<Switch159>
12
</Switch159>
<Switch160>
10
</Switch160>
<Switch161>
10
</Switch161>
<Switch162>
7
</Switch162>
<Switch163>
6
</Switch163>
<Switch164>
14
</Switch164>
<Switch165>
7
</Switch165>
<Switch166>
1
</Switch166>
<Switch167>
4
</Switch167>
<Switch168>
8
</Switch168>
<Switch169>
19
</Switch169>
<Switch170>
9
</Switch170>
<Switch171>
13
</Switch171>
<Switch172>
1
</Switch172>
<Switch173>
18
</Switch173>
<Switch174>
0
</Switch174>
<Switch175>
11
</Switch175>
<Switch176>
7
</Switch176>
<Switch177>
15
</Switch177>
<Switch178>
17
</Switch178>
<Switch179>
10
</Switch179>
<Switch180>
19
</Switch180>
<Switch181>
14
</Switch181>
<Switch182>
9
</Switch182>
<Switch183>
19
</Switch183>
<Switch184>
4
</Switch184>
<Switch185>
6
</Switch185>
<Switch186>
0
</Switch186>
<Switch187>
14
</Switch187>
<Switch188>
1
</Switch188>
<Switch189>
19
</Switch189>
<Switch190>
2
</Switch190>
<Switch191>
19
</Switch191>
<Switch192>
7
</Switch192>
<Switch193>
0
</Switch193>
<Switch194>
9
</Switch194>
<Switch195>
13
</Switch195>
<Switch196>
5
</Switch196>
<Switch197>
18
</Switch197>
<Switch198>
19
</Switch198>
<Switch199>
13
</Switch199>
<Switch200>
13
</Switch200>
<Switch201>
13
</Switch201>
<Switch202>
4
</Switch202>
<Switch203>
5
</Switch203>
<Switch204>
4
</Switch204>
<Switch205>
17
</Switch205>
<Switch206>
0
</Switch206>
<Switch207>
18
</Switch207>
<Switch208>
5
</Switch208>
<Switch209>
9
</Switch209>
<Switch210>
11
</Switch210>
<Switch211>
1
</Switch211>
<Switch212>
6
</Switch212>
<Switch213>
8
</Switch213>
<Switch214>
5
</Switch214>
<Switch215>
18
</Switch215>
<Switch216>
0
</Switch216>
<Switch217>
0
</Switch217>
<Switch218>
9
</Switch218>
<Switch219>
11
</Switch219>
<Switch220>
11
</Switch220>
<Switch221>
16
</Switch221>
<Switch222>
1
</Switch222>
<Switch223>
19
</Switch223>
<Switch224>
3
</Switch224>
<Switch225>
3
</Switch225>
<Switch226>
1
</Switch226>
<Switch227>
18
</Switch227>
<Switch228>
17
</Switch228>
<Switch229>
3
</Switch229>
<Switch230>
13
</Switch230>
<Switch231>
10
</Switch231>
<Switch232>
17
</Switch232>
<Switch233>
17
</Switch233>
<Switch234>
9
</Switch234>
<Switch235>
4
</Switch235>
<Switch236>
17
</Switch236>
<Switch237>
6
</Switch237>
<Switch238>
4
</Switch238>
<Switch239>
9
</Switch239>
<Switch240>
7
</Switch240>
<Switch241>
14
</Switch241>
<Switch242>
17
</Switch242>
<Switch243>
1
</Switch243>
<Switch244>
13
</Switch244>
<Switch245>
1
</Switch245>
<Switch246>
11
</Switch246>
<Switch247>
5
</Switch247>
<Switch248>
2
</Switch248>
<Switch249>
3
</Switch249>
<Switch250>
2
</Switch250>
<Switch251>
13
</Switch251>
<Switch252>
16
</Switch252>
<Switch253>
6
</Switch253>
<Switch254>
3
</Switch254>
<Switch255>
0
</Switch255>
<Switch256>
13
</Switch256>
<Switch257>
15
</Switch257>
<Switch258>
9
</Switch258>
<Switch259>
5
</Switch259>
<Switch260>
11
</Switch260>
<Switch261>
6
</Switch261>
<Switch262>
19
</Switch262>
<Switch263>
16
</Switch263>
<Switch264>
6
</Switch264>
<Switch265>
7
</Switch265>
<Switch266>
12
</Switch266>
<Switch267>
18
</Switch267>
<Switch268>
0
</Switch268>
<Switch269>
5
</Switch269>
<Switch270>
17
</Switch270>
<Switch271>
11
</Switch271>
<Switch272>
19
</Switch272>
<Switch273>
2
</Switch273>
<Switch274>
17
</Switch274>
<Switch275>
12
</Switch275>
<Switch276>
15
</Switch276>
<Switch277>
14
</Switch277>
<Switch278>
2
</Switch278>
<Switch279>
4
</Switch279>
<Switch280>
14
</Switch280>
<Switch281>
1
</Switch281>
<Switch282>
8
</Switch282>
<Switch283>
12
</Switch283>
<Switch284>
14
</Switch284>
<Switch285>
4
</Switch285>
<Switch286>
0
</Switch286>
<Switch287>
0
</Switch287>
<Switch288>
11
</Switch288>
<Switch289>
8
</Switch289>
<Switch290>
19
</Switch290>
<Switch291>
10
</Switch291>
<Switch292>
7
</Switch292>
<Switch293>
17
</Switch293>
<Switch294>
17
</Switch294>
<Switch295>
14
</Switch295>
<Switch296>
10
</Switch296>
<Switch297>
18
</Switch297>
<Switch298>
1
</Switch298>
<Switch299>
19
</Switch299>
<Switch300>
18
</Switch300>
<Switch301>
15
</Switch301>
<Switch302>
7
</Switch302>
<Switch303>
0
</Switch303>
<Switch304>
8
</Switch304>
<Switch305>
5
</Switch305>
<Switch306>
13
</Switch306>
<Switch307>
15
</Switch307>
<Switch308>
5
</Switch308>
<Switch309>
17
</Switch309>
<Switch310>
15
</Switch310>
<Switch311>
4
</Switch311>
<Switch312>
8
</Switch312>
<Switch313>
15
</Switch313>
<Switch314>
5
</Switch314>
<Switch315>
16
</Switch315>
<Switch316>
1
</Switch316>
<Switch317>
2
</Switch317>
<Switch318>
4
</Switch318>
<Switch319>
9
</Switch319>
<Switch320>
15
</Switch320>
<Switch321>
9
</Switch321>
<Switch322>
18
</Switch322>
<Switch323>
1
</Switch323>
<Switch324>
19
</Switch324>
<Switch325>
2
</Switch325>
<Switch326>
14
</Switch326>
<Switch327>
5
</Switch327>
<Switch328>
15
</Switch328>
<Switch329>
3
</Switch329>
<Switch330>
16
</Switch330>
<Switch331>
3
</Switch331>
<Switch332>
14
</Switch332>
<Switch333>
6
</Switch333>
<Switch334>
1
</Switch334>
<Switch335>
1
</Switch335>
<Switch336>
5
</Switch336>
<Switch337>
14
</Switch337>
<Switch338>
8
</Switch338>
<Switch339>
19
</Switch339>
<Switch340>
6
</Switch340>
<Switch341>
0
</Switch341>
<Switch342>
13
</Switch342>
<Switch343>
9
</Switch343>
<Switch344>
12
</Switch344>
<Switch345>
17
</Switch345>
<Switch346>
11
</Switch346>
<Switch347>
17
</Switch347>
<Switch348>
12
</Switch348>
<Switch349>
0
</Switch349>
<Switch350>
14
</Switch350>
<Switch351>
15
</Switch351>
<Switch352>
19
</Switch352>
<Switch353>
16
</Switch353>
<Switch354>
2
</Switch354>
<Switch355>
18
</Switch355>
<Switch356>
18
</Switch356>
<Switch357>
8
</Switch357>
<Switch358>
7
</Switch358>
<Switch359>
16
</Switch359>
<Switch360>
7
</Switch360>
<Switch361>
7
</Switch361>
<Switch362>
6
</Switch362>
<Switch363>
11
</Switch363>
<Switch364>
13
</Switch364>
<Switch365>
17
</Switch365>
<Switch366>
0
</Switch366>
<Switch367>
6
</Switch367>
<Switch368>
19
</Switch368>
<Switch369>
6
</Switch369>
<Switch370>
18
</Switch370>
<Switch371>
11
</Switch371>
<Switch372>
10
</Switch372>
<Switch373>
15
</Switch373>
<Switch374>
17
</Switch374>
<Switch375>
18
</Switch375>
<Switch376>
6
</Switch376>
<Switch377>
14
</Switch377>
<Switch378>
13
</Switch378>
<Switch379>
16
</Switch379>
<Switch380>
19
</Switch380>
<Switch381>
3
</Switch381>
<Switch382>
6
</Switch382>
<Switch383>
11
</Switch383>
<Switch384>
13
</Switch384>
<Switch385>
19
</Switch385>
<Switch386>
3
</Switch386>
<Switch387>
9
</Switch387>
<Switch388>
5
</Switch388>
<Switch389>
12
</Switch389>
<Switch390>
11
</Switch390>
<Switch391>
5
</Switch391>
<Switch392>
11
</Switch392>
<Switch393>
7
</Switch393>
<Switch394>
5
</Switch394>
<Switch395>
9
</Switch395>
<Switch396>
10
</Switch396>
<Switch397>
5
</Switch397>
<Switch398>
15
</Switch398>
<Switch399>
18
</Switch399>
<Switch400>
19
</Switch400>
<Switch401>
17
</Switch401>
<Switch402>
15
</Switch402>
<Switch403>
18
</Switch403>
<Switch404>
6
</Switch404>
<Switch405>
4
</Switch405>
<Switch406>
19
</Switch406>
<Switch407>
4
</Switch407>
<Switch408>
1
</Switch408>
<Switch409>
15
</Switch409>
<Switch410>
4
</Switch410>
<Switch411>
19
</Switch411>
<Switch412>
15
</Switch412>
<Switch413>
14
</Switch413>
<Switch414>
6
</Switch414>
<Switch415>
12
</Switch415>
<Switch416>
14
</Switch416>
<Switch417>
19
</Switch417>
<Switch418>
5
</Switch418>
<Switch419>
2
</Switch419>
<Switch420>
2
</Switch420>
<Switch421>
17
</Switch421>
<Switch422>
16
</Switch422>
<Switch423>
16
</Switch423>
<Switch424>
7
</Switch424>
<Switch425>
14
</Switch425>
<Switch426>
7
</Switch426>
<Switch427>
2
</Switch427>
<Switch428>
5
</Switch428>
<Switch429>
8
</Switch429>
<Switch430>
8
</Switch430>
<Switch431>
6
</Switch431>
<Switch432>
19
</Switch432>
<Switch433>
7
</Switch433>
<Switch434>
12
</Switch434>
<Switch435>
14
</Switch435>
<Switch436>
17
</Switch436>
<Switch437>
1
</Switch437>
<Switch438>
3
</Switch438>
<Switch439>
14
</Switch439>
<Switch440>
15
</Switch440>
<Switch441>
0
</Switch441>
<Switch442>
6
</Switch442>
<Switch443>
3
</Switch443>
<Switch444>
7
</Switch444>
<Switch445>
14
</Switch445>
<Switch446>
8
</Switch446>
<Switch447>
7
</Switch447>
<Switch448>
6
</Switch448>
<Switch449>
7
</Switch449>
<Switch450>
13
</Switch450>
<Switch451>
9
</Switch451>
<Switch452>
0
</Switch452>
<Switch453>
3
</Switch453>
<Switch454>
19
</Switch454>
<Switch455>
6
</Switch455>
<Switch456>
11
</Switch456>
<Switch457>
7
</Switch457>
<Switch458>
3
</Switch458>
<Switch459>
2
</Switch459>
<Switch460>
7
</Switch460>
<Switch461>
5
</Switch461>
<Switch462>
8
</Switch462>
<Switch463>
13
</Switch463>
<Switch464>
12
</Switch464>
<Switch465>
8
</Switch465>
<Switch466>
7
</Switch466>
<Switch467>
13
</Switch467>
<Switch468>
15
</Switch468>
<Switch469>
5
</Switch469>
<Switch470>
8
</Switch470>
<Switch471>
13
</Switch471>
<Switch472>
18
</Switch472>
<Switch473>
1
</Switch473>
<Switch474>
8
</Switch474>
<Switch475>
0
</Switch475>
<Switch476>
16
</Switch476>
<Switch477>
13
</Switch477>
<Switch478>
16
</Switch478>
<Switch479>
12
</Switch479>
<Switch480>
1
</Switch480>
<Switch481>
17
</Switch481>
<Switch482>
6
</Switch482>
<Switch483>
3
</Switch483>
<Switch484>
12
</Switch484>
<Switch485>
18
</Switch485>
<Switch486>
19
</Switch486>
<Switch487>
14
</Switch487>
</BaseID:105>
