<?xml version="1.0"?>

<BaseID:1050>
<Switch1>
10
</Switch1>
<Switch2>
0
</Switch2>
<Switch3>
1
</Switch3>
<Switch4>
3
</Switch4>
<Switch5>
4
</Switch5>
<Switch6>
4
</Switch6>
<Switch7>
0
</Switch7>
<Switch8>
19
</Switch8>
<Switch9>
16
</Switch9>
<Switch10>
6
</Switch10>
<Switch11>
12
</Switch11>
<Switch12>
3
</Switch12>
<Switch13>
19
</Switch13>
<Switch14>
2
</Switch14>
<Switch15>
14
</Switch15>
<Switch16>
4
</Switch16>
<Switch17>
7
</Switch17>
<Switch18>
4
</Switch18>
<Switch19>
6
</Switch19>
<Switch20>
19
</Switch20>
<Switch21>
5
</Switch21>
<Switch22>
2
</Switch22>
<Switch23>
2
</Switch23>
<Switch24>
1
</Switch24>
<Switch25>
4
</Switch25>
<Switch26>
12
</Switch26>
<Switch27>
12
</Switch27>
<Switch28>
10
</Switch28>
<Switch29>
10
</Switch29>
<Switch30>
9
</Switch30>
<Switch31>
17
</Switch31>
<Switch32>
11
</Switch32>
<Switch33>
6
</Switch33>
<Switch34>
18
</Switch34>
<Switch35>
7
</Switch35>
<Switch36>
10
</Switch36>
<Switch37>
15
</Switch37>
<Switch38>
1
</Switch38>
<Switch39>
13
</Switch39>
<Switch40>
9
</Switch40>
<Switch41>
4
</Switch41>
<Switch42>
12
</Switch42>
<Switch43>
9
</Switch43>
<Switch44>
2
</Switch44>
<Switch45>
11
</Switch45>
<Switch46>
10
</Switch46>
<Switch47>
3
</Switch47>
<Switch48>
1
</Switch48>
<Switch49>
17
</Switch49>
<Switch50>
11
</Switch50>
<Switch51>
18
</Switch51>
<Switch52>
6
</Switch52>
<Switch53>
17
</Switch53>
<Switch54>
11
</Switch54>
<Switch55>
16
</Switch55>
<Switch56>
11
</Switch56>
<Switch57>
13
</Switch57>
<Switch58>
12
</Switch58>
<Switch59>
3
</Switch59>
<Switch60>
2
</Switch60>
<Switch61>
6
</Switch61>
<Switch62>
17
</Switch62>
<Switch63>
3
</Switch63>
<Switch64>
16
</Switch64>
<Switch65>
14
</Switch65>
<Switch66>
11
</Switch66>
<Switch67>
14
</Switch67>
<Switch68>
5
</Switch68>
<Switch69>
9
</Switch69>
<Switch70>
0
</Switch70>
<Switch71>
0
</Switch71>
<Switch72>
8
</Switch72>
<Switch73>
9
</Switch73>
<Switch74>
19
</Switch74>
<Switch75>
13
</Switch75>
<Switch76>
4
</Switch76>
<Switch77>
8
</Switch77>
<Switch78>
7
</Switch78>
<Switch79>
5
</Switch79>
<Switch80>
17
</Switch80>
<Switch81>
5
</Switch81>
<Switch82>
12
</Switch82>
<Switch83>
7
</Switch83>
<Switch84>
16
</Switch84>
<Switch85>
10
</Switch85>
<Switch86>
7
</Switch86>
<Switch87>
9
</Switch87>
<Switch88>
9
</Switch88>
<Switch89>
8
</Switch89>
<Switch90>
15
</Switch90>
<Switch91>
15
</Switch91>
<Switch92>
11
</Switch92>
<Switch93>
16
</Switch93>
<Switch94>
4
</Switch94>
<Switch95>
2
</Switch95>
<Switch96>
11
</Switch96>
<Switch97>
11
</Switch97>
<Switch98>
5
</Switch98>
<Switch99>
13
</Switch99>
<Switch100>
3
</Switch100>
<Switch101>
17
</Switch101>
<Switch102>
11
</Switch102>
<Switch103>
0
</Switch103>
<Switch104>
6
</Switch104>
<Switch105>
8
</Switch105>
<Switch106>
16
</Switch106>
<Switch107>
2
</Switch107>
<Switch108>
8
</Switch108>
<Switch109>
0
</Switch109>
<Switch110>
10
</Switch110>
<Switch111>
5
</Switch111>
<Switch112>
4
</Switch112>
<Switch113>
3
</Switch113>
<Switch114>
19
</Switch114>
<Switch115>
0
</Switch115>
<Switch116>
2
</Switch116>
<Switch117>
15
</Switch117>
<Switch118>
11
</Switch118>
<Switch119>
5
</Switch119>
<Switch120>
11
</Switch120>
<Switch121>
15
</Switch121>
<Switch122>
6
</Switch122>
<Switch123>
8
</Switch123>
<Switch124>
0
</Switch124>
<Switch125>
4
</Switch125>
<Switch126>
12
</Switch126>
<Switch127>
5
</Switch127>
<Switch128>
11
</Switch128>
<Switch129>
8
</Switch129>
<Switch130>
7
</Switch130>
<Switch131>
18
</Switch131>
<Switch132>
6
</Switch132>
<Switch133>
17
</Switch133>
<Switch134>
15
</Switch134>
<Switch135>
5
</Switch135>
<Switch136>
10
</Switch136>
<Switch137>
8
</Switch137>
<Switch138>
14
</Switch138>
<Switch139>
18
</Switch139>
<Switch140>
3
</Switch140>
<Switch141>
17
</Switch141>
<Switch142>
3
</Switch142>
<Switch143>
0
</Switch143>
<Switch144>
13
</Switch144>
<Switch145>
12
</Switch145>
<Switch146>
1
</Switch146>
<Switch147>
6
</Switch147>
<Switch148>
15
</Switch148>
<Switch149>
6
</Switch149>
<Switch150>
16
</Switch150>
<Switch151>
0
</Switch151>
<Switch152>
6
</Switch152>
<Switch153>
6
</Switch153>
<Switch154>
16
</Switch154>
<Switch155>
0
</Switch155>
<Switch156>
10
</Switch156>
<Switch157>
5
</Switch157>
<Switch158>
3
</Switch158>
<Switch159>
16
</Switch159>
<Switch160>
16
</Switch160>
<Switch161>
5
</Switch161>
<Switch162>
13
</Switch162>
<Switch163>
18
</Switch163>
<Switch164>
2
</Switch164>
<Switch165>
3
</Switch165>
<Switch166>
12
</Switch166>
<Switch167>
0
</Switch167>
<Switch168>
7
</Switch168>
<Switch169>
18
</Switch169>
<Switch170>
17
</Switch170>
<Switch171>
9
</Switch171>
<Switch172>
13
</Switch172>
<Switch173>
5
</Switch173>
<Switch174>
13
</Switch174>
<Switch175>
13
</Switch175>
<Switch176>
2
</Switch176>
<Switch177>
7
</Switch177>
<Switch178>
17
</Switch178>
<Switch179>
17
</Switch179>
<Switch180>
8
</Switch180>
<Switch181>
13
</Switch181>
<Switch182>
5
</Switch182>
<Switch183>
11
</Switch183>
<Switch184>
16
</Switch184>
<Switch185>
16
</Switch185>
<Switch186>
13
</Switch186>
<Switch187>
9
</Switch187>
<Switch188>
12
</Switch188>
<Switch189>
5
</Switch189>
<Switch190>
6
</Switch190>
<Switch191>
0
</Switch191>
<Switch192>
18
</Switch192>
<Switch193>
7
</Switch193>
<Switch194>
12
</Switch194>
<Switch195>
12
</Switch195>
<Switch196>
16
</Switch196>
<Switch197>
17
</Switch197>
<Switch198>
9
</Switch198>
<Switch199>
11
</Switch199>
<Switch200>
7
</Switch200>
<Switch201>
17
</Switch201>
<Switch202>
9
</Switch202>
<Switch203>
9
</Switch203>
<Switch204>
17
</Switch204>
<Switch205>
13
</Switch205>
<Switch206>
2
</Switch206>
<Switch207>
11
</Switch207>
<Switch208>
10
</Switch208>
<Switch209>
0
</Switch209>
<Switch210>
19
</Switch210>
<Switch211>
16
</Switch211>
<Switch212>
0
</Switch212>
<Switch213>
5
</Switch213>
<Switch214>
0
</Switch214>
<Switch215>
16
</Switch215>
<Switch216>
6
</Switch216>
<Switch217>
9
</Switch217>
<Switch218>
13
</Switch218>
<Switch219>
7
</Switch219>
<Switch220>
3
</Switch220>
<Switch221>
19
</Switch221>
<Switch222>
5
</Switch222>
<Switch223>
19
</Switch223>
<Switch224>
0
</Switch224>
<Switch225>
1
</Switch225>
<Switch226>
11
</Switch226>
<Switch227>
6
</Switch227>
<Switch228>
16
</Switch228>
<Switch229>
1
</Switch229>
<Switch230>
11
</Switch230>
<Switch231>
4
</Switch231>
<Switch232>
5
</Switch232>
<Switch233>
6
</Switch233>
<Switch234>
3
</Switch234>
<Switch235>
15
</Switch235>
<Switch236>
15
</Switch236>
<Switch237>
9
</Switch237>
<Switch238>
12
</Switch238>
<Switch239>
9
</Switch239>
<Switch240>
5
</Switch240>
<Switch241>
16
</Switch241>
<Switch242>
16
</Switch242>
<Switch243>
8
</Switch243>
<Switch244>
8
</Switch244>
<Switch245>
10
</Switch245>
<Switch246>
7
</Switch246>
<Switch247>
17
</Switch247>
<Switch248>
4
</Switch248>
<Switch249>
10
</Switch249>
<Switch250>
1
</Switch250>
<Switch251>
8
</Switch251>
<Switch252>
14
</Switch252>
<Switch253>
18
</Switch253>
<Switch254>
15
</Switch254>
<Switch255>
19
</Switch255>
<Switch256>
16
</Switch256>
<Switch257>
0
</Switch257>
<Switch258>
10
</Switch258>
<Switch259>
17
</Switch259>
<Switch260>
13
</Switch260>
<Switch261>
4
</Switch261>
<Switch262>
14
</Switch262>
<Switch263>
10
</Switch263>
<Switch264>
1
</Switch264>
<Switch265>
4
</Switch265>
<Switch266>
2
</Switch266>
<Switch267>
10
</Switch267>
<Switch268>
8
</Switch268>
<Switch269>
13
</Switch269>
<Switch270>
11
</Switch270>
<Switch271>
4
</Switch271>
<Switch272>
7
</Switch272>
<Switch273>
3
</Switch273>
<Switch274>
19
</Switch274>
<Switch275>
8
</Switch275>
<Switch276>
7
</Switch276>
<Switch277>
0
</Switch277>
<Switch278>
7
</Switch278>
<Switch279>
1
</Switch279>
<Switch280>
15
</Switch280>
<Switch281>
18
</Switch281>
<Switch282>
0
</Switch282>
<Switch283>
1
</Switch283>
<Switch284>
10
</Switch284>
<Switch285>
12
</Switch285>
<Switch286>
17
</Switch286>
<Switch287>
6
</Switch287>
<Switch288>
17
</Switch288>
<Switch289>
7
</Switch289>
<Switch290>
6
</Switch290>
<Switch291>
8
</Switch291>
<Switch292>
0
</Switch292>
<Switch293>
14
</Switch293>
<Switch294>
14
</Switch294>
<Switch295>
9
</Switch295>
<Switch296>
7
</Switch296>
<Switch297>
19
</Switch297>
<Switch298>
18
</Switch298>
<Switch299>
4
</Switch299>
<Switch300>
12
</Switch300>
<Switch301>
17
</Switch301>
<Switch302>
17
</Switch302>
<Switch303>
5
</Switch303>
<Switch304>
4
</Switch304>
<Switch305>
19
</Switch305>
<Switch306>
0
</Switch306>
<Switch307>
10
</Switch307>
<Switch308>
14
</Switch308>
<Switch309>
7
</Switch309>
<Switch310>
11
</Switch310>
<Switch311>
8
</Switch311>
<Switch312>
17
</Switch312>
<Switch313>
17
</Switch313>
<Switch314>
15
</Switch314>
<Switch315>
13
</Switch315>
<Switch316>
19
</Switch316>
<Switch317>
3
</Switch317>
<Switch318>
11
</Switch318>
<Switch319>
6
</Switch319>
<Switch320>
11
</Switch320>
<Switch321>
19
</Switch321>
<Switch322>
14
</Switch322>
<Switch323>
13
</Switch323>
<Switch324>
0
</Switch324>
<Switch325>
15
</Switch325>
<Switch326>
15
</Switch326>
<Switch327>
13
</Switch327>
<Switch328>
10
</Switch328>
<Switch329>
0
</Switch329>
<Switch330>
15
</Switch330>
<Switch331>
18
</Switch331>
<Switch332>
6
</Switch332>
<Switch333>
1
</Switch333>
<Switch334>
1
</Switch334>
<Switch335>
13
</Switch335>
<Switch336>
12
</Switch336>
<Switch337>
19
</Switch337>
<Switch338>
19
</Switch338>
<Switch339>
12
</Switch339>
<Switch340>
5
</Switch340>
<Switch341>
19
</Switch341>
<Switch342>
10
</Switch342>
<Switch343>
14
</Switch343>
<Switch344>
19
</Switch344>
<Switch345>
8
</Switch345>
<Switch346>
12
</Switch346>
<Switch347>
18
</Switch347>
<Switch348>
12
</Switch348>
<Switch349>
16
</Switch349>
<Switch350>
1
</Switch350>
<Switch351>
14
</Switch351>
<Switch352>
14
</Switch352>
<Switch353>
6
</Switch353>
<Switch354>
2
</Switch354>
<Switch355>
17
</Switch355>
<Switch356>
1
</Switch356>
<Switch357>
11
</Switch357>
<Switch358>
8
</Switch358>
<Switch359>
14
</Switch359>
<Switch360>
12
</Switch360>
<Switch361>
18
</Switch361>
<Switch362>
18
</Switch362>
<Switch363>
12
</Switch363>
<Switch364>
7
</Switch364>
<Switch365>
4
</Switch365>
<Switch366>
10
</Switch366>
<Switch367>
10
</Switch367>
<Switch368>
7
</Switch368>
<Switch369>
4
</Switch369>
<Switch370>
13
</Switch370>
<Switch371>
6
</Switch371>
<Switch372>
19
</Switch372>
<Switch373>
4
</Switch373>
<Switch374>
3
</Switch374>
<Switch375>
11
</Switch375>
<Switch376>
2
</Switch376>
<Switch377>
7
</Switch377>
<Switch378>
9
</Switch378>
<Switch379>
13
</Switch379>
<Switch380>
9
</Switch380>
<Switch381>
19
</Switch381>
<Switch382>
19
</Switch382>
<Switch383>
11
</Switch383>
<Switch384>
2
</Switch384>
<Switch385>
7
</Switch385>
<Switch386>
6
</Switch386>
<Switch387>
3
</Switch387>
<Switch388>
5
</Switch388>
<Switch389>
18
</Switch389>
<Switch390>
18
</Switch390>
<Switch391>
16
</Switch391>
<Switch392>
0
</Switch392>
<Switch393>
17
</Switch393>
<Switch394>
6
</Switch394>
<Switch395>
17
</Switch395>
<Switch396>
14
</Switch396>
<Switch397>
12
</Switch397>
<Switch398>
5
</Switch398>
<Switch399>
14
</Switch399>
<Switch400>
5
</Switch400>
<Switch401>
8
</Switch401>
<Switch402>
17
</Switch402>
<Switch403>
6
</Switch403>
<Switch404>
12
</Switch404>
<Switch405>
2
</Switch405>
<Switch406>
11
</Switch406>
<Switch407>
0
</Switch407>
<Switch408>
16
</Switch408>
<Switch409>
0
</Switch409>
<Switch410>
9
</Switch410>
<Switch411>
18
</Switch411>
<Switch412>
15
</Switch412>
<Switch413>
17
</Switch413>
<Switch414>
0
</Switch414>
<Switch415>
19
</Switch415>
<Switch416>
11
</Switch416>
<Switch417>
19
</Switch417>
<Switch418>
11
</Switch418>
<Switch419>
12
</Switch419>
<Switch420>
17
</Switch420>
<Switch421>
19
</Switch421>
<Switch422>
5
</Switch422>
<Switch423>
4
</Switch423>
<Switch424>
2
</Switch424>
<Switch425>
14
</Switch425>
<Switch426>
15
</Switch426>
<Switch427>
14
</Switch427>
<Switch428>
8
</Switch428>
<Switch429>
4
</Switch429>
<Switch430>
18
</Switch430>
<Switch431>
16
</Switch431>
<Switch432>
10
</Switch432>
<Switch433>
3
</Switch433>
<Switch434>
15
</Switch434>
<Switch435>
9
</Switch435>
<Switch436>
5
</Switch436>
<Switch437>
12
</Switch437>
<Switch438>
10
</Switch438>
<Switch439>
3
</Switch439>
<Switch440>
15
</Switch440>
<Switch441>
17
</Switch441>
<Switch442>
1
</Switch442>
<Switch443>
16
</Switch443>
<Switch444>
17
</Switch444>
<Switch445>
3
</Switch445>
<Switch446>
5
</Switch446>
<Switch447>
16
</Switch447>
<Switch448>
14
</Switch448>
<Switch449>
13
</Switch449>
<Switch450>
16
</Switch450>
<Switch451>
4
</Switch451>
<Switch452>
0
</Switch452>
<Switch453>
16
</Switch453>
<Switch454>
17
</Switch454>
<Switch455>
9
</Switch455>
<Switch456>
6
</Switch456>
<Switch457>
0
</Switch457>
<Switch458>
18
</Switch458>
<Switch459>
18
</Switch459>
<Switch460>
16
</Switch460>
<Switch461>
19
</Switch461>
<Switch462>
16
</Switch462>
<Switch463>
16
</Switch463>
<Switch464>
2
</Switch464>
<Switch465>
15
</Switch465>
<Switch466>
8
</Switch466>
<Switch467>
2
</Switch467>
<Switch468>
10
</Switch468>
<Switch469>
12
</Switch469>
<Switch470>
0
</Switch470>
<Switch471>
14
</Switch471>
<Switch472>
9
</Switch472>
<Switch473>
6
</Switch473>
<Switch474>
4
</Switch474>
<Switch475>
12
</Switch475>
<Switch476>
17
</Switch476>
<Switch477>
12
</Switch477>
<Switch478>
18
</Switch478>
<Switch479>
0
</Switch479>
<Switch480>
9
</Switch480>
<Switch481>
2
</Switch481>
<Switch482>
1
</Switch482>
<Switch483>
14
</Switch483>
<Switch484>
19
</Switch484>
<Switch485>
15
</Switch485>
<Switch486>
18
</Switch486>
<Switch487>
3
</Switch487>
<Switch488>
8
</Switch488>
<Switch489>
0
</Switch489>
<Switch490>
14
</Switch490>
<Switch491>
3
</Switch491>
<Switch492>
15
</Switch492>
<Switch493>
10
</Switch493>
<Switch494>
13
</Switch494>
<Switch495>
19
</Switch495>
<Switch496>
1
</Switch496>
<Switch497>
11
</Switch497>
<Switch498>
15
</Switch498>
<Switch499>
3
</Switch499>
<Switch500>
14
</Switch500>
<Switch501>
8
</Switch501>
<Switch502>
0
</Switch502>
<Switch503>
8
</Switch503>
<Switch504>
4
</Switch504>
<Switch505>
10
</Switch505>
<Switch506>
2
</Switch506>
<Switch507>
17
</Switch507>
<Switch508>
8
</Switch508>
<Switch509>
7
</Switch509>
<Switch510>
19
</Switch510>
<Switch511>
13
</Switch511>
<Switch512>
9
</Switch512>
<Switch513>
16
</Switch513>
<Switch514>
14
</Switch514>
<Switch515>
7
</Switch515>
<Switch516>
9
</Switch516>
<Switch517>
10
</Switch517>
<Switch518>
7
</Switch518>
<Switch519>
18
</Switch519>
<Switch520>
8
</Switch520>
<Switch521>
5
</Switch521>
<Switch522>
11
</Switch522>
<Switch523>
6
</Switch523>
<Switch524>
12
</Switch524>
<Switch525>
5
</Switch525>
<Switch526>
19
</Switch526>
<Switch527>
15
</Switch527>
<Switch528>
0
</Switch528>
<Switch529>
0
</Switch529>
<Switch530>
4
</Switch530>
<Switch531>
9
</Switch531>
<Switch532>
5
</Switch532>
<Switch533>
10
</Switch533>
<Switch534>
11
</Switch534>
<Switch535>
13
</Switch535>
<Switch536>
14
</Switch536>
<Switch537>
17
</Switch537>
<Switch538>
7
</Switch538>
<Switch539>
4
</Switch539>
<Switch540>
8
</Switch540>
<Switch541>
16
</Switch541>
<Switch542>
8
</Switch542>
<Switch543>
6
</Switch543>
<Switch544>
10
</Switch544>
<Switch545>
2
</Switch545>
<Switch546>
0
</Switch546>
<Switch547>
3
</Switch547>
<Switch548>
0
</Switch548>
<Switch549>
19
</Switch549>
<Switch550>
13
</Switch550>
<Switch551>
10
</Switch551>
<Switch552>
2
</Switch552>
<Switch553>
0
</Switch553>
<Switch554>
14
</Switch554>
<Switch555>
18
</Switch555>
<Switch556>
4
</Switch556>
<Switch557>
17
</Switch557>
<Switch558>
15
</Switch558>
<Switch559>
10
</Switch559>
<Switch560>
17
</Switch560>
<Switch561>
16
</Switch561>
<Switch562>
19
</Switch562>
<Switch563>
4
</Switch563>
<Switch564>
4
</Switch564>
<Switch565>
12
</Switch565>
<Switch566>
5
</Switch566>
<Switch567>
18
</Switch567>
<Switch568>
5
</Switch568>
<Switch569>
16
</Switch569>
<Switch570>
8
</Switch570>
<Switch571>
5
</Switch571>
<Switch572>
1
</Switch572>
<Switch573>
10
</Switch573>
<Switch574>
8
</Switch574>
<Switch575>
15
</Switch575>
<Switch576>
4
</Switch576>
<Switch577>
1
</Switch577>
<Switch578>
14
</Switch578>
<Switch579>
17
</Switch579>
<Switch580>
8
</Switch580>
<Switch581>
11
</Switch581>
<Switch582>
8
</Switch582>
<Switch583>
11
</Switch583>
<Switch584>
19
</Switch584>
<Switch585>
8
</Switch585>
<Switch586>
5
</Switch586>
<Switch587>
5
</Switch587>
<Switch588>
3
</Switch588>
<Switch589>
0
</Switch589>
<Switch590>
16
</Switch590>
<Switch591>
18
</Switch591>
<Switch592>
1
</Switch592>
<Switch593>
15
</Switch593>
<Switch594>
1
</Switch594>
<Switch595>
7
</Switch595>
<Switch596>
19
</Switch596>
<Switch597>
11
</Switch597>
<Switch598>
14
</Switch598>
<Switch599>
1
</Switch599>
<Switch600>
8
</Switch600>
<Switch601>
18
</Switch601>
<Switch602>
16
</Switch602>
<Switch603>
12
</Switch603>
<Switch604>
18
</Switch604>
<Switch605>
7
</Switch605>
<Switch606>
16
</Switch606>
<Switch607>
9
</Switch607>
<Switch608>
12
</Switch608>
<Switch609>
16
</Switch609>
<Switch610>
13
</Switch610>
<Switch611>
2
</Switch611>
<Switch612>
2
</Switch612>
<Switch613>
14
</Switch613>
<Switch614>
8
</Switch614>
<Switch615>
18
</Switch615>
<Switch616>
5
</Switch616>
<Switch617>
13
</Switch617>
<Switch618>
18
</Switch618>
<Switch619>
16
</Switch619>
<Switch620>
0
</Switch620>
<Switch621>
7
</Switch621>
<Switch622>
4
</Switch622>
<Switch623>
1
</Switch623>
<Switch624>
12
</Switch624>
<Switch625>
16
</Switch625>
<Switch626>
9
</Switch626>
<Switch627>
11
</Switch627>
<Switch628>
17
</Switch628>
<Switch629>
7
</Switch629>
<Switch630>
1
</Switch630>
<Switch631>
0
</Switch631>
<Switch632>
14
</Switch632>
<Switch633>
16
</Switch633>
<Switch634>
19
</Switch634>
<Switch635>
16
</Switch635>
<Switch636>
0
</Switch636>
<Switch637>
17
</Switch637>
<Switch638>
12
</Switch638>
<Switch639>
18
</Switch639>
<Switch640>
4
</Switch640>
<Switch641>
12
</Switch641>
<Switch642>
15
</Switch642>
<Switch643>
18
</Switch643>
<Switch644>
17
</Switch644>
<Switch645>
12
</Switch645>
<Switch646>
0
</Switch646>
<Switch647>
9
</Switch647>
<Switch648>
13
</Switch648>
<Switch649>
8
</Switch649>
<Switch650>
5
</Switch650>
<Switch651>
6
</Switch651>
<Switch652>
3
</Switch652>
<Switch653>
13
</Switch653>
<Switch654>
9
</Switch654>
<Switch655>
6
</Switch655>
<Switch656>
15
</Switch656>
<Switch657>
7
</Switch657>
<Switch658>
3
</Switch658>
<Switch659>
7
</Switch659>
<Switch660>
15
</Switch660>
<Switch661>
8
</Switch661>
<Switch662>
12
</Switch662>
<Switch663>
17
</Switch663>
<Switch664>
17
</Switch664>
<Switch665>
5
</Switch665>
<Switch666>
1
</Switch666>
<Switch667>
18
</Switch667>
<Switch668>
18
</Switch668>
<Switch669>
10
</Switch669>
<Switch670>
12
</Switch670>
<Switch671>
16
</Switch671>
<Switch672>
17
</Switch672>
<Switch673>
8
</Switch673>
<Switch674>
18
</Switch674>
<Switch675>
12
</Switch675>
<Switch676>
18
</Switch676>
<Switch677>
1
</Switch677>
<Switch678>
5
</Switch678>
<Switch679>
2
</Switch679>
<Switch680>
11
</Switch680>
<Switch681>
8
</Switch681>
<Switch682>
16
</Switch682>
<Switch683>
0
</Switch683>
<Switch684>
5
</Switch684>
<Switch685>
0
</Switch685>
<Switch686>
0
</Switch686>
<Switch687>
14
</Switch687>
<Switch688>
0
</Switch688>
<Switch689>
1
</Switch689>
<Switch690>
12
</Switch690>
<Switch691>
12
</Switch691>
<Switch692>
4
</Switch692>
<Switch693>
6
</Switch693>
<Switch694>
17
</Switch694>
<Switch695>
18
</Switch695>
<Switch696>
4
</Switch696>
<Switch697>
9
</Switch697>
<Switch698>
3
</Switch698>
<Switch699>
9
</Switch699>
<Switch700>
13
</Switch700>
<Switch701>
12
</Switch701>
<Switch702>
7
</Switch702>
<Switch703>
10
</Switch703>
<Switch704>
16
</Switch704>
<Switch705>
8
</Switch705>
<Switch706>
17
</Switch706>
<Switch707>
13
</Switch707>
<Switch708>
5
</Switch708>
<Switch709>
17
</Switch709>
<Switch710>
19
</Switch710>
<Switch711>
8
</Switch711>
<Switch712>
15
</Switch712>
<Switch713>
14
</Switch713>
<Switch714>
17
</Switch714>
<Switch715>
18
</Switch715>
<Switch716>
6
</Switch716>
<Switch717>
7
</Switch717>
<Switch718>
17
</Switch718>
<Switch719>
15
</Switch719>
<Switch720>
0
</Switch720>
<Switch721>
13
</Switch721>
<Switch722>
3
</Switch722>
<Switch723>
6
</Switch723>
<Switch724>
13
</Switch724>
<Switch725>
9
</Switch725>
<Switch726>
9
</Switch726>
<Switch727>
10
</Switch727>
<Switch728>
6
</Switch728>
<Switch729>
5
</Switch729>
<Switch730>
8
</Switch730>
<Switch731>
10
</Switch731>
<Switch732>
16
</Switch732>
<Switch733>
4
</Switch733>
<Switch734>
18
</Switch734>
<Switch735>
4
</Switch735>
<Switch736>
7
</Switch736>
<Switch737>
1
</Switch737>
<Switch738>
9
</Switch738>
<Switch739>
13
</Switch739>
<Switch740>
13
</Switch740>
<Switch741>
12
</Switch741>
<Switch742>
2
</Switch742>
<Switch743>
11
</Switch743>
<Switch744>
2
</Switch744>
<Switch745>
1
</Switch745>
<Switch746>
7
</Switch746>
<Switch747>
0
</Switch747>
<Switch748>
1
</Switch748>
<Switch749>
5
</Switch749>
<Switch750>
11
</Switch750>
<Switch751>
19
</Switch751>
<Switch752>
0
</Switch752>
<Switch753>
11
</Switch753>
<Switch754>
8
</Switch754>
<Switch755>
9
</Switch755>
<Switch756>
1
</Switch756>
<Switch757>
8
</Switch757>
<Switch758>
11
</Switch758>
<Switch759>
5
</Switch759>
<Switch760>
9
</Switch760>
<Switch761>
0
</Switch761>
<Switch762>
0
</Switch762>
<Switch763>
5
</Switch763>
<Switch764>
8
</Switch764>
<Switch765>
18
</Switch765>
<Switch766>
5
</Switch766>
<Switch767>
6
</Switch767>
<Switch768>
15
</Switch768>
<Switch769>
10
</Switch769>
<Switch770>
0
</Switch770>
<Switch771>
7
</Switch771>
<Switch772>
11
</Switch772>
<Switch773>
5
</Switch773>
<Switch774>
10
</Switch774>
<Switch775>
11
</Switch775>
<Switch776>
10
</Switch776>
<Switch777>
5
</Switch777>
<Switch778>
3
</Switch778>
<Switch779>
9
</Switch779>
<Switch780>
10
</Switch780>
<Switch781>
16
</Switch781>
<Switch782>
16
</Switch782>
<Switch783>
16
</Switch783>
<Switch784>
18
</Switch784>
<Switch785>
4
</Switch785>
<Switch786>
3
</Switch786>
<Switch787>
16
</Switch787>
<Switch788>
9
</Switch788>
<Switch789>
13
</Switch789>
<Switch790>
5
</Switch790>
<Switch791>
12
</Switch791>
<Switch792>
16
</Switch792>
<Switch793>
7
</Switch793>
<Switch794>
4
</Switch794>
<Switch795>
9
</Switch795>
<Switch796>
16
</Switch796>
<Switch797>
2
</Switch797>
<Switch798>
4
</Switch798>
<Switch799>
12
</Switch799>
<Switch800>
17
</Switch800>
<Switch801>
16
</Switch801>
<Switch802>
13
</Switch802>
<Switch803>
4
</Switch803>
<Switch804>
6
</Switch804>
<Switch805>
10
</Switch805>
<Switch806>
18
</Switch806>
<Switch807>
13
</Switch807>
<Switch808>
4
</Switch808>
<Switch809>
3
</Switch809>
<Switch810>
4
</Switch810>
<Switch811>
1
</Switch811>
<Switch812>
10
</Switch812>
<Switch813>
14
</Switch813>
<Switch814>
10
</Switch814>
<Switch815>
16
</Switch815>
<Switch816>
0
</Switch816>
<Switch817>
15
</Switch817>
<Switch818>
9
</Switch818>
<Switch819>
12
</Switch819>
<Switch820>
17
</Switch820>
<Switch821>
3
</Switch821>
<Switch822>
9
</Switch822>
<Switch823>
13
</Switch823>
<Switch824>
7
</Switch824>
<Switch825>
9
</Switch825>
<Switch826>
3
</Switch826>
<Switch827>
15
</Switch827>
<Switch828>
1
</Switch828>
<Switch829>
4
</Switch829>
<Switch830>
14
</Switch830>
<Switch831>
11
</Switch831>
<Switch832>
15
</Switch832>
<Switch833>
2
</Switch833>
<Switch834>
9
</Switch834>
<Switch835>
4
</Switch835>
<Switch836>
6
</Switch836>
<Switch837>
1
</Switch837>
<Switch838>
7
</Switch838>
<Switch839>
8
</Switch839>
<Switch840>
17
</Switch840>
<Switch841>
10
</Switch841>
<Switch842>
2
</Switch842>
<Switch843>
2
</Switch843>
<Switch844>
9
</Switch844>
<Switch845>
17
</Switch845>
<Switch846>
18
</Switch846>
<Switch847>
2
</Switch847>
<Switch848>
8
</Switch848>
<Switch849>
9
</Switch849>
<Switch850>
1
</Switch850>
<Switch851>
0
</Switch851>
<Switch852>
15
</Switch852>
<Switch853>
9
</Switch853>
<Switch854>
8
</Switch854>
<Switch855>
14
</Switch855>
<Switch856>
6
</Switch856>
<Switch857>
14
</Switch857>
<Switch858>
17
</Switch858>
<Switch859>
15
</Switch859>
<Switch860>
18
</Switch860>
<Switch861>
4
</Switch861>
<Switch862>
5
</Switch862>
<Switch863>
17
</Switch863>
<Switch864>
11
</Switch864>
<Switch865>
0
</Switch865>
<Switch866>
1
</Switch866>
<Switch867>
6
</Switch867>
<Switch868>
16
</Switch868>
<Switch869>
16
</Switch869>
<Switch870>
9
</Switch870>
<Switch871>
15
</Switch871>
<Switch872>
3
</Switch872>
<Switch873>
7
</Switch873>
<Switch874>
1
</Switch874>
<Switch875>
10
</Switch875>
<Switch876>
2
</Switch876>
<Switch877>
11
</Switch877>
<Switch878>
12
</Switch878>
<Switch879>
14
</Switch879>
<Switch880>
8
</Switch880>
<Switch881>
9
</Switch881>
<Switch882>
3
</Switch882>
<Switch883>
5
</Switch883>
<Switch884>
14
</Switch884>
<Switch885>
8
</Switch885>
</BaseID:1050>
