<?xml version="1.0"?>

<BaseID:1054>
<Switch1>
7
</Switch1>
<Switch2>
11
</Switch2>
<Switch3>
14
</Switch3>
<Switch4>
19
</Switch4>
<Switch5>
18
</Switch5>
<Switch6>
4
</Switch6>
<Switch7>
1
</Switch7>
<Switch8>
11
</Switch8>
<Switch9>
15
</Switch9>
<Switch10>
1
</Switch10>
<Switch11>
15
</Switch11>
<Switch12>
2
</Switch12>
<Switch13>
1
</Switch13>
<Switch14>
8
</Switch14>
<Switch15>
5
</Switch15>
<Switch16>
17
</Switch16>
<Switch17>
10
</Switch17>
<Switch18>
18
</Switch18>
<Switch19>
17
</Switch19>
<Switch20>
6
</Switch20>
<Switch21>
18
</Switch21>
<Switch22>
4
</Switch22>
<Switch23>
3
</Switch23>
<Switch24>
1
</Switch24>
<Switch25>
11
</Switch25>
<Switch26>
11
</Switch26>
<Switch27>
3
</Switch27>
<Switch28>
11
</Switch28>
<Switch29>
0
</Switch29>
<Switch30>
14
</Switch30>
<Switch31>
10
</Switch31>
<Switch32>
3
</Switch32>
<Switch33>
2
</Switch33>
<Switch34>
10
</Switch34>
<Switch35>
9
</Switch35>
<Switch36>
15
</Switch36>
<Switch37>
16
</Switch37>
<Switch38>
14
</Switch38>
<Switch39>
17
</Switch39>
<Switch40>
11
</Switch40>
<Switch41>
16
</Switch41>
<Switch42>
6
</Switch42>
<Switch43>
16
</Switch43>
<Switch44>
9
</Switch44>
<Switch45>
8
</Switch45>
<Switch46>
3
</Switch46>
<Switch47>
4
</Switch47>
<Switch48>
4
</Switch48>
<Switch49>
6
</Switch49>
<Switch50>
5
</Switch50>
<Switch51>
4
</Switch51>
<Switch52>
10
</Switch52>
<Switch53>
12
</Switch53>
<Switch54>
3
</Switch54>
<Switch55>
1
</Switch55>
<Switch56>
6
</Switch56>
<Switch57>
19
</Switch57>
<Switch58>
12
</Switch58>
<Switch59>
7
</Switch59>
<Switch60>
12
</Switch60>
<Switch61>
15
</Switch61>
<Switch62>
3
</Switch62>
<Switch63>
17
</Switch63>
<Switch64>
4
</Switch64>
<Switch65>
8
</Switch65>
<Switch66>
18
</Switch66>
<Switch67>
1
</Switch67>
<Switch68>
9
</Switch68>
<Switch69>
16
</Switch69>
<Switch70>
1
</Switch70>
<Switch71>
13
</Switch71>
<Switch72>
6
</Switch72>
<Switch73>
5
</Switch73>
<Switch74>
9
</Switch74>
<Switch75>
3
</Switch75>
<Switch76>
4
</Switch76>
<Switch77>
14
</Switch77>
<Switch78>
8
</Switch78>
<Switch79>
8
</Switch79>
<Switch80>
15
</Switch80>
<Switch81>
14
</Switch81>
<Switch82>
3
</Switch82>
<Switch83>
18
</Switch83>
<Switch84>
7
</Switch84>
<Switch85>
14
</Switch85>
<Switch86>
18
</Switch86>
<Switch87>
0
</Switch87>
<Switch88>
15
</Switch88>
<Switch89>
5
</Switch89>
<Switch90>
5
</Switch90>
<Switch91>
3
</Switch91>
<Switch92>
1
</Switch92>
<Switch93>
18
</Switch93>
<Switch94>
17
</Switch94>
<Switch95>
14
</Switch95>
<Switch96>
10
</Switch96>
<Switch97>
16
</Switch97>
<Switch98>
3
</Switch98>
<Switch99>
10
</Switch99>
<Switch100>
9
</Switch100>
<Switch101>
1
</Switch101>
<Switch102>
5
</Switch102>
<Switch103>
0
</Switch103>
<Switch104>
15
</Switch104>
<Switch105>
17
</Switch105>
<Switch106>
2
</Switch106>
<Switch107>
9
</Switch107>
<Switch108>
1
</Switch108>
<Switch109>
3
</Switch109>
<Switch110>
15
</Switch110>
<Switch111>
13
</Switch111>
<Switch112>
1
</Switch112>
<Switch113>
16
</Switch113>
<Switch114>
19
</Switch114>
<Switch115>
3
</Switch115>
<Switch116>
12
</Switch116>
<Switch117>
11
</Switch117>
<Switch118>
17
</Switch118>
<Switch119>
9
</Switch119>
<Switch120>
17
</Switch120>
<Switch121>
5
</Switch121>
<Switch122>
2
</Switch122>
<Switch123>
7
</Switch123>
<Switch124>
0
</Switch124>
<Switch125>
17
</Switch125>
<Switch126>
15
</Switch126>
<Switch127>
14
</Switch127>
<Switch128>
1
</Switch128>
<Switch129>
4
</Switch129>
<Switch130>
0
</Switch130>
<Switch131>
8
</Switch131>
<Switch132>
8
</Switch132>
<Switch133>
11
</Switch133>
<Switch134>
14
</Switch134>
<Switch135>
3
</Switch135>
<Switch136>
15
</Switch136>
<Switch137>
2
</Switch137>
<Switch138>
16
</Switch138>
<Switch139>
13
</Switch139>
<Switch140>
5
</Switch140>
<Switch141>
18
</Switch141>
<Switch142>
0
</Switch142>
<Switch143>
6
</Switch143>
<Switch144>
19
</Switch144>
<Switch145>
15
</Switch145>
<Switch146>
3
</Switch146>
<Switch147>
8
</Switch147>
<Switch148>
5
</Switch148>
<Switch149>
12
</Switch149>
<Switch150>
6
</Switch150>
<Switch151>
7
</Switch151>
<Switch152>
0
</Switch152>
<Switch153>
11
</Switch153>
<Switch154>
3
</Switch154>
<Switch155>
15
</Switch155>
<Switch156>
15
</Switch156>
<Switch157>
12
</Switch157>
<Switch158>
17
</Switch158>
<Switch159>
17
</Switch159>
<Switch160>
11
</Switch160>
<Switch161>
10
</Switch161>
<Switch162>
3
</Switch162>
<Switch163>
8
</Switch163>
<Switch164>
0
</Switch164>
<Switch165>
3
</Switch165>
<Switch166>
5
</Switch166>
<Switch167>
10
</Switch167>
<Switch168>
9
</Switch168>
<Switch169>
6
</Switch169>
<Switch170>
0
</Switch170>
<Switch171>
14
</Switch171>
<Switch172>
9
</Switch172>
<Switch173>
7
</Switch173>
<Switch174>
16
</Switch174>
<Switch175>
16
</Switch175>
<Switch176>
4
</Switch176>
<Switch177>
10
</Switch177>
<Switch178>
1
</Switch178>
<Switch179>
3
</Switch179>
<Switch180>
2
</Switch180>
<Switch181>
12
</Switch181>
<Switch182>
15
</Switch182>
<Switch183>
19
</Switch183>
<Switch184>
10
</Switch184>
<Switch185>
11
</Switch185>
<Switch186>
4
</Switch186>
<Switch187>
12
</Switch187>
<Switch188>
19
</Switch188>
<Switch189>
12
</Switch189>
<Switch190>
19
</Switch190>
<Switch191>
7
</Switch191>
<Switch192>
1
</Switch192>
<Switch193>
0
</Switch193>
<Switch194>
10
</Switch194>
<Switch195>
12
</Switch195>
<Switch196>
10
</Switch196>
<Switch197>
0
</Switch197>
<Switch198>
17
</Switch198>
<Switch199>
16
</Switch199>
<Switch200>
13
</Switch200>
<Switch201>
11
</Switch201>
<Switch202>
10
</Switch202>
<Switch203>
6
</Switch203>
<Switch204>
3
</Switch204>
<Switch205>
15
</Switch205>
<Switch206>
18
</Switch206>
<Switch207>
18
</Switch207>
<Switch208>
5
</Switch208>
<Switch209>
2
</Switch209>
<Switch210>
10
</Switch210>
<Switch211>
10
</Switch211>
<Switch212>
6
</Switch212>
<Switch213>
19
</Switch213>
<Switch214>
15
</Switch214>
<Switch215>
1
</Switch215>
<Switch216>
6
</Switch216>
<Switch217>
5
</Switch217>
<Switch218>
8
</Switch218>
<Switch219>
1
</Switch219>
<Switch220>
1
</Switch220>
<Switch221>
13
</Switch221>
<Switch222>
17
</Switch222>
<Switch223>
15
</Switch223>
<Switch224>
5
</Switch224>
<Switch225>
4
</Switch225>
<Switch226>
10
</Switch226>
<Switch227>
2
</Switch227>
<Switch228>
7
</Switch228>
<Switch229>
15
</Switch229>
<Switch230>
10
</Switch230>
<Switch231>
7
</Switch231>
<Switch232>
9
</Switch232>
<Switch233>
11
</Switch233>
<Switch234>
18
</Switch234>
<Switch235>
5
</Switch235>
<Switch236>
13
</Switch236>
<Switch237>
13
</Switch237>
<Switch238>
10
</Switch238>
<Switch239>
13
</Switch239>
<Switch240>
2
</Switch240>
<Switch241>
16
</Switch241>
<Switch242>
2
</Switch242>
<Switch243>
4
</Switch243>
<Switch244>
11
</Switch244>
<Switch245>
18
</Switch245>
<Switch246>
7
</Switch246>
<Switch247>
12
</Switch247>
<Switch248>
6
</Switch248>
<Switch249>
4
</Switch249>
<Switch250>
8
</Switch250>
<Switch251>
1
</Switch251>
<Switch252>
0
</Switch252>
<Switch253>
13
</Switch253>
<Switch254>
8
</Switch254>
<Switch255>
6
</Switch255>
<Switch256>
11
</Switch256>
<Switch257>
11
</Switch257>
<Switch258>
10
</Switch258>
<Switch259>
5
</Switch259>
<Switch260>
17
</Switch260>
<Switch261>
7
</Switch261>
<Switch262>
5
</Switch262>
<Switch263>
8
</Switch263>
<Switch264>
14
</Switch264>
<Switch265>
7
</Switch265>
<Switch266>
11
</Switch266>
<Switch267>
5
</Switch267>
<Switch268>
9
</Switch268>
<Switch269>
9
</Switch269>
<Switch270>
13
</Switch270>
<Switch271>
9
</Switch271>
<Switch272>
10
</Switch272>
<Switch273>
18
</Switch273>
<Switch274>
0
</Switch274>
<Switch275>
1
</Switch275>
<Switch276>
4
</Switch276>
<Switch277>
0
</Switch277>
<Switch278>
1
</Switch278>
<Switch279>
17
</Switch279>
<Switch280>
14
</Switch280>
<Switch281>
14
</Switch281>
<Switch282>
0
</Switch282>
<Switch283>
18
</Switch283>
<Switch284>
19
</Switch284>
<Switch285>
3
</Switch285>
<Switch286>
15
</Switch286>
<Switch287>
8
</Switch287>
<Switch288>
6
</Switch288>
<Switch289>
18
</Switch289>
<Switch290>
8
</Switch290>
<Switch291>
5
</Switch291>
<Switch292>
6
</Switch292>
<Switch293>
13
</Switch293>
<Switch294>
13
</Switch294>
<Switch295>
18
</Switch295>
<Switch296>
2
</Switch296>
<Switch297>
15
</Switch297>
<Switch298>
7
</Switch298>
<Switch299>
11
</Switch299>
<Switch300>
1
</Switch300>
<Switch301>
12
</Switch301>
<Switch302>
17
</Switch302>
<Switch303>
13
</Switch303>
<Switch304>
5
</Switch304>
<Switch305>
17
</Switch305>
<Switch306>
18
</Switch306>
<Switch307>
13
</Switch307>
<Switch308>
9
</Switch308>
<Switch309>
14
</Switch309>
<Switch310>
19
</Switch310>
<Switch311>
0
</Switch311>
<Switch312>
11
</Switch312>
<Switch313>
9
</Switch313>
<Switch314>
0
</Switch314>
<Switch315>
7
</Switch315>
<Switch316>
8
</Switch316>
<Switch317>
4
</Switch317>
<Switch318>
3
</Switch318>
<Switch319>
8
</Switch319>
<Switch320>
7
</Switch320>
<Switch321>
11
</Switch321>
<Switch322>
14
</Switch322>
<Switch323>
6
</Switch323>
<Switch324>
8
</Switch324>
<Switch325>
3
</Switch325>
<Switch326>
2
</Switch326>
<Switch327>
19
</Switch327>
<Switch328>
9
</Switch328>
<Switch329>
15
</Switch329>
<Switch330>
8
</Switch330>
<Switch331>
0
</Switch331>
<Switch332>
16
</Switch332>
<Switch333>
18
</Switch333>
<Switch334>
8
</Switch334>
<Switch335>
14
</Switch335>
<Switch336>
4
</Switch336>
<Switch337>
17
</Switch337>
<Switch338>
2
</Switch338>
<Switch339>
16
</Switch339>
<Switch340>
2
</Switch340>
<Switch341>
15
</Switch341>
<Switch342>
5
</Switch342>
<Switch343>
4
</Switch343>
<Switch344>
5
</Switch344>
<Switch345>
7
</Switch345>
<Switch346>
15
</Switch346>
<Switch347>
12
</Switch347>
<Switch348>
9
</Switch348>
<Switch349>
2
</Switch349>
<Switch350>
3
</Switch350>
<Switch351>
19
</Switch351>
<Switch352>
1
</Switch352>
<Switch353>
15
</Switch353>
<Switch354>
9
</Switch354>
<Switch355>
1
</Switch355>
<Switch356>
17
</Switch356>
<Switch357>
8
</Switch357>
<Switch358>
12
</Switch358>
<Switch359>
11
</Switch359>
<Switch360>
11
</Switch360>
<Switch361>
7
</Switch361>
<Switch362>
11
</Switch362>
<Switch363>
19
</Switch363>
<Switch364>
5
</Switch364>
<Switch365>
9
</Switch365>
<Switch366>
18
</Switch366>
<Switch367>
16
</Switch367>
<Switch368>
3
</Switch368>
<Switch369>
2
</Switch369>
<Switch370>
5
</Switch370>
<Switch371>
11
</Switch371>
<Switch372>
7
</Switch372>
<Switch373>
7
</Switch373>
<Switch374>
17
</Switch374>
<Switch375>
14
</Switch375>
<Switch376>
7
</Switch376>
<Switch377>
6
</Switch377>
<Switch378>
2
</Switch378>
<Switch379>
10
</Switch379>
<Switch380>
0
</Switch380>
<Switch381>
13
</Switch381>
<Switch382>
11
</Switch382>
<Switch383>
9
</Switch383>
<Switch384>
5
</Switch384>
<Switch385>
6
</Switch385>
<Switch386>
5
</Switch386>
<Switch387>
12
</Switch387>
<Switch388>
11
</Switch388>
<Switch389>
13
</Switch389>
<Switch390>
16
</Switch390>
<Switch391>
16
</Switch391>
<Switch392>
2
</Switch392>
<Switch393>
6
</Switch393>
<Switch394>
7
</Switch394>
<Switch395>
16
</Switch395>
<Switch396>
14
</Switch396>
<Switch397>
7
</Switch397>
<Switch398>
17
</Switch398>
<Switch399>
11
</Switch399>
<Switch400>
9
</Switch400>
<Switch401>
8
</Switch401>
<Switch402>
2
</Switch402>
<Switch403>
0
</Switch403>
<Switch404>
12
</Switch404>
<Switch405>
7
</Switch405>
<Switch406>
13
</Switch406>
<Switch407>
6
</Switch407>
<Switch408>
2
</Switch408>
<Switch409>
19
</Switch409>
<Switch410>
9
</Switch410>
<Switch411>
11
</Switch411>
<Switch412>
12
</Switch412>
<Switch413>
8
</Switch413>
<Switch414>
7
</Switch414>
<Switch415>
5
</Switch415>
<Switch416>
19
</Switch416>
<Switch417>
7
</Switch417>
<Switch418>
18
</Switch418>
<Switch419>
1
</Switch419>
<Switch420>
16
</Switch420>
<Switch421>
0
</Switch421>
<Switch422>
5
</Switch422>
<Switch423>
12
</Switch423>
<Switch424>
13
</Switch424>
<Switch425>
18
</Switch425>
<Switch426>
2
</Switch426>
<Switch427>
7
</Switch427>
<Switch428>
6
</Switch428>
<Switch429>
0
</Switch429>
<Switch430>
7
</Switch430>
<Switch431>
18
</Switch431>
<Switch432>
15
</Switch432>
<Switch433>
19
</Switch433>
<Switch434>
15
</Switch434>
<Switch435>
1
</Switch435>
<Switch436>
1
</Switch436>
<Switch437>
7
</Switch437>
<Switch438>
12
</Switch438>
<Switch439>
3
</Switch439>
<Switch440>
13
</Switch440>
<Switch441>
10
</Switch441>
<Switch442>
8
</Switch442>
<Switch443>
5
</Switch443>
<Switch444>
0
</Switch444>
<Switch445>
19
</Switch445>
<Switch446>
19
</Switch446>
<Switch447>
16
</Switch447>
<Switch448>
17
</Switch448>
<Switch449>
12
</Switch449>
<Switch450>
11
</Switch450>
<Switch451>
11
</Switch451>
<Switch452>
18
</Switch452>
<Switch453>
9
</Switch453>
<Switch454>
3
</Switch454>
<Switch455>
11
</Switch455>
<Switch456>
10
</Switch456>
<Switch457>
6
</Switch457>
<Switch458>
6
</Switch458>
<Switch459>
0
</Switch459>
<Switch460>
4
</Switch460>
<Switch461>
15
</Switch461>
<Switch462>
16
</Switch462>
<Switch463>
13
</Switch463>
<Switch464>
0
</Switch464>
<Switch465>
10
</Switch465>
<Switch466>
10
</Switch466>
<Switch467>
13
</Switch467>
<Switch468>
3
</Switch468>
<Switch469>
1
</Switch469>
<Switch470>
19
</Switch470>
<Switch471>
2
</Switch471>
<Switch472>
4
</Switch472>
<Switch473>
7
</Switch473>
<Switch474>
19
</Switch474>
<Switch475>
15
</Switch475>
<Switch476>
14
</Switch476>
<Switch477>
6
</Switch477>
<Switch478>
16
</Switch478>
<Switch479>
1
</Switch479>
<Switch480>
6
</Switch480>
<Switch481>
8
</Switch481>
<Switch482>
1
</Switch482>
<Switch483>
14
</Switch483>
<Switch484>
19
</Switch484>
<Switch485>
19
</Switch485>
<Switch486>
3
</Switch486>
<Switch487>
15
</Switch487>
<Switch488>
13
</Switch488>
<Switch489>
17
</Switch489>
<Switch490>
8
</Switch490>
<Switch491>
4
</Switch491>
</BaseID:1054>
