<?xml version="1.0"?>

<BaseID:1055>
<Switch1>
13
</Switch1>
<Switch2>
19
</Switch2>
<Switch3>
12
</Switch3>
<Switch4>
18
</Switch4>
<Switch5>
11
</Switch5>
<Switch6>
1
</Switch6>
<Switch7>
12
</Switch7>
<Switch8>
10
</Switch8>
<Switch9>
2
</Switch9>
<Switch10>
4
</Switch10>
<Switch11>
6
</Switch11>
<Switch12>
13
</Switch12>
<Switch13>
18
</Switch13>
<Switch14>
9
</Switch14>
<Switch15>
15
</Switch15>
<Switch16>
18
</Switch16>
<Switch17>
4
</Switch17>
<Switch18>
11
</Switch18>
<Switch19>
12
</Switch19>
<Switch20>
11
</Switch20>
<Switch21>
15
</Switch21>
<Switch22>
13
</Switch22>
<Switch23>
10
</Switch23>
<Switch24>
15
</Switch24>
<Switch25>
4
</Switch25>
<Switch26>
13
</Switch26>
<Switch27>
7
</Switch27>
<Switch28>
11
</Switch28>
<Switch29>
12
</Switch29>
<Switch30>
10
</Switch30>
<Switch31>
0
</Switch31>
<Switch32>
4
</Switch32>
<Switch33>
12
</Switch33>
<Switch34>
7
</Switch34>
<Switch35>
10
</Switch35>
<Switch36>
2
</Switch36>
<Switch37>
16
</Switch37>
<Switch38>
16
</Switch38>
<Switch39>
7
</Switch39>
<Switch40>
11
</Switch40>
<Switch41>
10
</Switch41>
<Switch42>
2
</Switch42>
<Switch43>
15
</Switch43>
<Switch44>
16
</Switch44>
<Switch45>
11
</Switch45>
<Switch46>
17
</Switch46>
<Switch47>
7
</Switch47>
<Switch48>
1
</Switch48>
<Switch49>
7
</Switch49>
<Switch50>
9
</Switch50>
<Switch51>
17
</Switch51>
<Switch52>
13
</Switch52>
<Switch53>
14
</Switch53>
<Switch54>
19
</Switch54>
<Switch55>
10
</Switch55>
<Switch56>
4
</Switch56>
<Switch57>
18
</Switch57>
<Switch58>
5
</Switch58>
<Switch59>
5
</Switch59>
<Switch60>
12
</Switch60>
<Switch61>
1
</Switch61>
<Switch62>
17
</Switch62>
<Switch63>
6
</Switch63>
<Switch64>
3
</Switch64>
<Switch65>
17
</Switch65>
<Switch66>
16
</Switch66>
<Switch67>
11
</Switch67>
<Switch68>
15
</Switch68>
<Switch69>
7
</Switch69>
<Switch70>
2
</Switch70>
<Switch71>
2
</Switch71>
<Switch72>
5
</Switch72>
<Switch73>
9
</Switch73>
<Switch74>
14
</Switch74>
<Switch75>
12
</Switch75>
<Switch76>
17
</Switch76>
<Switch77>
2
</Switch77>
<Switch78>
3
</Switch78>
<Switch79>
14
</Switch79>
<Switch80>
2
</Switch80>
<Switch81>
8
</Switch81>
<Switch82>
19
</Switch82>
<Switch83>
11
</Switch83>
<Switch84>
2
</Switch84>
<Switch85>
9
</Switch85>
<Switch86>
1
</Switch86>
<Switch87>
2
</Switch87>
<Switch88>
12
</Switch88>
<Switch89>
7
</Switch89>
<Switch90>
2
</Switch90>
<Switch91>
10
</Switch91>
<Switch92>
5
</Switch92>
<Switch93>
7
</Switch93>
<Switch94>
4
</Switch94>
<Switch95>
15
</Switch95>
<Switch96>
15
</Switch96>
<Switch97>
1
</Switch97>
<Switch98>
19
</Switch98>
<Switch99>
0
</Switch99>
<Switch100>
5
</Switch100>
<Switch101>
11
</Switch101>
<Switch102>
1
</Switch102>
<Switch103>
3
</Switch103>
<Switch104>
13
</Switch104>
<Switch105>
11
</Switch105>
<Switch106>
1
</Switch106>
<Switch107>
13
</Switch107>
<Switch108>
3
</Switch108>
<Switch109>
7
</Switch109>
<Switch110>
5
</Switch110>
<Switch111>
16
</Switch111>
<Switch112>
10
</Switch112>
<Switch113>
12
</Switch113>
<Switch114>
12
</Switch114>
<Switch115>
3
</Switch115>
<Switch116>
5
</Switch116>
<Switch117>
19
</Switch117>
<Switch118>
3
</Switch118>
<Switch119>
13
</Switch119>
<Switch120>
8
</Switch120>
<Switch121>
17
</Switch121>
<Switch122>
3
</Switch122>
<Switch123>
17
</Switch123>
<Switch124>
10
</Switch124>
<Switch125>
1
</Switch125>
<Switch126>
9
</Switch126>
<Switch127>
14
</Switch127>
<Switch128>
11
</Switch128>
<Switch129>
8
</Switch129>
<Switch130>
3
</Switch130>
<Switch131>
3
</Switch131>
<Switch132>
7
</Switch132>
<Switch133>
0
</Switch133>
<Switch134>
19
</Switch134>
<Switch135>
14
</Switch135>
<Switch136>
18
</Switch136>
<Switch137>
14
</Switch137>
<Switch138>
6
</Switch138>
<Switch139>
6
</Switch139>
<Switch140>
15
</Switch140>
<Switch141>
11
</Switch141>
<Switch142>
17
</Switch142>
<Switch143>
12
</Switch143>
<Switch144>
8
</Switch144>
<Switch145>
6
</Switch145>
<Switch146>
4
</Switch146>
<Switch147>
3
</Switch147>
<Switch148>
16
</Switch148>
<Switch149>
16
</Switch149>
<Switch150>
17
</Switch150>
<Switch151>
16
</Switch151>
<Switch152>
11
</Switch152>
<Switch153>
0
</Switch153>
<Switch154>
13
</Switch154>
<Switch155>
13
</Switch155>
<Switch156>
19
</Switch156>
<Switch157>
19
</Switch157>
<Switch158>
3
</Switch158>
<Switch159>
8
</Switch159>
<Switch160>
12
</Switch160>
<Switch161>
5
</Switch161>
<Switch162>
1
</Switch162>
<Switch163>
17
</Switch163>
<Switch164>
19
</Switch164>
<Switch165>
2
</Switch165>
<Switch166>
10
</Switch166>
<Switch167>
6
</Switch167>
<Switch168>
12
</Switch168>
<Switch169>
12
</Switch169>
<Switch170>
10
</Switch170>
<Switch171>
3
</Switch171>
<Switch172>
2
</Switch172>
<Switch173>
16
</Switch173>
<Switch174>
5
</Switch174>
<Switch175>
18
</Switch175>
<Switch176>
0
</Switch176>
<Switch177>
8
</Switch177>
<Switch178>
16
</Switch178>
<Switch179>
0
</Switch179>
<Switch180>
1
</Switch180>
<Switch181>
9
</Switch181>
<Switch182>
19
</Switch182>
<Switch183>
14
</Switch183>
<Switch184>
1
</Switch184>
<Switch185>
2
</Switch185>
<Switch186>
8
</Switch186>
<Switch187>
15
</Switch187>
<Switch188>
15
</Switch188>
<Switch189>
9
</Switch189>
<Switch190>
9
</Switch190>
<Switch191>
7
</Switch191>
<Switch192>
16
</Switch192>
<Switch193>
1
</Switch193>
<Switch194>
16
</Switch194>
<Switch195>
6
</Switch195>
<Switch196>
15
</Switch196>
<Switch197>
14
</Switch197>
<Switch198>
16
</Switch198>
<Switch199>
7
</Switch199>
<Switch200>
7
</Switch200>
<Switch201>
5
</Switch201>
<Switch202>
8
</Switch202>
<Switch203>
0
</Switch203>
<Switch204>
13
</Switch204>
<Switch205>
4
</Switch205>
<Switch206>
4
</Switch206>
<Switch207>
19
</Switch207>
<Switch208>
10
</Switch208>
<Switch209>
18
</Switch209>
<Switch210>
0
</Switch210>
<Switch211>
2
</Switch211>
<Switch212>
1
</Switch212>
<Switch213>
12
</Switch213>
<Switch214>
13
</Switch214>
<Switch215>
19
</Switch215>
<Switch216>
15
</Switch216>
<Switch217>
1
</Switch217>
<Switch218>
7
</Switch218>
<Switch219>
16
</Switch219>
<Switch220>
8
</Switch220>
<Switch221>
12
</Switch221>
<Switch222>
1
</Switch222>
<Switch223>
19
</Switch223>
<Switch224>
5
</Switch224>
<Switch225>
7
</Switch225>
<Switch226>
17
</Switch226>
<Switch227>
6
</Switch227>
<Switch228>
15
</Switch228>
<Switch229>
2
</Switch229>
<Switch230>
15
</Switch230>
<Switch231>
10
</Switch231>
<Switch232>
12
</Switch232>
<Switch233>
11
</Switch233>
<Switch234>
17
</Switch234>
<Switch235>
5
</Switch235>
<Switch236>
15
</Switch236>
<Switch237>
6
</Switch237>
<Switch238>
1
</Switch238>
<Switch239>
10
</Switch239>
<Switch240>
11
</Switch240>
<Switch241>
2
</Switch241>
<Switch242>
19
</Switch242>
<Switch243>
4
</Switch243>
<Switch244>
15
</Switch244>
<Switch245>
7
</Switch245>
<Switch246>
15
</Switch246>
<Switch247>
4
</Switch247>
<Switch248>
12
</Switch248>
<Switch249>
18
</Switch249>
<Switch250>
15
</Switch250>
<Switch251>
14
</Switch251>
<Switch252>
12
</Switch252>
<Switch253>
2
</Switch253>
<Switch254>
6
</Switch254>
<Switch255>
19
</Switch255>
<Switch256>
7
</Switch256>
<Switch257>
5
</Switch257>
<Switch258>
15
</Switch258>
<Switch259>
8
</Switch259>
<Switch260>
1
</Switch260>
<Switch261>
8
</Switch261>
<Switch262>
17
</Switch262>
<Switch263>
14
</Switch263>
<Switch264>
18
</Switch264>
<Switch265>
12
</Switch265>
<Switch266>
4
</Switch266>
<Switch267>
13
</Switch267>
<Switch268>
2
</Switch268>
<Switch269>
6
</Switch269>
<Switch270>
18
</Switch270>
<Switch271>
19
</Switch271>
<Switch272>
10
</Switch272>
<Switch273>
14
</Switch273>
<Switch274>
6
</Switch274>
</BaseID:1055>
