<?xml version="1.0"?>

<BaseID:1058>
<Switch1>
8
</Switch1>
<Switch2>
17
</Switch2>
<Switch3>
17
</Switch3>
<Switch4>
6
</Switch4>
<Switch5>
19
</Switch5>
<Switch6>
0
</Switch6>
<Switch7>
17
</Switch7>
<Switch8>
15
</Switch8>
<Switch9>
13
</Switch9>
<Switch10>
2
</Switch10>
<Switch11>
13
</Switch11>
<Switch12>
6
</Switch12>
<Switch13>
12
</Switch13>
<Switch14>
6
</Switch14>
<Switch15>
14
</Switch15>
<Switch16>
8
</Switch16>
<Switch17>
0
</Switch17>
<Switch18>
10
</Switch18>
<Switch19>
8
</Switch19>
<Switch20>
5
</Switch20>
<Switch21>
13
</Switch21>
<Switch22>
19
</Switch22>
<Switch23>
0
</Switch23>
<Switch24>
16
</Switch24>
<Switch25>
0
</Switch25>
<Switch26>
13
</Switch26>
<Switch27>
15
</Switch27>
<Switch28>
12
</Switch28>
<Switch29>
17
</Switch29>
<Switch30>
7
</Switch30>
<Switch31>
1
</Switch31>
<Switch32>
14
</Switch32>
<Switch33>
5
</Switch33>
<Switch34>
2
</Switch34>
<Switch35>
8
</Switch35>
<Switch36>
0
</Switch36>
<Switch37>
11
</Switch37>
<Switch38>
10
</Switch38>
<Switch39>
16
</Switch39>
<Switch40>
13
</Switch40>
<Switch41>
0
</Switch41>
<Switch42>
11
</Switch42>
<Switch43>
5
</Switch43>
<Switch44>
16
</Switch44>
<Switch45>
0
</Switch45>
<Switch46>
5
</Switch46>
<Switch47>
17
</Switch47>
<Switch48>
7
</Switch48>
<Switch49>
4
</Switch49>
<Switch50>
16
</Switch50>
<Switch51>
16
</Switch51>
<Switch52>
11
</Switch52>
<Switch53>
7
</Switch53>
<Switch54>
12
</Switch54>
<Switch55>
4
</Switch55>
<Switch56>
18
</Switch56>
<Switch57>
9
</Switch57>
<Switch58>
0
</Switch58>
<Switch59>
13
</Switch59>
<Switch60>
10
</Switch60>
<Switch61>
3
</Switch61>
<Switch62>
6
</Switch62>
<Switch63>
15
</Switch63>
<Switch64>
17
</Switch64>
<Switch65>
16
</Switch65>
<Switch66>
10
</Switch66>
<Switch67>
5
</Switch67>
<Switch68>
11
</Switch68>
<Switch69>
12
</Switch69>
<Switch70>
12
</Switch70>
<Switch71>
19
</Switch71>
<Switch72>
19
</Switch72>
<Switch73>
12
</Switch73>
<Switch74>
5
</Switch74>
<Switch75>
3
</Switch75>
<Switch76>
6
</Switch76>
<Switch77>
19
</Switch77>
<Switch78>
6
</Switch78>
<Switch79>
12
</Switch79>
<Switch80>
11
</Switch80>
<Switch81>
13
</Switch81>
<Switch82>
7
</Switch82>
<Switch83>
7
</Switch83>
<Switch84>
8
</Switch84>
<Switch85>
17
</Switch85>
<Switch86>
11
</Switch86>
<Switch87>
19
</Switch87>
<Switch88>
10
</Switch88>
<Switch89>
12
</Switch89>
<Switch90>
17
</Switch90>
<Switch91>
0
</Switch91>
<Switch92>
11
</Switch92>
<Switch93>
13
</Switch93>
<Switch94>
16
</Switch94>
<Switch95>
1
</Switch95>
<Switch96>
0
</Switch96>
<Switch97>
7
</Switch97>
<Switch98>
9
</Switch98>
<Switch99>
15
</Switch99>
<Switch100>
11
</Switch100>
<Switch101>
4
</Switch101>
<Switch102>
13
</Switch102>
<Switch103>
14
</Switch103>
<Switch104>
3
</Switch104>
<Switch105>
8
</Switch105>
<Switch106>
18
</Switch106>
<Switch107>
0
</Switch107>
<Switch108>
3
</Switch108>
<Switch109>
1
</Switch109>
<Switch110>
11
</Switch110>
<Switch111>
0
</Switch111>
<Switch112>
18
</Switch112>
<Switch113>
19
</Switch113>
<Switch114>
8
</Switch114>
<Switch115>
9
</Switch115>
<Switch116>
11
</Switch116>
<Switch117>
11
</Switch117>
<Switch118>
4
</Switch118>
<Switch119>
4
</Switch119>
<Switch120>
14
</Switch120>
<Switch121>
14
</Switch121>
<Switch122>
9
</Switch122>
<Switch123>
12
</Switch123>
<Switch124>
7
</Switch124>
<Switch125>
8
</Switch125>
<Switch126>
1
</Switch126>
<Switch127>
17
</Switch127>
<Switch128>
11
</Switch128>
<Switch129>
6
</Switch129>
<Switch130>
16
</Switch130>
<Switch131>
19
</Switch131>
<Switch132>
7
</Switch132>
<Switch133>
13
</Switch133>
<Switch134>
15
</Switch134>
<Switch135>
2
</Switch135>
<Switch136>
0
</Switch136>
<Switch137>
1
</Switch137>
<Switch138>
0
</Switch138>
<Switch139>
15
</Switch139>
<Switch140>
4
</Switch140>
<Switch141>
2
</Switch141>
<Switch142>
9
</Switch142>
<Switch143>
10
</Switch143>
<Switch144>
10
</Switch144>
<Switch145>
11
</Switch145>
<Switch146>
1
</Switch146>
<Switch147>
12
</Switch147>
<Switch148>
5
</Switch148>
<Switch149>
12
</Switch149>
<Switch150>
2
</Switch150>
<Switch151>
3
</Switch151>
<Switch152>
13
</Switch152>
<Switch153>
6
</Switch153>
<Switch154>
6
</Switch154>
<Switch155>
16
</Switch155>
<Switch156>
7
</Switch156>
<Switch157>
3
</Switch157>
<Switch158>
5
</Switch158>
<Switch159>
17
</Switch159>
<Switch160>
10
</Switch160>
<Switch161>
0
</Switch161>
<Switch162>
13
</Switch162>
<Switch163>
17
</Switch163>
<Switch164>
3
</Switch164>
<Switch165>
8
</Switch165>
<Switch166>
8
</Switch166>
<Switch167>
17
</Switch167>
<Switch168>
17
</Switch168>
<Switch169>
1
</Switch169>
<Switch170>
11
</Switch170>
<Switch171>
9
</Switch171>
<Switch172>
4
</Switch172>
<Switch173>
18
</Switch173>
<Switch174>
7
</Switch174>
<Switch175>
4
</Switch175>
<Switch176>
13
</Switch176>
<Switch177>
12
</Switch177>
<Switch178>
12
</Switch178>
<Switch179>
6
</Switch179>
<Switch180>
18
</Switch180>
<Switch181>
10
</Switch181>
<Switch182>
3
</Switch182>
<Switch183>
8
</Switch183>
<Switch184>
6
</Switch184>
<Switch185>
9
</Switch185>
<Switch186>
6
</Switch186>
<Switch187>
13
</Switch187>
<Switch188>
11
</Switch188>
<Switch189>
8
</Switch189>
<Switch190>
16
</Switch190>
<Switch191>
11
</Switch191>
<Switch192>
5
</Switch192>
<Switch193>
5
</Switch193>
<Switch194>
19
</Switch194>
<Switch195>
4
</Switch195>
<Switch196>
12
</Switch196>
<Switch197>
5
</Switch197>
<Switch198>
0
</Switch198>
<Switch199>
1
</Switch199>
<Switch200>
4
</Switch200>
<Switch201>
11
</Switch201>
<Switch202>
17
</Switch202>
<Switch203>
18
</Switch203>
<Switch204>
13
</Switch204>
<Switch205>
9
</Switch205>
<Switch206>
7
</Switch206>
<Switch207>
0
</Switch207>
<Switch208>
13
</Switch208>
<Switch209>
2
</Switch209>
<Switch210>
13
</Switch210>
<Switch211>
7
</Switch211>
<Switch212>
0
</Switch212>
<Switch213>
0
</Switch213>
<Switch214>
1
</Switch214>
<Switch215>
11
</Switch215>
<Switch216>
11
</Switch216>
<Switch217>
14
</Switch217>
<Switch218>
12
</Switch218>
<Switch219>
7
</Switch219>
<Switch220>
14
</Switch220>
<Switch221>
18
</Switch221>
<Switch222>
5
</Switch222>
<Switch223>
5
</Switch223>
<Switch224>
5
</Switch224>
<Switch225>
18
</Switch225>
<Switch226>
15
</Switch226>
<Switch227>
9
</Switch227>
<Switch228>
18
</Switch228>
<Switch229>
0
</Switch229>
<Switch230>
5
</Switch230>
<Switch231>
17
</Switch231>
<Switch232>
12
</Switch232>
<Switch233>
0
</Switch233>
<Switch234>
12
</Switch234>
<Switch235>
6
</Switch235>
<Switch236>
19
</Switch236>
<Switch237>
14
</Switch237>
<Switch238>
7
</Switch238>
<Switch239>
9
</Switch239>
<Switch240>
0
</Switch240>
<Switch241>
14
</Switch241>
<Switch242>
2
</Switch242>
<Switch243>
5
</Switch243>
<Switch244>
14
</Switch244>
<Switch245>
1
</Switch245>
<Switch246>
5
</Switch246>
<Switch247>
9
</Switch247>
<Switch248>
3
</Switch248>
<Switch249>
5
</Switch249>
<Switch250>
1
</Switch250>
<Switch251>
9
</Switch251>
<Switch252>
13
</Switch252>
<Switch253>
0
</Switch253>
<Switch254>
17
</Switch254>
<Switch255>
14
</Switch255>
<Switch256>
0
</Switch256>
<Switch257>
6
</Switch257>
<Switch258>
11
</Switch258>
<Switch259>
16
</Switch259>
<Switch260>
0
</Switch260>
<Switch261>
5
</Switch261>
<Switch262>
17
</Switch262>
<Switch263>
1
</Switch263>
<Switch264>
17
</Switch264>
<Switch265>
6
</Switch265>
<Switch266>
3
</Switch266>
<Switch267>
12
</Switch267>
<Switch268>
15
</Switch268>
<Switch269>
15
</Switch269>
<Switch270>
12
</Switch270>
<Switch271>
15
</Switch271>
<Switch272>
1
</Switch272>
<Switch273>
3
</Switch273>
<Switch274>
13
</Switch274>
<Switch275>
6
</Switch275>
<Switch276>
2
</Switch276>
<Switch277>
2
</Switch277>
<Switch278>
11
</Switch278>
<Switch279>
12
</Switch279>
<Switch280>
10
</Switch280>
<Switch281>
3
</Switch281>
<Switch282>
4
</Switch282>
<Switch283>
8
</Switch283>
<Switch284>
11
</Switch284>
<Switch285>
12
</Switch285>
<Switch286>
0
</Switch286>
<Switch287>
3
</Switch287>
<Switch288>
15
</Switch288>
<Switch289>
9
</Switch289>
<Switch290>
6
</Switch290>
<Switch291>
4
</Switch291>
<Switch292>
11
</Switch292>
<Switch293>
0
</Switch293>
<Switch294>
17
</Switch294>
<Switch295>
1
</Switch295>
<Switch296>
10
</Switch296>
<Switch297>
9
</Switch297>
<Switch298>
7
</Switch298>
<Switch299>
17
</Switch299>
<Switch300>
5
</Switch300>
<Switch301>
2
</Switch301>
<Switch302>
9
</Switch302>
<Switch303>
19
</Switch303>
<Switch304>
11
</Switch304>
<Switch305>
18
</Switch305>
<Switch306>
17
</Switch306>
<Switch307>
18
</Switch307>
<Switch308>
12
</Switch308>
<Switch309>
16
</Switch309>
<Switch310>
6
</Switch310>
<Switch311>
18
</Switch311>
<Switch312>
7
</Switch312>
<Switch313>
3
</Switch313>
<Switch314>
13
</Switch314>
<Switch315>
8
</Switch315>
<Switch316>
5
</Switch316>
<Switch317>
0
</Switch317>
<Switch318>
5
</Switch318>
<Switch319>
14
</Switch319>
<Switch320>
2
</Switch320>
<Switch321>
0
</Switch321>
<Switch322>
12
</Switch322>
<Switch323>
2
</Switch323>
<Switch324>
6
</Switch324>
<Switch325>
1
</Switch325>
<Switch326>
17
</Switch326>
<Switch327>
17
</Switch327>
<Switch328>
9
</Switch328>
<Switch329>
8
</Switch329>
<Switch330>
14
</Switch330>
<Switch331>
16
</Switch331>
<Switch332>
0
</Switch332>
<Switch333>
12
</Switch333>
<Switch334>
0
</Switch334>
<Switch335>
7
</Switch335>
<Switch336>
4
</Switch336>
<Switch337>
14
</Switch337>
<Switch338>
14
</Switch338>
<Switch339>
19
</Switch339>
<Switch340>
5
</Switch340>
<Switch341>
1
</Switch341>
<Switch342>
0
</Switch342>
<Switch343>
2
</Switch343>
<Switch344>
0
</Switch344>
<Switch345>
1
</Switch345>
<Switch346>
4
</Switch346>
<Switch347>
0
</Switch347>
<Switch348>
2
</Switch348>
<Switch349>
17
</Switch349>
<Switch350>
2
</Switch350>
<Switch351>
13
</Switch351>
<Switch352>
9
</Switch352>
<Switch353>
6
</Switch353>
<Switch354>
17
</Switch354>
<Switch355>
18
</Switch355>
<Switch356>
6
</Switch356>
<Switch357>
3
</Switch357>
<Switch358>
9
</Switch358>
<Switch359>
14
</Switch359>
<Switch360>
13
</Switch360>
<Switch361>
19
</Switch361>
<Switch362>
18
</Switch362>
<Switch363>
2
</Switch363>
<Switch364>
4
</Switch364>
<Switch365>
10
</Switch365>
<Switch366>
15
</Switch366>
<Switch367>
17
</Switch367>
<Switch368>
15
</Switch368>
<Switch369>
19
</Switch369>
<Switch370>
5
</Switch370>
<Switch371>
15
</Switch371>
<Switch372>
9
</Switch372>
<Switch373>
18
</Switch373>
<Switch374>
15
</Switch374>
<Switch375>
4
</Switch375>
<Switch376>
8
</Switch376>
<Switch377>
6
</Switch377>
<Switch378>
2
</Switch378>
<Switch379>
9
</Switch379>
<Switch380>
11
</Switch380>
<Switch381>
8
</Switch381>
<Switch382>
13
</Switch382>
<Switch383>
2
</Switch383>
<Switch384>
5
</Switch384>
<Switch385>
4
</Switch385>
<Switch386>
2
</Switch386>
<Switch387>
19
</Switch387>
<Switch388>
14
</Switch388>
<Switch389>
16
</Switch389>
<Switch390>
13
</Switch390>
<Switch391>
6
</Switch391>
<Switch392>
6
</Switch392>
<Switch393>
7
</Switch393>
<Switch394>
15
</Switch394>
<Switch395>
7
</Switch395>
<Switch396>
10
</Switch396>
<Switch397>
2
</Switch397>
<Switch398>
11
</Switch398>
<Switch399>
8
</Switch399>
<Switch400>
12
</Switch400>
<Switch401>
2
</Switch401>
<Switch402>
17
</Switch402>
<Switch403>
2
</Switch403>
<Switch404>
15
</Switch404>
<Switch405>
7
</Switch405>
<Switch406>
12
</Switch406>
<Switch407>
16
</Switch407>
<Switch408>
15
</Switch408>
<Switch409>
14
</Switch409>
<Switch410>
18
</Switch410>
<Switch411>
7
</Switch411>
<Switch412>
7
</Switch412>
<Switch413>
15
</Switch413>
<Switch414>
7
</Switch414>
<Switch415>
3
</Switch415>
<Switch416>
0
</Switch416>
<Switch417>
1
</Switch417>
<Switch418>
10
</Switch418>
<Switch419>
10
</Switch419>
<Switch420>
11
</Switch420>
<Switch421>
2
</Switch421>
<Switch422>
16
</Switch422>
<Switch423>
15
</Switch423>
<Switch424>
8
</Switch424>
<Switch425>
19
</Switch425>
<Switch426>
3
</Switch426>
<Switch427>
7
</Switch427>
<Switch428>
18
</Switch428>
<Switch429>
5
</Switch429>
<Switch430>
4
</Switch430>
<Switch431>
12
</Switch431>
<Switch432>
14
</Switch432>
<Switch433>
11
</Switch433>
<Switch434>
6
</Switch434>
<Switch435>
13
</Switch435>
<Switch436>
12
</Switch436>
<Switch437>
16
</Switch437>
<Switch438>
10
</Switch438>
<Switch439>
14
</Switch439>
<Switch440>
9
</Switch440>
<Switch441>
0
</Switch441>
<Switch442>
8
</Switch442>
<Switch443>
9
</Switch443>
<Switch444>
19
</Switch444>
<Switch445>
15
</Switch445>
<Switch446>
19
</Switch446>
<Switch447>
3
</Switch447>
<Switch448>
7
</Switch448>
<Switch449>
6
</Switch449>
<Switch450>
18
</Switch450>
<Switch451>
3
</Switch451>
<Switch452>
1
</Switch452>
<Switch453>
19
</Switch453>
<Switch454>
15
</Switch454>
<Switch455>
0
</Switch455>
<Switch456>
19
</Switch456>
<Switch457>
7
</Switch457>
<Switch458>
4
</Switch458>
<Switch459>
13
</Switch459>
<Switch460>
15
</Switch460>
<Switch461>
7
</Switch461>
<Switch462>
18
</Switch462>
<Switch463>
1
</Switch463>
<Switch464>
11
</Switch464>
<Switch465>
8
</Switch465>
<Switch466>
17
</Switch466>
<Switch467>
4
</Switch467>
<Switch468>
3
</Switch468>
<Switch469>
13
</Switch469>
<Switch470>
11
</Switch470>
<Switch471>
7
</Switch471>
<Switch472>
10
</Switch472>
<Switch473>
16
</Switch473>
<Switch474>
0
</Switch474>
<Switch475>
16
</Switch475>
<Switch476>
18
</Switch476>
<Switch477>
4
</Switch477>
<Switch478>
7
</Switch478>
<Switch479>
6
</Switch479>
<Switch480>
3
</Switch480>
<Switch481>
2
</Switch481>
<Switch482>
0
</Switch482>
<Switch483>
1
</Switch483>
<Switch484>
7
</Switch484>
<Switch485>
13
</Switch485>
<Switch486>
6
</Switch486>
<Switch487>
1
</Switch487>
<Switch488>
15
</Switch488>
<Switch489>
4
</Switch489>
<Switch490>
9
</Switch490>
<Switch491>
10
</Switch491>
<Switch492>
10
</Switch492>
<Switch493>
0
</Switch493>
<Switch494>
12
</Switch494>
<Switch495>
7
</Switch495>
<Switch496>
14
</Switch496>
<Switch497>
0
</Switch497>
<Switch498>
8
</Switch498>
<Switch499>
11
</Switch499>
<Switch500>
12
</Switch500>
<Switch501>
5
</Switch501>
<Switch502>
1
</Switch502>
<Switch503>
10
</Switch503>
<Switch504>
18
</Switch504>
<Switch505>
10
</Switch505>
<Switch506>
19
</Switch506>
<Switch507>
16
</Switch507>
<Switch508>
9
</Switch508>
<Switch509>
13
</Switch509>
<Switch510>
13
</Switch510>
<Switch511>
17
</Switch511>
<Switch512>
2
</Switch512>
<Switch513>
5
</Switch513>
<Switch514>
10
</Switch514>
<Switch515>
5
</Switch515>
<Switch516>
13
</Switch516>
<Switch517>
17
</Switch517>
<Switch518>
4
</Switch518>
<Switch519>
14
</Switch519>
<Switch520>
12
</Switch520>
<Switch521>
5
</Switch521>
<Switch522>
10
</Switch522>
<Switch523>
13
</Switch523>
<Switch524>
14
</Switch524>
<Switch525>
15
</Switch525>
<Switch526>
11
</Switch526>
<Switch527>
18
</Switch527>
<Switch528>
7
</Switch528>
<Switch529>
12
</Switch529>
<Switch530>
14
</Switch530>
<Switch531>
1
</Switch531>
<Switch532>
5
</Switch532>
<Switch533>
18
</Switch533>
<Switch534>
17
</Switch534>
<Switch535>
18
</Switch535>
<Switch536>
13
</Switch536>
<Switch537>
19
</Switch537>
<Switch538>
4
</Switch538>
<Switch539>
4
</Switch539>
<Switch540>
12
</Switch540>
<Switch541>
4
</Switch541>
<Switch542>
14
</Switch542>
<Switch543>
6
</Switch543>
<Switch544>
18
</Switch544>
<Switch545>
8
</Switch545>
<Switch546>
11
</Switch546>
<Switch547>
14
</Switch547>
<Switch548>
0
</Switch548>
<Switch549>
3
</Switch549>
<Switch550>
19
</Switch550>
<Switch551>
16
</Switch551>
<Switch552>
2
</Switch552>
<Switch553>
3
</Switch553>
<Switch554>
8
</Switch554>
<Switch555>
3
</Switch555>
<Switch556>
16
</Switch556>
<Switch557>
14
</Switch557>
<Switch558>
7
</Switch558>
<Switch559>
19
</Switch559>
<Switch560>
6
</Switch560>
<Switch561>
2
</Switch561>
<Switch562>
4
</Switch562>
<Switch563>
19
</Switch563>
<Switch564>
11
</Switch564>
<Switch565>
18
</Switch565>
<Switch566>
3
</Switch566>
<Switch567>
5
</Switch567>
<Switch568>
15
</Switch568>
<Switch569>
15
</Switch569>
<Switch570>
19
</Switch570>
<Switch571>
17
</Switch571>
<Switch572>
2
</Switch572>
<Switch573>
4
</Switch573>
<Switch574>
2
</Switch574>
<Switch575>
7
</Switch575>
<Switch576>
5
</Switch576>
<Switch577>
6
</Switch577>
<Switch578>
4
</Switch578>
<Switch579>
10
</Switch579>
<Switch580>
11
</Switch580>
<Switch581>
3
</Switch581>
<Switch582>
5
</Switch582>
<Switch583>
1
</Switch583>
<Switch584>
17
</Switch584>
<Switch585>
9
</Switch585>
<Switch586>
10
</Switch586>
<Switch587>
12
</Switch587>
<Switch588>
15
</Switch588>
<Switch589>
8
</Switch589>
<Switch590>
4
</Switch590>
<Switch591>
13
</Switch591>
<Switch592>
7
</Switch592>
<Switch593>
13
</Switch593>
<Switch594>
4
</Switch594>
<Switch595>
12
</Switch595>
<Switch596>
1
</Switch596>
<Switch597>
7
</Switch597>
<Switch598>
6
</Switch598>
<Switch599>
18
</Switch599>
<Switch600>
4
</Switch600>
<Switch601>
5
</Switch601>
<Switch602>
13
</Switch602>
<Switch603>
14
</Switch603>
<Switch604>
7
</Switch604>
<Switch605>
4
</Switch605>
<Switch606>
5
</Switch606>
<Switch607>
11
</Switch607>
<Switch608>
17
</Switch608>
<Switch609>
11
</Switch609>
<Switch610>
8
</Switch610>
<Switch611>
2
</Switch611>
<Switch612>
19
</Switch612>
<Switch613>
9
</Switch613>
</BaseID:1058>
