<?xml version="1.0"?>

<BaseID:106>
<Switch1>
7
</Switch1>
<Switch2>
2
</Switch2>
<Switch3>
10
</Switch3>
<Switch4>
18
</Switch4>
<Switch5>
0
</Switch5>
<Switch6>
5
</Switch6>
<Switch7>
15
</Switch7>
<Switch8>
11
</Switch8>
<Switch9>
12
</Switch9>
<Switch10>
10
</Switch10>
<Switch11>
11
</Switch11>
<Switch12>
16
</Switch12>
<Switch13>
1
</Switch13>
<Switch14>
8
</Switch14>
<Switch15>
19
</Switch15>
<Switch16>
0
</Switch16>
<Switch17>
5
</Switch17>
<Switch18>
3
</Switch18>
<Switch19>
4
</Switch19>
<Switch20>
18
</Switch20>
<Switch21>
6
</Switch21>
<Switch22>
19
</Switch22>
<Switch23>
19
</Switch23>
<Switch24>
11
</Switch24>
<Switch25>
5
</Switch25>
<Switch26>
8
</Switch26>
<Switch27>
13
</Switch27>
<Switch28>
1
</Switch28>
<Switch29>
14
</Switch29>
<Switch30>
15
</Switch30>
<Switch31>
18
</Switch31>
<Switch32>
15
</Switch32>
<Switch33>
1
</Switch33>
<Switch34>
4
</Switch34>
<Switch35>
11
</Switch35>
<Switch36>
18
</Switch36>
<Switch37>
3
</Switch37>
<Switch38>
6
</Switch38>
<Switch39>
8
</Switch39>
<Switch40>
17
</Switch40>
<Switch41>
0
</Switch41>
<Switch42>
13
</Switch42>
<Switch43>
4
</Switch43>
<Switch44>
12
</Switch44>
<Switch45>
13
</Switch45>
<Switch46>
15
</Switch46>
<Switch47>
16
</Switch47>
<Switch48>
12
</Switch48>
<Switch49>
12
</Switch49>
<Switch50>
15
</Switch50>
<Switch51>
2
</Switch51>
<Switch52>
3
</Switch52>
<Switch53>
8
</Switch53>
<Switch54>
6
</Switch54>
<Switch55>
18
</Switch55>
<Switch56>
18
</Switch56>
<Switch57>
2
</Switch57>
<Switch58>
7
</Switch58>
<Switch59>
16
</Switch59>
<Switch60>
9
</Switch60>
<Switch61>
9
</Switch61>
<Switch62>
3
</Switch62>
<Switch63>
9
</Switch63>
<Switch64>
18
</Switch64>
<Switch65>
6
</Switch65>
<Switch66>
14
</Switch66>
<Switch67>
5
</Switch67>
<Switch68>
2
</Switch68>
<Switch69>
1
</Switch69>
<Switch70>
13
</Switch70>
<Switch71>
2
</Switch71>
<Switch72>
1
</Switch72>
<Switch73>
0
</Switch73>
<Switch74>
17
</Switch74>
<Switch75>
18
</Switch75>
<Switch76>
17
</Switch76>
<Switch77>
10
</Switch77>
<Switch78>
0
</Switch78>
<Switch79>
19
</Switch79>
<Switch80>
2
</Switch80>
<Switch81>
7
</Switch81>
<Switch82>
4
</Switch82>
<Switch83>
4
</Switch83>
<Switch84>
10
</Switch84>
<Switch85>
14
</Switch85>
<Switch86>
1
</Switch86>
<Switch87>
8
</Switch87>
<Switch88>
0
</Switch88>
<Switch89>
18
</Switch89>
<Switch90>
9
</Switch90>
<Switch91>
18
</Switch91>
<Switch92>
11
</Switch92>
<Switch93>
11
</Switch93>
<Switch94>
19
</Switch94>
<Switch95>
17
</Switch95>
<Switch96>
13
</Switch96>
<Switch97>
17
</Switch97>
<Switch98>
3
</Switch98>
<Switch99>
11
</Switch99>
<Switch100>
13
</Switch100>
<Switch101>
2
</Switch101>
<Switch102>
6
</Switch102>
<Switch103>
13
</Switch103>
<Switch104>
2
</Switch104>
<Switch105>
4
</Switch105>
<Switch106>
5
</Switch106>
<Switch107>
9
</Switch107>
<Switch108>
10
</Switch108>
<Switch109>
18
</Switch109>
<Switch110>
12
</Switch110>
<Switch111>
7
</Switch111>
<Switch112>
12
</Switch112>
<Switch113>
16
</Switch113>
<Switch114>
2
</Switch114>
<Switch115>
19
</Switch115>
<Switch116>
14
</Switch116>
<Switch117>
19
</Switch117>
<Switch118>
8
</Switch118>
<Switch119>
0
</Switch119>
<Switch120>
2
</Switch120>
<Switch121>
3
</Switch121>
<Switch122>
8
</Switch122>
<Switch123>
0
</Switch123>
<Switch124>
19
</Switch124>
<Switch125>
19
</Switch125>
<Switch126>
16
</Switch126>
<Switch127>
19
</Switch127>
<Switch128>
17
</Switch128>
<Switch129>
19
</Switch129>
<Switch130>
11
</Switch130>
<Switch131>
4
</Switch131>
<Switch132>
3
</Switch132>
<Switch133>
14
</Switch133>
<Switch134>
4
</Switch134>
<Switch135>
0
</Switch135>
<Switch136>
10
</Switch136>
<Switch137>
15
</Switch137>
<Switch138>
9
</Switch138>
<Switch139>
6
</Switch139>
<Switch140>
19
</Switch140>
<Switch141>
11
</Switch141>
<Switch142>
11
</Switch142>
<Switch143>
9
</Switch143>
<Switch144>
0
</Switch144>
<Switch145>
13
</Switch145>
<Switch146>
17
</Switch146>
<Switch147>
8
</Switch147>
<Switch148>
3
</Switch148>
<Switch149>
8
</Switch149>
<Switch150>
7
</Switch150>
<Switch151>
19
</Switch151>
<Switch152>
12
</Switch152>
<Switch153>
14
</Switch153>
<Switch154>
6
</Switch154>
<Switch155>
8
</Switch155>
<Switch156>
11
</Switch156>
<Switch157>
14
</Switch157>
<Switch158>
17
</Switch158>
<Switch159>
17
</Switch159>
<Switch160>
3
</Switch160>
<Switch161>
4
</Switch161>
<Switch162>
2
</Switch162>
<Switch163>
18
</Switch163>
<Switch164>
5
</Switch164>
<Switch165>
18
</Switch165>
<Switch166>
0
</Switch166>
<Switch167>
19
</Switch167>
<Switch168>
0
</Switch168>
<Switch169>
11
</Switch169>
<Switch170>
5
</Switch170>
<Switch171>
19
</Switch171>
<Switch172>
1
</Switch172>
<Switch173>
16
</Switch173>
<Switch174>
1
</Switch174>
<Switch175>
12
</Switch175>
<Switch176>
3
</Switch176>
<Switch177>
10
</Switch177>
<Switch178>
10
</Switch178>
<Switch179>
11
</Switch179>
<Switch180>
2
</Switch180>
<Switch181>
11
</Switch181>
<Switch182>
9
</Switch182>
<Switch183>
1
</Switch183>
<Switch184>
6
</Switch184>
<Switch185>
15
</Switch185>
<Switch186>
14
</Switch186>
<Switch187>
15
</Switch187>
<Switch188>
0
</Switch188>
<Switch189>
18
</Switch189>
<Switch190>
7
</Switch190>
<Switch191>
3
</Switch191>
<Switch192>
1
</Switch192>
<Switch193>
12
</Switch193>
<Switch194>
13
</Switch194>
<Switch195>
3
</Switch195>
<Switch196>
10
</Switch196>
<Switch197>
0
</Switch197>
<Switch198>
17
</Switch198>
<Switch199>
12
</Switch199>
<Switch200>
3
</Switch200>
<Switch201>
18
</Switch201>
<Switch202>
13
</Switch202>
<Switch203>
9
</Switch203>
<Switch204>
11
</Switch204>
<Switch205>
9
</Switch205>
<Switch206>
9
</Switch206>
<Switch207>
1
</Switch207>
<Switch208>
13
</Switch208>
<Switch209>
9
</Switch209>
<Switch210>
11
</Switch210>
<Switch211>
4
</Switch211>
<Switch212>
15
</Switch212>
<Switch213>
3
</Switch213>
<Switch214>
19
</Switch214>
<Switch215>
9
</Switch215>
<Switch216>
16
</Switch216>
<Switch217>
1
</Switch217>
<Switch218>
15
</Switch218>
<Switch219>
17
</Switch219>
<Switch220>
8
</Switch220>
<Switch221>
13
</Switch221>
<Switch222>
10
</Switch222>
<Switch223>
0
</Switch223>
<Switch224>
16
</Switch224>
<Switch225>
7
</Switch225>
<Switch226>
11
</Switch226>
<Switch227>
5
</Switch227>
<Switch228>
19
</Switch228>
<Switch229>
3
</Switch229>
<Switch230>
8
</Switch230>
<Switch231>
4
</Switch231>
<Switch232>
1
</Switch232>
<Switch233>
5
</Switch233>
<Switch234>
14
</Switch234>
<Switch235>
4
</Switch235>
<Switch236>
9
</Switch236>
<Switch237>
11
</Switch237>
<Switch238>
15
</Switch238>
<Switch239>
8
</Switch239>
<Switch240>
2
</Switch240>
<Switch241>
13
</Switch241>
<Switch242>
6
</Switch242>
<Switch243>
7
</Switch243>
<Switch244>
8
</Switch244>
<Switch245>
4
</Switch245>
<Switch246>
16
</Switch246>
<Switch247>
11
</Switch247>
<Switch248>
6
</Switch248>
<Switch249>
5
</Switch249>
<Switch250>
8
</Switch250>
<Switch251>
7
</Switch251>
<Switch252>
2
</Switch252>
<Switch253>
3
</Switch253>
<Switch254>
18
</Switch254>
<Switch255>
13
</Switch255>
<Switch256>
4
</Switch256>
<Switch257>
16
</Switch257>
<Switch258>
11
</Switch258>
<Switch259>
19
</Switch259>
<Switch260>
19
</Switch260>
<Switch261>
12
</Switch261>
<Switch262>
9
</Switch262>
<Switch263>
14
</Switch263>
<Switch264>
8
</Switch264>
<Switch265>
15
</Switch265>
<Switch266>
11
</Switch266>
<Switch267>
9
</Switch267>
<Switch268>
16
</Switch268>
<Switch269>
9
</Switch269>
<Switch270>
17
</Switch270>
<Switch271>
12
</Switch271>
<Switch272>
2
</Switch272>
<Switch273>
9
</Switch273>
<Switch274>
10
</Switch274>
<Switch275>
12
</Switch275>
<Switch276>
8
</Switch276>
<Switch277>
3
</Switch277>
<Switch278>
17
</Switch278>
<Switch279>
12
</Switch279>
<Switch280>
4
</Switch280>
<Switch281>
11
</Switch281>
<Switch282>
18
</Switch282>
<Switch283>
3
</Switch283>
<Switch284>
19
</Switch284>
<Switch285>
6
</Switch285>
<Switch286>
14
</Switch286>
<Switch287>
17
</Switch287>
<Switch288>
5
</Switch288>
<Switch289>
16
</Switch289>
<Switch290>
7
</Switch290>
<Switch291>
12
</Switch291>
<Switch292>
18
</Switch292>
<Switch293>
1
</Switch293>
<Switch294>
19
</Switch294>
<Switch295>
19
</Switch295>
<Switch296>
17
</Switch296>
<Switch297>
10
</Switch297>
<Switch298>
11
</Switch298>
<Switch299>
2
</Switch299>
<Switch300>
12
</Switch300>
<Switch301>
15
</Switch301>
<Switch302>
9
</Switch302>
<Switch303>
9
</Switch303>
<Switch304>
17
</Switch304>
<Switch305>
14
</Switch305>
<Switch306>
19
</Switch306>
<Switch307>
4
</Switch307>
<Switch308>
16
</Switch308>
<Switch309>
15
</Switch309>
<Switch310>
10
</Switch310>
<Switch311>
4
</Switch311>
<Switch312>
18
</Switch312>
<Switch313>
7
</Switch313>
<Switch314>
6
</Switch314>
<Switch315>
18
</Switch315>
<Switch316>
10
</Switch316>
<Switch317>
4
</Switch317>
<Switch318>
7
</Switch318>
<Switch319>
17
</Switch319>
<Switch320>
6
</Switch320>
<Switch321>
3
</Switch321>
<Switch322>
6
</Switch322>
<Switch323>
10
</Switch323>
<Switch324>
1
</Switch324>
<Switch325>
5
</Switch325>
<Switch326>
4
</Switch326>
<Switch327>
6
</Switch327>
<Switch328>
0
</Switch328>
<Switch329>
0
</Switch329>
<Switch330>
8
</Switch330>
<Switch331>
8
</Switch331>
<Switch332>
3
</Switch332>
<Switch333>
1
</Switch333>
<Switch334>
19
</Switch334>
<Switch335>
4
</Switch335>
<Switch336>
15
</Switch336>
<Switch337>
12
</Switch337>
<Switch338>
9
</Switch338>
<Switch339>
9
</Switch339>
<Switch340>
18
</Switch340>
<Switch341>
4
</Switch341>
<Switch342>
14
</Switch342>
<Switch343>
18
</Switch343>
<Switch344>
15
</Switch344>
<Switch345>
9
</Switch345>
<Switch346>
13
</Switch346>
<Switch347>
17
</Switch347>
<Switch348>
7
</Switch348>
<Switch349>
8
</Switch349>
<Switch350>
4
</Switch350>
<Switch351>
0
</Switch351>
<Switch352>
9
</Switch352>
<Switch353>
1
</Switch353>
<Switch354>
4
</Switch354>
<Switch355>
4
</Switch355>
<Switch356>
15
</Switch356>
<Switch357>
0
</Switch357>
<Switch358>
13
</Switch358>
<Switch359>
0
</Switch359>
<Switch360>
1
</Switch360>
<Switch361>
2
</Switch361>
<Switch362>
6
</Switch362>
<Switch363>
16
</Switch363>
<Switch364>
8
</Switch364>
<Switch365>
16
</Switch365>
<Switch366>
12
</Switch366>
<Switch367>
1
</Switch367>
<Switch368>
11
</Switch368>
<Switch369>
18
</Switch369>
<Switch370>
12
</Switch370>
<Switch371>
8
</Switch371>
<Switch372>
14
</Switch372>
<Switch373>
10
</Switch373>
<Switch374>
7
</Switch374>
<Switch375>
10
</Switch375>
<Switch376>
9
</Switch376>
<Switch377>
12
</Switch377>
<Switch378>
17
</Switch378>
<Switch379>
6
</Switch379>
<Switch380>
15
</Switch380>
<Switch381>
18
</Switch381>
<Switch382>
18
</Switch382>
<Switch383>
7
</Switch383>
<Switch384>
13
</Switch384>
<Switch385>
17
</Switch385>
<Switch386>
18
</Switch386>
<Switch387>
10
</Switch387>
<Switch388>
13
</Switch388>
<Switch389>
15
</Switch389>
<Switch390>
5
</Switch390>
<Switch391>
4
</Switch391>
<Switch392>
16
</Switch392>
<Switch393>
16
</Switch393>
<Switch394>
15
</Switch394>
<Switch395>
4
</Switch395>
<Switch396>
8
</Switch396>
<Switch397>
15
</Switch397>
<Switch398>
12
</Switch398>
<Switch399>
19
</Switch399>
<Switch400>
15
</Switch400>
<Switch401>
1
</Switch401>
<Switch402>
4
</Switch402>
<Switch403>
1
</Switch403>
<Switch404>
2
</Switch404>
<Switch405>
10
</Switch405>
<Switch406>
2
</Switch406>
<Switch407>
9
</Switch407>
<Switch408>
18
</Switch408>
<Switch409>
13
</Switch409>
<Switch410>
16
</Switch410>
<Switch411>
19
</Switch411>
<Switch412>
9
</Switch412>
<Switch413>
7
</Switch413>
<Switch414>
13
</Switch414>
<Switch415>
13
</Switch415>
<Switch416>
9
</Switch416>
<Switch417>
16
</Switch417>
<Switch418>
18
</Switch418>
<Switch419>
4
</Switch419>
<Switch420>
14
</Switch420>
<Switch421>
17
</Switch421>
<Switch422>
18
</Switch422>
<Switch423>
12
</Switch423>
<Switch424>
17
</Switch424>
<Switch425>
9
</Switch425>
<Switch426>
8
</Switch426>
<Switch427>
18
</Switch427>
<Switch428>
13
</Switch428>
<Switch429>
11
</Switch429>
<Switch430>
7
</Switch430>
<Switch431>
11
</Switch431>
<Switch432>
5
</Switch432>
<Switch433>
10
</Switch433>
<Switch434>
14
</Switch434>
<Switch435>
1
</Switch435>
<Switch436>
13
</Switch436>
<Switch437>
19
</Switch437>
<Switch438>
2
</Switch438>
<Switch439>
3
</Switch439>
<Switch440>
11
</Switch440>
<Switch441>
8
</Switch441>
<Switch442>
13
</Switch442>
<Switch443>
14
</Switch443>
<Switch444>
2
</Switch444>
<Switch445>
14
</Switch445>
<Switch446>
9
</Switch446>
<Switch447>
11
</Switch447>
<Switch448>
14
</Switch448>
<Switch449>
10
</Switch449>
<Switch450>
10
</Switch450>
<Switch451>
2
</Switch451>
<Switch452>
6
</Switch452>
<Switch453>
14
</Switch453>
<Switch454>
13
</Switch454>
<Switch455>
16
</Switch455>
<Switch456>
8
</Switch456>
<Switch457>
3
</Switch457>
<Switch458>
14
</Switch458>
<Switch459>
4
</Switch459>
<Switch460>
3
</Switch460>
<Switch461>
18
</Switch461>
<Switch462>
0
</Switch462>
<Switch463>
12
</Switch463>
<Switch464>
11
</Switch464>
<Switch465>
6
</Switch465>
<Switch466>
5
</Switch466>
<Switch467>
18
</Switch467>
<Switch468>
16
</Switch468>
<Switch469>
13
</Switch469>
<Switch470>
1
</Switch470>
<Switch471>
15
</Switch471>
<Switch472>
17
</Switch472>
<Switch473>
5
</Switch473>
<Switch474>
8
</Switch474>
<Switch475>
5
</Switch475>
<Switch476>
13
</Switch476>
<Switch477>
3
</Switch477>
<Switch478>
17
</Switch478>
<Switch479>
9
</Switch479>
<Switch480>
9
</Switch480>
<Switch481>
11
</Switch481>
<Switch482>
13
</Switch482>
<Switch483>
19
</Switch483>
<Switch484>
14
</Switch484>
<Switch485>
2
</Switch485>
<Switch486>
1
</Switch486>
<Switch487>
9
</Switch487>
<Switch488>
4
</Switch488>
<Switch489>
12
</Switch489>
<Switch490>
12
</Switch490>
<Switch491>
16
</Switch491>
<Switch492>
0
</Switch492>
<Switch493>
10
</Switch493>
<Switch494>
16
</Switch494>
<Switch495>
19
</Switch495>
<Switch496>
3
</Switch496>
<Switch497>
8
</Switch497>
<Switch498>
17
</Switch498>
<Switch499>
10
</Switch499>
<Switch500>
1
</Switch500>
<Switch501>
5
</Switch501>
<Switch502>
11
</Switch502>
<Switch503>
2
</Switch503>
<Switch504>
2
</Switch504>
<Switch505>
11
</Switch505>
<Switch506>
10
</Switch506>
<Switch507>
14
</Switch507>
<Switch508>
3
</Switch508>
<Switch509>
7
</Switch509>
<Switch510>
13
</Switch510>
<Switch511>
14
</Switch511>
<Switch512>
4
</Switch512>
<Switch513>
15
</Switch513>
<Switch514>
3
</Switch514>
<Switch515>
13
</Switch515>
<Switch516>
9
</Switch516>
<Switch517>
18
</Switch517>
<Switch518>
19
</Switch518>
<Switch519>
6
</Switch519>
<Switch520>
15
</Switch520>
<Switch521>
5
</Switch521>
<Switch522>
2
</Switch522>
<Switch523>
4
</Switch523>
<Switch524>
3
</Switch524>
<Switch525>
10
</Switch525>
<Switch526>
11
</Switch526>
<Switch527>
15
</Switch527>
<Switch528>
10
</Switch528>
<Switch529>
11
</Switch529>
<Switch530>
18
</Switch530>
<Switch531>
19
</Switch531>
<Switch532>
0
</Switch532>
<Switch533>
6
</Switch533>
<Switch534>
6
</Switch534>
<Switch535>
7
</Switch535>
<Switch536>
3
</Switch536>
<Switch537>
8
</Switch537>
<Switch538>
5
</Switch538>
<Switch539>
3
</Switch539>
<Switch540>
7
</Switch540>
<Switch541>
1
</Switch541>
<Switch542>
15
</Switch542>
<Switch543>
10
</Switch543>
<Switch544>
8
</Switch544>
<Switch545>
17
</Switch545>
<Switch546>
8
</Switch546>
<Switch547>
11
</Switch547>
<Switch548>
0
</Switch548>
<Switch549>
1
</Switch549>
<Switch550>
19
</Switch550>
<Switch551>
12
</Switch551>
<Switch552>
7
</Switch552>
<Switch553>
1
</Switch553>
<Switch554>
0
</Switch554>
<Switch555>
2
</Switch555>
<Switch556>
1
</Switch556>
<Switch557>
7
</Switch557>
<Switch558>
16
</Switch558>
<Switch559>
9
</Switch559>
<Switch560>
4
</Switch560>
<Switch561>
18
</Switch561>
<Switch562>
16
</Switch562>
<Switch563>
11
</Switch563>
<Switch564>
8
</Switch564>
<Switch565>
8
</Switch565>
<Switch566>
16
</Switch566>
<Switch567>
3
</Switch567>
<Switch568>
8
</Switch568>
<Switch569>
6
</Switch569>
<Switch570>
3
</Switch570>
<Switch571>
7
</Switch571>
<Switch572>
17
</Switch572>
<Switch573>
1
</Switch573>
<Switch574>
1
</Switch574>
<Switch575>
14
</Switch575>
<Switch576>
9
</Switch576>
<Switch577>
2
</Switch577>
<Switch578>
0
</Switch578>
<Switch579>
17
</Switch579>
<Switch580>
14
</Switch580>
<Switch581>
15
</Switch581>
<Switch582>
8
</Switch582>
<Switch583>
7
</Switch583>
<Switch584>
6
</Switch584>
<Switch585>
18
</Switch585>
<Switch586>
14
</Switch586>
<Switch587>
9
</Switch587>
<Switch588>
8
</Switch588>
<Switch589>
11
</Switch589>
<Switch590>
4
</Switch590>
<Switch591>
16
</Switch591>
<Switch592>
1
</Switch592>
<Switch593>
2
</Switch593>
<Switch594>
19
</Switch594>
<Switch595>
12
</Switch595>
<Switch596>
9
</Switch596>
<Switch597>
3
</Switch597>
<Switch598>
10
</Switch598>
<Switch599>
13
</Switch599>
<Switch600>
0
</Switch600>
<Switch601>
2
</Switch601>
<Switch602>
11
</Switch602>
<Switch603>
17
</Switch603>
<Switch604>
10
</Switch604>
<Switch605>
19
</Switch605>
<Switch606>
16
</Switch606>
<Switch607>
10
</Switch607>
<Switch608>
15
</Switch608>
<Switch609>
6
</Switch609>
<Switch610>
16
</Switch610>
<Switch611>
15
</Switch611>
<Switch612>
19
</Switch612>
<Switch613>
1
</Switch613>
<Switch614>
7
</Switch614>
<Switch615>
10
</Switch615>
<Switch616>
14
</Switch616>
<Switch617>
18
</Switch617>
<Switch618>
4
</Switch618>
<Switch619>
16
</Switch619>
<Switch620>
0
</Switch620>
<Switch621>
12
</Switch621>
<Switch622>
14
</Switch622>
<Switch623>
17
</Switch623>
<Switch624>
1
</Switch624>
<Switch625>
11
</Switch625>
<Switch626>
8
</Switch626>
<Switch627>
8
</Switch627>
<Switch628>
3
</Switch628>
<Switch629>
4
</Switch629>
<Switch630>
15
</Switch630>
<Switch631>
10
</Switch631>
<Switch632>
9
</Switch632>
<Switch633>
19
</Switch633>
<Switch634>
5
</Switch634>
<Switch635>
15
</Switch635>
<Switch636>
9
</Switch636>
<Switch637>
8
</Switch637>
<Switch638>
11
</Switch638>
<Switch639>
9
</Switch639>
<Switch640>
14
</Switch640>
<Switch641>
1
</Switch641>
<Switch642>
14
</Switch642>
<Switch643>
13
</Switch643>
<Switch644>
4
</Switch644>
<Switch645>
13
</Switch645>
<Switch646>
12
</Switch646>
<Switch647>
6
</Switch647>
<Switch648>
8
</Switch648>
<Switch649>
6
</Switch649>
<Switch650>
15
</Switch650>
<Switch651>
9
</Switch651>
<Switch652>
7
</Switch652>
<Switch653>
18
</Switch653>
<Switch654>
0
</Switch654>
<Switch655>
15
</Switch655>
<Switch656>
0
</Switch656>
<Switch657>
4
</Switch657>
<Switch658>
2
</Switch658>
<Switch659>
1
</Switch659>
<Switch660>
11
</Switch660>
<Switch661>
2
</Switch661>
<Switch662>
4
</Switch662>
<Switch663>
13
</Switch663>
<Switch664>
10
</Switch664>
<Switch665>
15
</Switch665>
<Switch666>
5
</Switch666>
<Switch667>
4
</Switch667>
<Switch668>
14
</Switch668>
<Switch669>
19
</Switch669>
<Switch670>
15
</Switch670>
<Switch671>
4
</Switch671>
<Switch672>
18
</Switch672>
<Switch673>
18
</Switch673>
<Switch674>
12
</Switch674>
<Switch675>
12
</Switch675>
<Switch676>
4
</Switch676>
<Switch677>
10
</Switch677>
<Switch678>
2
</Switch678>
<Switch679>
14
</Switch679>
<Switch680>
16
</Switch680>
<Switch681>
18
</Switch681>
<Switch682>
5
</Switch682>
<Switch683>
15
</Switch683>
<Switch684>
16
</Switch684>
<Switch685>
15
</Switch685>
<Switch686>
0
</Switch686>
<Switch687>
11
</Switch687>
<Switch688>
14
</Switch688>
<Switch689>
3
</Switch689>
<Switch690>
12
</Switch690>
<Switch691>
17
</Switch691>
<Switch692>
9
</Switch692>
<Switch693>
1
</Switch693>
<Switch694>
13
</Switch694>
<Switch695>
3
</Switch695>
<Switch696>
2
</Switch696>
<Switch697>
0
</Switch697>
<Switch698>
7
</Switch698>
<Switch699>
3
</Switch699>
<Switch700>
10
</Switch700>
<Switch701>
8
</Switch701>
<Switch702>
4
</Switch702>
<Switch703>
6
</Switch703>
<Switch704>
6
</Switch704>
<Switch705>
6
</Switch705>
<Switch706>
5
</Switch706>
<Switch707>
10
</Switch707>
<Switch708>
16
</Switch708>
<Switch709>
9
</Switch709>
<Switch710>
14
</Switch710>
<Switch711>
3
</Switch711>
<Switch712>
6
</Switch712>
<Switch713>
9
</Switch713>
<Switch714>
16
</Switch714>
<Switch715>
10
</Switch715>
<Switch716>
8
</Switch716>
<Switch717>
9
</Switch717>
<Switch718>
18
</Switch718>
<Switch719>
8
</Switch719>
<Switch720>
6
</Switch720>
<Switch721>
10
</Switch721>
<Switch722>
0
</Switch722>
<Switch723>
15
</Switch723>
<Switch724>
0
</Switch724>
<Switch725>
6
</Switch725>
<Switch726>
1
</Switch726>
<Switch727>
16
</Switch727>
<Switch728>
7
</Switch728>
<Switch729>
19
</Switch729>
<Switch730>
3
</Switch730>
<Switch731>
2
</Switch731>
<Switch732>
5
</Switch732>
<Switch733>
3
</Switch733>
<Switch734>
13
</Switch734>
<Switch735>
15
</Switch735>
<Switch736>
16
</Switch736>
<Switch737>
9
</Switch737>
<Switch738>
5
</Switch738>
<Switch739>
12
</Switch739>
<Switch740>
11
</Switch740>
<Switch741>
16
</Switch741>
<Switch742>
16
</Switch742>
<Switch743>
8
</Switch743>
<Switch744>
2
</Switch744>
<Switch745>
13
</Switch745>
<Switch746>
7
</Switch746>
<Switch747>
13
</Switch747>
<Switch748>
5
</Switch748>
<Switch749>
11
</Switch749>
<Switch750>
11
</Switch750>
<Switch751>
11
</Switch751>
<Switch752>
18
</Switch752>
<Switch753>
14
</Switch753>
<Switch754>
2
</Switch754>
<Switch755>
2
</Switch755>
<Switch756>
12
</Switch756>
<Switch757>
3
</Switch757>
<Switch758>
13
</Switch758>
<Switch759>
7
</Switch759>
<Switch760>
15
</Switch760>
<Switch761>
0
</Switch761>
<Switch762>
18
</Switch762>
<Switch763>
16
</Switch763>
<Switch764>
13
</Switch764>
<Switch765>
5
</Switch765>
<Switch766>
19
</Switch766>
<Switch767>
9
</Switch767>
<Switch768>
2
</Switch768>
<Switch769>
3
</Switch769>
<Switch770>
12
</Switch770>
<Switch771>
14
</Switch771>
<Switch772>
17
</Switch772>
<Switch773>
14
</Switch773>
<Switch774>
7
</Switch774>
<Switch775>
17
</Switch775>
<Switch776>
16
</Switch776>
<Switch777>
16
</Switch777>
<Switch778>
10
</Switch778>
<Switch779>
18
</Switch779>
<Switch780>
19
</Switch780>
<Switch781>
9
</Switch781>
<Switch782>
11
</Switch782>
<Switch783>
16
</Switch783>
<Switch784>
12
</Switch784>
<Switch785>
10
</Switch785>
<Switch786>
8
</Switch786>
<Switch787>
4
</Switch787>
<Switch788>
14
</Switch788>
<Switch789>
19
</Switch789>
<Switch790>
4
</Switch790>
<Switch791>
4
</Switch791>
<Switch792>
11
</Switch792>
<Switch793>
14
</Switch793>
<Switch794>
15
</Switch794>
<Switch795>
5
</Switch795>
<Switch796>
16
</Switch796>
<Switch797>
13
</Switch797>
<Switch798>
18
</Switch798>
<Switch799>
5
</Switch799>
<Switch800>
18
</Switch800>
<Switch801>
0
</Switch801>
<Switch802>
15
</Switch802>
<Switch803>
16
</Switch803>
</BaseID:106>
