<?xml version="1.0"?>

<BaseID:1061>
<Switch1>
15
</Switch1>
<Switch2>
4
</Switch2>
<Switch3>
18
</Switch3>
<Switch4>
7
</Switch4>
<Switch5>
10
</Switch5>
<Switch6>
15
</Switch6>
<Switch7>
13
</Switch7>
<Switch8>
19
</Switch8>
<Switch9>
1
</Switch9>
<Switch10>
18
</Switch10>
<Switch11>
17
</Switch11>
<Switch12>
0
</Switch12>
<Switch13>
15
</Switch13>
<Switch14>
13
</Switch14>
<Switch15>
8
</Switch15>
<Switch16>
18
</Switch16>
<Switch17>
10
</Switch17>
<Switch18>
0
</Switch18>
<Switch19>
18
</Switch19>
<Switch20>
17
</Switch20>
<Switch21>
9
</Switch21>
<Switch22>
5
</Switch22>
<Switch23>
17
</Switch23>
<Switch24>
16
</Switch24>
<Switch25>
15
</Switch25>
<Switch26>
14
</Switch26>
<Switch27>
5
</Switch27>
<Switch28>
19
</Switch28>
<Switch29>
16
</Switch29>
<Switch30>
9
</Switch30>
<Switch31>
13
</Switch31>
<Switch32>
7
</Switch32>
<Switch33>
19
</Switch33>
<Switch34>
17
</Switch34>
<Switch35>
10
</Switch35>
<Switch36>
10
</Switch36>
<Switch37>
2
</Switch37>
<Switch38>
13
</Switch38>
<Switch39>
17
</Switch39>
<Switch40>
12
</Switch40>
<Switch41>
10
</Switch41>
<Switch42>
9
</Switch42>
<Switch43>
5
</Switch43>
<Switch44>
8
</Switch44>
<Switch45>
14
</Switch45>
<Switch46>
5
</Switch46>
<Switch47>
7
</Switch47>
<Switch48>
5
</Switch48>
<Switch49>
6
</Switch49>
<Switch50>
7
</Switch50>
<Switch51>
2
</Switch51>
<Switch52>
6
</Switch52>
<Switch53>
1
</Switch53>
<Switch54>
4
</Switch54>
<Switch55>
3
</Switch55>
<Switch56>
4
</Switch56>
<Switch57>
4
</Switch57>
<Switch58>
3
</Switch58>
<Switch59>
13
</Switch59>
<Switch60>
3
</Switch60>
<Switch61>
16
</Switch61>
<Switch62>
9
</Switch62>
<Switch63>
18
</Switch63>
<Switch64>
10
</Switch64>
<Switch65>
0
</Switch65>
<Switch66>
16
</Switch66>
<Switch67>
18
</Switch67>
<Switch68>
17
</Switch68>
<Switch69>
15
</Switch69>
<Switch70>
7
</Switch70>
<Switch71>
2
</Switch71>
<Switch72>
7
</Switch72>
<Switch73>
8
</Switch73>
<Switch74>
12
</Switch74>
<Switch75>
18
</Switch75>
<Switch76>
1
</Switch76>
<Switch77>
3
</Switch77>
<Switch78>
11
</Switch78>
<Switch79>
12
</Switch79>
<Switch80>
19
</Switch80>
<Switch81>
13
</Switch81>
<Switch82>
19
</Switch82>
<Switch83>
19
</Switch83>
<Switch84>
16
</Switch84>
<Switch85>
17
</Switch85>
<Switch86>
10
</Switch86>
<Switch87>
15
</Switch87>
<Switch88>
12
</Switch88>
<Switch89>
17
</Switch89>
<Switch90>
8
</Switch90>
<Switch91>
16
</Switch91>
<Switch92>
2
</Switch92>
<Switch93>
0
</Switch93>
<Switch94>
17
</Switch94>
<Switch95>
11
</Switch95>
<Switch96>
16
</Switch96>
<Switch97>
1
</Switch97>
<Switch98>
9
</Switch98>
<Switch99>
2
</Switch99>
<Switch100>
13
</Switch100>
<Switch101>
18
</Switch101>
<Switch102>
18
</Switch102>
<Switch103>
19
</Switch103>
<Switch104>
5
</Switch104>
<Switch105>
16
</Switch105>
<Switch106>
14
</Switch106>
<Switch107>
15
</Switch107>
<Switch108>
0
</Switch108>
<Switch109>
18
</Switch109>
<Switch110>
6
</Switch110>
<Switch111>
13
</Switch111>
<Switch112>
8
</Switch112>
<Switch113>
14
</Switch113>
<Switch114>
2
</Switch114>
<Switch115>
10
</Switch115>
<Switch116>
17
</Switch116>
<Switch117>
15
</Switch117>
<Switch118>
2
</Switch118>
<Switch119>
6
</Switch119>
<Switch120>
1
</Switch120>
<Switch121>
2
</Switch121>
<Switch122>
15
</Switch122>
<Switch123>
9
</Switch123>
<Switch124>
1
</Switch124>
<Switch125>
12
</Switch125>
<Switch126>
16
</Switch126>
<Switch127>
19
</Switch127>
<Switch128>
19
</Switch128>
<Switch129>
7
</Switch129>
<Switch130>
8
</Switch130>
<Switch131>
9
</Switch131>
<Switch132>
0
</Switch132>
<Switch133>
1
</Switch133>
<Switch134>
17
</Switch134>
<Switch135>
16
</Switch135>
<Switch136>
6
</Switch136>
<Switch137>
2
</Switch137>
<Switch138>
2
</Switch138>
<Switch139>
5
</Switch139>
<Switch140>
11
</Switch140>
<Switch141>
8
</Switch141>
<Switch142>
14
</Switch142>
<Switch143>
0
</Switch143>
<Switch144>
10
</Switch144>
<Switch145>
18
</Switch145>
<Switch146>
9
</Switch146>
<Switch147>
7
</Switch147>
<Switch148>
0
</Switch148>
<Switch149>
17
</Switch149>
<Switch150>
5
</Switch150>
<Switch151>
7
</Switch151>
<Switch152>
14
</Switch152>
<Switch153>
6
</Switch153>
<Switch154>
2
</Switch154>
<Switch155>
13
</Switch155>
<Switch156>
6
</Switch156>
<Switch157>
11
</Switch157>
<Switch158>
14
</Switch158>
<Switch159>
2
</Switch159>
<Switch160>
0
</Switch160>
<Switch161>
6
</Switch161>
<Switch162>
9
</Switch162>
<Switch163>
1
</Switch163>
<Switch164>
8
</Switch164>
<Switch165>
2
</Switch165>
<Switch166>
12
</Switch166>
<Switch167>
6
</Switch167>
<Switch168>
13
</Switch168>
<Switch169>
13
</Switch169>
<Switch170>
17
</Switch170>
<Switch171>
4
</Switch171>
<Switch172>
0
</Switch172>
<Switch173>
19
</Switch173>
<Switch174>
4
</Switch174>
<Switch175>
13
</Switch175>
<Switch176>
11
</Switch176>
<Switch177>
8
</Switch177>
<Switch178>
17
</Switch178>
<Switch179>
10
</Switch179>
<Switch180>
17
</Switch180>
<Switch181>
17
</Switch181>
<Switch182>
14
</Switch182>
<Switch183>
6
</Switch183>
<Switch184>
4
</Switch184>
<Switch185>
9
</Switch185>
<Switch186>
6
</Switch186>
<Switch187>
8
</Switch187>
<Switch188>
19
</Switch188>
<Switch189>
3
</Switch189>
<Switch190>
0
</Switch190>
<Switch191>
8
</Switch191>
<Switch192>
6
</Switch192>
<Switch193>
17
</Switch193>
<Switch194>
11
</Switch194>
<Switch195>
8
</Switch195>
<Switch196>
4
</Switch196>
<Switch197>
11
</Switch197>
<Switch198>
4
</Switch198>
<Switch199>
8
</Switch199>
<Switch200>
11
</Switch200>
<Switch201>
2
</Switch201>
<Switch202>
0
</Switch202>
<Switch203>
12
</Switch203>
<Switch204>
18
</Switch204>
<Switch205>
1
</Switch205>
<Switch206>
3
</Switch206>
<Switch207>
18
</Switch207>
<Switch208>
4
</Switch208>
<Switch209>
17
</Switch209>
<Switch210>
12
</Switch210>
<Switch211>
3
</Switch211>
<Switch212>
9
</Switch212>
<Switch213>
13
</Switch213>
<Switch214>
1
</Switch214>
<Switch215>
0
</Switch215>
<Switch216>
19
</Switch216>
<Switch217>
4
</Switch217>
<Switch218>
4
</Switch218>
<Switch219>
1
</Switch219>
<Switch220>
7
</Switch220>
<Switch221>
3
</Switch221>
<Switch222>
1
</Switch222>
<Switch223>
10
</Switch223>
<Switch224>
14
</Switch224>
<Switch225>
0
</Switch225>
<Switch226>
4
</Switch226>
<Switch227>
15
</Switch227>
<Switch228>
3
</Switch228>
<Switch229>
14
</Switch229>
<Switch230>
4
</Switch230>
<Switch231>
10
</Switch231>
<Switch232>
15
</Switch232>
<Switch233>
16
</Switch233>
<Switch234>
17
</Switch234>
<Switch235>
8
</Switch235>
<Switch236>
17
</Switch236>
<Switch237>
16
</Switch237>
<Switch238>
19
</Switch238>
<Switch239>
9
</Switch239>
<Switch240>
4
</Switch240>
<Switch241>
8
</Switch241>
<Switch242>
7
</Switch242>
<Switch243>
17
</Switch243>
<Switch244>
2
</Switch244>
<Switch245>
11
</Switch245>
<Switch246>
7
</Switch246>
<Switch247>
19
</Switch247>
<Switch248>
7
</Switch248>
<Switch249>
2
</Switch249>
<Switch250>
14
</Switch250>
<Switch251>
18
</Switch251>
<Switch252>
2
</Switch252>
<Switch253>
7
</Switch253>
<Switch254>
14
</Switch254>
<Switch255>
19
</Switch255>
<Switch256>
8
</Switch256>
<Switch257>
16
</Switch257>
<Switch258>
11
</Switch258>
<Switch259>
17
</Switch259>
<Switch260>
19
</Switch260>
<Switch261>
18
</Switch261>
<Switch262>
9
</Switch262>
<Switch263>
8
</Switch263>
<Switch264>
15
</Switch264>
<Switch265>
12
</Switch265>
<Switch266>
13
</Switch266>
<Switch267>
17
</Switch267>
<Switch268>
13
</Switch268>
<Switch269>
14
</Switch269>
<Switch270>
5
</Switch270>
<Switch271>
17
</Switch271>
<Switch272>
16
</Switch272>
<Switch273>
2
</Switch273>
<Switch274>
18
</Switch274>
<Switch275>
5
</Switch275>
<Switch276>
18
</Switch276>
<Switch277>
1
</Switch277>
<Switch278>
8
</Switch278>
<Switch279>
5
</Switch279>
<Switch280>
11
</Switch280>
<Switch281>
0
</Switch281>
<Switch282>
5
</Switch282>
<Switch283>
9
</Switch283>
<Switch284>
1
</Switch284>
<Switch285>
7
</Switch285>
<Switch286>
18
</Switch286>
<Switch287>
3
</Switch287>
<Switch288>
11
</Switch288>
<Switch289>
5
</Switch289>
<Switch290>
19
</Switch290>
<Switch291>
16
</Switch291>
<Switch292>
0
</Switch292>
<Switch293>
6
</Switch293>
<Switch294>
6
</Switch294>
<Switch295>
11
</Switch295>
<Switch296>
1
</Switch296>
<Switch297>
9
</Switch297>
<Switch298>
12
</Switch298>
<Switch299>
12
</Switch299>
<Switch300>
7
</Switch300>
<Switch301>
1
</Switch301>
<Switch302>
4
</Switch302>
<Switch303>
15
</Switch303>
<Switch304>
4
</Switch304>
<Switch305>
14
</Switch305>
<Switch306>
9
</Switch306>
<Switch307>
19
</Switch307>
<Switch308>
12
</Switch308>
<Switch309>
2
</Switch309>
<Switch310>
10
</Switch310>
<Switch311>
2
</Switch311>
<Switch312>
19
</Switch312>
<Switch313>
14
</Switch313>
<Switch314>
5
</Switch314>
<Switch315>
15
</Switch315>
<Switch316>
18
</Switch316>
<Switch317>
11
</Switch317>
<Switch318>
9
</Switch318>
<Switch319>
7
</Switch319>
<Switch320>
4
</Switch320>
<Switch321>
10
</Switch321>
<Switch322>
17
</Switch322>
<Switch323>
18
</Switch323>
<Switch324>
12
</Switch324>
<Switch325>
12
</Switch325>
<Switch326>
19
</Switch326>
<Switch327>
6
</Switch327>
<Switch328>
17
</Switch328>
<Switch329>
4
</Switch329>
<Switch330>
14
</Switch330>
<Switch331>
18
</Switch331>
<Switch332>
9
</Switch332>
<Switch333>
11
</Switch333>
<Switch334>
9
</Switch334>
<Switch335>
5
</Switch335>
<Switch336>
3
</Switch336>
<Switch337>
9
</Switch337>
<Switch338>
11
</Switch338>
<Switch339>
14
</Switch339>
<Switch340>
4
</Switch340>
<Switch341>
9
</Switch341>
<Switch342>
0
</Switch342>
<Switch343>
4
</Switch343>
<Switch344>
5
</Switch344>
<Switch345>
11
</Switch345>
<Switch346>
5
</Switch346>
<Switch347>
15
</Switch347>
<Switch348>
3
</Switch348>
<Switch349>
15
</Switch349>
<Switch350>
16
</Switch350>
<Switch351>
6
</Switch351>
<Switch352>
15
</Switch352>
<Switch353>
15
</Switch353>
<Switch354>
1
</Switch354>
<Switch355>
16
</Switch355>
<Switch356>
13
</Switch356>
<Switch357>
3
</Switch357>
<Switch358>
1
</Switch358>
<Switch359>
17
</Switch359>
<Switch360>
12
</Switch360>
<Switch361>
4
</Switch361>
<Switch362>
14
</Switch362>
<Switch363>
18
</Switch363>
<Switch364>
13
</Switch364>
<Switch365>
14
</Switch365>
<Switch366>
15
</Switch366>
<Switch367>
5
</Switch367>
<Switch368>
14
</Switch368>
<Switch369>
6
</Switch369>
<Switch370>
14
</Switch370>
<Switch371>
4
</Switch371>
<Switch372>
2
</Switch372>
<Switch373>
16
</Switch373>
<Switch374>
7
</Switch374>
<Switch375>
1
</Switch375>
<Switch376>
11
</Switch376>
<Switch377>
0
</Switch377>
<Switch378>
3
</Switch378>
<Switch379>
11
</Switch379>
<Switch380>
3
</Switch380>
<Switch381>
8
</Switch381>
<Switch382>
15
</Switch382>
<Switch383>
4
</Switch383>
<Switch384>
15
</Switch384>
<Switch385>
2
</Switch385>
<Switch386>
7
</Switch386>
<Switch387>
10
</Switch387>
<Switch388>
17
</Switch388>
<Switch389>
6
</Switch389>
<Switch390>
12
</Switch390>
<Switch391>
5
</Switch391>
<Switch392>
10
</Switch392>
<Switch393>
14
</Switch393>
<Switch394>
18
</Switch394>
<Switch395>
2
</Switch395>
<Switch396>
2
</Switch396>
<Switch397>
8
</Switch397>
<Switch398>
10
</Switch398>
<Switch399>
18
</Switch399>
<Switch400>
5
</Switch400>
<Switch401>
2
</Switch401>
<Switch402>
0
</Switch402>
<Switch403>
3
</Switch403>
<Switch404>
2
</Switch404>
<Switch405>
14
</Switch405>
<Switch406>
9
</Switch406>
<Switch407>
5
</Switch407>
<Switch408>
9
</Switch408>
<Switch409>
0
</Switch409>
<Switch410>
18
</Switch410>
<Switch411>
9
</Switch411>
<Switch412>
9
</Switch412>
<Switch413>
16
</Switch413>
<Switch414>
16
</Switch414>
<Switch415>
5
</Switch415>
<Switch416>
17
</Switch416>
<Switch417>
0
</Switch417>
<Switch418>
7
</Switch418>
<Switch419>
19
</Switch419>
<Switch420>
14
</Switch420>
<Switch421>
7
</Switch421>
<Switch422>
6
</Switch422>
<Switch423>
13
</Switch423>
<Switch424>
19
</Switch424>
<Switch425>
6
</Switch425>
<Switch426>
17
</Switch426>
<Switch427>
3
</Switch427>
<Switch428>
16
</Switch428>
<Switch429>
3
</Switch429>
<Switch430>
7
</Switch430>
<Switch431>
1
</Switch431>
<Switch432>
19
</Switch432>
<Switch433>
1
</Switch433>
<Switch434>
7
</Switch434>
<Switch435>
8
</Switch435>
<Switch436>
8
</Switch436>
<Switch437>
15
</Switch437>
<Switch438>
1
</Switch438>
<Switch439>
2
</Switch439>
<Switch440>
1
</Switch440>
<Switch441>
16
</Switch441>
<Switch442>
13
</Switch442>
<Switch443>
10
</Switch443>
<Switch444>
0
</Switch444>
<Switch445>
8
</Switch445>
<Switch446>
17
</Switch446>
<Switch447>
10
</Switch447>
<Switch448>
1
</Switch448>
<Switch449>
3
</Switch449>
<Switch450>
5
</Switch450>
<Switch451>
9
</Switch451>
<Switch452>
15
</Switch452>
<Switch453>
1
</Switch453>
<Switch454>
13
</Switch454>
<Switch455>
1
</Switch455>
<Switch456>
6
</Switch456>
<Switch457>
3
</Switch457>
<Switch458>
14
</Switch458>
<Switch459>
17
</Switch459>
<Switch460>
11
</Switch460>
<Switch461>
13
</Switch461>
<Switch462>
17
</Switch462>
<Switch463>
17
</Switch463>
<Switch464>
1
</Switch464>
<Switch465>
1
</Switch465>
<Switch466>
9
</Switch466>
<Switch467>
19
</Switch467>
<Switch468>
13
</Switch468>
<Switch469>
2
</Switch469>
<Switch470>
8
</Switch470>
<Switch471>
2
</Switch471>
<Switch472>
13
</Switch472>
<Switch473>
19
</Switch473>
<Switch474>
18
</Switch474>
<Switch475>
14
</Switch475>
<Switch476>
9
</Switch476>
<Switch477>
8
</Switch477>
<Switch478>
6
</Switch478>
<Switch479>
10
</Switch479>
<Switch480>
2
</Switch480>
<Switch481>
11
</Switch481>
<Switch482>
13
</Switch482>
<Switch483>
6
</Switch483>
<Switch484>
12
</Switch484>
<Switch485>
4
</Switch485>
<Switch486>
9
</Switch486>
<Switch487>
17
</Switch487>
<Switch488>
4
</Switch488>
<Switch489>
17
</Switch489>
<Switch490>
3
</Switch490>
<Switch491>
16
</Switch491>
<Switch492>
19
</Switch492>
<Switch493>
1
</Switch493>
<Switch494>
17
</Switch494>
<Switch495>
6
</Switch495>
<Switch496>
15
</Switch496>
<Switch497>
9
</Switch497>
<Switch498>
0
</Switch498>
<Switch499>
7
</Switch499>
<Switch500>
4
</Switch500>
<Switch501>
13
</Switch501>
<Switch502>
17
</Switch502>
<Switch503>
4
</Switch503>
<Switch504>
13
</Switch504>
<Switch505>
10
</Switch505>
<Switch506>
15
</Switch506>
<Switch507>
16
</Switch507>
<Switch508>
17
</Switch508>
<Switch509>
12
</Switch509>
<Switch510>
6
</Switch510>
<Switch511>
13
</Switch511>
<Switch512>
17
</Switch512>
<Switch513>
19
</Switch513>
<Switch514>
11
</Switch514>
<Switch515>
19
</Switch515>
<Switch516>
2
</Switch516>
<Switch517>
12
</Switch517>
<Switch518>
5
</Switch518>
<Switch519>
6
</Switch519>
<Switch520>
0
</Switch520>
<Switch521>
13
</Switch521>
<Switch522>
10
</Switch522>
<Switch523>
8
</Switch523>
<Switch524>
1
</Switch524>
<Switch525>
19
</Switch525>
<Switch526>
2
</Switch526>
<Switch527>
0
</Switch527>
<Switch528>
0
</Switch528>
<Switch529>
3
</Switch529>
<Switch530>
14
</Switch530>
<Switch531>
18
</Switch531>
<Switch532>
5
</Switch532>
<Switch533>
11
</Switch533>
<Switch534>
13
</Switch534>
<Switch535>
16
</Switch535>
<Switch536>
11
</Switch536>
<Switch537>
0
</Switch537>
<Switch538>
9
</Switch538>
<Switch539>
18
</Switch539>
<Switch540>
5
</Switch540>
<Switch541>
13
</Switch541>
<Switch542>
13
</Switch542>
<Switch543>
0
</Switch543>
<Switch544>
2
</Switch544>
<Switch545>
16
</Switch545>
<Switch546>
18
</Switch546>
<Switch547>
8
</Switch547>
<Switch548>
15
</Switch548>
<Switch549>
12
</Switch549>
<Switch550>
5
</Switch550>
<Switch551>
19
</Switch551>
<Switch552>
11
</Switch552>
<Switch553>
15
</Switch553>
<Switch554>
16
</Switch554>
<Switch555>
16
</Switch555>
<Switch556>
15
</Switch556>
<Switch557>
18
</Switch557>
<Switch558>
1
</Switch558>
<Switch559>
0
</Switch559>
<Switch560>
9
</Switch560>
<Switch561>
12
</Switch561>
<Switch562>
12
</Switch562>
<Switch563>
2
</Switch563>
<Switch564>
0
</Switch564>
<Switch565>
4
</Switch565>
<Switch566>
19
</Switch566>
<Switch567>
19
</Switch567>
<Switch568>
1
</Switch568>
<Switch569>
10
</Switch569>
<Switch570>
9
</Switch570>
<Switch571>
2
</Switch571>
<Switch572>
3
</Switch572>
<Switch573>
13
</Switch573>
<Switch574>
4
</Switch574>
<Switch575>
1
</Switch575>
<Switch576>
8
</Switch576>
<Switch577>
18
</Switch577>
<Switch578>
8
</Switch578>
<Switch579>
8
</Switch579>
<Switch580>
13
</Switch580>
<Switch581>
10
</Switch581>
<Switch582>
13
</Switch582>
<Switch583>
16
</Switch583>
<Switch584>
1
</Switch584>
<Switch585>
14
</Switch585>
<Switch586>
9
</Switch586>
<Switch587>
1
</Switch587>
<Switch588>
19
</Switch588>
<Switch589>
16
</Switch589>
<Switch590>
5
</Switch590>
<Switch591>
5
</Switch591>
<Switch592>
13
</Switch592>
<Switch593>
15
</Switch593>
<Switch594>
2
</Switch594>
<Switch595>
16
</Switch595>
<Switch596>
9
</Switch596>
<Switch597>
12
</Switch597>
<Switch598>
15
</Switch598>
<Switch599>
0
</Switch599>
<Switch600>
7
</Switch600>
<Switch601>
19
</Switch601>
<Switch602>
17
</Switch602>
<Switch603>
9
</Switch603>
<Switch604>
13
</Switch604>
<Switch605>
1
</Switch605>
<Switch606>
2
</Switch606>
<Switch607>
7
</Switch607>
<Switch608>
8
</Switch608>
<Switch609>
7
</Switch609>
<Switch610>
3
</Switch610>
<Switch611>
4
</Switch611>
<Switch612>
2
</Switch612>
<Switch613>
13
</Switch613>
<Switch614>
7
</Switch614>
<Switch615>
6
</Switch615>
<Switch616>
2
</Switch616>
<Switch617>
10
</Switch617>
<Switch618>
17
</Switch618>
<Switch619>
3
</Switch619>
<Switch620>
8
</Switch620>
<Switch621>
0
</Switch621>
<Switch622>
18
</Switch622>
<Switch623>
7
</Switch623>
<Switch624>
6
</Switch624>
<Switch625>
4
</Switch625>
<Switch626>
4
</Switch626>
<Switch627>
15
</Switch627>
<Switch628>
12
</Switch628>
<Switch629>
19
</Switch629>
<Switch630>
14
</Switch630>
<Switch631>
7
</Switch631>
<Switch632>
19
</Switch632>
<Switch633>
0
</Switch633>
<Switch634>
6
</Switch634>
<Switch635>
7
</Switch635>
<Switch636>
10
</Switch636>
<Switch637>
1
</Switch637>
<Switch638>
11
</Switch638>
<Switch639>
15
</Switch639>
<Switch640>
17
</Switch640>
<Switch641>
6
</Switch641>
<Switch642>
13
</Switch642>
<Switch643>
8
</Switch643>
<Switch644>
0
</Switch644>
<Switch645>
9
</Switch645>
<Switch646>
12
</Switch646>
<Switch647>
19
</Switch647>
<Switch648>
5
</Switch648>
<Switch649>
16
</Switch649>
<Switch650>
4
</Switch650>
<Switch651>
17
</Switch651>
<Switch652>
14
</Switch652>
<Switch653>
14
</Switch653>
<Switch654>
1
</Switch654>
<Switch655>
15
</Switch655>
<Switch656>
2
</Switch656>
<Switch657>
12
</Switch657>
<Switch658>
13
</Switch658>
<Switch659>
5
</Switch659>
<Switch660>
6
</Switch660>
<Switch661>
13
</Switch661>
<Switch662>
15
</Switch662>
</BaseID:1061>
