<?xml version="1.0"?>

<BaseID:1065>
<Switch1>
9
</Switch1>
<Switch2>
2
</Switch2>
<Switch3>
19
</Switch3>
<Switch4>
5
</Switch4>
<Switch5>
7
</Switch5>
<Switch6>
8
</Switch6>
<Switch7>
6
</Switch7>
<Switch8>
8
</Switch8>
<Switch9>
15
</Switch9>
<Switch10>
15
</Switch10>
<Switch11>
9
</Switch11>
<Switch12>
13
</Switch12>
<Switch13>
15
</Switch13>
<Switch14>
6
</Switch14>
<Switch15>
16
</Switch15>
<Switch16>
12
</Switch16>
<Switch17>
0
</Switch17>
<Switch18>
12
</Switch18>
<Switch19>
7
</Switch19>
<Switch20>
6
</Switch20>
<Switch21>
12
</Switch21>
<Switch22>
16
</Switch22>
<Switch23>
0
</Switch23>
<Switch24>
3
</Switch24>
<Switch25>
19
</Switch25>
<Switch26>
12
</Switch26>
<Switch27>
1
</Switch27>
<Switch28>
2
</Switch28>
<Switch29>
17
</Switch29>
<Switch30>
8
</Switch30>
<Switch31>
12
</Switch31>
<Switch32>
2
</Switch32>
<Switch33>
13
</Switch33>
<Switch34>
11
</Switch34>
<Switch35>
13
</Switch35>
<Switch36>
6
</Switch36>
<Switch37>
14
</Switch37>
<Switch38>
16
</Switch38>
<Switch39>
2
</Switch39>
<Switch40>
17
</Switch40>
<Switch41>
15
</Switch41>
<Switch42>
7
</Switch42>
<Switch43>
7
</Switch43>
<Switch44>
17
</Switch44>
<Switch45>
6
</Switch45>
<Switch46>
11
</Switch46>
<Switch47>
9
</Switch47>
<Switch48>
19
</Switch48>
<Switch49>
18
</Switch49>
<Switch50>
13
</Switch50>
<Switch51>
9
</Switch51>
<Switch52>
4
</Switch52>
<Switch53>
17
</Switch53>
<Switch54>
3
</Switch54>
<Switch55>
18
</Switch55>
<Switch56>
2
</Switch56>
<Switch57>
17
</Switch57>
<Switch58>
10
</Switch58>
<Switch59>
11
</Switch59>
<Switch60>
17
</Switch60>
<Switch61>
15
</Switch61>
<Switch62>
13
</Switch62>
<Switch63>
0
</Switch63>
<Switch64>
17
</Switch64>
<Switch65>
10
</Switch65>
<Switch66>
13
</Switch66>
<Switch67>
0
</Switch67>
<Switch68>
2
</Switch68>
<Switch69>
6
</Switch69>
<Switch70>
18
</Switch70>
<Switch71>
15
</Switch71>
<Switch72>
11
</Switch72>
<Switch73>
5
</Switch73>
<Switch74>
17
</Switch74>
<Switch75>
2
</Switch75>
<Switch76>
8
</Switch76>
<Switch77>
8
</Switch77>
<Switch78>
7
</Switch78>
<Switch79>
12
</Switch79>
<Switch80>
11
</Switch80>
<Switch81>
15
</Switch81>
<Switch82>
0
</Switch82>
<Switch83>
5
</Switch83>
<Switch84>
11
</Switch84>
<Switch85>
18
</Switch85>
<Switch86>
18
</Switch86>
<Switch87>
11
</Switch87>
<Switch88>
12
</Switch88>
<Switch89>
19
</Switch89>
<Switch90>
16
</Switch90>
<Switch91>
8
</Switch91>
<Switch92>
10
</Switch92>
<Switch93>
5
</Switch93>
<Switch94>
17
</Switch94>
<Switch95>
10
</Switch95>
<Switch96>
12
</Switch96>
<Switch97>
12
</Switch97>
<Switch98>
7
</Switch98>
<Switch99>
2
</Switch99>
<Switch100>
5
</Switch100>
<Switch101>
4
</Switch101>
<Switch102>
0
</Switch102>
<Switch103>
9
</Switch103>
<Switch104>
19
</Switch104>
<Switch105>
17
</Switch105>
<Switch106>
12
</Switch106>
<Switch107>
18
</Switch107>
<Switch108>
0
</Switch108>
<Switch109>
0
</Switch109>
<Switch110>
3
</Switch110>
<Switch111>
8
</Switch111>
<Switch112>
10
</Switch112>
<Switch113>
11
</Switch113>
<Switch114>
14
</Switch114>
<Switch115>
3
</Switch115>
<Switch116>
18
</Switch116>
<Switch117>
10
</Switch117>
<Switch118>
10
</Switch118>
<Switch119>
14
</Switch119>
<Switch120>
2
</Switch120>
<Switch121>
9
</Switch121>
<Switch122>
13
</Switch122>
<Switch123>
0
</Switch123>
<Switch124>
16
</Switch124>
<Switch125>
16
</Switch125>
<Switch126>
19
</Switch126>
<Switch127>
13
</Switch127>
<Switch128>
4
</Switch128>
<Switch129>
11
</Switch129>
<Switch130>
9
</Switch130>
<Switch131>
17
</Switch131>
<Switch132>
14
</Switch132>
<Switch133>
4
</Switch133>
<Switch134>
4
</Switch134>
<Switch135>
19
</Switch135>
<Switch136>
16
</Switch136>
<Switch137>
2
</Switch137>
<Switch138>
4
</Switch138>
<Switch139>
4
</Switch139>
<Switch140>
11
</Switch140>
<Switch141>
14
</Switch141>
<Switch142>
3
</Switch142>
<Switch143>
6
</Switch143>
<Switch144>
11
</Switch144>
<Switch145>
5
</Switch145>
<Switch146>
14
</Switch146>
<Switch147>
8
</Switch147>
<Switch148>
6
</Switch148>
<Switch149>
10
</Switch149>
<Switch150>
19
</Switch150>
<Switch151>
12
</Switch151>
<Switch152>
7
</Switch152>
<Switch153>
8
</Switch153>
<Switch154>
18
</Switch154>
<Switch155>
8
</Switch155>
<Switch156>
17
</Switch156>
<Switch157>
19
</Switch157>
<Switch158>
6
</Switch158>
<Switch159>
12
</Switch159>
<Switch160>
7
</Switch160>
<Switch161>
7
</Switch161>
<Switch162>
15
</Switch162>
<Switch163>
0
</Switch163>
<Switch164>
18
</Switch164>
<Switch165>
5
</Switch165>
<Switch166>
15
</Switch166>
<Switch167>
18
</Switch167>
<Switch168>
5
</Switch168>
<Switch169>
10
</Switch169>
<Switch170>
18
</Switch170>
<Switch171>
11
</Switch171>
<Switch172>
13
</Switch172>
<Switch173>
7
</Switch173>
<Switch174>
3
</Switch174>
<Switch175>
10
</Switch175>
<Switch176>
10
</Switch176>
<Switch177>
3
</Switch177>
<Switch178>
12
</Switch178>
<Switch179>
15
</Switch179>
<Switch180>
11
</Switch180>
<Switch181>
5
</Switch181>
<Switch182>
17
</Switch182>
<Switch183>
1
</Switch183>
<Switch184>
18
</Switch184>
<Switch185>
10
</Switch185>
<Switch186>
18
</Switch186>
<Switch187>
3
</Switch187>
<Switch188>
19
</Switch188>
<Switch189>
11
</Switch189>
<Switch190>
8
</Switch190>
<Switch191>
6
</Switch191>
<Switch192>
3
</Switch192>
<Switch193>
12
</Switch193>
<Switch194>
19
</Switch194>
<Switch195>
0
</Switch195>
<Switch196>
12
</Switch196>
<Switch197>
15
</Switch197>
<Switch198>
5
</Switch198>
<Switch199>
18
</Switch199>
<Switch200>
12
</Switch200>
<Switch201>
12
</Switch201>
<Switch202>
1
</Switch202>
<Switch203>
7
</Switch203>
<Switch204>
0
</Switch204>
<Switch205>
3
</Switch205>
<Switch206>
7
</Switch206>
<Switch207>
0
</Switch207>
<Switch208>
8
</Switch208>
<Switch209>
8
</Switch209>
<Switch210>
13
</Switch210>
<Switch211>
0
</Switch211>
<Switch212>
12
</Switch212>
<Switch213>
4
</Switch213>
<Switch214>
0
</Switch214>
<Switch215>
9
</Switch215>
<Switch216>
1
</Switch216>
<Switch217>
16
</Switch217>
<Switch218>
10
</Switch218>
<Switch219>
6
</Switch219>
<Switch220>
2
</Switch220>
<Switch221>
3
</Switch221>
<Switch222>
7
</Switch222>
<Switch223>
0
</Switch223>
<Switch224>
11
</Switch224>
<Switch225>
10
</Switch225>
<Switch226>
14
</Switch226>
<Switch227>
4
</Switch227>
<Switch228>
9
</Switch228>
<Switch229>
12
</Switch229>
<Switch230>
18
</Switch230>
<Switch231>
14
</Switch231>
<Switch232>
0
</Switch232>
<Switch233>
16
</Switch233>
<Switch234>
10
</Switch234>
<Switch235>
12
</Switch235>
<Switch236>
13
</Switch236>
<Switch237>
13
</Switch237>
<Switch238>
15
</Switch238>
<Switch239>
15
</Switch239>
<Switch240>
15
</Switch240>
<Switch241>
0
</Switch241>
<Switch242>
12
</Switch242>
<Switch243>
8
</Switch243>
<Switch244>
6
</Switch244>
<Switch245>
11
</Switch245>
<Switch246>
0
</Switch246>
<Switch247>
7
</Switch247>
<Switch248>
4
</Switch248>
<Switch249>
19
</Switch249>
<Switch250>
9
</Switch250>
<Switch251>
7
</Switch251>
<Switch252>
3
</Switch252>
<Switch253>
4
</Switch253>
<Switch254>
16
</Switch254>
<Switch255>
18
</Switch255>
<Switch256>
19
</Switch256>
<Switch257>
5
</Switch257>
<Switch258>
6
</Switch258>
<Switch259>
8
</Switch259>
<Switch260>
5
</Switch260>
<Switch261>
1
</Switch261>
<Switch262>
14
</Switch262>
<Switch263>
16
</Switch263>
<Switch264>
10
</Switch264>
<Switch265>
10
</Switch265>
<Switch266>
16
</Switch266>
<Switch267>
7
</Switch267>
<Switch268>
3
</Switch268>
<Switch269>
14
</Switch269>
<Switch270>
10
</Switch270>
<Switch271>
4
</Switch271>
<Switch272>
5
</Switch272>
<Switch273>
3
</Switch273>
<Switch274>
10
</Switch274>
<Switch275>
13
</Switch275>
<Switch276>
1
</Switch276>
<Switch277>
0
</Switch277>
<Switch278>
9
</Switch278>
<Switch279>
17
</Switch279>
<Switch280>
1
</Switch280>
<Switch281>
9
</Switch281>
<Switch282>
15
</Switch282>
<Switch283>
8
</Switch283>
<Switch284>
6
</Switch284>
<Switch285>
18
</Switch285>
<Switch286>
15
</Switch286>
<Switch287>
7
</Switch287>
<Switch288>
3
</Switch288>
<Switch289>
13
</Switch289>
<Switch290>
10
</Switch290>
<Switch291>
12
</Switch291>
<Switch292>
11
</Switch292>
<Switch293>
16
</Switch293>
<Switch294>
13
</Switch294>
<Switch295>
10
</Switch295>
<Switch296>
8
</Switch296>
<Switch297>
18
</Switch297>
<Switch298>
16
</Switch298>
<Switch299>
7
</Switch299>
<Switch300>
0
</Switch300>
<Switch301>
9
</Switch301>
<Switch302>
6
</Switch302>
<Switch303>
11
</Switch303>
<Switch304>
17
</Switch304>
<Switch305>
9
</Switch305>
<Switch306>
6
</Switch306>
<Switch307>
1
</Switch307>
<Switch308>
16
</Switch308>
<Switch309>
18
</Switch309>
<Switch310>
19
</Switch310>
<Switch311>
9
</Switch311>
<Switch312>
9
</Switch312>
<Switch313>
12
</Switch313>
<Switch314>
5
</Switch314>
<Switch315>
0
</Switch315>
<Switch316>
7
</Switch316>
<Switch317>
4
</Switch317>
<Switch318>
16
</Switch318>
<Switch319>
13
</Switch319>
<Switch320>
0
</Switch320>
<Switch321>
18
</Switch321>
<Switch322>
3
</Switch322>
<Switch323>
17
</Switch323>
<Switch324>
0
</Switch324>
<Switch325>
17
</Switch325>
<Switch326>
6
</Switch326>
<Switch327>
1
</Switch327>
<Switch328>
4
</Switch328>
<Switch329>
16
</Switch329>
<Switch330>
5
</Switch330>
<Switch331>
17
</Switch331>
<Switch332>
1
</Switch332>
<Switch333>
7
</Switch333>
<Switch334>
5
</Switch334>
<Switch335>
8
</Switch335>
<Switch336>
3
</Switch336>
<Switch337>
15
</Switch337>
<Switch338>
16
</Switch338>
<Switch339>
4
</Switch339>
<Switch340>
0
</Switch340>
<Switch341>
7
</Switch341>
<Switch342>
17
</Switch342>
<Switch343>
4
</Switch343>
<Switch344>
13
</Switch344>
<Switch345>
2
</Switch345>
<Switch346>
18
</Switch346>
<Switch347>
16
</Switch347>
<Switch348>
5
</Switch348>
<Switch349>
10
</Switch349>
<Switch350>
15
</Switch350>
<Switch351>
2
</Switch351>
<Switch352>
0
</Switch352>
<Switch353>
16
</Switch353>
<Switch354>
0
</Switch354>
<Switch355>
14
</Switch355>
<Switch356>
12
</Switch356>
<Switch357>
3
</Switch357>
<Switch358>
3
</Switch358>
<Switch359>
17
</Switch359>
<Switch360>
4
</Switch360>
<Switch361>
4
</Switch361>
<Switch362>
11
</Switch362>
<Switch363>
15
</Switch363>
<Switch364>
6
</Switch364>
<Switch365>
11
</Switch365>
<Switch366>
1
</Switch366>
<Switch367>
11
</Switch367>
<Switch368>
15
</Switch368>
<Switch369>
11
</Switch369>
<Switch370>
9
</Switch370>
<Switch371>
0
</Switch371>
<Switch372>
0
</Switch372>
<Switch373>
3
</Switch373>
<Switch374>
17
</Switch374>
<Switch375>
5
</Switch375>
<Switch376>
0
</Switch376>
<Switch377>
13
</Switch377>
<Switch378>
10
</Switch378>
<Switch379>
11
</Switch379>
<Switch380>
17
</Switch380>
<Switch381>
5
</Switch381>
<Switch382>
0
</Switch382>
<Switch383>
15
</Switch383>
<Switch384>
13
</Switch384>
<Switch385>
15
</Switch385>
<Switch386>
14
</Switch386>
<Switch387>
3
</Switch387>
<Switch388>
11
</Switch388>
<Switch389>
7
</Switch389>
<Switch390>
14
</Switch390>
<Switch391>
13
</Switch391>
<Switch392>
18
</Switch392>
<Switch393>
10
</Switch393>
<Switch394>
7
</Switch394>
<Switch395>
3
</Switch395>
<Switch396>
18
</Switch396>
<Switch397>
14
</Switch397>
<Switch398>
0
</Switch398>
<Switch399>
19
</Switch399>
<Switch400>
17
</Switch400>
<Switch401>
2
</Switch401>
<Switch402>
0
</Switch402>
<Switch403>
15
</Switch403>
<Switch404>
17
</Switch404>
<Switch405>
0
</Switch405>
<Switch406>
5
</Switch406>
<Switch407>
6
</Switch407>
<Switch408>
14
</Switch408>
<Switch409>
11
</Switch409>
<Switch410>
10
</Switch410>
<Switch411>
9
</Switch411>
<Switch412>
14
</Switch412>
<Switch413>
1
</Switch413>
<Switch414>
19
</Switch414>
<Switch415>
4
</Switch415>
<Switch416>
2
</Switch416>
<Switch417>
15
</Switch417>
<Switch418>
19
</Switch418>
<Switch419>
5
</Switch419>
<Switch420>
8
</Switch420>
<Switch421>
13
</Switch421>
<Switch422>
1
</Switch422>
<Switch423>
19
</Switch423>
<Switch424>
5
</Switch424>
<Switch425>
2
</Switch425>
<Switch426>
4
</Switch426>
<Switch427>
16
</Switch427>
<Switch428>
18
</Switch428>
<Switch429>
11
</Switch429>
<Switch430>
7
</Switch430>
<Switch431>
17
</Switch431>
<Switch432>
6
</Switch432>
<Switch433>
8
</Switch433>
<Switch434>
18
</Switch434>
<Switch435>
4
</Switch435>
<Switch436>
7
</Switch436>
<Switch437>
11
</Switch437>
<Switch438>
19
</Switch438>
<Switch439>
1
</Switch439>
<Switch440>
7
</Switch440>
<Switch441>
2
</Switch441>
<Switch442>
6
</Switch442>
<Switch443>
2
</Switch443>
<Switch444>
14
</Switch444>
<Switch445>
5
</Switch445>
<Switch446>
16
</Switch446>
<Switch447>
0
</Switch447>
<Switch448>
15
</Switch448>
<Switch449>
0
</Switch449>
<Switch450>
6
</Switch450>
<Switch451>
6
</Switch451>
<Switch452>
7
</Switch452>
<Switch453>
7
</Switch453>
<Switch454>
14
</Switch454>
<Switch455>
1
</Switch455>
<Switch456>
17
</Switch456>
<Switch457>
8
</Switch457>
<Switch458>
10
</Switch458>
<Switch459>
19
</Switch459>
<Switch460>
9
</Switch460>
<Switch461>
15
</Switch461>
<Switch462>
19
</Switch462>
<Switch463>
17
</Switch463>
<Switch464>
12
</Switch464>
<Switch465>
1
</Switch465>
<Switch466>
18
</Switch466>
<Switch467>
4
</Switch467>
<Switch468>
14
</Switch468>
<Switch469>
10
</Switch469>
<Switch470>
1
</Switch470>
<Switch471>
3
</Switch471>
<Switch472>
11
</Switch472>
<Switch473>
0
</Switch473>
<Switch474>
16
</Switch474>
<Switch475>
3
</Switch475>
<Switch476>
10
</Switch476>
<Switch477>
14
</Switch477>
<Switch478>
18
</Switch478>
<Switch479>
1
</Switch479>
</BaseID:1065>
