<?xml version="1.0"?>

<BaseID:1066>
<Switch1>
16
</Switch1>
<Switch2>
9
</Switch2>
<Switch3>
18
</Switch3>
<Switch4>
1
</Switch4>
<Switch5>
11
</Switch5>
<Switch6>
0
</Switch6>
<Switch7>
15
</Switch7>
<Switch8>
6
</Switch8>
<Switch9>
18
</Switch9>
<Switch10>
18
</Switch10>
<Switch11>
17
</Switch11>
<Switch12>
7
</Switch12>
<Switch13>
19
</Switch13>
<Switch14>
8
</Switch14>
<Switch15>
19
</Switch15>
<Switch16>
12
</Switch16>
<Switch17>
14
</Switch17>
<Switch18>
17
</Switch18>
<Switch19>
1
</Switch19>
<Switch20>
3
</Switch20>
<Switch21>
0
</Switch21>
<Switch22>
4
</Switch22>
<Switch23>
11
</Switch23>
<Switch24>
15
</Switch24>
<Switch25>
18
</Switch25>
<Switch26>
16
</Switch26>
<Switch27>
13
</Switch27>
<Switch28>
9
</Switch28>
<Switch29>
8
</Switch29>
<Switch30>
8
</Switch30>
<Switch31>
10
</Switch31>
<Switch32>
8
</Switch32>
<Switch33>
18
</Switch33>
<Switch34>
18
</Switch34>
<Switch35>
8
</Switch35>
<Switch36>
1
</Switch36>
<Switch37>
1
</Switch37>
<Switch38>
14
</Switch38>
<Switch39>
12
</Switch39>
<Switch40>
10
</Switch40>
<Switch41>
1
</Switch41>
<Switch42>
16
</Switch42>
<Switch43>
11
</Switch43>
<Switch44>
8
</Switch44>
<Switch45>
10
</Switch45>
<Switch46>
14
</Switch46>
<Switch47>
2
</Switch47>
<Switch48>
16
</Switch48>
<Switch49>
13
</Switch49>
<Switch50>
9
</Switch50>
<Switch51>
12
</Switch51>
<Switch52>
14
</Switch52>
<Switch53>
19
</Switch53>
<Switch54>
11
</Switch54>
<Switch55>
6
</Switch55>
<Switch56>
14
</Switch56>
<Switch57>
6
</Switch57>
<Switch58>
9
</Switch58>
<Switch59>
2
</Switch59>
<Switch60>
13
</Switch60>
<Switch61>
7
</Switch61>
<Switch62>
3
</Switch62>
<Switch63>
9
</Switch63>
<Switch64>
16
</Switch64>
<Switch65>
11
</Switch65>
<Switch66>
9
</Switch66>
<Switch67>
0
</Switch67>
<Switch68>
12
</Switch68>
<Switch69>
1
</Switch69>
<Switch70>
19
</Switch70>
<Switch71>
2
</Switch71>
<Switch72>
9
</Switch72>
<Switch73>
14
</Switch73>
<Switch74>
17
</Switch74>
<Switch75>
1
</Switch75>
<Switch76>
0
</Switch76>
<Switch77>
18
</Switch77>
<Switch78>
16
</Switch78>
<Switch79>
14
</Switch79>
<Switch80>
13
</Switch80>
<Switch81>
6
</Switch81>
<Switch82>
4
</Switch82>
<Switch83>
14
</Switch83>
<Switch84>
2
</Switch84>
<Switch85>
6
</Switch85>
<Switch86>
2
</Switch86>
<Switch87>
3
</Switch87>
<Switch88>
14
</Switch88>
<Switch89>
8
</Switch89>
<Switch90>
11
</Switch90>
<Switch91>
5
</Switch91>
<Switch92>
7
</Switch92>
<Switch93>
4
</Switch93>
<Switch94>
8
</Switch94>
<Switch95>
7
</Switch95>
<Switch96>
10
</Switch96>
<Switch97>
1
</Switch97>
<Switch98>
6
</Switch98>
<Switch99>
6
</Switch99>
<Switch100>
10
</Switch100>
<Switch101>
12
</Switch101>
<Switch102>
5
</Switch102>
<Switch103>
13
</Switch103>
<Switch104>
11
</Switch104>
<Switch105>
19
</Switch105>
<Switch106>
1
</Switch106>
<Switch107>
13
</Switch107>
<Switch108>
5
</Switch108>
<Switch109>
8
</Switch109>
<Switch110>
0
</Switch110>
<Switch111>
4
</Switch111>
<Switch112>
10
</Switch112>
<Switch113>
13
</Switch113>
<Switch114>
15
</Switch114>
<Switch115>
17
</Switch115>
<Switch116>
16
</Switch116>
<Switch117>
10
</Switch117>
<Switch118>
13
</Switch118>
<Switch119>
4
</Switch119>
<Switch120>
4
</Switch120>
<Switch121>
2
</Switch121>
<Switch122>
14
</Switch122>
<Switch123>
5
</Switch123>
<Switch124>
15
</Switch124>
<Switch125>
17
</Switch125>
<Switch126>
14
</Switch126>
<Switch127>
18
</Switch127>
<Switch128>
3
</Switch128>
<Switch129>
14
</Switch129>
<Switch130>
16
</Switch130>
<Switch131>
18
</Switch131>
<Switch132>
3
</Switch132>
<Switch133>
5
</Switch133>
<Switch134>
10
</Switch134>
<Switch135>
16
</Switch135>
<Switch136>
1
</Switch136>
<Switch137>
6
</Switch137>
<Switch138>
3
</Switch138>
<Switch139>
13
</Switch139>
<Switch140>
9
</Switch140>
<Switch141>
10
</Switch141>
<Switch142>
0
</Switch142>
<Switch143>
11
</Switch143>
<Switch144>
19
</Switch144>
<Switch145>
18
</Switch145>
<Switch146>
18
</Switch146>
<Switch147>
0
</Switch147>
<Switch148>
2
</Switch148>
<Switch149>
10
</Switch149>
<Switch150>
13
</Switch150>
<Switch151>
7
</Switch151>
<Switch152>
3
</Switch152>
<Switch153>
18
</Switch153>
<Switch154>
13
</Switch154>
</BaseID:1066>
