<?xml version="1.0"?>

<BaseID:1067>
<Switch1>
8
</Switch1>
<Switch2>
12
</Switch2>
<Switch3>
2
</Switch3>
<Switch4>
18
</Switch4>
<Switch5>
8
</Switch5>
<Switch6>
13
</Switch6>
<Switch7>
4
</Switch7>
<Switch8>
0
</Switch8>
<Switch9>
7
</Switch9>
<Switch10>
10
</Switch10>
<Switch11>
0
</Switch11>
<Switch12>
11
</Switch12>
<Switch13>
4
</Switch13>
<Switch14>
8
</Switch14>
<Switch15>
0
</Switch15>
<Switch16>
12
</Switch16>
<Switch17>
12
</Switch17>
<Switch18>
13
</Switch18>
<Switch19>
8
</Switch19>
<Switch20>
0
</Switch20>
<Switch21>
14
</Switch21>
<Switch22>
15
</Switch22>
<Switch23>
1
</Switch23>
<Switch24>
8
</Switch24>
<Switch25>
18
</Switch25>
<Switch26>
4
</Switch26>
<Switch27>
16
</Switch27>
<Switch28>
17
</Switch28>
<Switch29>
16
</Switch29>
<Switch30>
13
</Switch30>
<Switch31>
0
</Switch31>
<Switch32>
2
</Switch32>
<Switch33>
17
</Switch33>
<Switch34>
5
</Switch34>
<Switch35>
13
</Switch35>
<Switch36>
19
</Switch36>
<Switch37>
0
</Switch37>
<Switch38>
1
</Switch38>
<Switch39>
2
</Switch39>
<Switch40>
8
</Switch40>
<Switch41>
5
</Switch41>
<Switch42>
15
</Switch42>
<Switch43>
2
</Switch43>
<Switch44>
19
</Switch44>
<Switch45>
6
</Switch45>
<Switch46>
16
</Switch46>
<Switch47>
13
</Switch47>
<Switch48>
11
</Switch48>
<Switch49>
16
</Switch49>
<Switch50>
0
</Switch50>
<Switch51>
14
</Switch51>
<Switch52>
9
</Switch52>
<Switch53>
0
</Switch53>
<Switch54>
0
</Switch54>
<Switch55>
13
</Switch55>
<Switch56>
13
</Switch56>
<Switch57>
19
</Switch57>
<Switch58>
6
</Switch58>
<Switch59>
12
</Switch59>
<Switch60>
19
</Switch60>
<Switch61>
17
</Switch61>
<Switch62>
9
</Switch62>
<Switch63>
3
</Switch63>
<Switch64>
17
</Switch64>
<Switch65>
13
</Switch65>
<Switch66>
18
</Switch66>
<Switch67>
2
</Switch67>
<Switch68>
18
</Switch68>
<Switch69>
14
</Switch69>
<Switch70>
5
</Switch70>
<Switch71>
16
</Switch71>
<Switch72>
16
</Switch72>
<Switch73>
6
</Switch73>
<Switch74>
2
</Switch74>
<Switch75>
3
</Switch75>
<Switch76>
9
</Switch76>
<Switch77>
12
</Switch77>
<Switch78>
0
</Switch78>
<Switch79>
10
</Switch79>
<Switch80>
15
</Switch80>
<Switch81>
1
</Switch81>
<Switch82>
16
</Switch82>
<Switch83>
15
</Switch83>
<Switch84>
7
</Switch84>
<Switch85>
16
</Switch85>
<Switch86>
18
</Switch86>
<Switch87>
16
</Switch87>
<Switch88>
17
</Switch88>
<Switch89>
18
</Switch89>
<Switch90>
6
</Switch90>
<Switch91>
10
</Switch91>
<Switch92>
3
</Switch92>
<Switch93>
16
</Switch93>
<Switch94>
2
</Switch94>
<Switch95>
10
</Switch95>
<Switch96>
16
</Switch96>
<Switch97>
4
</Switch97>
<Switch98>
0
</Switch98>
<Switch99>
16
</Switch99>
<Switch100>
15
</Switch100>
<Switch101>
16
</Switch101>
<Switch102>
2
</Switch102>
<Switch103>
3
</Switch103>
<Switch104>
17
</Switch104>
<Switch105>
3
</Switch105>
<Switch106>
5
</Switch106>
<Switch107>
7
</Switch107>
<Switch108>
19
</Switch108>
<Switch109>
2
</Switch109>
<Switch110>
15
</Switch110>
<Switch111>
5
</Switch111>
<Switch112>
5
</Switch112>
<Switch113>
3
</Switch113>
<Switch114>
3
</Switch114>
<Switch115>
0
</Switch115>
<Switch116>
9
</Switch116>
<Switch117>
4
</Switch117>
<Switch118>
16
</Switch118>
<Switch119>
9
</Switch119>
<Switch120>
16
</Switch120>
<Switch121>
18
</Switch121>
<Switch122>
17
</Switch122>
<Switch123>
5
</Switch123>
<Switch124>
0
</Switch124>
<Switch125>
18
</Switch125>
<Switch126>
0
</Switch126>
<Switch127>
19
</Switch127>
<Switch128>
10
</Switch128>
<Switch129>
17
</Switch129>
<Switch130>
5
</Switch130>
<Switch131>
13
</Switch131>
<Switch132>
19
</Switch132>
<Switch133>
13
</Switch133>
<Switch134>
2
</Switch134>
<Switch135>
17
</Switch135>
<Switch136>
14
</Switch136>
<Switch137>
7
</Switch137>
<Switch138>
9
</Switch138>
<Switch139>
5
</Switch139>
<Switch140>
9
</Switch140>
<Switch141>
0
</Switch141>
<Switch142>
10
</Switch142>
<Switch143>
4
</Switch143>
<Switch144>
9
</Switch144>
<Switch145>
9
</Switch145>
<Switch146>
3
</Switch146>
<Switch147>
8
</Switch147>
<Switch148>
3
</Switch148>
<Switch149>
18
</Switch149>
<Switch150>
15
</Switch150>
<Switch151>
1
</Switch151>
<Switch152>
13
</Switch152>
<Switch153>
16
</Switch153>
<Switch154>
11
</Switch154>
<Switch155>
4
</Switch155>
<Switch156>
3
</Switch156>
<Switch157>
13
</Switch157>
<Switch158>
12
</Switch158>
<Switch159>
9
</Switch159>
<Switch160>
12
</Switch160>
<Switch161>
9
</Switch161>
<Switch162>
6
</Switch162>
<Switch163>
19
</Switch163>
<Switch164>
5
</Switch164>
<Switch165>
8
</Switch165>
<Switch166>
12
</Switch166>
<Switch167>
17
</Switch167>
<Switch168>
12
</Switch168>
<Switch169>
19
</Switch169>
<Switch170>
6
</Switch170>
<Switch171>
2
</Switch171>
<Switch172>
9
</Switch172>
<Switch173>
18
</Switch173>
<Switch174>
8
</Switch174>
<Switch175>
11
</Switch175>
<Switch176>
2
</Switch176>
<Switch177>
3
</Switch177>
<Switch178>
6
</Switch178>
<Switch179>
1
</Switch179>
<Switch180>
13
</Switch180>
<Switch181>
0
</Switch181>
<Switch182>
14
</Switch182>
<Switch183>
6
</Switch183>
<Switch184>
17
</Switch184>
<Switch185>
11
</Switch185>
<Switch186>
0
</Switch186>
<Switch187>
4
</Switch187>
<Switch188>
14
</Switch188>
<Switch189>
15
</Switch189>
<Switch190>
17
</Switch190>
<Switch191>
5
</Switch191>
<Switch192>
10
</Switch192>
<Switch193>
7
</Switch193>
<Switch194>
2
</Switch194>
<Switch195>
7
</Switch195>
<Switch196>
4
</Switch196>
<Switch197>
7
</Switch197>
<Switch198>
9
</Switch198>
<Switch199>
15
</Switch199>
<Switch200>
3
</Switch200>
<Switch201>
15
</Switch201>
<Switch202>
16
</Switch202>
<Switch203>
14
</Switch203>
<Switch204>
12
</Switch204>
<Switch205>
4
</Switch205>
<Switch206>
6
</Switch206>
<Switch207>
4
</Switch207>
<Switch208>
9
</Switch208>
<Switch209>
14
</Switch209>
<Switch210>
14
</Switch210>
<Switch211>
5
</Switch211>
<Switch212>
4
</Switch212>
<Switch213>
12
</Switch213>
<Switch214>
17
</Switch214>
<Switch215>
19
</Switch215>
<Switch216>
0
</Switch216>
<Switch217>
0
</Switch217>
<Switch218>
12
</Switch218>
<Switch219>
13
</Switch219>
<Switch220>
10
</Switch220>
<Switch221>
2
</Switch221>
<Switch222>
12
</Switch222>
<Switch223>
1
</Switch223>
<Switch224>
19
</Switch224>
<Switch225>
4
</Switch225>
<Switch226>
19
</Switch226>
<Switch227>
4
</Switch227>
<Switch228>
14
</Switch228>
<Switch229>
13
</Switch229>
<Switch230>
16
</Switch230>
<Switch231>
8
</Switch231>
<Switch232>
10
</Switch232>
<Switch233>
6
</Switch233>
<Switch234>
15
</Switch234>
<Switch235>
5
</Switch235>
<Switch236>
11
</Switch236>
<Switch237>
6
</Switch237>
<Switch238>
14
</Switch238>
<Switch239>
5
</Switch239>
<Switch240>
2
</Switch240>
<Switch241>
2
</Switch241>
<Switch242>
4
</Switch242>
<Switch243>
5
</Switch243>
<Switch244>
10
</Switch244>
<Switch245>
17
</Switch245>
<Switch246>
1
</Switch246>
<Switch247>
8
</Switch247>
<Switch248>
9
</Switch248>
<Switch249>
10
</Switch249>
<Switch250>
15
</Switch250>
<Switch251>
6
</Switch251>
<Switch252>
0
</Switch252>
<Switch253>
0
</Switch253>
<Switch254>
16
</Switch254>
<Switch255>
15
</Switch255>
<Switch256>
0
</Switch256>
<Switch257>
8
</Switch257>
<Switch258>
0
</Switch258>
<Switch259>
4
</Switch259>
<Switch260>
18
</Switch260>
<Switch261>
1
</Switch261>
<Switch262>
14
</Switch262>
<Switch263>
19
</Switch263>
<Switch264>
6
</Switch264>
<Switch265>
9
</Switch265>
<Switch266>
10
</Switch266>
<Switch267>
18
</Switch267>
<Switch268>
9
</Switch268>
<Switch269>
12
</Switch269>
<Switch270>
11
</Switch270>
<Switch271>
9
</Switch271>
<Switch272>
4
</Switch272>
<Switch273>
6
</Switch273>
<Switch274>
12
</Switch274>
<Switch275>
5
</Switch275>
<Switch276>
17
</Switch276>
<Switch277>
19
</Switch277>
<Switch278>
1
</Switch278>
<Switch279>
10
</Switch279>
<Switch280>
5
</Switch280>
<Switch281>
6
</Switch281>
<Switch282>
4
</Switch282>
<Switch283>
1
</Switch283>
<Switch284>
3
</Switch284>
<Switch285>
16
</Switch285>
<Switch286>
1
</Switch286>
<Switch287>
19
</Switch287>
<Switch288>
1
</Switch288>
<Switch289>
6
</Switch289>
<Switch290>
12
</Switch290>
<Switch291>
1
</Switch291>
<Switch292>
1
</Switch292>
<Switch293>
1
</Switch293>
<Switch294>
18
</Switch294>
<Switch295>
4
</Switch295>
<Switch296>
15
</Switch296>
<Switch297>
19
</Switch297>
<Switch298>
15
</Switch298>
<Switch299>
14
</Switch299>
<Switch300>
18
</Switch300>
<Switch301>
6
</Switch301>
<Switch302>
2
</Switch302>
<Switch303>
16
</Switch303>
<Switch304>
16
</Switch304>
<Switch305>
11
</Switch305>
<Switch306>
6
</Switch306>
<Switch307>
16
</Switch307>
<Switch308>
12
</Switch308>
<Switch309>
13
</Switch309>
<Switch310>
2
</Switch310>
<Switch311>
19
</Switch311>
<Switch312>
7
</Switch312>
<Switch313>
4
</Switch313>
<Switch314>
9
</Switch314>
<Switch315>
12
</Switch315>
<Switch316>
3
</Switch316>
<Switch317>
9
</Switch317>
<Switch318>
16
</Switch318>
<Switch319>
11
</Switch319>
<Switch320>
9
</Switch320>
<Switch321>
6
</Switch321>
<Switch322>
9
</Switch322>
<Switch323>
4
</Switch323>
<Switch324>
5
</Switch324>
<Switch325>
8
</Switch325>
<Switch326>
4
</Switch326>
<Switch327>
16
</Switch327>
<Switch328>
12
</Switch328>
<Switch329>
17
</Switch329>
<Switch330>
9
</Switch330>
<Switch331>
9
</Switch331>
<Switch332>
2
</Switch332>
<Switch333>
5
</Switch333>
<Switch334>
9
</Switch334>
<Switch335>
7
</Switch335>
<Switch336>
14
</Switch336>
<Switch337>
8
</Switch337>
<Switch338>
2
</Switch338>
<Switch339>
12
</Switch339>
<Switch340>
7
</Switch340>
<Switch341>
5
</Switch341>
<Switch342>
11
</Switch342>
<Switch343>
5
</Switch343>
<Switch344>
16
</Switch344>
<Switch345>
19
</Switch345>
<Switch346>
1
</Switch346>
<Switch347>
8
</Switch347>
<Switch348>
16
</Switch348>
<Switch349>
13
</Switch349>
<Switch350>
4
</Switch350>
<Switch351>
17
</Switch351>
<Switch352>
13
</Switch352>
<Switch353>
13
</Switch353>
<Switch354>
17
</Switch354>
<Switch355>
5
</Switch355>
<Switch356>
4
</Switch356>
<Switch357>
18
</Switch357>
<Switch358>
9
</Switch358>
<Switch359>
5
</Switch359>
<Switch360>
14
</Switch360>
<Switch361>
14
</Switch361>
<Switch362>
19
</Switch362>
<Switch363>
7
</Switch363>
<Switch364>
9
</Switch364>
<Switch365>
11
</Switch365>
<Switch366>
16
</Switch366>
<Switch367>
17
</Switch367>
<Switch368>
9
</Switch368>
<Switch369>
14
</Switch369>
<Switch370>
8
</Switch370>
<Switch371>
19
</Switch371>
<Switch372>
14
</Switch372>
<Switch373>
14
</Switch373>
<Switch374>
0
</Switch374>
<Switch375>
4
</Switch375>
<Switch376>
8
</Switch376>
<Switch377>
11
</Switch377>
<Switch378>
3
</Switch378>
<Switch379>
8
</Switch379>
<Switch380>
15
</Switch380>
<Switch381>
7
</Switch381>
<Switch382>
6
</Switch382>
<Switch383>
12
</Switch383>
<Switch384>
17
</Switch384>
<Switch385>
10
</Switch385>
<Switch386>
5
</Switch386>
<Switch387>
7
</Switch387>
<Switch388>
4
</Switch388>
<Switch389>
18
</Switch389>
<Switch390>
12
</Switch390>
<Switch391>
9
</Switch391>
<Switch392>
5
</Switch392>
<Switch393>
3
</Switch393>
<Switch394>
14
</Switch394>
<Switch395>
16
</Switch395>
<Switch396>
7
</Switch396>
<Switch397>
13
</Switch397>
<Switch398>
2
</Switch398>
<Switch399>
18
</Switch399>
<Switch400>
18
</Switch400>
<Switch401>
16
</Switch401>
<Switch402>
12
</Switch402>
<Switch403>
6
</Switch403>
<Switch404>
9
</Switch404>
<Switch405>
0
</Switch405>
<Switch406>
14
</Switch406>
<Switch407>
3
</Switch407>
<Switch408>
3
</Switch408>
<Switch409>
13
</Switch409>
<Switch410>
0
</Switch410>
<Switch411>
14
</Switch411>
<Switch412>
6
</Switch412>
<Switch413>
6
</Switch413>
<Switch414>
1
</Switch414>
<Switch415>
16
</Switch415>
<Switch416>
4
</Switch416>
<Switch417>
2
</Switch417>
<Switch418>
13
</Switch418>
<Switch419>
7
</Switch419>
<Switch420>
3
</Switch420>
<Switch421>
18
</Switch421>
<Switch422>
17
</Switch422>
<Switch423>
0
</Switch423>
<Switch424>
4
</Switch424>
<Switch425>
15
</Switch425>
<Switch426>
15
</Switch426>
<Switch427>
11
</Switch427>
<Switch428>
17
</Switch428>
<Switch429>
15
</Switch429>
<Switch430>
11
</Switch430>
<Switch431>
15
</Switch431>
<Switch432>
13
</Switch432>
<Switch433>
11
</Switch433>
<Switch434>
9
</Switch434>
<Switch435>
16
</Switch435>
<Switch436>
5
</Switch436>
<Switch437>
19
</Switch437>
<Switch438>
16
</Switch438>
<Switch439>
2
</Switch439>
<Switch440>
16
</Switch440>
<Switch441>
9
</Switch441>
<Switch442>
12
</Switch442>
<Switch443>
8
</Switch443>
<Switch444>
11
</Switch444>
<Switch445>
0
</Switch445>
<Switch446>
6
</Switch446>
<Switch447>
10
</Switch447>
<Switch448>
7
</Switch448>
<Switch449>
9
</Switch449>
<Switch450>
6
</Switch450>
<Switch451>
18
</Switch451>
<Switch452>
4
</Switch452>
<Switch453>
9
</Switch453>
<Switch454>
5
</Switch454>
<Switch455>
8
</Switch455>
<Switch456>
12
</Switch456>
<Switch457>
11
</Switch457>
<Switch458>
8
</Switch458>
<Switch459>
1
</Switch459>
<Switch460>
6
</Switch460>
<Switch461>
10
</Switch461>
<Switch462>
12
</Switch462>
<Switch463>
19
</Switch463>
<Switch464>
13
</Switch464>
<Switch465>
14
</Switch465>
<Switch466>
1
</Switch466>
<Switch467>
11
</Switch467>
<Switch468>
4
</Switch468>
<Switch469>
3
</Switch469>
<Switch470>
7
</Switch470>
<Switch471>
13
</Switch471>
<Switch472>
8
</Switch472>
<Switch473>
18
</Switch473>
<Switch474>
8
</Switch474>
<Switch475>
19
</Switch475>
<Switch476>
16
</Switch476>
<Switch477>
0
</Switch477>
<Switch478>
12
</Switch478>
<Switch479>
13
</Switch479>
<Switch480>
1
</Switch480>
<Switch481>
18
</Switch481>
<Switch482>
6
</Switch482>
<Switch483>
13
</Switch483>
<Switch484>
12
</Switch484>
<Switch485>
19
</Switch485>
<Switch486>
0
</Switch486>
<Switch487>
15
</Switch487>
<Switch488>
5
</Switch488>
<Switch489>
18
</Switch489>
<Switch490>
2
</Switch490>
<Switch491>
14
</Switch491>
<Switch492>
13
</Switch492>
<Switch493>
16
</Switch493>
<Switch494>
8
</Switch494>
<Switch495>
10
</Switch495>
<Switch496>
11
</Switch496>
<Switch497>
6
</Switch497>
<Switch498>
14
</Switch498>
<Switch499>
5
</Switch499>
<Switch500>
0
</Switch500>
<Switch501>
0
</Switch501>
<Switch502>
14
</Switch502>
<Switch503>
0
</Switch503>
<Switch504>
10
</Switch504>
<Switch505>
12
</Switch505>
<Switch506>
2
</Switch506>
<Switch507>
7
</Switch507>
<Switch508>
15
</Switch508>
<Switch509>
14
</Switch509>
<Switch510>
11
</Switch510>
<Switch511>
17
</Switch511>
<Switch512>
8
</Switch512>
<Switch513>
2
</Switch513>
<Switch514>
1
</Switch514>
<Switch515>
11
</Switch515>
<Switch516>
1
</Switch516>
<Switch517>
12
</Switch517>
<Switch518>
17
</Switch518>
<Switch519>
12
</Switch519>
<Switch520>
18
</Switch520>
<Switch521>
1
</Switch521>
<Switch522>
1
</Switch522>
<Switch523>
18
</Switch523>
<Switch524>
1
</Switch524>
<Switch525>
10
</Switch525>
<Switch526>
3
</Switch526>
<Switch527>
4
</Switch527>
<Switch528>
18
</Switch528>
<Switch529>
18
</Switch529>
<Switch530>
18
</Switch530>
<Switch531>
15
</Switch531>
<Switch532>
0
</Switch532>
<Switch533>
14
</Switch533>
<Switch534>
2
</Switch534>
<Switch535>
8
</Switch535>
<Switch536>
19
</Switch536>
<Switch537>
12
</Switch537>
<Switch538>
3
</Switch538>
<Switch539>
0
</Switch539>
<Switch540>
3
</Switch540>
<Switch541>
6
</Switch541>
<Switch542>
0
</Switch542>
<Switch543>
11
</Switch543>
<Switch544>
5
</Switch544>
<Switch545>
16
</Switch545>
<Switch546>
5
</Switch546>
<Switch547>
10
</Switch547>
<Switch548>
8
</Switch548>
<Switch549>
0
</Switch549>
<Switch550>
16
</Switch550>
<Switch551>
12
</Switch551>
<Switch552>
4
</Switch552>
<Switch553>
19
</Switch553>
<Switch554>
9
</Switch554>
<Switch555>
17
</Switch555>
<Switch556>
15
</Switch556>
<Switch557>
1
</Switch557>
<Switch558>
6
</Switch558>
<Switch559>
14
</Switch559>
<Switch560>
16
</Switch560>
<Switch561>
11
</Switch561>
<Switch562>
11
</Switch562>
<Switch563>
13
</Switch563>
<Switch564>
12
</Switch564>
<Switch565>
13
</Switch565>
<Switch566>
9
</Switch566>
<Switch567>
0
</Switch567>
<Switch568>
3
</Switch568>
<Switch569>
10
</Switch569>
<Switch570>
6
</Switch570>
<Switch571>
13
</Switch571>
<Switch572>
17
</Switch572>
<Switch573>
8
</Switch573>
<Switch574>
14
</Switch574>
<Switch575>
9
</Switch575>
<Switch576>
3
</Switch576>
<Switch577>
13
</Switch577>
<Switch578>
5
</Switch578>
<Switch579>
0
</Switch579>
<Switch580>
6
</Switch580>
<Switch581>
15
</Switch581>
<Switch582>
5
</Switch582>
<Switch583>
14
</Switch583>
<Switch584>
3
</Switch584>
<Switch585>
9
</Switch585>
<Switch586>
10
</Switch586>
<Switch587>
18
</Switch587>
<Switch588>
8
</Switch588>
<Switch589>
11
</Switch589>
<Switch590>
17
</Switch590>
<Switch591>
11
</Switch591>
<Switch592>
6
</Switch592>
<Switch593>
9
</Switch593>
<Switch594>
10
</Switch594>
<Switch595>
7
</Switch595>
<Switch596>
12
</Switch596>
<Switch597>
13
</Switch597>
<Switch598>
2
</Switch598>
<Switch599>
9
</Switch599>
<Switch600>
1
</Switch600>
<Switch601>
13
</Switch601>
<Switch602>
5
</Switch602>
<Switch603>
11
</Switch603>
<Switch604>
11
</Switch604>
<Switch605>
19
</Switch605>
<Switch606>
1
</Switch606>
<Switch607>
14
</Switch607>
<Switch608>
12
</Switch608>
<Switch609>
0
</Switch609>
<Switch610>
5
</Switch610>
<Switch611>
11
</Switch611>
<Switch612>
6
</Switch612>
<Switch613>
5
</Switch613>
<Switch614>
5
</Switch614>
<Switch615>
10
</Switch615>
<Switch616>
18
</Switch616>
<Switch617>
7
</Switch617>
<Switch618>
11
</Switch618>
<Switch619>
10
</Switch619>
<Switch620>
9
</Switch620>
<Switch621>
13
</Switch621>
<Switch622>
2
</Switch622>
<Switch623>
19
</Switch623>
<Switch624>
19
</Switch624>
<Switch625>
3
</Switch625>
<Switch626>
11
</Switch626>
<Switch627>
16
</Switch627>
<Switch628>
9
</Switch628>
<Switch629>
10
</Switch629>
<Switch630>
6
</Switch630>
<Switch631>
5
</Switch631>
<Switch632>
6
</Switch632>
<Switch633>
10
</Switch633>
<Switch634>
15
</Switch634>
<Switch635>
6
</Switch635>
<Switch636>
3
</Switch636>
<Switch637>
17
</Switch637>
<Switch638>
18
</Switch638>
<Switch639>
15
</Switch639>
<Switch640>
13
</Switch640>
<Switch641>
14
</Switch641>
<Switch642>
12
</Switch642>
<Switch643>
12
</Switch643>
<Switch644>
16
</Switch644>
<Switch645>
18
</Switch645>
<Switch646>
0
</Switch646>
<Switch647>
4
</Switch647>
<Switch648>
10
</Switch648>
<Switch649>
4
</Switch649>
<Switch650>
2
</Switch650>
<Switch651>
13
</Switch651>
<Switch652>
0
</Switch652>
<Switch653>
0
</Switch653>
<Switch654>
3
</Switch654>
<Switch655>
6
</Switch655>
<Switch656>
17
</Switch656>
<Switch657>
17
</Switch657>
<Switch658>
2
</Switch658>
<Switch659>
9
</Switch659>
<Switch660>
9
</Switch660>
<Switch661>
4
</Switch661>
<Switch662>
12
</Switch662>
<Switch663>
14
</Switch663>
<Switch664>
10
</Switch664>
<Switch665>
12
</Switch665>
<Switch666>
11
</Switch666>
<Switch667>
18
</Switch667>
<Switch668>
3
</Switch668>
<Switch669>
13
</Switch669>
<Switch670>
5
</Switch670>
<Switch671>
6
</Switch671>
<Switch672>
2
</Switch672>
<Switch673>
18
</Switch673>
<Switch674>
19
</Switch674>
<Switch675>
18
</Switch675>
<Switch676>
0
</Switch676>
<Switch677>
14
</Switch677>
<Switch678>
13
</Switch678>
<Switch679>
8
</Switch679>
<Switch680>
18
</Switch680>
<Switch681>
16
</Switch681>
<Switch682>
10
</Switch682>
<Switch683>
14
</Switch683>
<Switch684>
15
</Switch684>
<Switch685>
18
</Switch685>
<Switch686>
4
</Switch686>
<Switch687>
5
</Switch687>
<Switch688>
5
</Switch688>
<Switch689>
12
</Switch689>
<Switch690>
19
</Switch690>
<Switch691>
10
</Switch691>
<Switch692>
2
</Switch692>
<Switch693>
15
</Switch693>
<Switch694>
9
</Switch694>
<Switch695>
3
</Switch695>
<Switch696>
9
</Switch696>
<Switch697>
4
</Switch697>
<Switch698>
3
</Switch698>
<Switch699>
7
</Switch699>
<Switch700>
5
</Switch700>
<Switch701>
15
</Switch701>
<Switch702>
12
</Switch702>
<Switch703>
5
</Switch703>
<Switch704>
10
</Switch704>
<Switch705>
5
</Switch705>
<Switch706>
15
</Switch706>
<Switch707>
18
</Switch707>
<Switch708>
18
</Switch708>
<Switch709>
18
</Switch709>
<Switch710>
4
</Switch710>
<Switch711>
11
</Switch711>
<Switch712>
0
</Switch712>
<Switch713>
8
</Switch713>
<Switch714>
18
</Switch714>
<Switch715>
3
</Switch715>
<Switch716>
13
</Switch716>
<Switch717>
13
</Switch717>
<Switch718>
0
</Switch718>
<Switch719>
15
</Switch719>
<Switch720>
7
</Switch720>
<Switch721>
4
</Switch721>
<Switch722>
18
</Switch722>
<Switch723>
7
</Switch723>
<Switch724>
19
</Switch724>
<Switch725>
11
</Switch725>
<Switch726>
11
</Switch726>
<Switch727>
9
</Switch727>
<Switch728>
10
</Switch728>
<Switch729>
5
</Switch729>
<Switch730>
9
</Switch730>
<Switch731>
4
</Switch731>
<Switch732>
12
</Switch732>
<Switch733>
15
</Switch733>
<Switch734>
1
</Switch734>
<Switch735>
7
</Switch735>
<Switch736>
18
</Switch736>
<Switch737>
10
</Switch737>
<Switch738>
6
</Switch738>
<Switch739>
1
</Switch739>
<Switch740>
7
</Switch740>
<Switch741>
12
</Switch741>
<Switch742>
17
</Switch742>
<Switch743>
12
</Switch743>
<Switch744>
1
</Switch744>
<Switch745>
0
</Switch745>
<Switch746>
15
</Switch746>
<Switch747>
14
</Switch747>
<Switch748>
10
</Switch748>
<Switch749>
8
</Switch749>
<Switch750>
11
</Switch750>
<Switch751>
0
</Switch751>
<Switch752>
18
</Switch752>
<Switch753>
4
</Switch753>
<Switch754>
14
</Switch754>
<Switch755>
8
</Switch755>
<Switch756>
0
</Switch756>
<Switch757>
0
</Switch757>
<Switch758>
13
</Switch758>
<Switch759>
15
</Switch759>
<Switch760>
17
</Switch760>
<Switch761>
16
</Switch761>
<Switch762>
15
</Switch762>
<Switch763>
10
</Switch763>
<Switch764>
1
</Switch764>
<Switch765>
2
</Switch765>
<Switch766>
12
</Switch766>
<Switch767>
17
</Switch767>
<Switch768>
9
</Switch768>
<Switch769>
10
</Switch769>
<Switch770>
1
</Switch770>
<Switch771>
16
</Switch771>
<Switch772>
9
</Switch772>
<Switch773>
1
</Switch773>
<Switch774>
1
</Switch774>
<Switch775>
8
</Switch775>
<Switch776>
4
</Switch776>
<Switch777>
15
</Switch777>
<Switch778>
10
</Switch778>
<Switch779>
4
</Switch779>
<Switch780>
2
</Switch780>
<Switch781>
18
</Switch781>
<Switch782>
2
</Switch782>
<Switch783>
17
</Switch783>
<Switch784>
11
</Switch784>
<Switch785>
0
</Switch785>
<Switch786>
9
</Switch786>
<Switch787>
16
</Switch787>
<Switch788>
13
</Switch788>
<Switch789>
10
</Switch789>
<Switch790>
0
</Switch790>
<Switch791>
9
</Switch791>
<Switch792>
4
</Switch792>
<Switch793>
13
</Switch793>
<Switch794>
15
</Switch794>
<Switch795>
17
</Switch795>
<Switch796>
10
</Switch796>
<Switch797>
10
</Switch797>
<Switch798>
16
</Switch798>
<Switch799>
17
</Switch799>
<Switch800>
12
</Switch800>
<Switch801>
8
</Switch801>
<Switch802>
0
</Switch802>
<Switch803>
18
</Switch803>
<Switch804>
10
</Switch804>
<Switch805>
5
</Switch805>
<Switch806>
16
</Switch806>
<Switch807>
10
</Switch807>
<Switch808>
11
</Switch808>
<Switch809>
14
</Switch809>
<Switch810>
5
</Switch810>
<Switch811>
9
</Switch811>
<Switch812>
18
</Switch812>
<Switch813>
17
</Switch813>
<Switch814>
0
</Switch814>
<Switch815>
9
</Switch815>
<Switch816>
1
</Switch816>
<Switch817>
14
</Switch817>
<Switch818>
1
</Switch818>
<Switch819>
12
</Switch819>
<Switch820>
15
</Switch820>
<Switch821>
6
</Switch821>
<Switch822>
3
</Switch822>
<Switch823>
3
</Switch823>
<Switch824>
9
</Switch824>
<Switch825>
7
</Switch825>
<Switch826>
6
</Switch826>
<Switch827>
4
</Switch827>
<Switch828>
12
</Switch828>
<Switch829>
16
</Switch829>
<Switch830>
5
</Switch830>
<Switch831>
6
</Switch831>
<Switch832>
3
</Switch832>
<Switch833>
9
</Switch833>
<Switch834>
19
</Switch834>
<Switch835>
6
</Switch835>
<Switch836>
5
</Switch836>
<Switch837>
13
</Switch837>
<Switch838>
1
</Switch838>
<Switch839>
14
</Switch839>
<Switch840>
7
</Switch840>
<Switch841>
16
</Switch841>
<Switch842>
13
</Switch842>
<Switch843>
16
</Switch843>
<Switch844>
8
</Switch844>
<Switch845>
3
</Switch845>
<Switch846>
6
</Switch846>
<Switch847>
12
</Switch847>
<Switch848>
13
</Switch848>
<Switch849>
7
</Switch849>
<Switch850>
16
</Switch850>
<Switch851>
8
</Switch851>
<Switch852>
0
</Switch852>
<Switch853>
18
</Switch853>
<Switch854>
11
</Switch854>
<Switch855>
2
</Switch855>
<Switch856>
16
</Switch856>
<Switch857>
6
</Switch857>
<Switch858>
8
</Switch858>
<Switch859>
17
</Switch859>
<Switch860>
8
</Switch860>
<Switch861>
12
</Switch861>
<Switch862>
16
</Switch862>
<Switch863>
16
</Switch863>
<Switch864>
6
</Switch864>
<Switch865>
13
</Switch865>
<Switch866>
18
</Switch866>
<Switch867>
19
</Switch867>
<Switch868>
18
</Switch868>
<Switch869>
19
</Switch869>
<Switch870>
8
</Switch870>
<Switch871>
16
</Switch871>
<Switch872>
19
</Switch872>
<Switch873>
6
</Switch873>
<Switch874>
10
</Switch874>
<Switch875>
15
</Switch875>
<Switch876>
2
</Switch876>
<Switch877>
14
</Switch877>
<Switch878>
7
</Switch878>
<Switch879>
11
</Switch879>
<Switch880>
3
</Switch880>
<Switch881>
18
</Switch881>
<Switch882>
16
</Switch882>
<Switch883>
3
</Switch883>
<Switch884>
18
</Switch884>
<Switch885>
3
</Switch885>
<Switch886>
15
</Switch886>
<Switch887>
13
</Switch887>
<Switch888>
11
</Switch888>
<Switch889>
15
</Switch889>
<Switch890>
5
</Switch890>
<Switch891>
14
</Switch891>
<Switch892>
5
</Switch892>
<Switch893>
14
</Switch893>
<Switch894>
16
</Switch894>
<Switch895>
8
</Switch895>
<Switch896>
4
</Switch896>
<Switch897>
3
</Switch897>
<Switch898>
5
</Switch898>
<Switch899>
2
</Switch899>
<Switch900>
9
</Switch900>
<Switch901>
0
</Switch901>
<Switch902>
18
</Switch902>
<Switch903>
8
</Switch903>
<Switch904>
5
</Switch904>
<Switch905>
19
</Switch905>
<Switch906>
8
</Switch906>
<Switch907>
0
</Switch907>
<Switch908>
11
</Switch908>
<Switch909>
5
</Switch909>
<Switch910>
15
</Switch910>
<Switch911>
16
</Switch911>
<Switch912>
14
</Switch912>
<Switch913>
4
</Switch913>
<Switch914>
2
</Switch914>
<Switch915>
11
</Switch915>
<Switch916>
12
</Switch916>
<Switch917>
2
</Switch917>
<Switch918>
3
</Switch918>
<Switch919>
8
</Switch919>
<Switch920>
16
</Switch920>
<Switch921>
10
</Switch921>
<Switch922>
13
</Switch922>
</BaseID:1067>
