<?xml version="1.0"?>

<BaseID:1069>
<Switch1>
3
</Switch1>
<Switch2>
19
</Switch2>
<Switch3>
1
</Switch3>
<Switch4>
7
</Switch4>
<Switch5>
6
</Switch5>
<Switch6>
1
</Switch6>
<Switch7>
19
</Switch7>
<Switch8>
9
</Switch8>
<Switch9>
7
</Switch9>
<Switch10>
0
</Switch10>
<Switch11>
4
</Switch11>
<Switch12>
3
</Switch12>
<Switch13>
0
</Switch13>
<Switch14>
10
</Switch14>
<Switch15>
17
</Switch15>
<Switch16>
6
</Switch16>
<Switch17>
14
</Switch17>
<Switch18>
4
</Switch18>
<Switch19>
17
</Switch19>
<Switch20>
10
</Switch20>
<Switch21>
3
</Switch21>
<Switch22>
14
</Switch22>
<Switch23>
0
</Switch23>
<Switch24>
16
</Switch24>
<Switch25>
15
</Switch25>
<Switch26>
13
</Switch26>
<Switch27>
16
</Switch27>
<Switch28>
6
</Switch28>
<Switch29>
16
</Switch29>
<Switch30>
3
</Switch30>
<Switch31>
17
</Switch31>
<Switch32>
5
</Switch32>
<Switch33>
17
</Switch33>
<Switch34>
1
</Switch34>
<Switch35>
0
</Switch35>
<Switch36>
2
</Switch36>
<Switch37>
4
</Switch37>
<Switch38>
6
</Switch38>
<Switch39>
1
</Switch39>
<Switch40>
5
</Switch40>
<Switch41>
15
</Switch41>
<Switch42>
19
</Switch42>
<Switch43>
16
</Switch43>
<Switch44>
6
</Switch44>
<Switch45>
12
</Switch45>
<Switch46>
18
</Switch46>
<Switch47>
1
</Switch47>
<Switch48>
17
</Switch48>
<Switch49>
2
</Switch49>
<Switch50>
10
</Switch50>
<Switch51>
11
</Switch51>
<Switch52>
5
</Switch52>
<Switch53>
4
</Switch53>
<Switch54>
19
</Switch54>
<Switch55>
0
</Switch55>
<Switch56>
2
</Switch56>
<Switch57>
2
</Switch57>
<Switch58>
6
</Switch58>
<Switch59>
9
</Switch59>
<Switch60>
1
</Switch60>
<Switch61>
3
</Switch61>
<Switch62>
12
</Switch62>
<Switch63>
4
</Switch63>
<Switch64>
0
</Switch64>
<Switch65>
8
</Switch65>
<Switch66>
7
</Switch66>
<Switch67>
11
</Switch67>
<Switch68>
19
</Switch68>
<Switch69>
15
</Switch69>
<Switch70>
18
</Switch70>
<Switch71>
3
</Switch71>
<Switch72>
13
</Switch72>
<Switch73>
8
</Switch73>
<Switch74>
15
</Switch74>
<Switch75>
10
</Switch75>
<Switch76>
1
</Switch76>
<Switch77>
11
</Switch77>
<Switch78>
15
</Switch78>
<Switch79>
11
</Switch79>
<Switch80>
6
</Switch80>
<Switch81>
1
</Switch81>
<Switch82>
2
</Switch82>
<Switch83>
11
</Switch83>
<Switch84>
5
</Switch84>
<Switch85>
12
</Switch85>
<Switch86>
0
</Switch86>
<Switch87>
10
</Switch87>
<Switch88>
2
</Switch88>
<Switch89>
12
</Switch89>
<Switch90>
7
</Switch90>
<Switch91>
9
</Switch91>
<Switch92>
5
</Switch92>
<Switch93>
2
</Switch93>
<Switch94>
0
</Switch94>
<Switch95>
11
</Switch95>
<Switch96>
8
</Switch96>
<Switch97>
12
</Switch97>
<Switch98>
9
</Switch98>
<Switch99>
18
</Switch99>
<Switch100>
3
</Switch100>
<Switch101>
13
</Switch101>
<Switch102>
10
</Switch102>
<Switch103>
18
</Switch103>
<Switch104>
11
</Switch104>
<Switch105>
8
</Switch105>
<Switch106>
13
</Switch106>
<Switch107>
17
</Switch107>
<Switch108>
4
</Switch108>
<Switch109>
8
</Switch109>
<Switch110>
7
</Switch110>
<Switch111>
7
</Switch111>
<Switch112>
5
</Switch112>
<Switch113>
3
</Switch113>
<Switch114>
0
</Switch114>
<Switch115>
10
</Switch115>
<Switch116>
6
</Switch116>
<Switch117>
3
</Switch117>
<Switch118>
14
</Switch118>
<Switch119>
7
</Switch119>
<Switch120>
14
</Switch120>
<Switch121>
10
</Switch121>
<Switch122>
3
</Switch122>
<Switch123>
12
</Switch123>
<Switch124>
11
</Switch124>
<Switch125>
18
</Switch125>
<Switch126>
13
</Switch126>
<Switch127>
9
</Switch127>
<Switch128>
0
</Switch128>
<Switch129>
13
</Switch129>
<Switch130>
9
</Switch130>
<Switch131>
9
</Switch131>
<Switch132>
13
</Switch132>
<Switch133>
15
</Switch133>
<Switch134>
0
</Switch134>
<Switch135>
14
</Switch135>
<Switch136>
18
</Switch136>
<Switch137>
10
</Switch137>
<Switch138>
12
</Switch138>
<Switch139>
9
</Switch139>
<Switch140>
6
</Switch140>
<Switch141>
16
</Switch141>
<Switch142>
6
</Switch142>
<Switch143>
17
</Switch143>
<Switch144>
15
</Switch144>
<Switch145>
7
</Switch145>
<Switch146>
17
</Switch146>
<Switch147>
0
</Switch147>
<Switch148>
11
</Switch148>
<Switch149>
2
</Switch149>
<Switch150>
5
</Switch150>
<Switch151>
11
</Switch151>
<Switch152>
5
</Switch152>
<Switch153>
5
</Switch153>
<Switch154>
15
</Switch154>
<Switch155>
18
</Switch155>
<Switch156>
15
</Switch156>
<Switch157>
10
</Switch157>
<Switch158>
1
</Switch158>
<Switch159>
3
</Switch159>
<Switch160>
4
</Switch160>
<Switch161>
7
</Switch161>
<Switch162>
12
</Switch162>
<Switch163>
13
</Switch163>
<Switch164>
10
</Switch164>
<Switch165>
7
</Switch165>
<Switch166>
1
</Switch166>
<Switch167>
10
</Switch167>
<Switch168>
6
</Switch168>
<Switch169>
14
</Switch169>
<Switch170>
13
</Switch170>
<Switch171>
19
</Switch171>
<Switch172>
16
</Switch172>
<Switch173>
6
</Switch173>
<Switch174>
10
</Switch174>
<Switch175>
0
</Switch175>
<Switch176>
18
</Switch176>
<Switch177>
11
</Switch177>
<Switch178>
0
</Switch178>
<Switch179>
7
</Switch179>
<Switch180>
13
</Switch180>
<Switch181>
8
</Switch181>
<Switch182>
17
</Switch182>
<Switch183>
13
</Switch183>
<Switch184>
7
</Switch184>
<Switch185>
11
</Switch185>
<Switch186>
18
</Switch186>
<Switch187>
4
</Switch187>
<Switch188>
0
</Switch188>
<Switch189>
3
</Switch189>
<Switch190>
6
</Switch190>
<Switch191>
9
</Switch191>
<Switch192>
8
</Switch192>
<Switch193>
14
</Switch193>
<Switch194>
16
</Switch194>
<Switch195>
1
</Switch195>
<Switch196>
6
</Switch196>
<Switch197>
17
</Switch197>
<Switch198>
8
</Switch198>
<Switch199>
4
</Switch199>
<Switch200>
3
</Switch200>
<Switch201>
4
</Switch201>
<Switch202>
11
</Switch202>
<Switch203>
10
</Switch203>
<Switch204>
1
</Switch204>
<Switch205>
18
</Switch205>
<Switch206>
18
</Switch206>
<Switch207>
5
</Switch207>
<Switch208>
0
</Switch208>
<Switch209>
7
</Switch209>
<Switch210>
6
</Switch210>
<Switch211>
9
</Switch211>
<Switch212>
16
</Switch212>
<Switch213>
2
</Switch213>
<Switch214>
2
</Switch214>
<Switch215>
6
</Switch215>
<Switch216>
5
</Switch216>
<Switch217>
13
</Switch217>
<Switch218>
8
</Switch218>
<Switch219>
5
</Switch219>
<Switch220>
15
</Switch220>
<Switch221>
4
</Switch221>
<Switch222>
5
</Switch222>
<Switch223>
2
</Switch223>
<Switch224>
4
</Switch224>
<Switch225>
6
</Switch225>
<Switch226>
4
</Switch226>
<Switch227>
14
</Switch227>
<Switch228>
5
</Switch228>
<Switch229>
4
</Switch229>
<Switch230>
15
</Switch230>
<Switch231>
10
</Switch231>
<Switch232>
18
</Switch232>
<Switch233>
12
</Switch233>
<Switch234>
3
</Switch234>
<Switch235>
10
</Switch235>
<Switch236>
18
</Switch236>
<Switch237>
2
</Switch237>
<Switch238>
6
</Switch238>
<Switch239>
0
</Switch239>
<Switch240>
4
</Switch240>
<Switch241>
17
</Switch241>
<Switch242>
2
</Switch242>
<Switch243>
1
</Switch243>
<Switch244>
19
</Switch244>
<Switch245>
0
</Switch245>
<Switch246>
7
</Switch246>
<Switch247>
15
</Switch247>
<Switch248>
17
</Switch248>
<Switch249>
16
</Switch249>
<Switch250>
6
</Switch250>
<Switch251>
17
</Switch251>
<Switch252>
15
</Switch252>
<Switch253>
6
</Switch253>
<Switch254>
10
</Switch254>
<Switch255>
4
</Switch255>
<Switch256>
17
</Switch256>
<Switch257>
3
</Switch257>
<Switch258>
9
</Switch258>
<Switch259>
18
</Switch259>
<Switch260>
6
</Switch260>
<Switch261>
5
</Switch261>
<Switch262>
9
</Switch262>
<Switch263>
5
</Switch263>
<Switch264>
9
</Switch264>
<Switch265>
6
</Switch265>
<Switch266>
12
</Switch266>
<Switch267>
19
</Switch267>
<Switch268>
7
</Switch268>
<Switch269>
19
</Switch269>
<Switch270>
5
</Switch270>
<Switch271>
9
</Switch271>
<Switch272>
2
</Switch272>
<Switch273>
18
</Switch273>
<Switch274>
4
</Switch274>
<Switch275>
11
</Switch275>
<Switch276>
15
</Switch276>
<Switch277>
17
</Switch277>
<Switch278>
2
</Switch278>
<Switch279>
17
</Switch279>
<Switch280>
13
</Switch280>
<Switch281>
10
</Switch281>
<Switch282>
19
</Switch282>
<Switch283>
12
</Switch283>
<Switch284>
9
</Switch284>
<Switch285>
1
</Switch285>
<Switch286>
5
</Switch286>
<Switch287>
13
</Switch287>
<Switch288>
13
</Switch288>
<Switch289>
17
</Switch289>
<Switch290>
18
</Switch290>
<Switch291>
7
</Switch291>
<Switch292>
5
</Switch292>
<Switch293>
3
</Switch293>
<Switch294>
5
</Switch294>
<Switch295>
1
</Switch295>
<Switch296>
2
</Switch296>
<Switch297>
6
</Switch297>
<Switch298>
18
</Switch298>
<Switch299>
10
</Switch299>
<Switch300>
4
</Switch300>
<Switch301>
4
</Switch301>
<Switch302>
16
</Switch302>
<Switch303>
8
</Switch303>
<Switch304>
10
</Switch304>
<Switch305>
6
</Switch305>
<Switch306>
9
</Switch306>
<Switch307>
8
</Switch307>
<Switch308>
12
</Switch308>
<Switch309>
5
</Switch309>
<Switch310>
18
</Switch310>
<Switch311>
7
</Switch311>
<Switch312>
12
</Switch312>
<Switch313>
1
</Switch313>
<Switch314>
7
</Switch314>
<Switch315>
3
</Switch315>
<Switch316>
1
</Switch316>
<Switch317>
8
</Switch317>
<Switch318>
10
</Switch318>
<Switch319>
18
</Switch319>
<Switch320>
6
</Switch320>
<Switch321>
0
</Switch321>
<Switch322>
8
</Switch322>
<Switch323>
8
</Switch323>
<Switch324>
0
</Switch324>
<Switch325>
3
</Switch325>
<Switch326>
17
</Switch326>
<Switch327>
5
</Switch327>
<Switch328>
8
</Switch328>
<Switch329>
0
</Switch329>
<Switch330>
10
</Switch330>
<Switch331>
6
</Switch331>
<Switch332>
0
</Switch332>
<Switch333>
18
</Switch333>
<Switch334>
12
</Switch334>
<Switch335>
16
</Switch335>
<Switch336>
8
</Switch336>
<Switch337>
13
</Switch337>
<Switch338>
12
</Switch338>
<Switch339>
18
</Switch339>
<Switch340>
17
</Switch340>
<Switch341>
13
</Switch341>
<Switch342>
14
</Switch342>
<Switch343>
7
</Switch343>
<Switch344>
14
</Switch344>
<Switch345>
7
</Switch345>
<Switch346>
19
</Switch346>
<Switch347>
1
</Switch347>
<Switch348>
15
</Switch348>
<Switch349>
12
</Switch349>
<Switch350>
1
</Switch350>
<Switch351>
3
</Switch351>
<Switch352>
11
</Switch352>
<Switch353>
12
</Switch353>
<Switch354>
1
</Switch354>
<Switch355>
6
</Switch355>
<Switch356>
13
</Switch356>
<Switch357>
12
</Switch357>
<Switch358>
7
</Switch358>
<Switch359>
2
</Switch359>
<Switch360>
19
</Switch360>
<Switch361>
12
</Switch361>
<Switch362>
15
</Switch362>
<Switch363>
11
</Switch363>
<Switch364>
16
</Switch364>
<Switch365>
8
</Switch365>
<Switch366>
11
</Switch366>
<Switch367>
10
</Switch367>
<Switch368>
0
</Switch368>
<Switch369>
3
</Switch369>
<Switch370>
2
</Switch370>
<Switch371>
4
</Switch371>
<Switch372>
3
</Switch372>
<Switch373>
5
</Switch373>
<Switch374>
11
</Switch374>
<Switch375>
15
</Switch375>
<Switch376>
19
</Switch376>
<Switch377>
10
</Switch377>
<Switch378>
15
</Switch378>
<Switch379>
15
</Switch379>
<Switch380>
18
</Switch380>
<Switch381>
8
</Switch381>
<Switch382>
17
</Switch382>
<Switch383>
15
</Switch383>
<Switch384>
8
</Switch384>
<Switch385>
18
</Switch385>
<Switch386>
12
</Switch386>
<Switch387>
0
</Switch387>
<Switch388>
13
</Switch388>
<Switch389>
19
</Switch389>
<Switch390>
13
</Switch390>
<Switch391>
1
</Switch391>
<Switch392>
3
</Switch392>
<Switch393>
2
</Switch393>
<Switch394>
17
</Switch394>
<Switch395>
13
</Switch395>
<Switch396>
7
</Switch396>
<Switch397>
0
</Switch397>
<Switch398>
18
</Switch398>
<Switch399>
10
</Switch399>
<Switch400>
11
</Switch400>
<Switch401>
0
</Switch401>
<Switch402>
10
</Switch402>
<Switch403>
11
</Switch403>
<Switch404>
9
</Switch404>
<Switch405>
4
</Switch405>
<Switch406>
2
</Switch406>
<Switch407>
13
</Switch407>
<Switch408>
3
</Switch408>
<Switch409>
12
</Switch409>
<Switch410>
17
</Switch410>
<Switch411>
3
</Switch411>
<Switch412>
7
</Switch412>
<Switch413>
8
</Switch413>
<Switch414>
0
</Switch414>
<Switch415>
7
</Switch415>
<Switch416>
5
</Switch416>
<Switch417>
4
</Switch417>
<Switch418>
11
</Switch418>
<Switch419>
10
</Switch419>
<Switch420>
19
</Switch420>
<Switch421>
4
</Switch421>
<Switch422>
13
</Switch422>
<Switch423>
7
</Switch423>
<Switch424>
5
</Switch424>
<Switch425>
14
</Switch425>
<Switch426>
5
</Switch426>
<Switch427>
17
</Switch427>
<Switch428>
11
</Switch428>
<Switch429>
6
</Switch429>
<Switch430>
13
</Switch430>
<Switch431>
0
</Switch431>
<Switch432>
16
</Switch432>
<Switch433>
9
</Switch433>
<Switch434>
8
</Switch434>
<Switch435>
1
</Switch435>
<Switch436>
0
</Switch436>
<Switch437>
15
</Switch437>
<Switch438>
1
</Switch438>
<Switch439>
9
</Switch439>
<Switch440>
6
</Switch440>
<Switch441>
19
</Switch441>
<Switch442>
8
</Switch442>
<Switch443>
15
</Switch443>
<Switch444>
17
</Switch444>
<Switch445>
17
</Switch445>
<Switch446>
12
</Switch446>
<Switch447>
16
</Switch447>
<Switch448>
14
</Switch448>
<Switch449>
11
</Switch449>
<Switch450>
14
</Switch450>
<Switch451>
16
</Switch451>
<Switch452>
8
</Switch452>
<Switch453>
13
</Switch453>
<Switch454>
4
</Switch454>
<Switch455>
3
</Switch455>
<Switch456>
11
</Switch456>
<Switch457>
4
</Switch457>
<Switch458>
15
</Switch458>
<Switch459>
18
</Switch459>
<Switch460>
1
</Switch460>
<Switch461>
15
</Switch461>
<Switch462>
12
</Switch462>
<Switch463>
3
</Switch463>
<Switch464>
3
</Switch464>
<Switch465>
16
</Switch465>
<Switch466>
13
</Switch466>
<Switch467>
17
</Switch467>
<Switch468>
12
</Switch468>
<Switch469>
17
</Switch469>
<Switch470>
9
</Switch470>
<Switch471>
5
</Switch471>
<Switch472>
17
</Switch472>
<Switch473>
10
</Switch473>
<Switch474>
13
</Switch474>
<Switch475>
6
</Switch475>
<Switch476>
9
</Switch476>
<Switch477>
15
</Switch477>
<Switch478>
3
</Switch478>
<Switch479>
3
</Switch479>
<Switch480>
8
</Switch480>
<Switch481>
11
</Switch481>
<Switch482>
5
</Switch482>
<Switch483>
15
</Switch483>
<Switch484>
12
</Switch484>
<Switch485>
1
</Switch485>
<Switch486>
2
</Switch486>
<Switch487>
16
</Switch487>
<Switch488>
7
</Switch488>
<Switch489>
8
</Switch489>
<Switch490>
18
</Switch490>
<Switch491>
12
</Switch491>
<Switch492>
0
</Switch492>
<Switch493>
18
</Switch493>
<Switch494>
3
</Switch494>
<Switch495>
0
</Switch495>
<Switch496>
12
</Switch496>
<Switch497>
14
</Switch497>
<Switch498>
0
</Switch498>
<Switch499>
3
</Switch499>
<Switch500>
13
</Switch500>
<Switch501>
14
</Switch501>
<Switch502>
2
</Switch502>
<Switch503>
11
</Switch503>
<Switch504>
15
</Switch504>
<Switch505>
4
</Switch505>
<Switch506>
10
</Switch506>
<Switch507>
1
</Switch507>
<Switch508>
15
</Switch508>
<Switch509>
1
</Switch509>
<Switch510>
19
</Switch510>
<Switch511>
11
</Switch511>
<Switch512>
1
</Switch512>
<Switch513>
1
</Switch513>
<Switch514>
17
</Switch514>
<Switch515>
10
</Switch515>
<Switch516>
2
</Switch516>
<Switch517>
14
</Switch517>
<Switch518>
19
</Switch518>
<Switch519>
5
</Switch519>
<Switch520>
8
</Switch520>
<Switch521>
3
</Switch521>
<Switch522>
2
</Switch522>
<Switch523>
16
</Switch523>
<Switch524>
6
</Switch524>
<Switch525>
8
</Switch525>
<Switch526>
14
</Switch526>
<Switch527>
4
</Switch527>
<Switch528>
3
</Switch528>
<Switch529>
0
</Switch529>
<Switch530>
6
</Switch530>
<Switch531>
7
</Switch531>
<Switch532>
6
</Switch532>
<Switch533>
0
</Switch533>
<Switch534>
0
</Switch534>
<Switch535>
4
</Switch535>
<Switch536>
0
</Switch536>
<Switch537>
3
</Switch537>
<Switch538>
19
</Switch538>
<Switch539>
10
</Switch539>
<Switch540>
19
</Switch540>
<Switch541>
8
</Switch541>
<Switch542>
9
</Switch542>
<Switch543>
6
</Switch543>
<Switch544>
19
</Switch544>
<Switch545>
7
</Switch545>
<Switch546>
6
</Switch546>
<Switch547>
9
</Switch547>
<Switch548>
7
</Switch548>
<Switch549>
0
</Switch549>
<Switch550>
3
</Switch550>
<Switch551>
19
</Switch551>
<Switch552>
10
</Switch552>
<Switch553>
11
</Switch553>
<Switch554>
15
</Switch554>
<Switch555>
1
</Switch555>
<Switch556>
12
</Switch556>
<Switch557>
13
</Switch557>
<Switch558>
16
</Switch558>
<Switch559>
0
</Switch559>
<Switch560>
8
</Switch560>
<Switch561>
16
</Switch561>
<Switch562>
2
</Switch562>
<Switch563>
6
</Switch563>
<Switch564>
0
</Switch564>
<Switch565>
12
</Switch565>
<Switch566>
18
</Switch566>
<Switch567>
8
</Switch567>
<Switch568>
12
</Switch568>
<Switch569>
2
</Switch569>
<Switch570>
10
</Switch570>
<Switch571>
15
</Switch571>
<Switch572>
12
</Switch572>
<Switch573>
7
</Switch573>
<Switch574>
5
</Switch574>
<Switch575>
10
</Switch575>
<Switch576>
9
</Switch576>
<Switch577>
6
</Switch577>
<Switch578>
6
</Switch578>
<Switch579>
12
</Switch579>
<Switch580>
11
</Switch580>
<Switch581>
16
</Switch581>
<Switch582>
17
</Switch582>
<Switch583>
10
</Switch583>
<Switch584>
5
</Switch584>
<Switch585>
1
</Switch585>
<Switch586>
6
</Switch586>
<Switch587>
7
</Switch587>
<Switch588>
13
</Switch588>
<Switch589>
0
</Switch589>
<Switch590>
15
</Switch590>
<Switch591>
3
</Switch591>
<Switch592>
4
</Switch592>
<Switch593>
15
</Switch593>
<Switch594>
9
</Switch594>
<Switch595>
15
</Switch595>
<Switch596>
10
</Switch596>
<Switch597>
17
</Switch597>
<Switch598>
2
</Switch598>
<Switch599>
11
</Switch599>
<Switch600>
19
</Switch600>
<Switch601>
17
</Switch601>
<Switch602>
18
</Switch602>
<Switch603>
0
</Switch603>
<Switch604>
6
</Switch604>
<Switch605>
7
</Switch605>
<Switch606>
7
</Switch606>
<Switch607>
9
</Switch607>
<Switch608>
15
</Switch608>
<Switch609>
11
</Switch609>
<Switch610>
7
</Switch610>
<Switch611>
12
</Switch611>
<Switch612>
17
</Switch612>
<Switch613>
10
</Switch613>
<Switch614>
7
</Switch614>
<Switch615>
1
</Switch615>
<Switch616>
9
</Switch616>
<Switch617>
17
</Switch617>
<Switch618>
19
</Switch618>
<Switch619>
14
</Switch619>
<Switch620>
14
</Switch620>
<Switch621>
2
</Switch621>
<Switch622>
13
</Switch622>
<Switch623>
11
</Switch623>
<Switch624>
18
</Switch624>
<Switch625>
14
</Switch625>
<Switch626>
9
</Switch626>
<Switch627>
3
</Switch627>
<Switch628>
17
</Switch628>
<Switch629>
5
</Switch629>
<Switch630>
15
</Switch630>
<Switch631>
16
</Switch631>
<Switch632>
9
</Switch632>
<Switch633>
8
</Switch633>
<Switch634>
12
</Switch634>
<Switch635>
19
</Switch635>
<Switch636>
3
</Switch636>
<Switch637>
0
</Switch637>
<Switch638>
19
</Switch638>
<Switch639>
3
</Switch639>
<Switch640>
18
</Switch640>
<Switch641>
8
</Switch641>
<Switch642>
5
</Switch642>
<Switch643>
12
</Switch643>
<Switch644>
10
</Switch644>
<Switch645>
9
</Switch645>
<Switch646>
3
</Switch646>
<Switch647>
13
</Switch647>
<Switch648>
18
</Switch648>
<Switch649>
0
</Switch649>
<Switch650>
12
</Switch650>
<Switch651>
11
</Switch651>
<Switch652>
11
</Switch652>
<Switch653>
10
</Switch653>
<Switch654>
4
</Switch654>
<Switch655>
9
</Switch655>
<Switch656>
2
</Switch656>
<Switch657>
3
</Switch657>
<Switch658>
9
</Switch658>
<Switch659>
12
</Switch659>
<Switch660>
17
</Switch660>
<Switch661>
4
</Switch661>
<Switch662>
16
</Switch662>
<Switch663>
17
</Switch663>
<Switch664>
19
</Switch664>
<Switch665>
18
</Switch665>
<Switch666>
6
</Switch666>
<Switch667>
6
</Switch667>
<Switch668>
17
</Switch668>
<Switch669>
5
</Switch669>
<Switch670>
13
</Switch670>
<Switch671>
6
</Switch671>
<Switch672>
8
</Switch672>
<Switch673>
15
</Switch673>
<Switch674>
7
</Switch674>
<Switch675>
16
</Switch675>
<Switch676>
1
</Switch676>
<Switch677>
18
</Switch677>
<Switch678>
3
</Switch678>
<Switch679>
19
</Switch679>
<Switch680>
13
</Switch680>
<Switch681>
12
</Switch681>
<Switch682>
0
</Switch682>
<Switch683>
9
</Switch683>
<Switch684>
3
</Switch684>
<Switch685>
0
</Switch685>
<Switch686>
2
</Switch686>
<Switch687>
1
</Switch687>
<Switch688>
0
</Switch688>
<Switch689>
16
</Switch689>
<Switch690>
14
</Switch690>
<Switch691>
0
</Switch691>
<Switch692>
13
</Switch692>
<Switch693>
19
</Switch693>
<Switch694>
10
</Switch694>
<Switch695>
8
</Switch695>
<Switch696>
4
</Switch696>
<Switch697>
17
</Switch697>
<Switch698>
16
</Switch698>
<Switch699>
0
</Switch699>
<Switch700>
1
</Switch700>
<Switch701>
10
</Switch701>
<Switch702>
13
</Switch702>
<Switch703>
0
</Switch703>
<Switch704>
11
</Switch704>
<Switch705>
14
</Switch705>
<Switch706>
1
</Switch706>
<Switch707>
13
</Switch707>
<Switch708>
0
</Switch708>
<Switch709>
4
</Switch709>
<Switch710>
1
</Switch710>
<Switch711>
0
</Switch711>
<Switch712>
13
</Switch712>
<Switch713>
14
</Switch713>
<Switch714>
4
</Switch714>
<Switch715>
16
</Switch715>
<Switch716>
11
</Switch716>
<Switch717>
18
</Switch717>
<Switch718>
12
</Switch718>
<Switch719>
7
</Switch719>
<Switch720>
0
</Switch720>
<Switch721>
7
</Switch721>
<Switch722>
15
</Switch722>
<Switch723>
7
</Switch723>
<Switch724>
11
</Switch724>
<Switch725>
1
</Switch725>
<Switch726>
6
</Switch726>
<Switch727>
13
</Switch727>
<Switch728>
15
</Switch728>
<Switch729>
8
</Switch729>
<Switch730>
4
</Switch730>
<Switch731>
18
</Switch731>
<Switch732>
10
</Switch732>
<Switch733>
4
</Switch733>
<Switch734>
3
</Switch734>
<Switch735>
2
</Switch735>
<Switch736>
17
</Switch736>
<Switch737>
11
</Switch737>
<Switch738>
12
</Switch738>
<Switch739>
6
</Switch739>
<Switch740>
17
</Switch740>
<Switch741>
16
</Switch741>
<Switch742>
6
</Switch742>
<Switch743>
19
</Switch743>
<Switch744>
6
</Switch744>
<Switch745>
11
</Switch745>
<Switch746>
2
</Switch746>
<Switch747>
5
</Switch747>
<Switch748>
15
</Switch748>
<Switch749>
17
</Switch749>
<Switch750>
10
</Switch750>
<Switch751>
19
</Switch751>
<Switch752>
6
</Switch752>
<Switch753>
6
</Switch753>
<Switch754>
9
</Switch754>
<Switch755>
11
</Switch755>
<Switch756>
16
</Switch756>
<Switch757>
3
</Switch757>
<Switch758>
14
</Switch758>
<Switch759>
14
</Switch759>
<Switch760>
18
</Switch760>
<Switch761>
3
</Switch761>
<Switch762>
1
</Switch762>
<Switch763>
14
</Switch763>
<Switch764>
17
</Switch764>
<Switch765>
2
</Switch765>
<Switch766>
2
</Switch766>
<Switch767>
16
</Switch767>
<Switch768>
12
</Switch768>
<Switch769>
4
</Switch769>
<Switch770>
19
</Switch770>
<Switch771>
3
</Switch771>
<Switch772>
12
</Switch772>
<Switch773>
13
</Switch773>
<Switch774>
7
</Switch774>
<Switch775>
19
</Switch775>
<Switch776>
8
</Switch776>
<Switch777>
13
</Switch777>
<Switch778>
6
</Switch778>
<Switch779>
15
</Switch779>
<Switch780>
19
</Switch780>
<Switch781>
0
</Switch781>
<Switch782>
16
</Switch782>
<Switch783>
4
</Switch783>
<Switch784>
7
</Switch784>
<Switch785>
3
</Switch785>
<Switch786>
6
</Switch786>
<Switch787>
2
</Switch787>
<Switch788>
11
</Switch788>
<Switch789>
5
</Switch789>
<Switch790>
15
</Switch790>
<Switch791>
1
</Switch791>
<Switch792>
16
</Switch792>
<Switch793>
14
</Switch793>
<Switch794>
4
</Switch794>
<Switch795>
2
</Switch795>
<Switch796>
10
</Switch796>
<Switch797>
5
</Switch797>
<Switch798>
0
</Switch798>
<Switch799>
6
</Switch799>
<Switch800>
7
</Switch800>
<Switch801>
3
</Switch801>
<Switch802>
7
</Switch802>
<Switch803>
0
</Switch803>
<Switch804>
18
</Switch804>
<Switch805>
16
</Switch805>
<Switch806>
14
</Switch806>
<Switch807>
11
</Switch807>
<Switch808>
3
</Switch808>
<Switch809>
14
</Switch809>
<Switch810>
11
</Switch810>
<Switch811>
18
</Switch811>
<Switch812>
6
</Switch812>
<Switch813>
4
</Switch813>
<Switch814>
2
</Switch814>
<Switch815>
19
</Switch815>
<Switch816>
17
</Switch816>
<Switch817>
16
</Switch817>
<Switch818>
5
</Switch818>
<Switch819>
7
</Switch819>
<Switch820>
18
</Switch820>
<Switch821>
2
</Switch821>
<Switch822>
9
</Switch822>
<Switch823>
11
</Switch823>
<Switch824>
6
</Switch824>
<Switch825>
5
</Switch825>
<Switch826>
11
</Switch826>
<Switch827>
10
</Switch827>
<Switch828>
16
</Switch828>
<Switch829>
1
</Switch829>
<Switch830>
7
</Switch830>
<Switch831>
3
</Switch831>
<Switch832>
15
</Switch832>
<Switch833>
19
</Switch833>
<Switch834>
15
</Switch834>
<Switch835>
2
</Switch835>
<Switch836>
15
</Switch836>
<Switch837>
12
</Switch837>
<Switch838>
4
</Switch838>
<Switch839>
12
</Switch839>
<Switch840>
15
</Switch840>
<Switch841>
8
</Switch841>
<Switch842>
1
</Switch842>
<Switch843>
10
</Switch843>
<Switch844>
8
</Switch844>
<Switch845>
8
</Switch845>
<Switch846>
8
</Switch846>
<Switch847>
8
</Switch847>
<Switch848>
18
</Switch848>
<Switch849>
4
</Switch849>
<Switch850>
11
</Switch850>
<Switch851>
18
</Switch851>
<Switch852>
14
</Switch852>
<Switch853>
10
</Switch853>
<Switch854>
0
</Switch854>
<Switch855>
8
</Switch855>
<Switch856>
10
</Switch856>
<Switch857>
16
</Switch857>
<Switch858>
14
</Switch858>
<Switch859>
16
</Switch859>
<Switch860>
16
</Switch860>
<Switch861>
5
</Switch861>
<Switch862>
4
</Switch862>
<Switch863>
13
</Switch863>
<Switch864>
14
</Switch864>
<Switch865>
7
</Switch865>
<Switch866>
0
</Switch866>
<Switch867>
16
</Switch867>
<Switch868>
15
</Switch868>
<Switch869>
6
</Switch869>
<Switch870>
5
</Switch870>
<Switch871>
10
</Switch871>
<Switch872>
1
</Switch872>
<Switch873>
1
</Switch873>
<Switch874>
13
</Switch874>
<Switch875>
8
</Switch875>
<Switch876>
7
</Switch876>
<Switch877>
5
</Switch877>
<Switch878>
14
</Switch878>
<Switch879>
6
</Switch879>
<Switch880>
17
</Switch880>
<Switch881>
18
</Switch881>
<Switch882>
7
</Switch882>
<Switch883>
16
</Switch883>
<Switch884>
6
</Switch884>
<Switch885>
19
</Switch885>
<Switch886>
12
</Switch886>
<Switch887>
0
</Switch887>
<Switch888>
14
</Switch888>
<Switch889>
19
</Switch889>
<Switch890>
4
</Switch890>
<Switch891>
2
</Switch891>
<Switch892>
18
</Switch892>
<Switch893>
10
</Switch893>
<Switch894>
0
</Switch894>
<Switch895>
6
</Switch895>
<Switch896>
1
</Switch896>
<Switch897>
9
</Switch897>
<Switch898>
12
</Switch898>
<Switch899>
14
</Switch899>
<Switch900>
13
</Switch900>
<Switch901>
1
</Switch901>
<Switch902>
0
</Switch902>
<Switch903>
8
</Switch903>
<Switch904>
8
</Switch904>
<Switch905>
4
</Switch905>
<Switch906>
10
</Switch906>
<Switch907>
3
</Switch907>
<Switch908>
17
</Switch908>
<Switch909>
6
</Switch909>
<Switch910>
0
</Switch910>
<Switch911>
11
</Switch911>
<Switch912>
14
</Switch912>
<Switch913>
16
</Switch913>
<Switch914>
14
</Switch914>
<Switch915>
8
</Switch915>
<Switch916>
19
</Switch916>
<Switch917>
6
</Switch917>
<Switch918>
9
</Switch918>
<Switch919>
15
</Switch919>
<Switch920>
5
</Switch920>
<Switch921>
18
</Switch921>
<Switch922>
1
</Switch922>
<Switch923>
11
</Switch923>
<Switch924>
5
</Switch924>
<Switch925>
19
</Switch925>
<Switch926>
1
</Switch926>
<Switch927>
2
</Switch927>
<Switch928>
9
</Switch928>
<Switch929>
0
</Switch929>
<Switch930>
10
</Switch930>
<Switch931>
13
</Switch931>
<Switch932>
18
</Switch932>
<Switch933>
14
</Switch933>
<Switch934>
3
</Switch934>
<Switch935>
4
</Switch935>
<Switch936>
15
</Switch936>
<Switch937>
8
</Switch937>
<Switch938>
8
</Switch938>
<Switch939>
3
</Switch939>
<Switch940>
6
</Switch940>
<Switch941>
17
</Switch941>
<Switch942>
13
</Switch942>
<Switch943>
5
</Switch943>
<Switch944>
13
</Switch944>
<Switch945>
9
</Switch945>
<Switch946>
7
</Switch946>
<Switch947>
6
</Switch947>
<Switch948>
1
</Switch948>
<Switch949>
9
</Switch949>
<Switch950>
6
</Switch950>
<Switch951>
4
</Switch951>
<Switch952>
15
</Switch952>
<Switch953>
9
</Switch953>
<Switch954>
2
</Switch954>
<Switch955>
12
</Switch955>
<Switch956>
10
</Switch956>
<Switch957>
4
</Switch957>
<Switch958>
8
</Switch958>
<Switch959>
19
</Switch959>
<Switch960>
13
</Switch960>
<Switch961>
4
</Switch961>
<Switch962>
3
</Switch962>
<Switch963>
8
</Switch963>
<Switch964>
1
</Switch964>
<Switch965>
8
</Switch965>
<Switch966>
9
</Switch966>
<Switch967>
12
</Switch967>
<Switch968>
0
</Switch968>
<Switch969>
7
</Switch969>
<Switch970>
0
</Switch970>
<Switch971>
1
</Switch971>
<Switch972>
16
</Switch972>
<Switch973>
18
</Switch973>
<Switch974>
3
</Switch974>
<Switch975>
1
</Switch975>
<Switch976>
11
</Switch976>
<Switch977>
9
</Switch977>
<Switch978>
6
</Switch978>
<Switch979>
2
</Switch979>
<Switch980>
7
</Switch980>
<Switch981>
4
</Switch981>
<Switch982>
9
</Switch982>
<Switch983>
0
</Switch983>
<Switch984>
8
</Switch984>
</BaseID:1069>
