<?xml version="1.0"?>

<BaseID:1071>
<Switch1>
9
</Switch1>
<Switch2>
4
</Switch2>
<Switch3>
18
</Switch3>
<Switch4>
11
</Switch4>
<Switch5>
19
</Switch5>
<Switch6>
2
</Switch6>
<Switch7>
19
</Switch7>
<Switch8>
15
</Switch8>
<Switch9>
6
</Switch9>
<Switch10>
9
</Switch10>
<Switch11>
11
</Switch11>
<Switch12>
19
</Switch12>
<Switch13>
17
</Switch13>
<Switch14>
4
</Switch14>
<Switch15>
14
</Switch15>
<Switch16>
9
</Switch16>
<Switch17>
7
</Switch17>
<Switch18>
4
</Switch18>
<Switch19>
19
</Switch19>
<Switch20>
10
</Switch20>
<Switch21>
8
</Switch21>
<Switch22>
16
</Switch22>
<Switch23>
12
</Switch23>
<Switch24>
7
</Switch24>
<Switch25>
10
</Switch25>
<Switch26>
11
</Switch26>
<Switch27>
3
</Switch27>
<Switch28>
8
</Switch28>
<Switch29>
2
</Switch29>
<Switch30>
2
</Switch30>
<Switch31>
0
</Switch31>
<Switch32>
13
</Switch32>
<Switch33>
5
</Switch33>
<Switch34>
7
</Switch34>
<Switch35>
3
</Switch35>
<Switch36>
18
</Switch36>
<Switch37>
6
</Switch37>
<Switch38>
9
</Switch38>
<Switch39>
19
</Switch39>
<Switch40>
9
</Switch40>
<Switch41>
14
</Switch41>
<Switch42>
3
</Switch42>
<Switch43>
12
</Switch43>
<Switch44>
19
</Switch44>
<Switch45>
0
</Switch45>
<Switch46>
7
</Switch46>
<Switch47>
2
</Switch47>
<Switch48>
8
</Switch48>
<Switch49>
7
</Switch49>
<Switch50>
19
</Switch50>
<Switch51>
18
</Switch51>
<Switch52>
8
</Switch52>
<Switch53>
13
</Switch53>
<Switch54>
14
</Switch54>
<Switch55>
6
</Switch55>
<Switch56>
18
</Switch56>
<Switch57>
6
</Switch57>
<Switch58>
17
</Switch58>
<Switch59>
5
</Switch59>
<Switch60>
9
</Switch60>
<Switch61>
5
</Switch61>
<Switch62>
2
</Switch62>
<Switch63>
1
</Switch63>
<Switch64>
14
</Switch64>
<Switch65>
7
</Switch65>
<Switch66>
15
</Switch66>
<Switch67>
10
</Switch67>
<Switch68>
12
</Switch68>
<Switch69>
18
</Switch69>
<Switch70>
9
</Switch70>
<Switch71>
8
</Switch71>
<Switch72>
15
</Switch72>
<Switch73>
6
</Switch73>
<Switch74>
3
</Switch74>
<Switch75>
4
</Switch75>
<Switch76>
16
</Switch76>
<Switch77>
4
</Switch77>
<Switch78>
13
</Switch78>
<Switch79>
16
</Switch79>
<Switch80>
12
</Switch80>
<Switch81>
15
</Switch81>
<Switch82>
5
</Switch82>
<Switch83>
5
</Switch83>
<Switch84>
8
</Switch84>
<Switch85>
5
</Switch85>
<Switch86>
12
</Switch86>
<Switch87>
15
</Switch87>
<Switch88>
8
</Switch88>
<Switch89>
6
</Switch89>
<Switch90>
7
</Switch90>
<Switch91>
4
</Switch91>
<Switch92>
8
</Switch92>
<Switch93>
12
</Switch93>
<Switch94>
6
</Switch94>
<Switch95>
13
</Switch95>
<Switch96>
6
</Switch96>
<Switch97>
14
</Switch97>
<Switch98>
16
</Switch98>
<Switch99>
18
</Switch99>
<Switch100>
11
</Switch100>
<Switch101>
3
</Switch101>
<Switch102>
17
</Switch102>
<Switch103>
17
</Switch103>
<Switch104>
14
</Switch104>
<Switch105>
8
</Switch105>
<Switch106>
16
</Switch106>
<Switch107>
7
</Switch107>
<Switch108>
3
</Switch108>
<Switch109>
2
</Switch109>
<Switch110>
8
</Switch110>
<Switch111>
19
</Switch111>
<Switch112>
6
</Switch112>
<Switch113>
11
</Switch113>
<Switch114>
5
</Switch114>
<Switch115>
8
</Switch115>
<Switch116>
2
</Switch116>
<Switch117>
3
</Switch117>
<Switch118>
5
</Switch118>
<Switch119>
5
</Switch119>
<Switch120>
5
</Switch120>
<Switch121>
6
</Switch121>
<Switch122>
1
</Switch122>
<Switch123>
8
</Switch123>
<Switch124>
18
</Switch124>
<Switch125>
1
</Switch125>
<Switch126>
18
</Switch126>
<Switch127>
4
</Switch127>
<Switch128>
14
</Switch128>
<Switch129>
19
</Switch129>
<Switch130>
17
</Switch130>
<Switch131>
8
</Switch131>
<Switch132>
1
</Switch132>
<Switch133>
7
</Switch133>
<Switch134>
7
</Switch134>
<Switch135>
18
</Switch135>
<Switch136>
13
</Switch136>
<Switch137>
16
</Switch137>
<Switch138>
3
</Switch138>
<Switch139>
13
</Switch139>
<Switch140>
17
</Switch140>
<Switch141>
12
</Switch141>
<Switch142>
6
</Switch142>
<Switch143>
16
</Switch143>
<Switch144>
0
</Switch144>
<Switch145>
2
</Switch145>
<Switch146>
4
</Switch146>
<Switch147>
10
</Switch147>
<Switch148>
9
</Switch148>
<Switch149>
15
</Switch149>
<Switch150>
12
</Switch150>
<Switch151>
7
</Switch151>
<Switch152>
7
</Switch152>
<Switch153>
4
</Switch153>
<Switch154>
6
</Switch154>
<Switch155>
0
</Switch155>
<Switch156>
10
</Switch156>
<Switch157>
14
</Switch157>
<Switch158>
6
</Switch158>
<Switch159>
3
</Switch159>
<Switch160>
5
</Switch160>
<Switch161>
14
</Switch161>
<Switch162>
18
</Switch162>
<Switch163>
16
</Switch163>
<Switch164>
11
</Switch164>
<Switch165>
4
</Switch165>
<Switch166>
2
</Switch166>
<Switch167>
4
</Switch167>
<Switch168>
16
</Switch168>
<Switch169>
11
</Switch169>
<Switch170>
15
</Switch170>
<Switch171>
9
</Switch171>
<Switch172>
1
</Switch172>
<Switch173>
12
</Switch173>
<Switch174>
17
</Switch174>
<Switch175>
10
</Switch175>
<Switch176>
16
</Switch176>
<Switch177>
1
</Switch177>
<Switch178>
17
</Switch178>
<Switch179>
17
</Switch179>
<Switch180>
19
</Switch180>
<Switch181>
5
</Switch181>
<Switch182>
15
</Switch182>
<Switch183>
6
</Switch183>
<Switch184>
16
</Switch184>
<Switch185>
18
</Switch185>
<Switch186>
7
</Switch186>
<Switch187>
6
</Switch187>
<Switch188>
18
</Switch188>
<Switch189>
18
</Switch189>
<Switch190>
15
</Switch190>
<Switch191>
6
</Switch191>
<Switch192>
11
</Switch192>
<Switch193>
10
</Switch193>
<Switch194>
9
</Switch194>
<Switch195>
18
</Switch195>
<Switch196>
1
</Switch196>
<Switch197>
8
</Switch197>
<Switch198>
13
</Switch198>
<Switch199>
3
</Switch199>
<Switch200>
12
</Switch200>
<Switch201>
9
</Switch201>
<Switch202>
17
</Switch202>
<Switch203>
17
</Switch203>
<Switch204>
9
</Switch204>
<Switch205>
13
</Switch205>
<Switch206>
11
</Switch206>
<Switch207>
17
</Switch207>
<Switch208>
17
</Switch208>
<Switch209>
8
</Switch209>
<Switch210>
9
</Switch210>
<Switch211>
7
</Switch211>
<Switch212>
18
</Switch212>
<Switch213>
13
</Switch213>
<Switch214>
1
</Switch214>
<Switch215>
4
</Switch215>
<Switch216>
8
</Switch216>
<Switch217>
0
</Switch217>
<Switch218>
11
</Switch218>
<Switch219>
5
</Switch219>
<Switch220>
16
</Switch220>
<Switch221>
8
</Switch221>
<Switch222>
11
</Switch222>
<Switch223>
15
</Switch223>
<Switch224>
4
</Switch224>
<Switch225>
16
</Switch225>
<Switch226>
15
</Switch226>
<Switch227>
14
</Switch227>
<Switch228>
14
</Switch228>
<Switch229>
9
</Switch229>
<Switch230>
18
</Switch230>
<Switch231>
9
</Switch231>
<Switch232>
12
</Switch232>
<Switch233>
2
</Switch233>
<Switch234>
5
</Switch234>
<Switch235>
16
</Switch235>
<Switch236>
14
</Switch236>
<Switch237>
19
</Switch237>
<Switch238>
18
</Switch238>
<Switch239>
6
</Switch239>
<Switch240>
0
</Switch240>
<Switch241>
6
</Switch241>
<Switch242>
12
</Switch242>
<Switch243>
10
</Switch243>
<Switch244>
7
</Switch244>
<Switch245>
11
</Switch245>
<Switch246>
6
</Switch246>
<Switch247>
0
</Switch247>
<Switch248>
17
</Switch248>
<Switch249>
0
</Switch249>
<Switch250>
3
</Switch250>
<Switch251>
8
</Switch251>
<Switch252>
5
</Switch252>
<Switch253>
7
</Switch253>
<Switch254>
15
</Switch254>
<Switch255>
0
</Switch255>
<Switch256>
1
</Switch256>
<Switch257>
4
</Switch257>
<Switch258>
6
</Switch258>
<Switch259>
16
</Switch259>
<Switch260>
12
</Switch260>
<Switch261>
6
</Switch261>
<Switch262>
12
</Switch262>
<Switch263>
8
</Switch263>
<Switch264>
4
</Switch264>
<Switch265>
5
</Switch265>
<Switch266>
18
</Switch266>
<Switch267>
17
</Switch267>
<Switch268>
16
</Switch268>
<Switch269>
6
</Switch269>
<Switch270>
4
</Switch270>
<Switch271>
4
</Switch271>
<Switch272>
8
</Switch272>
<Switch273>
8
</Switch273>
<Switch274>
8
</Switch274>
<Switch275>
8
</Switch275>
<Switch276>
18
</Switch276>
<Switch277>
4
</Switch277>
<Switch278>
9
</Switch278>
<Switch279>
19
</Switch279>
<Switch280>
5
</Switch280>
<Switch281>
16
</Switch281>
<Switch282>
6
</Switch282>
<Switch283>
9
</Switch283>
<Switch284>
1
</Switch284>
<Switch285>
4
</Switch285>
<Switch286>
11
</Switch286>
<Switch287>
17
</Switch287>
<Switch288>
13
</Switch288>
<Switch289>
5
</Switch289>
<Switch290>
10
</Switch290>
<Switch291>
0
</Switch291>
<Switch292>
9
</Switch292>
<Switch293>
3
</Switch293>
<Switch294>
3
</Switch294>
<Switch295>
4
</Switch295>
<Switch296>
4
</Switch296>
<Switch297>
19
</Switch297>
<Switch298>
0
</Switch298>
<Switch299>
10
</Switch299>
<Switch300>
15
</Switch300>
<Switch301>
2
</Switch301>
<Switch302>
16
</Switch302>
<Switch303>
4
</Switch303>
<Switch304>
9
</Switch304>
<Switch305>
6
</Switch305>
<Switch306>
12
</Switch306>
<Switch307>
19
</Switch307>
<Switch308>
18
</Switch308>
<Switch309>
3
</Switch309>
<Switch310>
12
</Switch310>
<Switch311>
12
</Switch311>
<Switch312>
11
</Switch312>
<Switch313>
4
</Switch313>
<Switch314>
13
</Switch314>
<Switch315>
6
</Switch315>
<Switch316>
15
</Switch316>
<Switch317>
16
</Switch317>
<Switch318>
11
</Switch318>
<Switch319>
1
</Switch319>
<Switch320>
16
</Switch320>
<Switch321>
4
</Switch321>
<Switch322>
14
</Switch322>
<Switch323>
10
</Switch323>
<Switch324>
2
</Switch324>
<Switch325>
9
</Switch325>
<Switch326>
11
</Switch326>
<Switch327>
8
</Switch327>
<Switch328>
1
</Switch328>
<Switch329>
19
</Switch329>
<Switch330>
0
</Switch330>
<Switch331>
1
</Switch331>
<Switch332>
3
</Switch332>
<Switch333>
8
</Switch333>
<Switch334>
6
</Switch334>
<Switch335>
1
</Switch335>
<Switch336>
19
</Switch336>
<Switch337>
15
</Switch337>
<Switch338>
14
</Switch338>
<Switch339>
5
</Switch339>
<Switch340>
17
</Switch340>
<Switch341>
0
</Switch341>
<Switch342>
18
</Switch342>
<Switch343>
4
</Switch343>
<Switch344>
19
</Switch344>
<Switch345>
18
</Switch345>
<Switch346>
3
</Switch346>
<Switch347>
0
</Switch347>
<Switch348>
5
</Switch348>
<Switch349>
16
</Switch349>
<Switch350>
8
</Switch350>
<Switch351>
12
</Switch351>
<Switch352>
7
</Switch352>
<Switch353>
17
</Switch353>
<Switch354>
19
</Switch354>
<Switch355>
1
</Switch355>
<Switch356>
7
</Switch356>
<Switch357>
14
</Switch357>
<Switch358>
3
</Switch358>
<Switch359>
4
</Switch359>
<Switch360>
6
</Switch360>
<Switch361>
2
</Switch361>
<Switch362>
2
</Switch362>
<Switch363>
3
</Switch363>
<Switch364>
11
</Switch364>
<Switch365>
6
</Switch365>
<Switch366>
1
</Switch366>
<Switch367>
12
</Switch367>
<Switch368>
3
</Switch368>
<Switch369>
12
</Switch369>
<Switch370>
7
</Switch370>
<Switch371>
15
</Switch371>
<Switch372>
9
</Switch372>
<Switch373>
11
</Switch373>
<Switch374>
7
</Switch374>
<Switch375>
6
</Switch375>
<Switch376>
10
</Switch376>
<Switch377>
0
</Switch377>
<Switch378>
9
</Switch378>
<Switch379>
16
</Switch379>
<Switch380>
5
</Switch380>
<Switch381>
2
</Switch381>
<Switch382>
8
</Switch382>
<Switch383>
7
</Switch383>
<Switch384>
8
</Switch384>
<Switch385>
19
</Switch385>
<Switch386>
9
</Switch386>
<Switch387>
15
</Switch387>
<Switch388>
3
</Switch388>
<Switch389>
8
</Switch389>
<Switch390>
5
</Switch390>
<Switch391>
4
</Switch391>
<Switch392>
3
</Switch392>
<Switch393>
16
</Switch393>
<Switch394>
9
</Switch394>
<Switch395>
4
</Switch395>
<Switch396>
0
</Switch396>
<Switch397>
6
</Switch397>
<Switch398>
11
</Switch398>
<Switch399>
16
</Switch399>
<Switch400>
0
</Switch400>
<Switch401>
12
</Switch401>
<Switch402>
2
</Switch402>
<Switch403>
9
</Switch403>
<Switch404>
7
</Switch404>
<Switch405>
12
</Switch405>
<Switch406>
11
</Switch406>
<Switch407>
2
</Switch407>
<Switch408>
15
</Switch408>
<Switch409>
18
</Switch409>
<Switch410>
10
</Switch410>
<Switch411>
12
</Switch411>
<Switch412>
8
</Switch412>
<Switch413>
16
</Switch413>
<Switch414>
16
</Switch414>
<Switch415>
5
</Switch415>
<Switch416>
2
</Switch416>
<Switch417>
7
</Switch417>
<Switch418>
14
</Switch418>
<Switch419>
2
</Switch419>
<Switch420>
19
</Switch420>
<Switch421>
13
</Switch421>
<Switch422>
0
</Switch422>
<Switch423>
6
</Switch423>
<Switch424>
1
</Switch424>
<Switch425>
17
</Switch425>
<Switch426>
5
</Switch426>
<Switch427>
12
</Switch427>
<Switch428>
18
</Switch428>
<Switch429>
15
</Switch429>
<Switch430>
7
</Switch430>
<Switch431>
1
</Switch431>
<Switch432>
6
</Switch432>
<Switch433>
1
</Switch433>
<Switch434>
3
</Switch434>
<Switch435>
19
</Switch435>
<Switch436>
14
</Switch436>
<Switch437>
3
</Switch437>
<Switch438>
14
</Switch438>
<Switch439>
17
</Switch439>
<Switch440>
18
</Switch440>
<Switch441>
2
</Switch441>
<Switch442>
11
</Switch442>
<Switch443>
17
</Switch443>
<Switch444>
6
</Switch444>
<Switch445>
13
</Switch445>
<Switch446>
8
</Switch446>
<Switch447>
2
</Switch447>
<Switch448>
10
</Switch448>
<Switch449>
16
</Switch449>
<Switch450>
17
</Switch450>
<Switch451>
12
</Switch451>
<Switch452>
7
</Switch452>
<Switch453>
19
</Switch453>
<Switch454>
16
</Switch454>
<Switch455>
11
</Switch455>
<Switch456>
14
</Switch456>
<Switch457>
4
</Switch457>
<Switch458>
15
</Switch458>
<Switch459>
3
</Switch459>
<Switch460>
4
</Switch460>
<Switch461>
17
</Switch461>
<Switch462>
17
</Switch462>
<Switch463>
8
</Switch463>
<Switch464>
14
</Switch464>
<Switch465>
17
</Switch465>
<Switch466>
15
</Switch466>
<Switch467>
8
</Switch467>
<Switch468>
8
</Switch468>
<Switch469>
5
</Switch469>
<Switch470>
12
</Switch470>
<Switch471>
14
</Switch471>
<Switch472>
7
</Switch472>
<Switch473>
6
</Switch473>
<Switch474>
19
</Switch474>
<Switch475>
7
</Switch475>
<Switch476>
14
</Switch476>
<Switch477>
18
</Switch477>
<Switch478>
1
</Switch478>
<Switch479>
7
</Switch479>
<Switch480>
18
</Switch480>
<Switch481>
16
</Switch481>
<Switch482>
0
</Switch482>
<Switch483>
19
</Switch483>
<Switch484>
15
</Switch484>
<Switch485>
14
</Switch485>
<Switch486>
13
</Switch486>
<Switch487>
13
</Switch487>
<Switch488>
17
</Switch488>
<Switch489>
14
</Switch489>
<Switch490>
7
</Switch490>
<Switch491>
5
</Switch491>
<Switch492>
8
</Switch492>
<Switch493>
9
</Switch493>
<Switch494>
9
</Switch494>
<Switch495>
12
</Switch495>
<Switch496>
14
</Switch496>
<Switch497>
8
</Switch497>
<Switch498>
14
</Switch498>
<Switch499>
2
</Switch499>
<Switch500>
7
</Switch500>
<Switch501>
8
</Switch501>
<Switch502>
17
</Switch502>
<Switch503>
14
</Switch503>
<Switch504>
15
</Switch504>
<Switch505>
2
</Switch505>
<Switch506>
15
</Switch506>
<Switch507>
9
</Switch507>
<Switch508>
18
</Switch508>
<Switch509>
1
</Switch509>
<Switch510>
5
</Switch510>
<Switch511>
0
</Switch511>
<Switch512>
8
</Switch512>
<Switch513>
9
</Switch513>
<Switch514>
15
</Switch514>
<Switch515>
8
</Switch515>
<Switch516>
3
</Switch516>
<Switch517>
4
</Switch517>
<Switch518>
15
</Switch518>
<Switch519>
7
</Switch519>
<Switch520>
7
</Switch520>
<Switch521>
2
</Switch521>
<Switch522>
12
</Switch522>
<Switch523>
14
</Switch523>
<Switch524>
0
</Switch524>
<Switch525>
1
</Switch525>
<Switch526>
3
</Switch526>
<Switch527>
13
</Switch527>
<Switch528>
16
</Switch528>
<Switch529>
7
</Switch529>
<Switch530>
11
</Switch530>
<Switch531>
16
</Switch531>
<Switch532>
4
</Switch532>
<Switch533>
10
</Switch533>
<Switch534>
17
</Switch534>
<Switch535>
12
</Switch535>
<Switch536>
1
</Switch536>
<Switch537>
3
</Switch537>
<Switch538>
15
</Switch538>
<Switch539>
17
</Switch539>
<Switch540>
4
</Switch540>
<Switch541>
7
</Switch541>
<Switch542>
18
</Switch542>
<Switch543>
11
</Switch543>
<Switch544>
3
</Switch544>
<Switch545>
7
</Switch545>
<Switch546>
7
</Switch546>
<Switch547>
11
</Switch547>
<Switch548>
10
</Switch548>
<Switch549>
10
</Switch549>
<Switch550>
14
</Switch550>
<Switch551>
14
</Switch551>
<Switch552>
10
</Switch552>
<Switch553>
9
</Switch553>
<Switch554>
3
</Switch554>
<Switch555>
14
</Switch555>
<Switch556>
13
</Switch556>
<Switch557>
7
</Switch557>
<Switch558>
3
</Switch558>
<Switch559>
12
</Switch559>
<Switch560>
8
</Switch560>
<Switch561>
10
</Switch561>
<Switch562>
3
</Switch562>
<Switch563>
13
</Switch563>
<Switch564>
7
</Switch564>
<Switch565>
2
</Switch565>
<Switch566>
4
</Switch566>
<Switch567>
16
</Switch567>
<Switch568>
5
</Switch568>
<Switch569>
13
</Switch569>
<Switch570>
2
</Switch570>
<Switch571>
2
</Switch571>
<Switch572>
12
</Switch572>
<Switch573>
9
</Switch573>
<Switch574>
2
</Switch574>
<Switch575>
10
</Switch575>
<Switch576>
8
</Switch576>
<Switch577>
11
</Switch577>
<Switch578>
4
</Switch578>
<Switch579>
16
</Switch579>
<Switch580>
9
</Switch580>
<Switch581>
1
</Switch581>
<Switch582>
15
</Switch582>
<Switch583>
17
</Switch583>
<Switch584>
13
</Switch584>
<Switch585>
11
</Switch585>
<Switch586>
19
</Switch586>
<Switch587>
16
</Switch587>
<Switch588>
3
</Switch588>
<Switch589>
17
</Switch589>
<Switch590>
9
</Switch590>
<Switch591>
0
</Switch591>
<Switch592>
0
</Switch592>
<Switch593>
17
</Switch593>
<Switch594>
9
</Switch594>
<Switch595>
15
</Switch595>
<Switch596>
7
</Switch596>
<Switch597>
0
</Switch597>
<Switch598>
2
</Switch598>
<Switch599>
7
</Switch599>
<Switch600>
0
</Switch600>
<Switch601>
8
</Switch601>
<Switch602>
12
</Switch602>
<Switch603>
19
</Switch603>
<Switch604>
8
</Switch604>
<Switch605>
10
</Switch605>
<Switch606>
7
</Switch606>
<Switch607>
9
</Switch607>
<Switch608>
5
</Switch608>
<Switch609>
1
</Switch609>
<Switch610>
13
</Switch610>
<Switch611>
7
</Switch611>
<Switch612>
4
</Switch612>
<Switch613>
19
</Switch613>
<Switch614>
16
</Switch614>
<Switch615>
13
</Switch615>
<Switch616>
4
</Switch616>
<Switch617>
19
</Switch617>
<Switch618>
13
</Switch618>
<Switch619>
2
</Switch619>
<Switch620>
9
</Switch620>
<Switch621>
9
</Switch621>
<Switch622>
1
</Switch622>
<Switch623>
14
</Switch623>
<Switch624>
10
</Switch624>
<Switch625>
11
</Switch625>
<Switch626>
2
</Switch626>
<Switch627>
8
</Switch627>
<Switch628>
6
</Switch628>
<Switch629>
1
</Switch629>
<Switch630>
11
</Switch630>
<Switch631>
4
</Switch631>
<Switch632>
17
</Switch632>
<Switch633>
3
</Switch633>
<Switch634>
18
</Switch634>
<Switch635>
18
</Switch635>
<Switch636>
19
</Switch636>
<Switch637>
18
</Switch637>
<Switch638>
15
</Switch638>
<Switch639>
19
</Switch639>
<Switch640>
5
</Switch640>
<Switch641>
17
</Switch641>
<Switch642>
14
</Switch642>
<Switch643>
16
</Switch643>
<Switch644>
11
</Switch644>
<Switch645>
10
</Switch645>
<Switch646>
10
</Switch646>
<Switch647>
16
</Switch647>
<Switch648>
19
</Switch648>
<Switch649>
2
</Switch649>
<Switch650>
4
</Switch650>
<Switch651>
2
</Switch651>
<Switch652>
5
</Switch652>
<Switch653>
10
</Switch653>
<Switch654>
19
</Switch654>
<Switch655>
13
</Switch655>
<Switch656>
17
</Switch656>
<Switch657>
9
</Switch657>
<Switch658>
1
</Switch658>
<Switch659>
13
</Switch659>
<Switch660>
18
</Switch660>
<Switch661>
15
</Switch661>
<Switch662>
4
</Switch662>
<Switch663>
16
</Switch663>
<Switch664>
8
</Switch664>
<Switch665>
15
</Switch665>
<Switch666>
4
</Switch666>
<Switch667>
13
</Switch667>
<Switch668>
4
</Switch668>
<Switch669>
13
</Switch669>
<Switch670>
12
</Switch670>
<Switch671>
16
</Switch671>
<Switch672>
8
</Switch672>
<Switch673>
18
</Switch673>
<Switch674>
12
</Switch674>
<Switch675>
11
</Switch675>
<Switch676>
2
</Switch676>
<Switch677>
13
</Switch677>
<Switch678>
17
</Switch678>
<Switch679>
9
</Switch679>
<Switch680>
15
</Switch680>
<Switch681>
16
</Switch681>
<Switch682>
5
</Switch682>
<Switch683>
9
</Switch683>
<Switch684>
9
</Switch684>
<Switch685>
12
</Switch685>
<Switch686>
19
</Switch686>
<Switch687>
18
</Switch687>
<Switch688>
2
</Switch688>
<Switch689>
10
</Switch689>
<Switch690>
15
</Switch690>
<Switch691>
14
</Switch691>
<Switch692>
0
</Switch692>
<Switch693>
4
</Switch693>
<Switch694>
7
</Switch694>
<Switch695>
18
</Switch695>
<Switch696>
5
</Switch696>
<Switch697>
4
</Switch697>
<Switch698>
17
</Switch698>
<Switch699>
5
</Switch699>
<Switch700>
16
</Switch700>
<Switch701>
11
</Switch701>
</BaseID:1071>
