<?xml version="1.0"?>

<BaseID:108>
<Switch1>
6
</Switch1>
<Switch2>
14
</Switch2>
<Switch3>
7
</Switch3>
<Switch4>
17
</Switch4>
<Switch5>
2
</Switch5>
<Switch6>
15
</Switch6>
<Switch7>
2
</Switch7>
<Switch8>
5
</Switch8>
<Switch9>
12
</Switch9>
<Switch10>
13
</Switch10>
<Switch11>
5
</Switch11>
<Switch12>
1
</Switch12>
<Switch13>
4
</Switch13>
<Switch14>
15
</Switch14>
<Switch15>
16
</Switch15>
<Switch16>
4
</Switch16>
<Switch17>
3
</Switch17>
<Switch18>
13
</Switch18>
<Switch19>
9
</Switch19>
<Switch20>
18
</Switch20>
<Switch21>
19
</Switch21>
<Switch22>
8
</Switch22>
<Switch23>
0
</Switch23>
<Switch24>
18
</Switch24>
<Switch25>
1
</Switch25>
<Switch26>
17
</Switch26>
<Switch27>
7
</Switch27>
<Switch28>
15
</Switch28>
<Switch29>
15
</Switch29>
<Switch30>
14
</Switch30>
<Switch31>
7
</Switch31>
<Switch32>
12
</Switch32>
<Switch33>
10
</Switch33>
<Switch34>
10
</Switch34>
<Switch35>
10
</Switch35>
<Switch36>
11
</Switch36>
<Switch37>
6
</Switch37>
<Switch38>
8
</Switch38>
<Switch39>
14
</Switch39>
<Switch40>
5
</Switch40>
<Switch41>
17
</Switch41>
<Switch42>
4
</Switch42>
<Switch43>
16
</Switch43>
<Switch44>
12
</Switch44>
<Switch45>
6
</Switch45>
<Switch46>
2
</Switch46>
<Switch47>
10
</Switch47>
<Switch48>
13
</Switch48>
<Switch49>
6
</Switch49>
<Switch50>
12
</Switch50>
<Switch51>
11
</Switch51>
<Switch52>
17
</Switch52>
<Switch53>
10
</Switch53>
<Switch54>
2
</Switch54>
<Switch55>
13
</Switch55>
<Switch56>
16
</Switch56>
<Switch57>
17
</Switch57>
<Switch58>
5
</Switch58>
<Switch59>
2
</Switch59>
<Switch60>
18
</Switch60>
<Switch61>
2
</Switch61>
<Switch62>
13
</Switch62>
<Switch63>
19
</Switch63>
<Switch64>
3
</Switch64>
<Switch65>
1
</Switch65>
<Switch66>
16
</Switch66>
<Switch67>
13
</Switch67>
<Switch68>
5
</Switch68>
<Switch69>
10
</Switch69>
<Switch70>
17
</Switch70>
<Switch71>
6
</Switch71>
<Switch72>
11
</Switch72>
<Switch73>
2
</Switch73>
<Switch74>
6
</Switch74>
<Switch75>
0
</Switch75>
<Switch76>
4
</Switch76>
<Switch77>
6
</Switch77>
<Switch78>
3
</Switch78>
<Switch79>
18
</Switch79>
<Switch80>
7
</Switch80>
<Switch81>
4
</Switch81>
<Switch82>
10
</Switch82>
<Switch83>
8
</Switch83>
<Switch84>
3
</Switch84>
<Switch85>
1
</Switch85>
<Switch86>
19
</Switch86>
<Switch87>
8
</Switch87>
<Switch88>
8
</Switch88>
<Switch89>
1
</Switch89>
<Switch90>
13
</Switch90>
<Switch91>
3
</Switch91>
<Switch92>
13
</Switch92>
<Switch93>
1
</Switch93>
<Switch94>
4
</Switch94>
<Switch95>
11
</Switch95>
<Switch96>
7
</Switch96>
<Switch97>
10
</Switch97>
<Switch98>
4
</Switch98>
<Switch99>
0
</Switch99>
<Switch100>
3
</Switch100>
<Switch101>
19
</Switch101>
<Switch102>
11
</Switch102>
<Switch103>
6
</Switch103>
<Switch104>
4
</Switch104>
<Switch105>
1
</Switch105>
<Switch106>
14
</Switch106>
<Switch107>
4
</Switch107>
<Switch108>
18
</Switch108>
<Switch109>
1
</Switch109>
<Switch110>
4
</Switch110>
<Switch111>
15
</Switch111>
<Switch112>
7
</Switch112>
<Switch113>
8
</Switch113>
<Switch114>
9
</Switch114>
<Switch115>
18
</Switch115>
<Switch116>
11
</Switch116>
<Switch117>
2
</Switch117>
<Switch118>
19
</Switch118>
<Switch119>
10
</Switch119>
<Switch120>
15
</Switch120>
<Switch121>
4
</Switch121>
<Switch122>
15
</Switch122>
<Switch123>
11
</Switch123>
<Switch124>
14
</Switch124>
<Switch125>
3
</Switch125>
<Switch126>
6
</Switch126>
<Switch127>
2
</Switch127>
<Switch128>
9
</Switch128>
<Switch129>
19
</Switch129>
<Switch130>
2
</Switch130>
<Switch131>
19
</Switch131>
<Switch132>
17
</Switch132>
<Switch133>
14
</Switch133>
<Switch134>
9
</Switch134>
<Switch135>
2
</Switch135>
<Switch136>
0
</Switch136>
<Switch137>
2
</Switch137>
<Switch138>
14
</Switch138>
<Switch139>
5
</Switch139>
<Switch140>
4
</Switch140>
<Switch141>
17
</Switch141>
<Switch142>
8
</Switch142>
<Switch143>
9
</Switch143>
<Switch144>
4
</Switch144>
<Switch145>
14
</Switch145>
<Switch146>
3
</Switch146>
<Switch147>
18
</Switch147>
<Switch148>
17
</Switch148>
<Switch149>
7
</Switch149>
<Switch150>
12
</Switch150>
<Switch151>
14
</Switch151>
<Switch152>
8
</Switch152>
<Switch153>
11
</Switch153>
<Switch154>
13
</Switch154>
<Switch155>
18
</Switch155>
<Switch156>
15
</Switch156>
<Switch157>
14
</Switch157>
<Switch158>
15
</Switch158>
<Switch159>
12
</Switch159>
<Switch160>
1
</Switch160>
<Switch161>
16
</Switch161>
<Switch162>
10
</Switch162>
<Switch163>
9
</Switch163>
<Switch164>
4
</Switch164>
<Switch165>
5
</Switch165>
<Switch166>
3
</Switch166>
<Switch167>
18
</Switch167>
<Switch168>
6
</Switch168>
<Switch169>
8
</Switch169>
<Switch170>
0
</Switch170>
<Switch171>
19
</Switch171>
<Switch172>
8
</Switch172>
<Switch173>
16
</Switch173>
<Switch174>
4
</Switch174>
<Switch175>
16
</Switch175>
<Switch176>
0
</Switch176>
<Switch177>
8
</Switch177>
<Switch178>
13
</Switch178>
<Switch179>
12
</Switch179>
<Switch180>
13
</Switch180>
<Switch181>
6
</Switch181>
<Switch182>
8
</Switch182>
<Switch183>
4
</Switch183>
<Switch184>
13
</Switch184>
<Switch185>
9
</Switch185>
<Switch186>
1
</Switch186>
<Switch187>
12
</Switch187>
<Switch188>
19
</Switch188>
<Switch189>
17
</Switch189>
<Switch190>
16
</Switch190>
<Switch191>
5
</Switch191>
<Switch192>
2
</Switch192>
<Switch193>
14
</Switch193>
<Switch194>
19
</Switch194>
<Switch195>
19
</Switch195>
<Switch196>
11
</Switch196>
<Switch197>
2
</Switch197>
<Switch198>
14
</Switch198>
<Switch199>
3
</Switch199>
<Switch200>
3
</Switch200>
<Switch201>
0
</Switch201>
<Switch202>
17
</Switch202>
<Switch203>
10
</Switch203>
<Switch204>
9
</Switch204>
<Switch205>
8
</Switch205>
<Switch206>
14
</Switch206>
<Switch207>
8
</Switch207>
<Switch208>
11
</Switch208>
<Switch209>
19
</Switch209>
<Switch210>
3
</Switch210>
<Switch211>
3
</Switch211>
<Switch212>
15
</Switch212>
<Switch213>
13
</Switch213>
<Switch214>
19
</Switch214>
<Switch215>
5
</Switch215>
<Switch216>
3
</Switch216>
<Switch217>
7
</Switch217>
<Switch218>
9
</Switch218>
<Switch219>
13
</Switch219>
<Switch220>
10
</Switch220>
<Switch221>
8
</Switch221>
<Switch222>
12
</Switch222>
<Switch223>
6
</Switch223>
<Switch224>
1
</Switch224>
<Switch225>
0
</Switch225>
<Switch226>
15
</Switch226>
<Switch227>
9
</Switch227>
<Switch228>
2
</Switch228>
<Switch229>
4
</Switch229>
<Switch230>
1
</Switch230>
<Switch231>
4
</Switch231>
<Switch232>
11
</Switch232>
<Switch233>
9
</Switch233>
<Switch234>
17
</Switch234>
<Switch235>
5
</Switch235>
<Switch236>
3
</Switch236>
<Switch237>
2
</Switch237>
<Switch238>
2
</Switch238>
<Switch239>
10
</Switch239>
<Switch240>
7
</Switch240>
<Switch241>
10
</Switch241>
<Switch242>
1
</Switch242>
<Switch243>
8
</Switch243>
<Switch244>
16
</Switch244>
<Switch245>
18
</Switch245>
<Switch246>
4
</Switch246>
<Switch247>
11
</Switch247>
<Switch248>
13
</Switch248>
<Switch249>
17
</Switch249>
<Switch250>
6
</Switch250>
<Switch251>
0
</Switch251>
<Switch252>
16
</Switch252>
<Switch253>
15
</Switch253>
<Switch254>
4
</Switch254>
<Switch255>
6
</Switch255>
<Switch256>
2
</Switch256>
<Switch257>
3
</Switch257>
<Switch258>
1
</Switch258>
<Switch259>
19
</Switch259>
<Switch260>
9
</Switch260>
<Switch261>
2
</Switch261>
<Switch262>
5
</Switch262>
<Switch263>
6
</Switch263>
<Switch264>
17
</Switch264>
<Switch265>
12
</Switch265>
<Switch266>
17
</Switch266>
<Switch267>
17
</Switch267>
<Switch268>
6
</Switch268>
<Switch269>
19
</Switch269>
<Switch270>
14
</Switch270>
<Switch271>
1
</Switch271>
<Switch272>
14
</Switch272>
<Switch273>
10
</Switch273>
<Switch274>
11
</Switch274>
<Switch275>
12
</Switch275>
<Switch276>
15
</Switch276>
<Switch277>
3
</Switch277>
<Switch278>
19
</Switch278>
<Switch279>
4
</Switch279>
<Switch280>
4
</Switch280>
<Switch281>
2
</Switch281>
<Switch282>
8
</Switch282>
<Switch283>
14
</Switch283>
<Switch284>
5
</Switch284>
<Switch285>
2
</Switch285>
<Switch286>
19
</Switch286>
<Switch287>
13
</Switch287>
<Switch288>
8
</Switch288>
<Switch289>
15
</Switch289>
<Switch290>
12
</Switch290>
<Switch291>
16
</Switch291>
<Switch292>
8
</Switch292>
<Switch293>
14
</Switch293>
<Switch294>
13
</Switch294>
<Switch295>
8
</Switch295>
<Switch296>
2
</Switch296>
<Switch297>
16
</Switch297>
<Switch298>
2
</Switch298>
<Switch299>
2
</Switch299>
<Switch300>
19
</Switch300>
<Switch301>
17
</Switch301>
<Switch302>
1
</Switch302>
<Switch303>
2
</Switch303>
<Switch304>
17
</Switch304>
<Switch305>
2
</Switch305>
<Switch306>
9
</Switch306>
<Switch307>
12
</Switch307>
<Switch308>
19
</Switch308>
<Switch309>
3
</Switch309>
<Switch310>
13
</Switch310>
<Switch311>
12
</Switch311>
<Switch312>
4
</Switch312>
<Switch313>
11
</Switch313>
<Switch314>
7
</Switch314>
<Switch315>
3
</Switch315>
<Switch316>
6
</Switch316>
<Switch317>
13
</Switch317>
<Switch318>
2
</Switch318>
<Switch319>
0
</Switch319>
<Switch320>
0
</Switch320>
<Switch321>
19
</Switch321>
<Switch322>
5
</Switch322>
<Switch323>
13
</Switch323>
<Switch324>
15
</Switch324>
<Switch325>
6
</Switch325>
<Switch326>
9
</Switch326>
<Switch327>
6
</Switch327>
<Switch328>
5
</Switch328>
<Switch329>
2
</Switch329>
<Switch330>
19
</Switch330>
<Switch331>
8
</Switch331>
<Switch332>
0
</Switch332>
<Switch333>
10
</Switch333>
<Switch334>
16
</Switch334>
<Switch335>
4
</Switch335>
<Switch336>
19
</Switch336>
<Switch337>
16
</Switch337>
<Switch338>
7
</Switch338>
<Switch339>
19
</Switch339>
<Switch340>
18
</Switch340>
<Switch341>
9
</Switch341>
<Switch342>
13
</Switch342>
<Switch343>
17
</Switch343>
<Switch344>
8
</Switch344>
<Switch345>
7
</Switch345>
<Switch346>
7
</Switch346>
<Switch347>
7
</Switch347>
<Switch348>
5
</Switch348>
<Switch349>
16
</Switch349>
<Switch350>
7
</Switch350>
<Switch351>
14
</Switch351>
<Switch352>
2
</Switch352>
<Switch353>
16
</Switch353>
<Switch354>
16
</Switch354>
<Switch355>
6
</Switch355>
<Switch356>
3
</Switch356>
<Switch357>
12
</Switch357>
<Switch358>
10
</Switch358>
<Switch359>
12
</Switch359>
<Switch360>
15
</Switch360>
<Switch361>
1
</Switch361>
<Switch362>
15
</Switch362>
<Switch363>
19
</Switch363>
<Switch364>
3
</Switch364>
<Switch365>
1
</Switch365>
<Switch366>
5
</Switch366>
<Switch367>
10
</Switch367>
<Switch368>
17
</Switch368>
<Switch369>
12
</Switch369>
<Switch370>
16
</Switch370>
<Switch371>
3
</Switch371>
<Switch372>
19
</Switch372>
<Switch373>
19
</Switch373>
<Switch374>
3
</Switch374>
<Switch375>
5
</Switch375>
<Switch376>
5
</Switch376>
<Switch377>
14
</Switch377>
<Switch378>
11
</Switch378>
<Switch379>
9
</Switch379>
<Switch380>
12
</Switch380>
<Switch381>
7
</Switch381>
<Switch382>
13
</Switch382>
<Switch383>
15
</Switch383>
<Switch384>
5
</Switch384>
<Switch385>
9
</Switch385>
<Switch386>
13
</Switch386>
<Switch387>
3
</Switch387>
<Switch388>
2
</Switch388>
<Switch389>
7
</Switch389>
<Switch390>
19
</Switch390>
<Switch391>
2
</Switch391>
<Switch392>
12
</Switch392>
<Switch393>
6
</Switch393>
<Switch394>
10
</Switch394>
<Switch395>
14
</Switch395>
<Switch396>
19
</Switch396>
<Switch397>
5
</Switch397>
<Switch398>
0
</Switch398>
<Switch399>
15
</Switch399>
<Switch400>
7
</Switch400>
</BaseID:108>
