<?xml version="1.0"?>

<BaseID:1085>
<Switch1>
7
</Switch1>
<Switch2>
10
</Switch2>
<Switch3>
13
</Switch3>
<Switch4>
4
</Switch4>
<Switch5>
0
</Switch5>
<Switch6>
17
</Switch6>
<Switch7>
7
</Switch7>
<Switch8>
7
</Switch8>
<Switch9>
13
</Switch9>
<Switch10>
2
</Switch10>
<Switch11>
6
</Switch11>
<Switch12>
16
</Switch12>
<Switch13>
1
</Switch13>
<Switch14>
19
</Switch14>
<Switch15>
12
</Switch15>
<Switch16>
16
</Switch16>
<Switch17>
5
</Switch17>
<Switch18>
1
</Switch18>
<Switch19>
8
</Switch19>
<Switch20>
3
</Switch20>
<Switch21>
11
</Switch21>
<Switch22>
12
</Switch22>
<Switch23>
6
</Switch23>
<Switch24>
3
</Switch24>
<Switch25>
9
</Switch25>
<Switch26>
17
</Switch26>
<Switch27>
13
</Switch27>
<Switch28>
3
</Switch28>
<Switch29>
7
</Switch29>
<Switch30>
1
</Switch30>
<Switch31>
9
</Switch31>
<Switch32>
9
</Switch32>
<Switch33>
1
</Switch33>
<Switch34>
10
</Switch34>
<Switch35>
15
</Switch35>
<Switch36>
9
</Switch36>
<Switch37>
11
</Switch37>
<Switch38>
7
</Switch38>
<Switch39>
13
</Switch39>
<Switch40>
6
</Switch40>
<Switch41>
14
</Switch41>
<Switch42>
1
</Switch42>
<Switch43>
14
</Switch43>
<Switch44>
10
</Switch44>
<Switch45>
0
</Switch45>
<Switch46>
13
</Switch46>
<Switch47>
6
</Switch47>
<Switch48>
2
</Switch48>
<Switch49>
17
</Switch49>
<Switch50>
6
</Switch50>
<Switch51>
0
</Switch51>
<Switch52>
12
</Switch52>
<Switch53>
18
</Switch53>
<Switch54>
4
</Switch54>
<Switch55>
5
</Switch55>
<Switch56>
0
</Switch56>
<Switch57>
19
</Switch57>
<Switch58>
3
</Switch58>
<Switch59>
15
</Switch59>
<Switch60>
11
</Switch60>
<Switch61>
4
</Switch61>
<Switch62>
2
</Switch62>
<Switch63>
6
</Switch63>
<Switch64>
2
</Switch64>
<Switch65>
7
</Switch65>
<Switch66>
11
</Switch66>
<Switch67>
14
</Switch67>
<Switch68>
0
</Switch68>
<Switch69>
10
</Switch69>
<Switch70>
7
</Switch70>
<Switch71>
2
</Switch71>
<Switch72>
10
</Switch72>
<Switch73>
5
</Switch73>
<Switch74>
4
</Switch74>
<Switch75>
5
</Switch75>
<Switch76>
12
</Switch76>
<Switch77>
16
</Switch77>
<Switch78>
15
</Switch78>
<Switch79>
12
</Switch79>
<Switch80>
2
</Switch80>
<Switch81>
12
</Switch81>
<Switch82>
4
</Switch82>
<Switch83>
8
</Switch83>
<Switch84>
17
</Switch84>
<Switch85>
19
</Switch85>
<Switch86>
1
</Switch86>
<Switch87>
18
</Switch87>
<Switch88>
1
</Switch88>
<Switch89>
12
</Switch89>
<Switch90>
7
</Switch90>
<Switch91>
1
</Switch91>
<Switch92>
14
</Switch92>
<Switch93>
4
</Switch93>
<Switch94>
8
</Switch94>
<Switch95>
10
</Switch95>
<Switch96>
0
</Switch96>
<Switch97>
7
</Switch97>
<Switch98>
3
</Switch98>
<Switch99>
15
</Switch99>
<Switch100>
3
</Switch100>
<Switch101>
1
</Switch101>
<Switch102>
10
</Switch102>
<Switch103>
7
</Switch103>
<Switch104>
17
</Switch104>
<Switch105>
2
</Switch105>
<Switch106>
17
</Switch106>
<Switch107>
7
</Switch107>
<Switch108>
19
</Switch108>
<Switch109>
1
</Switch109>
<Switch110>
16
</Switch110>
<Switch111>
15
</Switch111>
<Switch112>
10
</Switch112>
<Switch113>
9
</Switch113>
<Switch114>
2
</Switch114>
<Switch115>
3
</Switch115>
<Switch116>
12
</Switch116>
<Switch117>
13
</Switch117>
<Switch118>
18
</Switch118>
<Switch119>
4
</Switch119>
<Switch120>
14
</Switch120>
<Switch121>
18
</Switch121>
<Switch122>
15
</Switch122>
<Switch123>
11
</Switch123>
<Switch124>
11
</Switch124>
<Switch125>
14
</Switch125>
<Switch126>
1
</Switch126>
<Switch127>
9
</Switch127>
<Switch128>
18
</Switch128>
<Switch129>
16
</Switch129>
<Switch130>
0
</Switch130>
<Switch131>
2
</Switch131>
<Switch132>
0
</Switch132>
<Switch133>
12
</Switch133>
<Switch134>
15
</Switch134>
<Switch135>
4
</Switch135>
<Switch136>
1
</Switch136>
<Switch137>
6
</Switch137>
<Switch138>
6
</Switch138>
<Switch139>
15
</Switch139>
<Switch140>
13
</Switch140>
<Switch141>
7
</Switch141>
<Switch142>
16
</Switch142>
<Switch143>
3
</Switch143>
<Switch144>
4
</Switch144>
<Switch145>
11
</Switch145>
<Switch146>
0
</Switch146>
<Switch147>
14
</Switch147>
<Switch148>
3
</Switch148>
<Switch149>
0
</Switch149>
<Switch150>
0
</Switch150>
<Switch151>
13
</Switch151>
<Switch152>
15
</Switch152>
<Switch153>
12
</Switch153>
<Switch154>
5
</Switch154>
<Switch155>
1
</Switch155>
<Switch156>
15
</Switch156>
<Switch157>
0
</Switch157>
<Switch158>
18
</Switch158>
<Switch159>
15
</Switch159>
<Switch160>
9
</Switch160>
<Switch161>
3
</Switch161>
<Switch162>
0
</Switch162>
<Switch163>
14
</Switch163>
<Switch164>
10
</Switch164>
<Switch165>
14
</Switch165>
<Switch166>
11
</Switch166>
<Switch167>
9
</Switch167>
<Switch168>
15
</Switch168>
<Switch169>
12
</Switch169>
<Switch170>
9
</Switch170>
<Switch171>
5
</Switch171>
<Switch172>
17
</Switch172>
<Switch173>
9
</Switch173>
<Switch174>
16
</Switch174>
<Switch175>
0
</Switch175>
<Switch176>
13
</Switch176>
<Switch177>
3
</Switch177>
<Switch178>
2
</Switch178>
<Switch179>
8
</Switch179>
<Switch180>
14
</Switch180>
<Switch181>
2
</Switch181>
<Switch182>
19
</Switch182>
<Switch183>
3
</Switch183>
<Switch184>
3
</Switch184>
<Switch185>
10
</Switch185>
<Switch186>
8
</Switch186>
<Switch187>
0
</Switch187>
<Switch188>
4
</Switch188>
<Switch189>
0
</Switch189>
<Switch190>
2
</Switch190>
<Switch191>
8
</Switch191>
<Switch192>
13
</Switch192>
<Switch193>
18
</Switch193>
<Switch194>
1
</Switch194>
<Switch195>
11
</Switch195>
<Switch196>
6
</Switch196>
<Switch197>
19
</Switch197>
<Switch198>
1
</Switch198>
<Switch199>
14
</Switch199>
<Switch200>
11
</Switch200>
<Switch201>
19
</Switch201>
<Switch202>
12
</Switch202>
<Switch203>
14
</Switch203>
<Switch204>
19
</Switch204>
<Switch205>
11
</Switch205>
<Switch206>
8
</Switch206>
<Switch207>
14
</Switch207>
<Switch208>
9
</Switch208>
<Switch209>
6
</Switch209>
<Switch210>
12
</Switch210>
<Switch211>
13
</Switch211>
<Switch212>
3
</Switch212>
<Switch213>
13
</Switch213>
<Switch214>
18
</Switch214>
<Switch215>
3
</Switch215>
<Switch216>
19
</Switch216>
<Switch217>
17
</Switch217>
<Switch218>
3
</Switch218>
<Switch219>
8
</Switch219>
<Switch220>
9
</Switch220>
<Switch221>
6
</Switch221>
<Switch222>
11
</Switch222>
<Switch223>
12
</Switch223>
<Switch224>
14
</Switch224>
<Switch225>
15
</Switch225>
<Switch226>
5
</Switch226>
<Switch227>
6
</Switch227>
<Switch228>
18
</Switch228>
<Switch229>
1
</Switch229>
<Switch230>
6
</Switch230>
<Switch231>
6
</Switch231>
<Switch232>
17
</Switch232>
<Switch233>
5
</Switch233>
<Switch234>
2
</Switch234>
<Switch235>
13
</Switch235>
<Switch236>
4
</Switch236>
<Switch237>
3
</Switch237>
<Switch238>
11
</Switch238>
<Switch239>
9
</Switch239>
<Switch240>
4
</Switch240>
<Switch241>
13
</Switch241>
<Switch242>
10
</Switch242>
<Switch243>
14
</Switch243>
<Switch244>
4
</Switch244>
<Switch245>
17
</Switch245>
<Switch246>
6
</Switch246>
<Switch247>
13
</Switch247>
<Switch248>
3
</Switch248>
<Switch249>
3
</Switch249>
<Switch250>
16
</Switch250>
<Switch251>
4
</Switch251>
<Switch252>
10
</Switch252>
<Switch253>
7
</Switch253>
<Switch254>
17
</Switch254>
<Switch255>
3
</Switch255>
<Switch256>
4
</Switch256>
<Switch257>
16
</Switch257>
<Switch258>
2
</Switch258>
<Switch259>
2
</Switch259>
<Switch260>
16
</Switch260>
<Switch261>
14
</Switch261>
<Switch262>
13
</Switch262>
<Switch263>
7
</Switch263>
<Switch264>
12
</Switch264>
<Switch265>
1
</Switch265>
<Switch266>
18
</Switch266>
<Switch267>
2
</Switch267>
<Switch268>
11
</Switch268>
<Switch269>
11
</Switch269>
<Switch270>
13
</Switch270>
<Switch271>
13
</Switch271>
<Switch272>
6
</Switch272>
<Switch273>
15
</Switch273>
<Switch274>
16
</Switch274>
<Switch275>
6
</Switch275>
<Switch276>
0
</Switch276>
<Switch277>
0
</Switch277>
<Switch278>
2
</Switch278>
<Switch279>
18
</Switch279>
<Switch280>
11
</Switch280>
<Switch281>
2
</Switch281>
<Switch282>
18
</Switch282>
<Switch283>
4
</Switch283>
<Switch284>
0
</Switch284>
<Switch285>
11
</Switch285>
<Switch286>
5
</Switch286>
<Switch287>
13
</Switch287>
<Switch288>
18
</Switch288>
<Switch289>
19
</Switch289>
<Switch290>
2
</Switch290>
<Switch291>
19
</Switch291>
<Switch292>
4
</Switch292>
<Switch293>
14
</Switch293>
<Switch294>
3
</Switch294>
<Switch295>
0
</Switch295>
<Switch296>
17
</Switch296>
<Switch297>
4
</Switch297>
<Switch298>
2
</Switch298>
<Switch299>
2
</Switch299>
<Switch300>
8
</Switch300>
<Switch301>
19
</Switch301>
<Switch302>
16
</Switch302>
<Switch303>
5
</Switch303>
<Switch304>
18
</Switch304>
<Switch305>
16
</Switch305>
<Switch306>
15
</Switch306>
<Switch307>
6
</Switch307>
<Switch308>
15
</Switch308>
<Switch309>
0
</Switch309>
<Switch310>
6
</Switch310>
<Switch311>
16
</Switch311>
<Switch312>
11
</Switch312>
<Switch313>
13
</Switch313>
<Switch314>
17
</Switch314>
<Switch315>
5
</Switch315>
<Switch316>
5
</Switch316>
<Switch317>
6
</Switch317>
<Switch318>
2
</Switch318>
<Switch319>
9
</Switch319>
<Switch320>
17
</Switch320>
<Switch321>
15
</Switch321>
<Switch322>
11
</Switch322>
<Switch323>
14
</Switch323>
<Switch324>
8
</Switch324>
<Switch325>
19
</Switch325>
<Switch326>
12
</Switch326>
<Switch327>
16
</Switch327>
<Switch328>
12
</Switch328>
<Switch329>
12
</Switch329>
<Switch330>
17
</Switch330>
<Switch331>
1
</Switch331>
<Switch332>
8
</Switch332>
<Switch333>
9
</Switch333>
<Switch334>
1
</Switch334>
<Switch335>
3
</Switch335>
<Switch336>
17
</Switch336>
<Switch337>
0
</Switch337>
<Switch338>
13
</Switch338>
<Switch339>
1
</Switch339>
<Switch340>
10
</Switch340>
<Switch341>
9
</Switch341>
<Switch342>
12
</Switch342>
<Switch343>
11
</Switch343>
<Switch344>
2
</Switch344>
<Switch345>
12
</Switch345>
<Switch346>
12
</Switch346>
<Switch347>
2
</Switch347>
<Switch348>
19
</Switch348>
<Switch349>
7
</Switch349>
<Switch350>
17
</Switch350>
<Switch351>
17
</Switch351>
<Switch352>
1
</Switch352>
<Switch353>
0
</Switch353>
<Switch354>
11
</Switch354>
<Switch355>
2
</Switch355>
<Switch356>
6
</Switch356>
<Switch357>
10
</Switch357>
<Switch358>
11
</Switch358>
<Switch359>
4
</Switch359>
<Switch360>
5
</Switch360>
<Switch361>
3
</Switch361>
<Switch362>
11
</Switch362>
<Switch363>
2
</Switch363>
<Switch364>
5
</Switch364>
<Switch365>
3
</Switch365>
<Switch366>
19
</Switch366>
<Switch367>
1
</Switch367>
<Switch368>
15
</Switch368>
<Switch369>
11
</Switch369>
<Switch370>
11
</Switch370>
<Switch371>
16
</Switch371>
<Switch372>
12
</Switch372>
<Switch373>
17
</Switch373>
<Switch374>
9
</Switch374>
<Switch375>
17
</Switch375>
<Switch376>
13
</Switch376>
<Switch377>
15
</Switch377>
<Switch378>
17
</Switch378>
<Switch379>
3
</Switch379>
<Switch380>
6
</Switch380>
<Switch381>
19
</Switch381>
<Switch382>
6
</Switch382>
<Switch383>
19
</Switch383>
<Switch384>
10
</Switch384>
<Switch385>
11
</Switch385>
<Switch386>
9
</Switch386>
<Switch387>
12
</Switch387>
<Switch388>
13
</Switch388>
<Switch389>
10
</Switch389>
<Switch390>
8
</Switch390>
<Switch391>
5
</Switch391>
<Switch392>
16
</Switch392>
<Switch393>
19
</Switch393>
<Switch394>
8
</Switch394>
<Switch395>
1
</Switch395>
<Switch396>
13
</Switch396>
<Switch397>
9
</Switch397>
<Switch398>
15
</Switch398>
<Switch399>
1
</Switch399>
<Switch400>
19
</Switch400>
<Switch401>
17
</Switch401>
<Switch402>
5
</Switch402>
<Switch403>
6
</Switch403>
<Switch404>
9
</Switch404>
<Switch405>
2
</Switch405>
<Switch406>
16
</Switch406>
<Switch407>
13
</Switch407>
<Switch408>
0
</Switch408>
<Switch409>
6
</Switch409>
<Switch410>
15
</Switch410>
<Switch411>
13
</Switch411>
<Switch412>
5
</Switch412>
<Switch413>
17
</Switch413>
<Switch414>
12
</Switch414>
<Switch415>
1
</Switch415>
<Switch416>
11
</Switch416>
<Switch417>
6
</Switch417>
<Switch418>
13
</Switch418>
<Switch419>
3
</Switch419>
<Switch420>
1
</Switch420>
<Switch421>
5
</Switch421>
<Switch422>
0
</Switch422>
<Switch423>
5
</Switch423>
<Switch424>
0
</Switch424>
<Switch425>
18
</Switch425>
<Switch426>
8
</Switch426>
<Switch427>
14
</Switch427>
<Switch428>
0
</Switch428>
<Switch429>
5
</Switch429>
<Switch430>
12
</Switch430>
<Switch431>
13
</Switch431>
<Switch432>
3
</Switch432>
<Switch433>
11
</Switch433>
<Switch434>
7
</Switch434>
<Switch435>
11
</Switch435>
<Switch436>
6
</Switch436>
<Switch437>
16
</Switch437>
<Switch438>
18
</Switch438>
<Switch439>
19
</Switch439>
<Switch440>
19
</Switch440>
<Switch441>
18
</Switch441>
<Switch442>
18
</Switch442>
<Switch443>
11
</Switch443>
<Switch444>
12
</Switch444>
<Switch445>
2
</Switch445>
<Switch446>
3
</Switch446>
<Switch447>
13
</Switch447>
<Switch448>
6
</Switch448>
<Switch449>
15
</Switch449>
<Switch450>
14
</Switch450>
<Switch451>
12
</Switch451>
<Switch452>
7
</Switch452>
<Switch453>
16
</Switch453>
<Switch454>
11
</Switch454>
<Switch455>
1
</Switch455>
<Switch456>
6
</Switch456>
<Switch457>
7
</Switch457>
<Switch458>
10
</Switch458>
<Switch459>
18
</Switch459>
<Switch460>
12
</Switch460>
<Switch461>
5
</Switch461>
<Switch462>
19
</Switch462>
<Switch463>
6
</Switch463>
<Switch464>
13
</Switch464>
<Switch465>
8
</Switch465>
<Switch466>
14
</Switch466>
<Switch467>
8
</Switch467>
<Switch468>
2
</Switch468>
<Switch469>
16
</Switch469>
<Switch470>
14
</Switch470>
<Switch471>
18
</Switch471>
<Switch472>
9
</Switch472>
<Switch473>
9
</Switch473>
<Switch474>
18
</Switch474>
<Switch475>
2
</Switch475>
<Switch476>
11
</Switch476>
<Switch477>
18
</Switch477>
<Switch478>
16
</Switch478>
<Switch479>
8
</Switch479>
<Switch480>
13
</Switch480>
<Switch481>
13
</Switch481>
<Switch482>
14
</Switch482>
<Switch483>
13
</Switch483>
<Switch484>
14
</Switch484>
<Switch485>
19
</Switch485>
<Switch486>
8
</Switch486>
<Switch487>
17
</Switch487>
<Switch488>
10
</Switch488>
<Switch489>
3
</Switch489>
<Switch490>
16
</Switch490>
<Switch491>
13
</Switch491>
<Switch492>
11
</Switch492>
<Switch493>
9
</Switch493>
<Switch494>
7
</Switch494>
<Switch495>
0
</Switch495>
<Switch496>
6
</Switch496>
<Switch497>
0
</Switch497>
<Switch498>
8
</Switch498>
<Switch499>
0
</Switch499>
<Switch500>
9
</Switch500>
<Switch501>
18
</Switch501>
<Switch502>
18
</Switch502>
<Switch503>
8
</Switch503>
<Switch504>
0
</Switch504>
<Switch505>
17
</Switch505>
<Switch506>
15
</Switch506>
<Switch507>
17
</Switch507>
<Switch508>
18
</Switch508>
<Switch509>
1
</Switch509>
<Switch510>
11
</Switch510>
<Switch511>
10
</Switch511>
<Switch512>
5
</Switch512>
<Switch513>
7
</Switch513>
<Switch514>
16
</Switch514>
<Switch515>
5
</Switch515>
<Switch516>
10
</Switch516>
<Switch517>
5
</Switch517>
<Switch518>
11
</Switch518>
<Switch519>
9
</Switch519>
<Switch520>
4
</Switch520>
<Switch521>
12
</Switch521>
<Switch522>
17
</Switch522>
<Switch523>
9
</Switch523>
<Switch524>
0
</Switch524>
<Switch525>
11
</Switch525>
<Switch526>
2
</Switch526>
<Switch527>
11
</Switch527>
<Switch528>
10
</Switch528>
<Switch529>
7
</Switch529>
<Switch530>
2
</Switch530>
<Switch531>
7
</Switch531>
<Switch532>
3
</Switch532>
<Switch533>
6
</Switch533>
<Switch534>
2
</Switch534>
<Switch535>
7
</Switch535>
<Switch536>
6
</Switch536>
<Switch537>
9
</Switch537>
<Switch538>
17
</Switch538>
<Switch539>
16
</Switch539>
<Switch540>
2
</Switch540>
<Switch541>
18
</Switch541>
<Switch542>
19
</Switch542>
<Switch543>
19
</Switch543>
<Switch544>
5
</Switch544>
<Switch545>
8
</Switch545>
<Switch546>
8
</Switch546>
<Switch547>
13
</Switch547>
<Switch548>
12
</Switch548>
<Switch549>
3
</Switch549>
<Switch550>
10
</Switch550>
<Switch551>
9
</Switch551>
<Switch552>
3
</Switch552>
<Switch553>
19
</Switch553>
<Switch554>
1
</Switch554>
<Switch555>
17
</Switch555>
<Switch556>
4
</Switch556>
<Switch557>
1
</Switch557>
<Switch558>
4
</Switch558>
<Switch559>
15
</Switch559>
<Switch560>
4
</Switch560>
<Switch561>
13
</Switch561>
<Switch562>
5
</Switch562>
<Switch563>
14
</Switch563>
<Switch564>
17
</Switch564>
<Switch565>
19
</Switch565>
<Switch566>
3
</Switch566>
<Switch567>
0
</Switch567>
<Switch568>
16
</Switch568>
<Switch569>
1
</Switch569>
<Switch570>
0
</Switch570>
<Switch571>
16
</Switch571>
<Switch572>
6
</Switch572>
<Switch573>
10
</Switch573>
<Switch574>
17
</Switch574>
<Switch575>
3
</Switch575>
<Switch576>
19
</Switch576>
<Switch577>
1
</Switch577>
<Switch578>
14
</Switch578>
<Switch579>
8
</Switch579>
<Switch580>
18
</Switch580>
<Switch581>
1
</Switch581>
<Switch582>
6
</Switch582>
<Switch583>
4
</Switch583>
<Switch584>
16
</Switch584>
<Switch585>
9
</Switch585>
<Switch586>
4
</Switch586>
<Switch587>
6
</Switch587>
<Switch588>
18
</Switch588>
<Switch589>
19
</Switch589>
<Switch590>
10
</Switch590>
<Switch591>
8
</Switch591>
<Switch592>
9
</Switch592>
<Switch593>
2
</Switch593>
<Switch594>
19
</Switch594>
<Switch595>
8
</Switch595>
<Switch596>
14
</Switch596>
<Switch597>
6
</Switch597>
<Switch598>
0
</Switch598>
<Switch599>
3
</Switch599>
<Switch600>
5
</Switch600>
<Switch601>
14
</Switch601>
<Switch602>
16
</Switch602>
<Switch603>
9
</Switch603>
<Switch604>
7
</Switch604>
<Switch605>
16
</Switch605>
<Switch606>
0
</Switch606>
<Switch607>
2
</Switch607>
<Switch608>
1
</Switch608>
<Switch609>
7
</Switch609>
<Switch610>
10
</Switch610>
<Switch611>
3
</Switch611>
<Switch612>
7
</Switch612>
<Switch613>
14
</Switch613>
<Switch614>
6
</Switch614>
<Switch615>
8
</Switch615>
<Switch616>
11
</Switch616>
<Switch617>
1
</Switch617>
<Switch618>
10
</Switch618>
<Switch619>
6
</Switch619>
<Switch620>
18
</Switch620>
<Switch621>
6
</Switch621>
<Switch622>
19
</Switch622>
<Switch623>
14
</Switch623>
<Switch624>
13
</Switch624>
<Switch625>
7
</Switch625>
<Switch626>
6
</Switch626>
<Switch627>
2
</Switch627>
<Switch628>
6
</Switch628>
<Switch629>
7
</Switch629>
<Switch630>
2
</Switch630>
<Switch631>
16
</Switch631>
<Switch632>
11
</Switch632>
<Switch633>
10
</Switch633>
<Switch634>
5
</Switch634>
<Switch635>
5
</Switch635>
<Switch636>
19
</Switch636>
<Switch637>
1
</Switch637>
<Switch638>
17
</Switch638>
<Switch639>
11
</Switch639>
<Switch640>
16
</Switch640>
<Switch641>
11
</Switch641>
<Switch642>
0
</Switch642>
<Switch643>
4
</Switch643>
<Switch644>
16
</Switch644>
<Switch645>
19
</Switch645>
<Switch646>
15
</Switch646>
<Switch647>
3
</Switch647>
<Switch648>
0
</Switch648>
<Switch649>
3
</Switch649>
<Switch650>
8
</Switch650>
<Switch651>
9
</Switch651>
<Switch652>
4
</Switch652>
<Switch653>
14
</Switch653>
<Switch654>
16
</Switch654>
<Switch655>
4
</Switch655>
<Switch656>
0
</Switch656>
<Switch657>
6
</Switch657>
<Switch658>
16
</Switch658>
<Switch659>
3
</Switch659>
<Switch660>
17
</Switch660>
<Switch661>
17
</Switch661>
<Switch662>
9
</Switch662>
<Switch663>
19
</Switch663>
<Switch664>
16
</Switch664>
<Switch665>
11
</Switch665>
<Switch666>
7
</Switch666>
<Switch667>
6
</Switch667>
<Switch668>
4
</Switch668>
<Switch669>
17
</Switch669>
<Switch670>
15
</Switch670>
<Switch671>
0
</Switch671>
<Switch672>
12
</Switch672>
<Switch673>
4
</Switch673>
<Switch674>
4
</Switch674>
<Switch675>
10
</Switch675>
<Switch676>
10
</Switch676>
<Switch677>
3
</Switch677>
<Switch678>
12
</Switch678>
<Switch679>
19
</Switch679>
<Switch680>
19
</Switch680>
<Switch681>
7
</Switch681>
<Switch682>
8
</Switch682>
<Switch683>
9
</Switch683>
<Switch684>
0
</Switch684>
<Switch685>
11
</Switch685>
<Switch686>
17
</Switch686>
<Switch687>
0
</Switch687>
<Switch688>
2
</Switch688>
<Switch689>
9
</Switch689>
<Switch690>
11
</Switch690>
<Switch691>
8
</Switch691>
<Switch692>
8
</Switch692>
<Switch693>
5
</Switch693>
<Switch694>
12
</Switch694>
<Switch695>
8
</Switch695>
<Switch696>
5
</Switch696>
<Switch697>
3
</Switch697>
<Switch698>
14
</Switch698>
<Switch699>
0
</Switch699>
<Switch700>
5
</Switch700>
<Switch701>
15
</Switch701>
<Switch702>
15
</Switch702>
<Switch703>
7
</Switch703>
<Switch704>
16
</Switch704>
<Switch705>
17
</Switch705>
<Switch706>
14
</Switch706>
<Switch707>
18
</Switch707>
<Switch708>
14
</Switch708>
<Switch709>
15
</Switch709>
<Switch710>
14
</Switch710>
<Switch711>
10
</Switch711>
<Switch712>
7
</Switch712>
<Switch713>
1
</Switch713>
<Switch714>
11
</Switch714>
<Switch715>
5
</Switch715>
<Switch716>
7
</Switch716>
<Switch717>
4
</Switch717>
<Switch718>
13
</Switch718>
<Switch719>
12
</Switch719>
<Switch720>
14
</Switch720>
<Switch721>
19
</Switch721>
<Switch722>
13
</Switch722>
<Switch723>
0
</Switch723>
<Switch724>
14
</Switch724>
<Switch725>
14
</Switch725>
<Switch726>
7
</Switch726>
<Switch727>
15
</Switch727>
<Switch728>
13
</Switch728>
<Switch729>
8
</Switch729>
<Switch730>
10
</Switch730>
<Switch731>
6
</Switch731>
<Switch732>
3
</Switch732>
<Switch733>
12
</Switch733>
<Switch734>
4
</Switch734>
<Switch735>
14
</Switch735>
<Switch736>
13
</Switch736>
<Switch737>
4
</Switch737>
<Switch738>
2
</Switch738>
<Switch739>
3
</Switch739>
<Switch740>
12
</Switch740>
<Switch741>
19
</Switch741>
<Switch742>
8
</Switch742>
<Switch743>
1
</Switch743>
<Switch744>
9
</Switch744>
<Switch745>
6
</Switch745>
<Switch746>
5
</Switch746>
<Switch747>
14
</Switch747>
<Switch748>
12
</Switch748>
</BaseID:1085>
