<?xml version="1.0"?>

<BaseID:1086>
<Switch1>
16
</Switch1>
<Switch2>
7
</Switch2>
<Switch3>
18
</Switch3>
<Switch4>
3
</Switch4>
<Switch5>
15
</Switch5>
<Switch6>
10
</Switch6>
<Switch7>
16
</Switch7>
<Switch8>
13
</Switch8>
<Switch9>
13
</Switch9>
<Switch10>
18
</Switch10>
<Switch11>
4
</Switch11>
<Switch12>
2
</Switch12>
<Switch13>
7
</Switch13>
<Switch14>
3
</Switch14>
<Switch15>
3
</Switch15>
<Switch16>
8
</Switch16>
<Switch17>
9
</Switch17>
<Switch18>
4
</Switch18>
<Switch19>
6
</Switch19>
</BaseID:1086>
