<?xml version="1.0"?>

<BaseID:1088>
<Switch1>
5
</Switch1>
<Switch2>
17
</Switch2>
<Switch3>
9
</Switch3>
<Switch4>
15
</Switch4>
<Switch5>
10
</Switch5>
<Switch6>
16
</Switch6>
<Switch7>
11
</Switch7>
<Switch8>
18
</Switch8>
<Switch9>
16
</Switch9>
<Switch10>
18
</Switch10>
<Switch11>
6
</Switch11>
<Switch12>
1
</Switch12>
<Switch13>
5
</Switch13>
<Switch14>
5
</Switch14>
<Switch15>
1
</Switch15>
<Switch16>
17
</Switch16>
<Switch17>
17
</Switch17>
<Switch18>
4
</Switch18>
<Switch19>
12
</Switch19>
<Switch20>
5
</Switch20>
<Switch21>
12
</Switch21>
<Switch22>
3
</Switch22>
<Switch23>
13
</Switch23>
<Switch24>
13
</Switch24>
<Switch25>
17
</Switch25>
<Switch26>
19
</Switch26>
<Switch27>
14
</Switch27>
<Switch28>
17
</Switch28>
<Switch29>
16
</Switch29>
<Switch30>
6
</Switch30>
<Switch31>
3
</Switch31>
<Switch32>
13
</Switch32>
<Switch33>
2
</Switch33>
<Switch34>
4
</Switch34>
<Switch35>
15
</Switch35>
<Switch36>
5
</Switch36>
<Switch37>
6
</Switch37>
<Switch38>
17
</Switch38>
<Switch39>
19
</Switch39>
<Switch40>
18
</Switch40>
<Switch41>
6
</Switch41>
<Switch42>
15
</Switch42>
<Switch43>
15
</Switch43>
<Switch44>
16
</Switch44>
<Switch45>
12
</Switch45>
<Switch46>
4
</Switch46>
<Switch47>
18
</Switch47>
<Switch48>
11
</Switch48>
<Switch49>
1
</Switch49>
<Switch50>
9
</Switch50>
<Switch51>
5
</Switch51>
<Switch52>
5
</Switch52>
<Switch53>
9
</Switch53>
<Switch54>
6
</Switch54>
<Switch55>
3
</Switch55>
<Switch56>
14
</Switch56>
<Switch57>
17
</Switch57>
<Switch58>
13
</Switch58>
<Switch59>
16
</Switch59>
<Switch60>
10
</Switch60>
<Switch61>
17
</Switch61>
<Switch62>
11
</Switch62>
<Switch63>
8
</Switch63>
<Switch64>
12
</Switch64>
<Switch65>
16
</Switch65>
<Switch66>
6
</Switch66>
<Switch67>
8
</Switch67>
<Switch68>
9
</Switch68>
<Switch69>
11
</Switch69>
<Switch70>
2
</Switch70>
<Switch71>
8
</Switch71>
<Switch72>
13
</Switch72>
<Switch73>
8
</Switch73>
<Switch74>
11
</Switch74>
<Switch75>
11
</Switch75>
<Switch76>
13
</Switch76>
<Switch77>
5
</Switch77>
<Switch78>
3
</Switch78>
<Switch79>
0
</Switch79>
<Switch80>
5
</Switch80>
<Switch81>
0
</Switch81>
<Switch82>
10
</Switch82>
<Switch83>
14
</Switch83>
<Switch84>
13
</Switch84>
<Switch85>
12
</Switch85>
<Switch86>
14
</Switch86>
<Switch87>
4
</Switch87>
<Switch88>
15
</Switch88>
<Switch89>
9
</Switch89>
<Switch90>
6
</Switch90>
<Switch91>
8
</Switch91>
<Switch92>
17
</Switch92>
<Switch93>
10
</Switch93>
<Switch94>
2
</Switch94>
<Switch95>
17
</Switch95>
<Switch96>
6
</Switch96>
<Switch97>
17
</Switch97>
<Switch98>
16
</Switch98>
<Switch99>
2
</Switch99>
<Switch100>
3
</Switch100>
<Switch101>
13
</Switch101>
<Switch102>
2
</Switch102>
<Switch103>
6
</Switch103>
<Switch104>
14
</Switch104>
<Switch105>
8
</Switch105>
<Switch106>
4
</Switch106>
<Switch107>
7
</Switch107>
<Switch108>
15
</Switch108>
<Switch109>
3
</Switch109>
<Switch110>
11
</Switch110>
<Switch111>
1
</Switch111>
<Switch112>
15
</Switch112>
<Switch113>
3
</Switch113>
<Switch114>
8
</Switch114>
<Switch115>
0
</Switch115>
<Switch116>
14
</Switch116>
<Switch117>
10
</Switch117>
<Switch118>
3
</Switch118>
<Switch119>
0
</Switch119>
<Switch120>
2
</Switch120>
<Switch121>
7
</Switch121>
<Switch122>
16
</Switch122>
<Switch123>
12
</Switch123>
<Switch124>
6
</Switch124>
<Switch125>
14
</Switch125>
<Switch126>
11
</Switch126>
<Switch127>
10
</Switch127>
<Switch128>
17
</Switch128>
<Switch129>
8
</Switch129>
<Switch130>
12
</Switch130>
<Switch131>
0
</Switch131>
<Switch132>
19
</Switch132>
<Switch133>
16
</Switch133>
<Switch134>
2
</Switch134>
<Switch135>
17
</Switch135>
<Switch136>
14
</Switch136>
<Switch137>
0
</Switch137>
<Switch138>
9
</Switch138>
<Switch139>
2
</Switch139>
<Switch140>
7
</Switch140>
<Switch141>
15
</Switch141>
<Switch142>
3
</Switch142>
<Switch143>
19
</Switch143>
<Switch144>
17
</Switch144>
<Switch145>
7
</Switch145>
<Switch146>
12
</Switch146>
<Switch147>
17
</Switch147>
<Switch148>
19
</Switch148>
<Switch149>
2
</Switch149>
<Switch150>
18
</Switch150>
<Switch151>
3
</Switch151>
<Switch152>
13
</Switch152>
<Switch153>
14
</Switch153>
<Switch154>
12
</Switch154>
<Switch155>
18
</Switch155>
<Switch156>
7
</Switch156>
<Switch157>
6
</Switch157>
<Switch158>
7
</Switch158>
<Switch159>
3
</Switch159>
<Switch160>
2
</Switch160>
<Switch161>
10
</Switch161>
<Switch162>
15
</Switch162>
<Switch163>
19
</Switch163>
<Switch164>
9
</Switch164>
<Switch165>
15
</Switch165>
<Switch166>
13
</Switch166>
<Switch167>
1
</Switch167>
<Switch168>
10
</Switch168>
<Switch169>
11
</Switch169>
<Switch170>
2
</Switch170>
<Switch171>
16
</Switch171>
<Switch172>
7
</Switch172>
<Switch173>
16
</Switch173>
<Switch174>
0
</Switch174>
<Switch175>
11
</Switch175>
<Switch176>
2
</Switch176>
<Switch177>
11
</Switch177>
<Switch178>
12
</Switch178>
<Switch179>
4
</Switch179>
<Switch180>
12
</Switch180>
<Switch181>
1
</Switch181>
<Switch182>
10
</Switch182>
<Switch183>
5
</Switch183>
<Switch184>
9
</Switch184>
<Switch185>
10
</Switch185>
<Switch186>
6
</Switch186>
<Switch187>
18
</Switch187>
<Switch188>
14
</Switch188>
<Switch189>
2
</Switch189>
<Switch190>
14
</Switch190>
<Switch191>
7
</Switch191>
<Switch192>
1
</Switch192>
<Switch193>
9
</Switch193>
<Switch194>
14
</Switch194>
<Switch195>
13
</Switch195>
<Switch196>
10
</Switch196>
<Switch197>
7
</Switch197>
<Switch198>
0
</Switch198>
<Switch199>
18
</Switch199>
<Switch200>
3
</Switch200>
<Switch201>
13
</Switch201>
<Switch202>
18
</Switch202>
<Switch203>
10
</Switch203>
<Switch204>
18
</Switch204>
<Switch205>
11
</Switch205>
<Switch206>
1
</Switch206>
<Switch207>
1
</Switch207>
<Switch208>
15
</Switch208>
<Switch209>
3
</Switch209>
<Switch210>
1
</Switch210>
<Switch211>
7
</Switch211>
<Switch212>
1
</Switch212>
<Switch213>
2
</Switch213>
<Switch214>
9
</Switch214>
<Switch215>
2
</Switch215>
<Switch216>
2
</Switch216>
<Switch217>
19
</Switch217>
<Switch218>
18
</Switch218>
<Switch219>
15
</Switch219>
<Switch220>
14
</Switch220>
<Switch221>
10
</Switch221>
<Switch222>
11
</Switch222>
<Switch223>
16
</Switch223>
<Switch224>
10
</Switch224>
<Switch225>
7
</Switch225>
<Switch226>
15
</Switch226>
<Switch227>
2
</Switch227>
<Switch228>
17
</Switch228>
<Switch229>
15
</Switch229>
<Switch230>
10
</Switch230>
<Switch231>
19
</Switch231>
<Switch232>
4
</Switch232>
<Switch233>
18
</Switch233>
<Switch234>
7
</Switch234>
<Switch235>
15
</Switch235>
<Switch236>
0
</Switch236>
<Switch237>
8
</Switch237>
<Switch238>
7
</Switch238>
<Switch239>
2
</Switch239>
<Switch240>
4
</Switch240>
<Switch241>
15
</Switch241>
<Switch242>
12
</Switch242>
<Switch243>
2
</Switch243>
<Switch244>
7
</Switch244>
<Switch245>
15
</Switch245>
<Switch246>
8
</Switch246>
<Switch247>
5
</Switch247>
<Switch248>
3
</Switch248>
<Switch249>
5
</Switch249>
<Switch250>
5
</Switch250>
<Switch251>
5
</Switch251>
<Switch252>
16
</Switch252>
<Switch253>
1
</Switch253>
<Switch254>
2
</Switch254>
<Switch255>
8
</Switch255>
<Switch256>
8
</Switch256>
<Switch257>
6
</Switch257>
<Switch258>
4
</Switch258>
<Switch259>
13
</Switch259>
<Switch260>
11
</Switch260>
<Switch261>
4
</Switch261>
<Switch262>
4
</Switch262>
<Switch263>
14
</Switch263>
<Switch264>
8
</Switch264>
<Switch265>
2
</Switch265>
<Switch266>
8
</Switch266>
<Switch267>
16
</Switch267>
<Switch268>
14
</Switch268>
<Switch269>
2
</Switch269>
<Switch270>
1
</Switch270>
<Switch271>
3
</Switch271>
<Switch272>
13
</Switch272>
<Switch273>
19
</Switch273>
<Switch274>
11
</Switch274>
<Switch275>
13
</Switch275>
<Switch276>
9
</Switch276>
<Switch277>
10
</Switch277>
<Switch278>
5
</Switch278>
<Switch279>
4
</Switch279>
<Switch280>
2
</Switch280>
<Switch281>
17
</Switch281>
<Switch282>
17
</Switch282>
<Switch283>
5
</Switch283>
<Switch284>
6
</Switch284>
<Switch285>
15
</Switch285>
<Switch286>
16
</Switch286>
<Switch287>
5
</Switch287>
<Switch288>
8
</Switch288>
<Switch289>
4
</Switch289>
<Switch290>
7
</Switch290>
<Switch291>
14
</Switch291>
<Switch292>
10
</Switch292>
<Switch293>
14
</Switch293>
<Switch294>
9
</Switch294>
<Switch295>
6
</Switch295>
<Switch296>
18
</Switch296>
<Switch297>
10
</Switch297>
<Switch298>
13
</Switch298>
<Switch299>
8
</Switch299>
<Switch300>
11
</Switch300>
<Switch301>
2
</Switch301>
<Switch302>
16
</Switch302>
<Switch303>
19
</Switch303>
<Switch304>
14
</Switch304>
<Switch305>
16
</Switch305>
<Switch306>
0
</Switch306>
<Switch307>
1
</Switch307>
<Switch308>
3
</Switch308>
<Switch309>
19
</Switch309>
<Switch310>
0
</Switch310>
<Switch311>
17
</Switch311>
<Switch312>
1
</Switch312>
<Switch313>
9
</Switch313>
<Switch314>
15
</Switch314>
<Switch315>
10
</Switch315>
<Switch316>
14
</Switch316>
<Switch317>
18
</Switch317>
<Switch318>
5
</Switch318>
<Switch319>
5
</Switch319>
<Switch320>
6
</Switch320>
<Switch321>
0
</Switch321>
<Switch322>
18
</Switch322>
<Switch323>
14
</Switch323>
<Switch324>
4
</Switch324>
<Switch325>
4
</Switch325>
<Switch326>
18
</Switch326>
<Switch327>
10
</Switch327>
<Switch328>
11
</Switch328>
<Switch329>
13
</Switch329>
<Switch330>
14
</Switch330>
<Switch331>
15
</Switch331>
<Switch332>
15
</Switch332>
<Switch333>
0
</Switch333>
<Switch334>
16
</Switch334>
<Switch335>
13
</Switch335>
<Switch336>
6
</Switch336>
<Switch337>
0
</Switch337>
<Switch338>
17
</Switch338>
<Switch339>
18
</Switch339>
<Switch340>
10
</Switch340>
<Switch341>
12
</Switch341>
<Switch342>
16
</Switch342>
<Switch343>
6
</Switch343>
<Switch344>
1
</Switch344>
<Switch345>
3
</Switch345>
<Switch346>
0
</Switch346>
<Switch347>
13
</Switch347>
<Switch348>
8
</Switch348>
<Switch349>
16
</Switch349>
<Switch350>
12
</Switch350>
<Switch351>
17
</Switch351>
<Switch352>
6
</Switch352>
<Switch353>
14
</Switch353>
<Switch354>
7
</Switch354>
<Switch355>
12
</Switch355>
<Switch356>
17
</Switch356>
<Switch357>
11
</Switch357>
<Switch358>
18
</Switch358>
<Switch359>
19
</Switch359>
<Switch360>
11
</Switch360>
<Switch361>
2
</Switch361>
<Switch362>
15
</Switch362>
<Switch363>
10
</Switch363>
<Switch364>
18
</Switch364>
<Switch365>
11
</Switch365>
<Switch366>
7
</Switch366>
<Switch367>
9
</Switch367>
<Switch368>
18
</Switch368>
<Switch369>
1
</Switch369>
<Switch370>
16
</Switch370>
<Switch371>
19
</Switch371>
<Switch372>
13
</Switch372>
<Switch373>
7
</Switch373>
<Switch374>
10
</Switch374>
<Switch375>
13
</Switch375>
<Switch376>
9
</Switch376>
<Switch377>
18
</Switch377>
<Switch378>
18
</Switch378>
<Switch379>
5
</Switch379>
<Switch380>
14
</Switch380>
<Switch381>
6
</Switch381>
<Switch382>
10
</Switch382>
<Switch383>
13
</Switch383>
<Switch384>
11
</Switch384>
<Switch385>
19
</Switch385>
<Switch386>
16
</Switch386>
<Switch387>
16
</Switch387>
<Switch388>
3
</Switch388>
<Switch389>
19
</Switch389>
<Switch390>
14
</Switch390>
<Switch391>
13
</Switch391>
<Switch392>
9
</Switch392>
<Switch393>
11
</Switch393>
<Switch394>
7
</Switch394>
<Switch395>
4
</Switch395>
<Switch396>
5
</Switch396>
<Switch397>
16
</Switch397>
<Switch398>
0
</Switch398>
<Switch399>
2
</Switch399>
<Switch400>
18
</Switch400>
<Switch401>
2
</Switch401>
<Switch402>
19
</Switch402>
<Switch403>
0
</Switch403>
<Switch404>
12
</Switch404>
<Switch405>
12
</Switch405>
<Switch406>
17
</Switch406>
<Switch407>
11
</Switch407>
<Switch408>
11
</Switch408>
<Switch409>
6
</Switch409>
<Switch410>
7
</Switch410>
<Switch411>
7
</Switch411>
<Switch412>
14
</Switch412>
<Switch413>
19
</Switch413>
<Switch414>
2
</Switch414>
<Switch415>
9
</Switch415>
<Switch416>
11
</Switch416>
<Switch417>
1
</Switch417>
<Switch418>
15
</Switch418>
<Switch419>
3
</Switch419>
<Switch420>
16
</Switch420>
<Switch421>
16
</Switch421>
<Switch422>
2
</Switch422>
<Switch423>
5
</Switch423>
<Switch424>
3
</Switch424>
<Switch425>
4
</Switch425>
<Switch426>
4
</Switch426>
<Switch427>
18
</Switch427>
<Switch428>
19
</Switch428>
<Switch429>
3
</Switch429>
<Switch430>
1
</Switch430>
<Switch431>
14
</Switch431>
<Switch432>
6
</Switch432>
<Switch433>
3
</Switch433>
<Switch434>
16
</Switch434>
<Switch435>
13
</Switch435>
<Switch436>
7
</Switch436>
<Switch437>
0
</Switch437>
<Switch438>
18
</Switch438>
<Switch439>
8
</Switch439>
<Switch440>
13
</Switch440>
<Switch441>
11
</Switch441>
<Switch442>
9
</Switch442>
<Switch443>
5
</Switch443>
<Switch444>
7
</Switch444>
<Switch445>
8
</Switch445>
<Switch446>
1
</Switch446>
<Switch447>
1
</Switch447>
<Switch448>
0
</Switch448>
<Switch449>
18
</Switch449>
<Switch450>
14
</Switch450>
<Switch451>
9
</Switch451>
<Switch452>
3
</Switch452>
<Switch453>
5
</Switch453>
<Switch454>
13
</Switch454>
<Switch455>
17
</Switch455>
<Switch456>
15
</Switch456>
<Switch457>
7
</Switch457>
<Switch458>
13
</Switch458>
<Switch459>
15
</Switch459>
<Switch460>
12
</Switch460>
<Switch461>
16
</Switch461>
<Switch462>
14
</Switch462>
<Switch463>
11
</Switch463>
<Switch464>
17
</Switch464>
<Switch465>
8
</Switch465>
<Switch466>
14
</Switch466>
<Switch467>
11
</Switch467>
<Switch468>
3
</Switch468>
<Switch469>
3
</Switch469>
<Switch470>
8
</Switch470>
<Switch471>
4
</Switch471>
<Switch472>
4
</Switch472>
<Switch473>
2
</Switch473>
<Switch474>
18
</Switch474>
<Switch475>
2
</Switch475>
<Switch476>
18
</Switch476>
<Switch477>
9
</Switch477>
<Switch478>
2
</Switch478>
<Switch479>
1
</Switch479>
<Switch480>
15
</Switch480>
<Switch481>
13
</Switch481>
<Switch482>
11
</Switch482>
<Switch483>
4
</Switch483>
<Switch484>
0
</Switch484>
<Switch485>
2
</Switch485>
<Switch486>
4
</Switch486>
<Switch487>
14
</Switch487>
<Switch488>
14
</Switch488>
<Switch489>
9
</Switch489>
<Switch490>
10
</Switch490>
<Switch491>
4
</Switch491>
<Switch492>
5
</Switch492>
<Switch493>
10
</Switch493>
<Switch494>
9
</Switch494>
<Switch495>
6
</Switch495>
<Switch496>
0
</Switch496>
<Switch497>
18
</Switch497>
<Switch498>
8
</Switch498>
<Switch499>
14
</Switch499>
<Switch500>
3
</Switch500>
<Switch501>
17
</Switch501>
<Switch502>
4
</Switch502>
<Switch503>
3
</Switch503>
<Switch504>
12
</Switch504>
<Switch505>
17
</Switch505>
<Switch506>
16
</Switch506>
<Switch507>
7
</Switch507>
<Switch508>
5
</Switch508>
<Switch509>
1
</Switch509>
<Switch510>
18
</Switch510>
<Switch511>
1
</Switch511>
<Switch512>
19
</Switch512>
<Switch513>
6
</Switch513>
<Switch514>
0
</Switch514>
<Switch515>
10
</Switch515>
<Switch516>
16
</Switch516>
<Switch517>
1
</Switch517>
<Switch518>
2
</Switch518>
<Switch519>
19
</Switch519>
<Switch520>
19
</Switch520>
<Switch521>
11
</Switch521>
<Switch522>
0
</Switch522>
<Switch523>
11
</Switch523>
<Switch524>
8
</Switch524>
<Switch525>
5
</Switch525>
<Switch526>
19
</Switch526>
<Switch527>
4
</Switch527>
<Switch528>
11
</Switch528>
<Switch529>
3
</Switch529>
<Switch530>
4
</Switch530>
<Switch531>
9
</Switch531>
<Switch532>
19
</Switch532>
<Switch533>
1
</Switch533>
<Switch534>
5
</Switch534>
<Switch535>
17
</Switch535>
<Switch536>
16
</Switch536>
<Switch537>
2
</Switch537>
<Switch538>
5
</Switch538>
<Switch539>
14
</Switch539>
<Switch540>
2
</Switch540>
<Switch541>
5
</Switch541>
<Switch542>
12
</Switch542>
<Switch543>
9
</Switch543>
<Switch544>
14
</Switch544>
<Switch545>
13
</Switch545>
<Switch546>
12
</Switch546>
<Switch547>
11
</Switch547>
<Switch548>
18
</Switch548>
<Switch549>
8
</Switch549>
<Switch550>
11
</Switch550>
<Switch551>
10
</Switch551>
<Switch552>
4
</Switch552>
<Switch553>
12
</Switch553>
<Switch554>
13
</Switch554>
<Switch555>
11
</Switch555>
<Switch556>
8
</Switch556>
<Switch557>
15
</Switch557>
<Switch558>
2
</Switch558>
<Switch559>
19
</Switch559>
<Switch560>
10
</Switch560>
<Switch561>
9
</Switch561>
<Switch562>
9
</Switch562>
<Switch563>
8
</Switch563>
<Switch564>
12
</Switch564>
<Switch565>
4
</Switch565>
<Switch566>
16
</Switch566>
<Switch567>
14
</Switch567>
<Switch568>
10
</Switch568>
<Switch569>
8
</Switch569>
<Switch570>
15
</Switch570>
<Switch571>
19
</Switch571>
<Switch572>
5
</Switch572>
<Switch573>
17
</Switch573>
<Switch574>
1
</Switch574>
<Switch575>
12
</Switch575>
<Switch576>
14
</Switch576>
<Switch577>
10
</Switch577>
<Switch578>
3
</Switch578>
<Switch579>
18
</Switch579>
<Switch580>
10
</Switch580>
<Switch581>
8
</Switch581>
<Switch582>
0
</Switch582>
<Switch583>
18
</Switch583>
<Switch584>
19
</Switch584>
<Switch585>
4
</Switch585>
<Switch586>
6
</Switch586>
<Switch587>
5
</Switch587>
<Switch588>
18
</Switch588>
<Switch589>
6
</Switch589>
<Switch590>
14
</Switch590>
<Switch591>
12
</Switch591>
<Switch592>
1
</Switch592>
<Switch593>
15
</Switch593>
<Switch594>
2
</Switch594>
<Switch595>
3
</Switch595>
<Switch596>
5
</Switch596>
<Switch597>
17
</Switch597>
<Switch598>
13
</Switch598>
<Switch599>
13
</Switch599>
<Switch600>
16
</Switch600>
<Switch601>
15
</Switch601>
<Switch602>
0
</Switch602>
<Switch603>
17
</Switch603>
<Switch604>
4
</Switch604>
<Switch605>
12
</Switch605>
<Switch606>
9
</Switch606>
<Switch607>
12
</Switch607>
<Switch608>
16
</Switch608>
<Switch609>
5
</Switch609>
<Switch610>
8
</Switch610>
<Switch611>
3
</Switch611>
<Switch612>
4
</Switch612>
<Switch613>
0
</Switch613>
<Switch614>
5
</Switch614>
<Switch615>
14
</Switch615>
<Switch616>
13
</Switch616>
<Switch617>
15
</Switch617>
<Switch618>
7
</Switch618>
<Switch619>
7
</Switch619>
<Switch620>
16
</Switch620>
<Switch621>
2
</Switch621>
<Switch622>
14
</Switch622>
<Switch623>
7
</Switch623>
<Switch624>
19
</Switch624>
<Switch625>
5
</Switch625>
<Switch626>
5
</Switch626>
<Switch627>
16
</Switch627>
<Switch628>
18
</Switch628>
<Switch629>
14
</Switch629>
<Switch630>
15
</Switch630>
<Switch631>
0
</Switch631>
<Switch632>
7
</Switch632>
<Switch633>
3
</Switch633>
<Switch634>
7
</Switch634>
<Switch635>
4
</Switch635>
<Switch636>
17
</Switch636>
<Switch637>
19
</Switch637>
<Switch638>
19
</Switch638>
<Switch639>
3
</Switch639>
<Switch640>
19
</Switch640>
<Switch641>
19
</Switch641>
<Switch642>
1
</Switch642>
<Switch643>
11
</Switch643>
<Switch644>
17
</Switch644>
<Switch645>
1
</Switch645>
<Switch646>
17
</Switch646>
<Switch647>
8
</Switch647>
<Switch648>
10
</Switch648>
<Switch649>
17
</Switch649>
<Switch650>
12
</Switch650>
<Switch651>
5
</Switch651>
<Switch652>
13
</Switch652>
<Switch653>
4
</Switch653>
<Switch654>
7
</Switch654>
<Switch655>
3
</Switch655>
<Switch656>
9
</Switch656>
<Switch657>
15
</Switch657>
<Switch658>
1
</Switch658>
<Switch659>
0
</Switch659>
<Switch660>
19
</Switch660>
<Switch661>
8
</Switch661>
<Switch662>
2
</Switch662>
<Switch663>
5
</Switch663>
<Switch664>
15
</Switch664>
<Switch665>
12
</Switch665>
<Switch666>
15
</Switch666>
<Switch667>
1
</Switch667>
<Switch668>
11
</Switch668>
<Switch669>
17
</Switch669>
<Switch670>
19
</Switch670>
<Switch671>
6
</Switch671>
<Switch672>
13
</Switch672>
<Switch673>
19
</Switch673>
<Switch674>
5
</Switch674>
<Switch675>
13
</Switch675>
<Switch676>
4
</Switch676>
<Switch677>
11
</Switch677>
<Switch678>
9
</Switch678>
<Switch679>
6
</Switch679>
<Switch680>
14
</Switch680>
<Switch681>
2
</Switch681>
<Switch682>
9
</Switch682>
<Switch683>
6
</Switch683>
<Switch684>
17
</Switch684>
<Switch685>
16
</Switch685>
<Switch686>
16
</Switch686>
<Switch687>
2
</Switch687>
<Switch688>
11
</Switch688>
<Switch689>
1
</Switch689>
<Switch690>
10
</Switch690>
<Switch691>
13
</Switch691>
<Switch692>
17
</Switch692>
<Switch693>
10
</Switch693>
<Switch694>
11
</Switch694>
<Switch695>
1
</Switch695>
<Switch696>
11
</Switch696>
<Switch697>
3
</Switch697>
<Switch698>
18
</Switch698>
<Switch699>
3
</Switch699>
<Switch700>
6
</Switch700>
<Switch701>
8
</Switch701>
<Switch702>
14
</Switch702>
<Switch703>
1
</Switch703>
<Switch704>
12
</Switch704>
<Switch705>
5
</Switch705>
<Switch706>
16
</Switch706>
<Switch707>
6
</Switch707>
<Switch708>
10
</Switch708>
<Switch709>
13
</Switch709>
<Switch710>
8
</Switch710>
<Switch711>
17
</Switch711>
<Switch712>
16
</Switch712>
<Switch713>
7
</Switch713>
<Switch714>
15
</Switch714>
<Switch715>
18
</Switch715>
<Switch716>
4
</Switch716>
<Switch717>
10
</Switch717>
<Switch718>
18
</Switch718>
<Switch719>
15
</Switch719>
<Switch720>
1
</Switch720>
<Switch721>
16
</Switch721>
<Switch722>
4
</Switch722>
<Switch723>
6
</Switch723>
<Switch724>
7
</Switch724>
<Switch725>
18
</Switch725>
<Switch726>
14
</Switch726>
<Switch727>
1
</Switch727>
<Switch728>
12
</Switch728>
<Switch729>
6
</Switch729>
<Switch730>
7
</Switch730>
<Switch731>
2
</Switch731>
<Switch732>
15
</Switch732>
<Switch733>
18
</Switch733>
<Switch734>
8
</Switch734>
<Switch735>
12
</Switch735>
<Switch736>
1
</Switch736>
<Switch737>
17
</Switch737>
<Switch738>
14
</Switch738>
<Switch739>
9
</Switch739>
<Switch740>
17
</Switch740>
<Switch741>
0
</Switch741>
<Switch742>
15
</Switch742>
<Switch743>
10
</Switch743>
<Switch744>
5
</Switch744>
<Switch745>
11
</Switch745>
<Switch746>
4
</Switch746>
<Switch747>
10
</Switch747>
<Switch748>
3
</Switch748>
<Switch749>
17
</Switch749>
<Switch750>
8
</Switch750>
<Switch751>
9
</Switch751>
<Switch752>
18
</Switch752>
<Switch753>
2
</Switch753>
<Switch754>
15
</Switch754>
<Switch755>
16
</Switch755>
<Switch756>
13
</Switch756>
<Switch757>
17
</Switch757>
<Switch758>
6
</Switch758>
<Switch759>
15
</Switch759>
<Switch760>
10
</Switch760>
<Switch761>
3
</Switch761>
<Switch762>
6
</Switch762>
<Switch763>
19
</Switch763>
<Switch764>
9
</Switch764>
<Switch765>
3
</Switch765>
<Switch766>
4
</Switch766>
<Switch767>
19
</Switch767>
<Switch768>
0
</Switch768>
<Switch769>
3
</Switch769>
<Switch770>
7
</Switch770>
<Switch771>
2
</Switch771>
<Switch772>
11
</Switch772>
<Switch773>
15
</Switch773>
<Switch774>
18
</Switch774>
<Switch775>
15
</Switch775>
<Switch776>
9
</Switch776>
<Switch777>
10
</Switch777>
<Switch778>
9
</Switch778>
<Switch779>
17
</Switch779>
<Switch780>
13
</Switch780>
<Switch781>
2
</Switch781>
<Switch782>
15
</Switch782>
<Switch783>
14
</Switch783>
<Switch784>
0
</Switch784>
<Switch785>
9
</Switch785>
<Switch786>
19
</Switch786>
<Switch787>
10
</Switch787>
<Switch788>
16
</Switch788>
<Switch789>
10
</Switch789>
<Switch790>
11
</Switch790>
<Switch791>
8
</Switch791>
<Switch792>
13
</Switch792>
<Switch793>
1
</Switch793>
<Switch794>
19
</Switch794>
<Switch795>
17
</Switch795>
<Switch796>
8
</Switch796>
<Switch797>
9
</Switch797>
<Switch798>
19
</Switch798>
<Switch799>
10
</Switch799>
<Switch800>
1
</Switch800>
<Switch801>
3
</Switch801>
<Switch802>
19
</Switch802>
<Switch803>
14
</Switch803>
<Switch804>
3
</Switch804>
<Switch805>
0
</Switch805>
<Switch806>
15
</Switch806>
<Switch807>
1
</Switch807>
<Switch808>
4
</Switch808>
<Switch809>
12
</Switch809>
<Switch810>
15
</Switch810>
<Switch811>
7
</Switch811>
<Switch812>
15
</Switch812>
<Switch813>
5
</Switch813>
<Switch814>
15
</Switch814>
<Switch815>
0
</Switch815>
<Switch816>
17
</Switch816>
<Switch817>
16
</Switch817>
<Switch818>
4
</Switch818>
<Switch819>
0
</Switch819>
<Switch820>
10
</Switch820>
<Switch821>
2
</Switch821>
<Switch822>
6
</Switch822>
<Switch823>
8
</Switch823>
<Switch824>
13
</Switch824>
<Switch825>
4
</Switch825>
<Switch826>
6
</Switch826>
<Switch827>
1
</Switch827>
<Switch828>
9
</Switch828>
<Switch829>
1
</Switch829>
<Switch830>
4
</Switch830>
<Switch831>
17
</Switch831>
<Switch832>
3
</Switch832>
<Switch833>
2
</Switch833>
<Switch834>
6
</Switch834>
<Switch835>
4
</Switch835>
<Switch836>
2
</Switch836>
<Switch837>
5
</Switch837>
<Switch838>
5
</Switch838>
<Switch839>
16
</Switch839>
<Switch840>
5
</Switch840>
<Switch841>
1
</Switch841>
<Switch842>
16
</Switch842>
<Switch843>
1
</Switch843>
<Switch844>
11
</Switch844>
<Switch845>
17
</Switch845>
<Switch846>
18
</Switch846>
<Switch847>
4
</Switch847>
<Switch848>
18
</Switch848>
<Switch849>
3
</Switch849>
<Switch850>
10
</Switch850>
<Switch851>
15
</Switch851>
<Switch852>
1
</Switch852>
<Switch853>
17
</Switch853>
<Switch854>
15
</Switch854>
<Switch855>
11
</Switch855>
<Switch856>
9
</Switch856>
<Switch857>
12
</Switch857>
<Switch858>
10
</Switch858>
<Switch859>
6
</Switch859>
<Switch860>
15
</Switch860>
<Switch861>
6
</Switch861>
<Switch862>
15
</Switch862>
<Switch863>
0
</Switch863>
</BaseID:1088>
