<?xml version="1.0"?>

<BaseID:109>
<Switch1>
1
</Switch1>
<Switch2>
1
</Switch2>
<Switch3>
9
</Switch3>
<Switch4>
11
</Switch4>
<Switch5>
10
</Switch5>
<Switch6>
13
</Switch6>
<Switch7>
9
</Switch7>
<Switch8>
15
</Switch8>
<Switch9>
13
</Switch9>
<Switch10>
17
</Switch10>
<Switch11>
3
</Switch11>
<Switch12>
5
</Switch12>
<Switch13>
12
</Switch13>
<Switch14>
18
</Switch14>
<Switch15>
13
</Switch15>
<Switch16>
14
</Switch16>
<Switch17>
16
</Switch17>
<Switch18>
17
</Switch18>
<Switch19>
13
</Switch19>
<Switch20>
16
</Switch20>
<Switch21>
13
</Switch21>
<Switch22>
18
</Switch22>
<Switch23>
11
</Switch23>
<Switch24>
8
</Switch24>
<Switch25>
15
</Switch25>
<Switch26>
11
</Switch26>
<Switch27>
2
</Switch27>
<Switch28>
8
</Switch28>
<Switch29>
10
</Switch29>
<Switch30>
13
</Switch30>
<Switch31>
9
</Switch31>
<Switch32>
16
</Switch32>
<Switch33>
3
</Switch33>
<Switch34>
3
</Switch34>
<Switch35>
14
</Switch35>
<Switch36>
2
</Switch36>
<Switch37>
2
</Switch37>
<Switch38>
6
</Switch38>
<Switch39>
5
</Switch39>
<Switch40>
12
</Switch40>
<Switch41>
8
</Switch41>
<Switch42>
10
</Switch42>
<Switch43>
16
</Switch43>
<Switch44>
10
</Switch44>
<Switch45>
18
</Switch45>
<Switch46>
19
</Switch46>
<Switch47>
8
</Switch47>
<Switch48>
1
</Switch48>
<Switch49>
5
</Switch49>
<Switch50>
14
</Switch50>
<Switch51>
4
</Switch51>
<Switch52>
8
</Switch52>
<Switch53>
6
</Switch53>
<Switch54>
15
</Switch54>
<Switch55>
1
</Switch55>
<Switch56>
5
</Switch56>
<Switch57>
18
</Switch57>
<Switch58>
0
</Switch58>
<Switch59>
17
</Switch59>
<Switch60>
0
</Switch60>
<Switch61>
14
</Switch61>
<Switch62>
5
</Switch62>
<Switch63>
18
</Switch63>
<Switch64>
9
</Switch64>
<Switch65>
12
</Switch65>
<Switch66>
12
</Switch66>
<Switch67>
8
</Switch67>
<Switch68>
15
</Switch68>
<Switch69>
9
</Switch69>
<Switch70>
7
</Switch70>
<Switch71>
3
</Switch71>
<Switch72>
2
</Switch72>
<Switch73>
12
</Switch73>
<Switch74>
16
</Switch74>
<Switch75>
6
</Switch75>
<Switch76>
2
</Switch76>
<Switch77>
13
</Switch77>
<Switch78>
17
</Switch78>
<Switch79>
0
</Switch79>
<Switch80>
14
</Switch80>
<Switch81>
15
</Switch81>
<Switch82>
3
</Switch82>
<Switch83>
5
</Switch83>
<Switch84>
16
</Switch84>
<Switch85>
17
</Switch85>
<Switch86>
5
</Switch86>
<Switch87>
3
</Switch87>
<Switch88>
9
</Switch88>
<Switch89>
3
</Switch89>
<Switch90>
6
</Switch90>
<Switch91>
8
</Switch91>
<Switch92>
9
</Switch92>
<Switch93>
9
</Switch93>
<Switch94>
3
</Switch94>
<Switch95>
7
</Switch95>
<Switch96>
9
</Switch96>
<Switch97>
0
</Switch97>
<Switch98>
14
</Switch98>
<Switch99>
14
</Switch99>
<Switch100>
11
</Switch100>
<Switch101>
5
</Switch101>
<Switch102>
4
</Switch102>
<Switch103>
2
</Switch103>
<Switch104>
5
</Switch104>
<Switch105>
12
</Switch105>
<Switch106>
6
</Switch106>
<Switch107>
18
</Switch107>
<Switch108>
12
</Switch108>
<Switch109>
9
</Switch109>
<Switch110>
17
</Switch110>
<Switch111>
19
</Switch111>
<Switch112>
15
</Switch112>
<Switch113>
15
</Switch113>
<Switch114>
3
</Switch114>
<Switch115>
1
</Switch115>
<Switch116>
7
</Switch116>
<Switch117>
1
</Switch117>
<Switch118>
10
</Switch118>
<Switch119>
8
</Switch119>
<Switch120>
3
</Switch120>
<Switch121>
7
</Switch121>
<Switch122>
8
</Switch122>
<Switch123>
6
</Switch123>
<Switch124>
19
</Switch124>
<Switch125>
3
</Switch125>
<Switch126>
13
</Switch126>
<Switch127>
8
</Switch127>
<Switch128>
5
</Switch128>
<Switch129>
16
</Switch129>
<Switch130>
1
</Switch130>
<Switch131>
0
</Switch131>
<Switch132>
4
</Switch132>
<Switch133>
0
</Switch133>
<Switch134>
14
</Switch134>
<Switch135>
5
</Switch135>
<Switch136>
4
</Switch136>
<Switch137>
4
</Switch137>
<Switch138>
18
</Switch138>
<Switch139>
15
</Switch139>
<Switch140>
14
</Switch140>
<Switch141>
2
</Switch141>
<Switch142>
5
</Switch142>
<Switch143>
7
</Switch143>
<Switch144>
10
</Switch144>
<Switch145>
12
</Switch145>
<Switch146>
7
</Switch146>
<Switch147>
11
</Switch147>
<Switch148>
3
</Switch148>
<Switch149>
8
</Switch149>
<Switch150>
1
</Switch150>
<Switch151>
7
</Switch151>
<Switch152>
8
</Switch152>
<Switch153>
17
</Switch153>
<Switch154>
3
</Switch154>
<Switch155>
11
</Switch155>
<Switch156>
18
</Switch156>
<Switch157>
11
</Switch157>
<Switch158>
13
</Switch158>
<Switch159>
1
</Switch159>
<Switch160>
9
</Switch160>
<Switch161>
11
</Switch161>
<Switch162>
7
</Switch162>
<Switch163>
3
</Switch163>
<Switch164>
19
</Switch164>
<Switch165>
14
</Switch165>
<Switch166>
3
</Switch166>
<Switch167>
18
</Switch167>
<Switch168>
19
</Switch168>
<Switch169>
9
</Switch169>
<Switch170>
13
</Switch170>
<Switch171>
18
</Switch171>
<Switch172>
3
</Switch172>
<Switch173>
19
</Switch173>
<Switch174>
11
</Switch174>
<Switch175>
6
</Switch175>
<Switch176>
19
</Switch176>
<Switch177>
6
</Switch177>
<Switch178>
11
</Switch178>
<Switch179>
16
</Switch179>
<Switch180>
19
</Switch180>
<Switch181>
12
</Switch181>
<Switch182>
19
</Switch182>
<Switch183>
18
</Switch183>
<Switch184>
3
</Switch184>
<Switch185>
1
</Switch185>
<Switch186>
11
</Switch186>
<Switch187>
8
</Switch187>
<Switch188>
13
</Switch188>
<Switch189>
18
</Switch189>
<Switch190>
17
</Switch190>
<Switch191>
18
</Switch191>
<Switch192>
19
</Switch192>
<Switch193>
10
</Switch193>
<Switch194>
2
</Switch194>
<Switch195>
19
</Switch195>
<Switch196>
8
</Switch196>
<Switch197>
1
</Switch197>
<Switch198>
17
</Switch198>
<Switch199>
8
</Switch199>
<Switch200>
18
</Switch200>
<Switch201>
5
</Switch201>
<Switch202>
7
</Switch202>
<Switch203>
19
</Switch203>
<Switch204>
15
</Switch204>
<Switch205>
17
</Switch205>
<Switch206>
2
</Switch206>
<Switch207>
11
</Switch207>
<Switch208>
5
</Switch208>
<Switch209>
18
</Switch209>
<Switch210>
2
</Switch210>
<Switch211>
12
</Switch211>
<Switch212>
6
</Switch212>
<Switch213>
2
</Switch213>
<Switch214>
6
</Switch214>
<Switch215>
12
</Switch215>
<Switch216>
16
</Switch216>
<Switch217>
15
</Switch217>
<Switch218>
19
</Switch218>
<Switch219>
5
</Switch219>
<Switch220>
6
</Switch220>
<Switch221>
0
</Switch221>
<Switch222>
12
</Switch222>
<Switch223>
7
</Switch223>
<Switch224>
17
</Switch224>
<Switch225>
11
</Switch225>
<Switch226>
6
</Switch226>
<Switch227>
3
</Switch227>
<Switch228>
19
</Switch228>
<Switch229>
7
</Switch229>
<Switch230>
11
</Switch230>
<Switch231>
3
</Switch231>
<Switch232>
14
</Switch232>
<Switch233>
3
</Switch233>
<Switch234>
11
</Switch234>
<Switch235>
17
</Switch235>
<Switch236>
17
</Switch236>
<Switch237>
4
</Switch237>
<Switch238>
18
</Switch238>
<Switch239>
13
</Switch239>
<Switch240>
8
</Switch240>
<Switch241>
15
</Switch241>
<Switch242>
9
</Switch242>
<Switch243>
18
</Switch243>
<Switch244>
1
</Switch244>
<Switch245>
2
</Switch245>
<Switch246>
0
</Switch246>
<Switch247>
17
</Switch247>
<Switch248>
16
</Switch248>
<Switch249>
8
</Switch249>
<Switch250>
4
</Switch250>
<Switch251>
13
</Switch251>
<Switch252>
15
</Switch252>
<Switch253>
1
</Switch253>
<Switch254>
15
</Switch254>
<Switch255>
13
</Switch255>
<Switch256>
19
</Switch256>
<Switch257>
16
</Switch257>
<Switch258>
17
</Switch258>
<Switch259>
16
</Switch259>
<Switch260>
16
</Switch260>
<Switch261>
18
</Switch261>
<Switch262>
9
</Switch262>
<Switch263>
11
</Switch263>
<Switch264>
15
</Switch264>
<Switch265>
8
</Switch265>
<Switch266>
14
</Switch266>
<Switch267>
8
</Switch267>
<Switch268>
14
</Switch268>
<Switch269>
4
</Switch269>
<Switch270>
8
</Switch270>
<Switch271>
6
</Switch271>
<Switch272>
9
</Switch272>
<Switch273>
1
</Switch273>
<Switch274>
12
</Switch274>
<Switch275>
10
</Switch275>
<Switch276>
9
</Switch276>
<Switch277>
7
</Switch277>
<Switch278>
15
</Switch278>
<Switch279>
5
</Switch279>
<Switch280>
14
</Switch280>
<Switch281>
11
</Switch281>
<Switch282>
6
</Switch282>
<Switch283>
17
</Switch283>
<Switch284>
14
</Switch284>
<Switch285>
1
</Switch285>
<Switch286>
8
</Switch286>
<Switch287>
10
</Switch287>
<Switch288>
0
</Switch288>
<Switch289>
17
</Switch289>
<Switch290>
9
</Switch290>
<Switch291>
1
</Switch291>
<Switch292>
2
</Switch292>
<Switch293>
15
</Switch293>
<Switch294>
4
</Switch294>
<Switch295>
3
</Switch295>
<Switch296>
8
</Switch296>
<Switch297>
10
</Switch297>
<Switch298>
3
</Switch298>
<Switch299>
5
</Switch299>
<Switch300>
3
</Switch300>
<Switch301>
16
</Switch301>
<Switch302>
10
</Switch302>
<Switch303>
13
</Switch303>
<Switch304>
15
</Switch304>
<Switch305>
8
</Switch305>
<Switch306>
14
</Switch306>
<Switch307>
9
</Switch307>
<Switch308>
16
</Switch308>
<Switch309>
3
</Switch309>
<Switch310>
13
</Switch310>
<Switch311>
11
</Switch311>
<Switch312>
19
</Switch312>
<Switch313>
0
</Switch313>
<Switch314>
16
</Switch314>
<Switch315>
8
</Switch315>
<Switch316>
9
</Switch316>
<Switch317>
19
</Switch317>
<Switch318>
1
</Switch318>
<Switch319>
11
</Switch319>
<Switch320>
0
</Switch320>
<Switch321>
12
</Switch321>
<Switch322>
10
</Switch322>
<Switch323>
19
</Switch323>
<Switch324>
7
</Switch324>
<Switch325>
17
</Switch325>
<Switch326>
6
</Switch326>
<Switch327>
17
</Switch327>
<Switch328>
9
</Switch328>
<Switch329>
0
</Switch329>
<Switch330>
7
</Switch330>
<Switch331>
8
</Switch331>
<Switch332>
6
</Switch332>
<Switch333>
2
</Switch333>
<Switch334>
10
</Switch334>
<Switch335>
14
</Switch335>
<Switch336>
2
</Switch336>
<Switch337>
13
</Switch337>
<Switch338>
4
</Switch338>
<Switch339>
7
</Switch339>
<Switch340>
11
</Switch340>
<Switch341>
12
</Switch341>
<Switch342>
5
</Switch342>
<Switch343>
9
</Switch343>
<Switch344>
6
</Switch344>
<Switch345>
16
</Switch345>
<Switch346>
15
</Switch346>
<Switch347>
15
</Switch347>
<Switch348>
9
</Switch348>
<Switch349>
8
</Switch349>
<Switch350>
0
</Switch350>
<Switch351>
8
</Switch351>
<Switch352>
16
</Switch352>
<Switch353>
15
</Switch353>
<Switch354>
13
</Switch354>
<Switch355>
1
</Switch355>
<Switch356>
2
</Switch356>
<Switch357>
15
</Switch357>
<Switch358>
13
</Switch358>
<Switch359>
4
</Switch359>
<Switch360>
11
</Switch360>
<Switch361>
18
</Switch361>
<Switch362>
6
</Switch362>
<Switch363>
0
</Switch363>
<Switch364>
12
</Switch364>
<Switch365>
8
</Switch365>
<Switch366>
7
</Switch366>
<Switch367>
16
</Switch367>
<Switch368>
3
</Switch368>
<Switch369>
3
</Switch369>
<Switch370>
5
</Switch370>
<Switch371>
19
</Switch371>
<Switch372>
6
</Switch372>
<Switch373>
19
</Switch373>
<Switch374>
3
</Switch374>
<Switch375>
6
</Switch375>
<Switch376>
19
</Switch376>
<Switch377>
2
</Switch377>
<Switch378>
7
</Switch378>
<Switch379>
2
</Switch379>
<Switch380>
10
</Switch380>
<Switch381>
0
</Switch381>
<Switch382>
19
</Switch382>
<Switch383>
14
</Switch383>
<Switch384>
3
</Switch384>
<Switch385>
1
</Switch385>
<Switch386>
6
</Switch386>
<Switch387>
16
</Switch387>
<Switch388>
14
</Switch388>
<Switch389>
8
</Switch389>
<Switch390>
0
</Switch390>
<Switch391>
0
</Switch391>
<Switch392>
9
</Switch392>
<Switch393>
0
</Switch393>
<Switch394>
19
</Switch394>
<Switch395>
1
</Switch395>
<Switch396>
9
</Switch396>
<Switch397>
19
</Switch397>
<Switch398>
9
</Switch398>
<Switch399>
1
</Switch399>
<Switch400>
17
</Switch400>
<Switch401>
10
</Switch401>
<Switch402>
7
</Switch402>
<Switch403>
6
</Switch403>
<Switch404>
1
</Switch404>
<Switch405>
15
</Switch405>
<Switch406>
4
</Switch406>
<Switch407>
18
</Switch407>
<Switch408>
7
</Switch408>
<Switch409>
18
</Switch409>
<Switch410>
11
</Switch410>
<Switch411>
11
</Switch411>
<Switch412>
16
</Switch412>
<Switch413>
11
</Switch413>
<Switch414>
13
</Switch414>
<Switch415>
7
</Switch415>
<Switch416>
5
</Switch416>
<Switch417>
6
</Switch417>
<Switch418>
17
</Switch418>
<Switch419>
4
</Switch419>
<Switch420>
0
</Switch420>
<Switch421>
5
</Switch421>
<Switch422>
19
</Switch422>
<Switch423>
9
</Switch423>
<Switch424>
15
</Switch424>
<Switch425>
19
</Switch425>
<Switch426>
12
</Switch426>
<Switch427>
0
</Switch427>
<Switch428>
17
</Switch428>
<Switch429>
14
</Switch429>
<Switch430>
16
</Switch430>
<Switch431>
12
</Switch431>
<Switch432>
9
</Switch432>
<Switch433>
11
</Switch433>
<Switch434>
12
</Switch434>
<Switch435>
11
</Switch435>
<Switch436>
16
</Switch436>
<Switch437>
2
</Switch437>
<Switch438>
10
</Switch438>
<Switch439>
17
</Switch439>
<Switch440>
9
</Switch440>
<Switch441>
8
</Switch441>
<Switch442>
8
</Switch442>
<Switch443>
17
</Switch443>
<Switch444>
15
</Switch444>
<Switch445>
5
</Switch445>
<Switch446>
18
</Switch446>
<Switch447>
0
</Switch447>
<Switch448>
19
</Switch448>
<Switch449>
3
</Switch449>
<Switch450>
9
</Switch450>
<Switch451>
15
</Switch451>
<Switch452>
9
</Switch452>
<Switch453>
2
</Switch453>
<Switch454>
10
</Switch454>
<Switch455>
15
</Switch455>
<Switch456>
6
</Switch456>
<Switch457>
18
</Switch457>
<Switch458>
10
</Switch458>
<Switch459>
1
</Switch459>
<Switch460>
0
</Switch460>
<Switch461>
7
</Switch461>
<Switch462>
8
</Switch462>
<Switch463>
17
</Switch463>
<Switch464>
2
</Switch464>
<Switch465>
16
</Switch465>
<Switch466>
8
</Switch466>
<Switch467>
18
</Switch467>
<Switch468>
14
</Switch468>
<Switch469>
6
</Switch469>
<Switch470>
11
</Switch470>
<Switch471>
15
</Switch471>
<Switch472>
5
</Switch472>
<Switch473>
1
</Switch473>
<Switch474>
5
</Switch474>
<Switch475>
10
</Switch475>
<Switch476>
3
</Switch476>
<Switch477>
9
</Switch477>
<Switch478>
3
</Switch478>
<Switch479>
2
</Switch479>
<Switch480>
8
</Switch480>
<Switch481>
15
</Switch481>
<Switch482>
11
</Switch482>
<Switch483>
16
</Switch483>
<Switch484>
15
</Switch484>
<Switch485>
6
</Switch485>
<Switch486>
1
</Switch486>
<Switch487>
18
</Switch487>
<Switch488>
13
</Switch488>
<Switch489>
6
</Switch489>
<Switch490>
0
</Switch490>
<Switch491>
19
</Switch491>
<Switch492>
14
</Switch492>
<Switch493>
0
</Switch493>
<Switch494>
5
</Switch494>
<Switch495>
16
</Switch495>
<Switch496>
13
</Switch496>
<Switch497>
15
</Switch497>
<Switch498>
4
</Switch498>
<Switch499>
5
</Switch499>
<Switch500>
5
</Switch500>
<Switch501>
16
</Switch501>
<Switch502>
10
</Switch502>
<Switch503>
4
</Switch503>
<Switch504>
12
</Switch504>
<Switch505>
4
</Switch505>
<Switch506>
16
</Switch506>
<Switch507>
18
</Switch507>
<Switch508>
3
</Switch508>
<Switch509>
8
</Switch509>
<Switch510>
6
</Switch510>
<Switch511>
11
</Switch511>
<Switch512>
9
</Switch512>
<Switch513>
6
</Switch513>
<Switch514>
7
</Switch514>
<Switch515>
5
</Switch515>
<Switch516>
11
</Switch516>
<Switch517>
3
</Switch517>
<Switch518>
12
</Switch518>
<Switch519>
6
</Switch519>
<Switch520>
9
</Switch520>
<Switch521>
5
</Switch521>
<Switch522>
8
</Switch522>
<Switch523>
11
</Switch523>
<Switch524>
2
</Switch524>
<Switch525>
14
</Switch525>
</BaseID:109>
