<?xml version="1.0"?>

<BaseID:1110>
<Switch1>
14
</Switch1>
<Switch2>
19
</Switch2>
<Switch3>
1
</Switch3>
<Switch4>
5
</Switch4>
<Switch5>
3
</Switch5>
<Switch6>
1
</Switch6>
<Switch7>
18
</Switch7>
<Switch8>
3
</Switch8>
<Switch9>
19
</Switch9>
<Switch10>
3
</Switch10>
<Switch11>
7
</Switch11>
<Switch12>
3
</Switch12>
<Switch13>
5
</Switch13>
<Switch14>
12
</Switch14>
<Switch15>
12
</Switch15>
<Switch16>
6
</Switch16>
<Switch17>
0
</Switch17>
<Switch18>
19
</Switch18>
<Switch19>
16
</Switch19>
<Switch20>
9
</Switch20>
<Switch21>
5
</Switch21>
<Switch22>
12
</Switch22>
<Switch23>
16
</Switch23>
<Switch24>
16
</Switch24>
<Switch25>
0
</Switch25>
<Switch26>
8
</Switch26>
<Switch27>
14
</Switch27>
<Switch28>
1
</Switch28>
<Switch29>
13
</Switch29>
<Switch30>
10
</Switch30>
<Switch31>
1
</Switch31>
<Switch32>
18
</Switch32>
<Switch33>
5
</Switch33>
<Switch34>
11
</Switch34>
<Switch35>
17
</Switch35>
<Switch36>
9
</Switch36>
<Switch37>
4
</Switch37>
<Switch38>
17
</Switch38>
<Switch39>
17
</Switch39>
<Switch40>
0
</Switch40>
<Switch41>
5
</Switch41>
<Switch42>
14
</Switch42>
<Switch43>
5
</Switch43>
<Switch44>
17
</Switch44>
<Switch45>
10
</Switch45>
<Switch46>
16
</Switch46>
<Switch47>
12
</Switch47>
<Switch48>
12
</Switch48>
<Switch49>
0
</Switch49>
<Switch50>
9
</Switch50>
<Switch51>
18
</Switch51>
<Switch52>
17
</Switch52>
<Switch53>
11
</Switch53>
<Switch54>
15
</Switch54>
<Switch55>
16
</Switch55>
<Switch56>
14
</Switch56>
<Switch57>
5
</Switch57>
<Switch58>
18
</Switch58>
<Switch59>
13
</Switch59>
<Switch60>
0
</Switch60>
<Switch61>
17
</Switch61>
<Switch62>
18
</Switch62>
<Switch63>
7
</Switch63>
<Switch64>
2
</Switch64>
<Switch65>
8
</Switch65>
<Switch66>
12
</Switch66>
<Switch67>
11
</Switch67>
<Switch68>
17
</Switch68>
<Switch69>
7
</Switch69>
<Switch70>
6
</Switch70>
<Switch71>
6
</Switch71>
<Switch72>
4
</Switch72>
<Switch73>
11
</Switch73>
<Switch74>
3
</Switch74>
<Switch75>
2
</Switch75>
<Switch76>
18
</Switch76>
<Switch77>
15
</Switch77>
<Switch78>
2
</Switch78>
<Switch79>
2
</Switch79>
<Switch80>
6
</Switch80>
<Switch81>
8
</Switch81>
<Switch82>
2
</Switch82>
<Switch83>
18
</Switch83>
<Switch84>
16
</Switch84>
<Switch85>
10
</Switch85>
<Switch86>
18
</Switch86>
<Switch87>
18
</Switch87>
<Switch88>
8
</Switch88>
<Switch89>
14
</Switch89>
<Switch90>
6
</Switch90>
<Switch91>
9
</Switch91>
<Switch92>
15
</Switch92>
<Switch93>
16
</Switch93>
<Switch94>
6
</Switch94>
<Switch95>
2
</Switch95>
<Switch96>
18
</Switch96>
<Switch97>
4
</Switch97>
<Switch98>
17
</Switch98>
<Switch99>
0
</Switch99>
<Switch100>
16
</Switch100>
<Switch101>
2
</Switch101>
<Switch102>
12
</Switch102>
<Switch103>
0
</Switch103>
<Switch104>
17
</Switch104>
<Switch105>
7
</Switch105>
<Switch106>
9
</Switch106>
<Switch107>
7
</Switch107>
<Switch108>
5
</Switch108>
<Switch109>
11
</Switch109>
<Switch110>
5
</Switch110>
<Switch111>
14
</Switch111>
<Switch112>
7
</Switch112>
<Switch113>
13
</Switch113>
<Switch114>
16
</Switch114>
<Switch115>
18
</Switch115>
<Switch116>
14
</Switch116>
<Switch117>
6
</Switch117>
<Switch118>
8
</Switch118>
<Switch119>
12
</Switch119>
<Switch120>
14
</Switch120>
<Switch121>
6
</Switch121>
<Switch122>
11
</Switch122>
<Switch123>
0
</Switch123>
<Switch124>
8
</Switch124>
<Switch125>
16
</Switch125>
<Switch126>
6
</Switch126>
<Switch127>
12
</Switch127>
<Switch128>
4
</Switch128>
<Switch129>
9
</Switch129>
<Switch130>
7
</Switch130>
<Switch131>
12
</Switch131>
<Switch132>
4
</Switch132>
<Switch133>
12
</Switch133>
<Switch134>
10
</Switch134>
<Switch135>
19
</Switch135>
<Switch136>
13
</Switch136>
<Switch137>
5
</Switch137>
<Switch138>
0
</Switch138>
<Switch139>
4
</Switch139>
<Switch140>
15
</Switch140>
<Switch141>
12
</Switch141>
<Switch142>
14
</Switch142>
<Switch143>
0
</Switch143>
<Switch144>
11
</Switch144>
<Switch145>
13
</Switch145>
<Switch146>
2
</Switch146>
<Switch147>
6
</Switch147>
<Switch148>
4
</Switch148>
<Switch149>
15
</Switch149>
<Switch150>
12
</Switch150>
<Switch151>
13
</Switch151>
<Switch152>
16
</Switch152>
<Switch153>
14
</Switch153>
<Switch154>
6
</Switch154>
<Switch155>
4
</Switch155>
<Switch156>
8
</Switch156>
<Switch157>
10
</Switch157>
<Switch158>
14
</Switch158>
<Switch159>
15
</Switch159>
<Switch160>
11
</Switch160>
<Switch161>
17
</Switch161>
<Switch162>
9
</Switch162>
<Switch163>
15
</Switch163>
<Switch164>
9
</Switch164>
<Switch165>
1
</Switch165>
<Switch166>
13
</Switch166>
<Switch167>
7
</Switch167>
<Switch168>
7
</Switch168>
<Switch169>
4
</Switch169>
<Switch170>
5
</Switch170>
<Switch171>
16
</Switch171>
<Switch172>
16
</Switch172>
<Switch173>
8
</Switch173>
<Switch174>
17
</Switch174>
<Switch175>
17
</Switch175>
<Switch176>
5
</Switch176>
<Switch177>
15
</Switch177>
<Switch178>
5
</Switch178>
<Switch179>
0
</Switch179>
<Switch180>
10
</Switch180>
<Switch181>
16
</Switch181>
<Switch182>
19
</Switch182>
<Switch183>
1
</Switch183>
<Switch184>
2
</Switch184>
<Switch185>
9
</Switch185>
<Switch186>
9
</Switch186>
<Switch187>
1
</Switch187>
<Switch188>
9
</Switch188>
<Switch189>
10
</Switch189>
<Switch190>
9
</Switch190>
<Switch191>
18
</Switch191>
<Switch192>
7
</Switch192>
<Switch193>
2
</Switch193>
<Switch194>
15
</Switch194>
<Switch195>
4
</Switch195>
<Switch196>
4
</Switch196>
<Switch197>
0
</Switch197>
<Switch198>
1
</Switch198>
<Switch199>
4
</Switch199>
<Switch200>
14
</Switch200>
<Switch201>
16
</Switch201>
<Switch202>
14
</Switch202>
<Switch203>
16
</Switch203>
<Switch204>
14
</Switch204>
<Switch205>
9
</Switch205>
<Switch206>
10
</Switch206>
<Switch207>
3
</Switch207>
<Switch208>
11
</Switch208>
<Switch209>
4
</Switch209>
<Switch210>
15
</Switch210>
<Switch211>
10
</Switch211>
<Switch212>
7
</Switch212>
<Switch213>
3
</Switch213>
<Switch214>
13
</Switch214>
<Switch215>
16
</Switch215>
<Switch216>
16
</Switch216>
<Switch217>
7
</Switch217>
<Switch218>
7
</Switch218>
<Switch219>
9
</Switch219>
<Switch220>
15
</Switch220>
<Switch221>
19
</Switch221>
<Switch222>
0
</Switch222>
<Switch223>
13
</Switch223>
<Switch224>
3
</Switch224>
<Switch225>
4
</Switch225>
<Switch226>
9
</Switch226>
<Switch227>
8
</Switch227>
<Switch228>
9
</Switch228>
<Switch229>
14
</Switch229>
<Switch230>
6
</Switch230>
<Switch231>
10
</Switch231>
<Switch232>
4
</Switch232>
<Switch233>
6
</Switch233>
<Switch234>
6
</Switch234>
<Switch235>
16
</Switch235>
<Switch236>
0
</Switch236>
<Switch237>
17
</Switch237>
<Switch238>
5
</Switch238>
<Switch239>
4
</Switch239>
<Switch240>
0
</Switch240>
<Switch241>
3
</Switch241>
<Switch242>
19
</Switch242>
<Switch243>
0
</Switch243>
<Switch244>
8
</Switch244>
<Switch245>
6
</Switch245>
<Switch246>
9
</Switch246>
<Switch247>
19
</Switch247>
<Switch248>
2
</Switch248>
<Switch249>
1
</Switch249>
<Switch250>
0
</Switch250>
<Switch251>
17
</Switch251>
<Switch252>
1
</Switch252>
<Switch253>
3
</Switch253>
<Switch254>
7
</Switch254>
<Switch255>
13
</Switch255>
<Switch256>
17
</Switch256>
<Switch257>
10
</Switch257>
<Switch258>
12
</Switch258>
<Switch259>
2
</Switch259>
<Switch260>
19
</Switch260>
<Switch261>
12
</Switch261>
<Switch262>
15
</Switch262>
<Switch263>
9
</Switch263>
<Switch264>
12
</Switch264>
<Switch265>
1
</Switch265>
<Switch266>
10
</Switch266>
<Switch267>
3
</Switch267>
<Switch268>
0
</Switch268>
<Switch269>
9
</Switch269>
<Switch270>
13
</Switch270>
<Switch271>
11
</Switch271>
<Switch272>
16
</Switch272>
<Switch273>
9
</Switch273>
<Switch274>
1
</Switch274>
<Switch275>
12
</Switch275>
<Switch276>
8
</Switch276>
<Switch277>
18
</Switch277>
<Switch278>
9
</Switch278>
<Switch279>
0
</Switch279>
<Switch280>
9
</Switch280>
<Switch281>
7
</Switch281>
<Switch282>
4
</Switch282>
<Switch283>
12
</Switch283>
<Switch284>
16
</Switch284>
<Switch285>
17
</Switch285>
<Switch286>
10
</Switch286>
<Switch287>
0
</Switch287>
<Switch288>
4
</Switch288>
<Switch289>
0
</Switch289>
<Switch290>
3
</Switch290>
<Switch291>
3
</Switch291>
<Switch292>
10
</Switch292>
<Switch293>
0
</Switch293>
<Switch294>
2
</Switch294>
<Switch295>
18
</Switch295>
<Switch296>
2
</Switch296>
<Switch297>
1
</Switch297>
<Switch298>
8
</Switch298>
<Switch299>
6
</Switch299>
<Switch300>
3
</Switch300>
<Switch301>
5
</Switch301>
<Switch302>
19
</Switch302>
<Switch303>
4
</Switch303>
<Switch304>
15
</Switch304>
<Switch305>
13
</Switch305>
<Switch306>
14
</Switch306>
<Switch307>
0
</Switch307>
<Switch308>
0
</Switch308>
<Switch309>
7
</Switch309>
<Switch310>
19
</Switch310>
<Switch311>
5
</Switch311>
<Switch312>
19
</Switch312>
<Switch313>
15
</Switch313>
<Switch314>
4
</Switch314>
<Switch315>
8
</Switch315>
<Switch316>
12
</Switch316>
<Switch317>
4
</Switch317>
<Switch318>
16
</Switch318>
<Switch319>
12
</Switch319>
<Switch320>
0
</Switch320>
<Switch321>
11
</Switch321>
<Switch322>
10
</Switch322>
<Switch323>
19
</Switch323>
<Switch324>
3
</Switch324>
<Switch325>
19
</Switch325>
<Switch326>
9
</Switch326>
<Switch327>
16
</Switch327>
<Switch328>
5
</Switch328>
<Switch329>
11
</Switch329>
<Switch330>
10
</Switch330>
<Switch331>
17
</Switch331>
<Switch332>
8
</Switch332>
<Switch333>
5
</Switch333>
<Switch334>
3
</Switch334>
<Switch335>
7
</Switch335>
<Switch336>
5
</Switch336>
<Switch337>
7
</Switch337>
<Switch338>
1
</Switch338>
<Switch339>
0
</Switch339>
<Switch340>
0
</Switch340>
<Switch341>
14
</Switch341>
<Switch342>
12
</Switch342>
<Switch343>
5
</Switch343>
<Switch344>
1
</Switch344>
<Switch345>
3
</Switch345>
<Switch346>
15
</Switch346>
<Switch347>
14
</Switch347>
<Switch348>
3
</Switch348>
<Switch349>
6
</Switch349>
<Switch350>
15
</Switch350>
<Switch351>
12
</Switch351>
<Switch352>
1
</Switch352>
<Switch353>
10
</Switch353>
<Switch354>
10
</Switch354>
<Switch355>
2
</Switch355>
<Switch356>
10
</Switch356>
<Switch357>
17
</Switch357>
<Switch358>
17
</Switch358>
<Switch359>
11
</Switch359>
<Switch360>
19
</Switch360>
<Switch361>
10
</Switch361>
<Switch362>
19
</Switch362>
<Switch363>
7
</Switch363>
<Switch364>
7
</Switch364>
<Switch365>
9
</Switch365>
<Switch366>
17
</Switch366>
<Switch367>
4
</Switch367>
<Switch368>
6
</Switch368>
<Switch369>
16
</Switch369>
<Switch370>
2
</Switch370>
<Switch371>
10
</Switch371>
<Switch372>
2
</Switch372>
<Switch373>
8
</Switch373>
<Switch374>
0
</Switch374>
<Switch375>
4
</Switch375>
<Switch376>
0
</Switch376>
<Switch377>
3
</Switch377>
<Switch378>
2
</Switch378>
<Switch379>
2
</Switch379>
<Switch380>
16
</Switch380>
<Switch381>
1
</Switch381>
<Switch382>
13
</Switch382>
<Switch383>
16
</Switch383>
<Switch384>
7
</Switch384>
<Switch385>
9
</Switch385>
<Switch386>
14
</Switch386>
<Switch387>
7
</Switch387>
<Switch388>
14
</Switch388>
<Switch389>
14
</Switch389>
<Switch390>
1
</Switch390>
<Switch391>
7
</Switch391>
<Switch392>
19
</Switch392>
<Switch393>
11
</Switch393>
<Switch394>
8
</Switch394>
<Switch395>
17
</Switch395>
<Switch396>
9
</Switch396>
<Switch397>
5
</Switch397>
<Switch398>
16
</Switch398>
<Switch399>
12
</Switch399>
<Switch400>
10
</Switch400>
<Switch401>
15
</Switch401>
<Switch402>
1
</Switch402>
<Switch403>
3
</Switch403>
<Switch404>
9
</Switch404>
<Switch405>
8
</Switch405>
<Switch406>
2
</Switch406>
<Switch407>
14
</Switch407>
<Switch408>
2
</Switch408>
<Switch409>
2
</Switch409>
<Switch410>
3
</Switch410>
<Switch411>
15
</Switch411>
<Switch412>
5
</Switch412>
<Switch413>
18
</Switch413>
<Switch414>
11
</Switch414>
<Switch415>
4
</Switch415>
<Switch416>
18
</Switch416>
<Switch417>
5
</Switch417>
<Switch418>
10
</Switch418>
<Switch419>
18
</Switch419>
<Switch420>
12
</Switch420>
<Switch421>
14
</Switch421>
<Switch422>
19
</Switch422>
<Switch423>
16
</Switch423>
<Switch424>
1
</Switch424>
<Switch425>
9
</Switch425>
<Switch426>
15
</Switch426>
<Switch427>
19
</Switch427>
<Switch428>
10
</Switch428>
<Switch429>
12
</Switch429>
<Switch430>
9
</Switch430>
<Switch431>
18
</Switch431>
<Switch432>
13
</Switch432>
<Switch433>
13
</Switch433>
<Switch434>
11
</Switch434>
<Switch435>
10
</Switch435>
<Switch436>
3
</Switch436>
<Switch437>
9
</Switch437>
<Switch438>
11
</Switch438>
<Switch439>
12
</Switch439>
<Switch440>
4
</Switch440>
<Switch441>
12
</Switch441>
<Switch442>
12
</Switch442>
<Switch443>
18
</Switch443>
<Switch444>
6
</Switch444>
<Switch445>
13
</Switch445>
<Switch446>
16
</Switch446>
<Switch447>
16
</Switch447>
<Switch448>
6
</Switch448>
<Switch449>
13
</Switch449>
<Switch450>
10
</Switch450>
<Switch451>
1
</Switch451>
<Switch452>
11
</Switch452>
<Switch453>
17
</Switch453>
<Switch454>
9
</Switch454>
<Switch455>
15
</Switch455>
<Switch456>
9
</Switch456>
<Switch457>
17
</Switch457>
<Switch458>
15
</Switch458>
<Switch459>
12
</Switch459>
<Switch460>
5
</Switch460>
<Switch461>
4
</Switch461>
<Switch462>
4
</Switch462>
<Switch463>
17
</Switch463>
<Switch464>
7
</Switch464>
<Switch465>
5
</Switch465>
<Switch466>
15
</Switch466>
<Switch467>
5
</Switch467>
<Switch468>
8
</Switch468>
<Switch469>
19
</Switch469>
<Switch470>
7
</Switch470>
<Switch471>
16
</Switch471>
<Switch472>
11
</Switch472>
<Switch473>
6
</Switch473>
<Switch474>
4
</Switch474>
<Switch475>
2
</Switch475>
<Switch476>
0
</Switch476>
<Switch477>
11
</Switch477>
<Switch478>
18
</Switch478>
<Switch479>
12
</Switch479>
<Switch480>
3
</Switch480>
<Switch481>
6
</Switch481>
<Switch482>
19
</Switch482>
<Switch483>
14
</Switch483>
<Switch484>
0
</Switch484>
<Switch485>
2
</Switch485>
<Switch486>
12
</Switch486>
<Switch487>
10
</Switch487>
<Switch488>
19
</Switch488>
<Switch489>
18
</Switch489>
<Switch490>
16
</Switch490>
<Switch491>
5
</Switch491>
<Switch492>
15
</Switch492>
<Switch493>
12
</Switch493>
<Switch494>
5
</Switch494>
<Switch495>
3
</Switch495>
<Switch496>
0
</Switch496>
<Switch497>
15
</Switch497>
<Switch498>
9
</Switch498>
<Switch499>
13
</Switch499>
<Switch500>
13
</Switch500>
<Switch501>
6
</Switch501>
<Switch502>
14
</Switch502>
<Switch503>
8
</Switch503>
<Switch504>
17
</Switch504>
<Switch505>
19
</Switch505>
<Switch506>
8
</Switch506>
<Switch507>
13
</Switch507>
<Switch508>
19
</Switch508>
<Switch509>
18
</Switch509>
<Switch510>
3
</Switch510>
<Switch511>
1
</Switch511>
<Switch512>
5
</Switch512>
<Switch513>
15
</Switch513>
<Switch514>
0
</Switch514>
<Switch515>
2
</Switch515>
<Switch516>
14
</Switch516>
</BaseID:1110>
