<?xml version="1.0"?>

<BaseID:1113>
<Switch1>
3
</Switch1>
<Switch2>
13
</Switch2>
<Switch3>
6
</Switch3>
<Switch4>
11
</Switch4>
<Switch5>
13
</Switch5>
<Switch6>
0
</Switch6>
<Switch7>
18
</Switch7>
<Switch8>
16
</Switch8>
<Switch9>
17
</Switch9>
<Switch10>
12
</Switch10>
<Switch11>
14
</Switch11>
<Switch12>
7
</Switch12>
<Switch13>
16
</Switch13>
<Switch14>
12
</Switch14>
<Switch15>
17
</Switch15>
<Switch16>
11
</Switch16>
<Switch17>
16
</Switch17>
<Switch18>
14
</Switch18>
<Switch19>
19
</Switch19>
<Switch20>
7
</Switch20>
<Switch21>
13
</Switch21>
<Switch22>
7
</Switch22>
<Switch23>
12
</Switch23>
<Switch24>
2
</Switch24>
<Switch25>
18
</Switch25>
<Switch26>
12
</Switch26>
<Switch27>
1
</Switch27>
<Switch28>
19
</Switch28>
<Switch29>
15
</Switch29>
<Switch30>
2
</Switch30>
<Switch31>
16
</Switch31>
<Switch32>
4
</Switch32>
<Switch33>
4
</Switch33>
<Switch34>
1
</Switch34>
<Switch35>
8
</Switch35>
<Switch36>
17
</Switch36>
<Switch37>
9
</Switch37>
<Switch38>
9
</Switch38>
<Switch39>
17
</Switch39>
<Switch40>
6
</Switch40>
<Switch41>
4
</Switch41>
<Switch42>
6
</Switch42>
<Switch43>
5
</Switch43>
<Switch44>
10
</Switch44>
<Switch45>
3
</Switch45>
<Switch46>
10
</Switch46>
<Switch47>
17
</Switch47>
<Switch48>
14
</Switch48>
<Switch49>
3
</Switch49>
<Switch50>
3
</Switch50>
<Switch51>
7
</Switch51>
<Switch52>
10
</Switch52>
<Switch53>
4
</Switch53>
<Switch54>
16
</Switch54>
<Switch55>
0
</Switch55>
<Switch56>
10
</Switch56>
<Switch57>
0
</Switch57>
<Switch58>
18
</Switch58>
<Switch59>
7
</Switch59>
<Switch60>
1
</Switch60>
<Switch61>
18
</Switch61>
<Switch62>
8
</Switch62>
<Switch63>
8
</Switch63>
<Switch64>
15
</Switch64>
<Switch65>
15
</Switch65>
<Switch66>
4
</Switch66>
<Switch67>
4
</Switch67>
<Switch68>
6
</Switch68>
<Switch69>
11
</Switch69>
<Switch70>
19
</Switch70>
<Switch71>
14
</Switch71>
<Switch72>
0
</Switch72>
<Switch73>
18
</Switch73>
<Switch74>
17
</Switch74>
<Switch75>
7
</Switch75>
<Switch76>
12
</Switch76>
<Switch77>
19
</Switch77>
<Switch78>
19
</Switch78>
<Switch79>
0
</Switch79>
<Switch80>
10
</Switch80>
<Switch81>
3
</Switch81>
<Switch82>
6
</Switch82>
<Switch83>
0
</Switch83>
<Switch84>
12
</Switch84>
<Switch85>
11
</Switch85>
<Switch86>
13
</Switch86>
<Switch87>
12
</Switch87>
<Switch88>
12
</Switch88>
<Switch89>
12
</Switch89>
<Switch90>
19
</Switch90>
<Switch91>
10
</Switch91>
<Switch92>
8
</Switch92>
<Switch93>
19
</Switch93>
<Switch94>
10
</Switch94>
<Switch95>
2
</Switch95>
<Switch96>
14
</Switch96>
<Switch97>
8
</Switch97>
<Switch98>
12
</Switch98>
<Switch99>
2
</Switch99>
<Switch100>
4
</Switch100>
<Switch101>
16
</Switch101>
<Switch102>
8
</Switch102>
<Switch103>
18
</Switch103>
<Switch104>
7
</Switch104>
<Switch105>
8
</Switch105>
<Switch106>
13
</Switch106>
<Switch107>
4
</Switch107>
<Switch108>
13
</Switch108>
<Switch109>
3
</Switch109>
<Switch110>
8
</Switch110>
<Switch111>
14
</Switch111>
<Switch112>
12
</Switch112>
<Switch113>
11
</Switch113>
<Switch114>
0
</Switch114>
<Switch115>
4
</Switch115>
<Switch116>
19
</Switch116>
<Switch117>
0
</Switch117>
<Switch118>
7
</Switch118>
<Switch119>
9
</Switch119>
<Switch120>
12
</Switch120>
<Switch121>
9
</Switch121>
<Switch122>
19
</Switch122>
<Switch123>
14
</Switch123>
<Switch124>
0
</Switch124>
<Switch125>
14
</Switch125>
<Switch126>
2
</Switch126>
<Switch127>
10
</Switch127>
<Switch128>
8
</Switch128>
<Switch129>
5
</Switch129>
<Switch130>
4
</Switch130>
<Switch131>
10
</Switch131>
<Switch132>
9
</Switch132>
<Switch133>
13
</Switch133>
<Switch134>
4
</Switch134>
<Switch135>
4
</Switch135>
<Switch136>
14
</Switch136>
<Switch137>
2
</Switch137>
<Switch138>
10
</Switch138>
<Switch139>
0
</Switch139>
<Switch140>
13
</Switch140>
<Switch141>
11
</Switch141>
<Switch142>
0
</Switch142>
<Switch143>
15
</Switch143>
<Switch144>
8
</Switch144>
<Switch145>
4
</Switch145>
<Switch146>
15
</Switch146>
<Switch147>
16
</Switch147>
<Switch148>
10
</Switch148>
<Switch149>
5
</Switch149>
<Switch150>
13
</Switch150>
<Switch151>
1
</Switch151>
<Switch152>
12
</Switch152>
<Switch153>
15
</Switch153>
<Switch154>
17
</Switch154>
<Switch155>
11
</Switch155>
<Switch156>
5
</Switch156>
<Switch157>
12
</Switch157>
<Switch158>
0
</Switch158>
<Switch159>
10
</Switch159>
<Switch160>
10
</Switch160>
<Switch161>
19
</Switch161>
<Switch162>
11
</Switch162>
<Switch163>
11
</Switch163>
<Switch164>
15
</Switch164>
<Switch165>
0
</Switch165>
<Switch166>
6
</Switch166>
<Switch167>
5
</Switch167>
<Switch168>
19
</Switch168>
<Switch169>
2
</Switch169>
<Switch170>
19
</Switch170>
<Switch171>
18
</Switch171>
<Switch172>
16
</Switch172>
<Switch173>
6
</Switch173>
<Switch174>
12
</Switch174>
<Switch175>
11
</Switch175>
<Switch176>
13
</Switch176>
<Switch177>
10
</Switch177>
<Switch178>
15
</Switch178>
<Switch179>
8
</Switch179>
<Switch180>
6
</Switch180>
<Switch181>
11
</Switch181>
<Switch182>
8
</Switch182>
<Switch183>
18
</Switch183>
<Switch184>
6
</Switch184>
<Switch185>
3
</Switch185>
<Switch186>
7
</Switch186>
<Switch187>
16
</Switch187>
<Switch188>
8
</Switch188>
<Switch189>
3
</Switch189>
<Switch190>
18
</Switch190>
<Switch191>
0
</Switch191>
<Switch192>
4
</Switch192>
<Switch193>
8
</Switch193>
<Switch194>
10
</Switch194>
<Switch195>
18
</Switch195>
<Switch196>
8
</Switch196>
<Switch197>
11
</Switch197>
<Switch198>
14
</Switch198>
<Switch199>
19
</Switch199>
<Switch200>
3
</Switch200>
<Switch201>
15
</Switch201>
<Switch202>
14
</Switch202>
<Switch203>
16
</Switch203>
<Switch204>
3
</Switch204>
<Switch205>
18
</Switch205>
<Switch206>
3
</Switch206>
<Switch207>
11
</Switch207>
<Switch208>
16
</Switch208>
<Switch209>
7
</Switch209>
<Switch210>
18
</Switch210>
<Switch211>
11
</Switch211>
<Switch212>
13
</Switch212>
<Switch213>
19
</Switch213>
<Switch214>
3
</Switch214>
<Switch215>
16
</Switch215>
<Switch216>
6
</Switch216>
<Switch217>
5
</Switch217>
<Switch218>
3
</Switch218>
<Switch219>
14
</Switch219>
<Switch220>
3
</Switch220>
<Switch221>
8
</Switch221>
<Switch222>
3
</Switch222>
<Switch223>
11
</Switch223>
<Switch224>
5
</Switch224>
<Switch225>
4
</Switch225>
<Switch226>
6
</Switch226>
<Switch227>
3
</Switch227>
<Switch228>
19
</Switch228>
<Switch229>
0
</Switch229>
<Switch230>
9
</Switch230>
<Switch231>
8
</Switch231>
<Switch232>
1
</Switch232>
<Switch233>
3
</Switch233>
<Switch234>
9
</Switch234>
<Switch235>
16
</Switch235>
<Switch236>
4
</Switch236>
<Switch237>
18
</Switch237>
<Switch238>
1
</Switch238>
<Switch239>
10
</Switch239>
<Switch240>
13
</Switch240>
<Switch241>
14
</Switch241>
<Switch242>
15
</Switch242>
<Switch243>
15
</Switch243>
<Switch244>
13
</Switch244>
<Switch245>
19
</Switch245>
<Switch246>
2
</Switch246>
<Switch247>
17
</Switch247>
<Switch248>
13
</Switch248>
<Switch249>
12
</Switch249>
<Switch250>
11
</Switch250>
<Switch251>
13
</Switch251>
<Switch252>
0
</Switch252>
<Switch253>
4
</Switch253>
<Switch254>
8
</Switch254>
<Switch255>
7
</Switch255>
<Switch256>
14
</Switch256>
<Switch257>
18
</Switch257>
<Switch258>
5
</Switch258>
<Switch259>
18
</Switch259>
<Switch260>
8
</Switch260>
<Switch261>
9
</Switch261>
<Switch262>
2
</Switch262>
<Switch263>
3
</Switch263>
<Switch264>
3
</Switch264>
</BaseID:1113>
