<?xml version="1.0"?>

<BaseID:1115>
<Switch1>
15
</Switch1>
<Switch2>
19
</Switch2>
<Switch3>
19
</Switch3>
<Switch4>
19
</Switch4>
<Switch5>
13
</Switch5>
<Switch6>
7
</Switch6>
<Switch7>
2
</Switch7>
<Switch8>
15
</Switch8>
<Switch9>
3
</Switch9>
<Switch10>
19
</Switch10>
<Switch11>
18
</Switch11>
<Switch12>
8
</Switch12>
<Switch13>
8
</Switch13>
<Switch14>
6
</Switch14>
<Switch15>
13
</Switch15>
<Switch16>
0
</Switch16>
<Switch17>
19
</Switch17>
<Switch18>
19
</Switch18>
<Switch19>
6
</Switch19>
<Switch20>
14
</Switch20>
<Switch21>
16
</Switch21>
<Switch22>
6
</Switch22>
<Switch23>
19
</Switch23>
<Switch24>
18
</Switch24>
<Switch25>
6
</Switch25>
<Switch26>
0
</Switch26>
<Switch27>
0
</Switch27>
<Switch28>
5
</Switch28>
<Switch29>
12
</Switch29>
<Switch30>
5
</Switch30>
<Switch31>
18
</Switch31>
<Switch32>
9
</Switch32>
<Switch33>
11
</Switch33>
<Switch34>
16
</Switch34>
<Switch35>
15
</Switch35>
<Switch36>
6
</Switch36>
<Switch37>
9
</Switch37>
<Switch38>
2
</Switch38>
<Switch39>
18
</Switch39>
<Switch40>
4
</Switch40>
<Switch41>
16
</Switch41>
<Switch42>
5
</Switch42>
<Switch43>
11
</Switch43>
<Switch44>
5
</Switch44>
<Switch45>
18
</Switch45>
<Switch46>
7
</Switch46>
<Switch47>
4
</Switch47>
<Switch48>
14
</Switch48>
<Switch49>
5
</Switch49>
<Switch50>
8
</Switch50>
<Switch51>
3
</Switch51>
<Switch52>
6
</Switch52>
<Switch53>
0
</Switch53>
<Switch54>
12
</Switch54>
<Switch55>
15
</Switch55>
<Switch56>
15
</Switch56>
<Switch57>
4
</Switch57>
<Switch58>
19
</Switch58>
<Switch59>
7
</Switch59>
<Switch60>
10
</Switch60>
<Switch61>
3
</Switch61>
<Switch62>
16
</Switch62>
<Switch63>
2
</Switch63>
<Switch64>
13
</Switch64>
<Switch65>
3
</Switch65>
<Switch66>
13
</Switch66>
<Switch67>
10
</Switch67>
<Switch68>
8
</Switch68>
<Switch69>
6
</Switch69>
<Switch70>
9
</Switch70>
<Switch71>
8
</Switch71>
<Switch72>
10
</Switch72>
<Switch73>
17
</Switch73>
<Switch74>
18
</Switch74>
<Switch75>
16
</Switch75>
<Switch76>
10
</Switch76>
<Switch77>
14
</Switch77>
<Switch78>
10
</Switch78>
<Switch79>
14
</Switch79>
<Switch80>
6
</Switch80>
<Switch81>
17
</Switch81>
<Switch82>
9
</Switch82>
<Switch83>
4
</Switch83>
<Switch84>
3
</Switch84>
<Switch85>
3
</Switch85>
<Switch86>
2
</Switch86>
<Switch87>
0
</Switch87>
<Switch88>
15
</Switch88>
<Switch89>
18
</Switch89>
<Switch90>
19
</Switch90>
<Switch91>
14
</Switch91>
<Switch92>
16
</Switch92>
<Switch93>
13
</Switch93>
<Switch94>
19
</Switch94>
<Switch95>
0
</Switch95>
<Switch96>
2
</Switch96>
<Switch97>
7
</Switch97>
<Switch98>
12
</Switch98>
<Switch99>
10
</Switch99>
<Switch100>
1
</Switch100>
<Switch101>
4
</Switch101>
<Switch102>
6
</Switch102>
<Switch103>
8
</Switch103>
<Switch104>
1
</Switch104>
<Switch105>
8
</Switch105>
<Switch106>
15
</Switch106>
<Switch107>
7
</Switch107>
<Switch108>
7
</Switch108>
<Switch109>
15
</Switch109>
<Switch110>
19
</Switch110>
<Switch111>
7
</Switch111>
<Switch112>
9
</Switch112>
<Switch113>
18
</Switch113>
<Switch114>
7
</Switch114>
<Switch115>
8
</Switch115>
<Switch116>
5
</Switch116>
<Switch117>
17
</Switch117>
<Switch118>
6
</Switch118>
<Switch119>
17
</Switch119>
<Switch120>
15
</Switch120>
<Switch121>
0
</Switch121>
<Switch122>
14
</Switch122>
<Switch123>
10
</Switch123>
<Switch124>
9
</Switch124>
<Switch125>
14
</Switch125>
<Switch126>
15
</Switch126>
<Switch127>
14
</Switch127>
<Switch128>
16
</Switch128>
<Switch129>
8
</Switch129>
<Switch130>
9
</Switch130>
<Switch131>
11
</Switch131>
<Switch132>
1
</Switch132>
<Switch133>
6
</Switch133>
<Switch134>
19
</Switch134>
<Switch135>
14
</Switch135>
<Switch136>
6
</Switch136>
<Switch137>
17
</Switch137>
<Switch138>
19
</Switch138>
<Switch139>
8
</Switch139>
<Switch140>
16
</Switch140>
<Switch141>
19
</Switch141>
<Switch142>
14
</Switch142>
<Switch143>
12
</Switch143>
<Switch144>
6
</Switch144>
<Switch145>
7
</Switch145>
<Switch146>
13
</Switch146>
<Switch147>
4
</Switch147>
<Switch148>
12
</Switch148>
<Switch149>
17
</Switch149>
<Switch150>
14
</Switch150>
<Switch151>
9
</Switch151>
<Switch152>
1
</Switch152>
<Switch153>
16
</Switch153>
<Switch154>
13
</Switch154>
<Switch155>
2
</Switch155>
<Switch156>
19
</Switch156>
<Switch157>
12
</Switch157>
<Switch158>
14
</Switch158>
<Switch159>
17
</Switch159>
<Switch160>
18
</Switch160>
<Switch161>
4
</Switch161>
<Switch162>
10
</Switch162>
<Switch163>
6
</Switch163>
<Switch164>
12
</Switch164>
<Switch165>
1
</Switch165>
<Switch166>
14
</Switch166>
<Switch167>
19
</Switch167>
<Switch168>
0
</Switch168>
<Switch169>
2
</Switch169>
<Switch170>
15
</Switch170>
<Switch171>
12
</Switch171>
<Switch172>
1
</Switch172>
<Switch173>
8
</Switch173>
<Switch174>
3
</Switch174>
<Switch175>
19
</Switch175>
<Switch176>
14
</Switch176>
<Switch177>
13
</Switch177>
<Switch178>
9
</Switch178>
<Switch179>
11
</Switch179>
<Switch180>
16
</Switch180>
<Switch181>
8
</Switch181>
<Switch182>
17
</Switch182>
<Switch183>
10
</Switch183>
<Switch184>
12
</Switch184>
<Switch185>
4
</Switch185>
<Switch186>
7
</Switch186>
<Switch187>
7
</Switch187>
<Switch188>
3
</Switch188>
<Switch189>
2
</Switch189>
<Switch190>
10
</Switch190>
<Switch191>
10
</Switch191>
<Switch192>
4
</Switch192>
<Switch193>
6
</Switch193>
<Switch194>
5
</Switch194>
<Switch195>
19
</Switch195>
<Switch196>
10
</Switch196>
<Switch197>
17
</Switch197>
<Switch198>
6
</Switch198>
<Switch199>
13
</Switch199>
<Switch200>
16
</Switch200>
<Switch201>
17
</Switch201>
<Switch202>
3
</Switch202>
<Switch203>
3
</Switch203>
<Switch204>
13
</Switch204>
<Switch205>
6
</Switch205>
<Switch206>
14
</Switch206>
<Switch207>
9
</Switch207>
<Switch208>
4
</Switch208>
<Switch209>
14
</Switch209>
<Switch210>
4
</Switch210>
<Switch211>
2
</Switch211>
<Switch212>
17
</Switch212>
<Switch213>
2
</Switch213>
<Switch214>
11
</Switch214>
<Switch215>
15
</Switch215>
<Switch216>
2
</Switch216>
<Switch217>
3
</Switch217>
<Switch218>
18
</Switch218>
<Switch219>
8
</Switch219>
<Switch220>
18
</Switch220>
<Switch221>
15
</Switch221>
<Switch222>
6
</Switch222>
<Switch223>
3
</Switch223>
<Switch224>
7
</Switch224>
<Switch225>
11
</Switch225>
<Switch226>
2
</Switch226>
<Switch227>
5
</Switch227>
<Switch228>
19
</Switch228>
<Switch229>
2
</Switch229>
<Switch230>
11
</Switch230>
<Switch231>
5
</Switch231>
<Switch232>
13
</Switch232>
<Switch233>
17
</Switch233>
<Switch234>
6
</Switch234>
<Switch235>
8
</Switch235>
<Switch236>
2
</Switch236>
<Switch237>
11
</Switch237>
<Switch238>
4
</Switch238>
<Switch239>
7
</Switch239>
<Switch240>
4
</Switch240>
<Switch241>
5
</Switch241>
<Switch242>
5
</Switch242>
<Switch243>
12
</Switch243>
<Switch244>
7
</Switch244>
<Switch245>
11
</Switch245>
<Switch246>
4
</Switch246>
<Switch247>
12
</Switch247>
<Switch248>
15
</Switch248>
<Switch249>
13
</Switch249>
<Switch250>
7
</Switch250>
<Switch251>
14
</Switch251>
<Switch252>
6
</Switch252>
<Switch253>
4
</Switch253>
<Switch254>
14
</Switch254>
<Switch255>
17
</Switch255>
<Switch256>
18
</Switch256>
<Switch257>
1
</Switch257>
<Switch258>
11
</Switch258>
<Switch259>
12
</Switch259>
<Switch260>
2
</Switch260>
<Switch261>
4
</Switch261>
<Switch262>
13
</Switch262>
<Switch263>
19
</Switch263>
<Switch264>
11
</Switch264>
<Switch265>
3
</Switch265>
<Switch266>
17
</Switch266>
<Switch267>
3
</Switch267>
<Switch268>
15
</Switch268>
<Switch269>
17
</Switch269>
<Switch270>
4
</Switch270>
<Switch271>
3
</Switch271>
<Switch272>
15
</Switch272>
<Switch273>
7
</Switch273>
<Switch274>
18
</Switch274>
<Switch275>
6
</Switch275>
<Switch276>
1
</Switch276>
<Switch277>
18
</Switch277>
<Switch278>
17
</Switch278>
<Switch279>
1
</Switch279>
<Switch280>
15
</Switch280>
<Switch281>
19
</Switch281>
<Switch282>
17
</Switch282>
<Switch283>
8
</Switch283>
<Switch284>
11
</Switch284>
<Switch285>
5
</Switch285>
<Switch286>
15
</Switch286>
<Switch287>
17
</Switch287>
<Switch288>
6
</Switch288>
<Switch289>
3
</Switch289>
<Switch290>
10
</Switch290>
<Switch291>
1
</Switch291>
<Switch292>
9
</Switch292>
<Switch293>
6
</Switch293>
<Switch294>
9
</Switch294>
<Switch295>
0
</Switch295>
<Switch296>
7
</Switch296>
<Switch297>
17
</Switch297>
<Switch298>
0
</Switch298>
<Switch299>
10
</Switch299>
<Switch300>
15
</Switch300>
<Switch301>
6
</Switch301>
<Switch302>
13
</Switch302>
<Switch303>
19
</Switch303>
<Switch304>
13
</Switch304>
<Switch305>
6
</Switch305>
<Switch306>
4
</Switch306>
<Switch307>
11
</Switch307>
<Switch308>
17
</Switch308>
<Switch309>
12
</Switch309>
<Switch310>
16
</Switch310>
<Switch311>
9
</Switch311>
<Switch312>
3
</Switch312>
<Switch313>
11
</Switch313>
<Switch314>
13
</Switch314>
<Switch315>
15
</Switch315>
<Switch316>
19
</Switch316>
<Switch317>
17
</Switch317>
<Switch318>
7
</Switch318>
<Switch319>
9
</Switch319>
<Switch320>
10
</Switch320>
<Switch321>
17
</Switch321>
<Switch322>
11
</Switch322>
<Switch323>
0
</Switch323>
<Switch324>
10
</Switch324>
<Switch325>
9
</Switch325>
<Switch326>
17
</Switch326>
<Switch327>
2
</Switch327>
<Switch328>
8
</Switch328>
<Switch329>
13
</Switch329>
<Switch330>
7
</Switch330>
<Switch331>
10
</Switch331>
<Switch332>
19
</Switch332>
<Switch333>
8
</Switch333>
<Switch334>
18
</Switch334>
<Switch335>
17
</Switch335>
<Switch336>
12
</Switch336>
<Switch337>
4
</Switch337>
<Switch338>
14
</Switch338>
<Switch339>
16
</Switch339>
<Switch340>
9
</Switch340>
<Switch341>
9
</Switch341>
<Switch342>
11
</Switch342>
<Switch343>
6
</Switch343>
<Switch344>
19
</Switch344>
<Switch345>
16
</Switch345>
<Switch346>
7
</Switch346>
<Switch347>
15
</Switch347>
<Switch348>
5
</Switch348>
<Switch349>
17
</Switch349>
<Switch350>
8
</Switch350>
<Switch351>
11
</Switch351>
<Switch352>
10
</Switch352>
<Switch353>
16
</Switch353>
<Switch354>
19
</Switch354>
<Switch355>
8
</Switch355>
<Switch356>
7
</Switch356>
<Switch357>
17
</Switch357>
<Switch358>
3
</Switch358>
<Switch359>
2
</Switch359>
<Switch360>
15
</Switch360>
<Switch361>
7
</Switch361>
<Switch362>
5
</Switch362>
<Switch363>
9
</Switch363>
<Switch364>
11
</Switch364>
<Switch365>
7
</Switch365>
<Switch366>
16
</Switch366>
<Switch367>
19
</Switch367>
<Switch368>
18
</Switch368>
<Switch369>
8
</Switch369>
<Switch370>
9
</Switch370>
<Switch371>
1
</Switch371>
<Switch372>
2
</Switch372>
<Switch373>
1
</Switch373>
<Switch374>
5
</Switch374>
<Switch375>
19
</Switch375>
<Switch376>
10
</Switch376>
<Switch377>
11
</Switch377>
<Switch378>
2
</Switch378>
<Switch379>
3
</Switch379>
<Switch380>
17
</Switch380>
<Switch381>
2
</Switch381>
<Switch382>
8
</Switch382>
<Switch383>
13
</Switch383>
<Switch384>
11
</Switch384>
<Switch385>
15
</Switch385>
<Switch386>
6
</Switch386>
<Switch387>
10
</Switch387>
<Switch388>
18
</Switch388>
<Switch389>
6
</Switch389>
<Switch390>
6
</Switch390>
<Switch391>
1
</Switch391>
<Switch392>
19
</Switch392>
<Switch393>
13
</Switch393>
<Switch394>
10
</Switch394>
<Switch395>
15
</Switch395>
<Switch396>
16
</Switch396>
<Switch397>
9
</Switch397>
<Switch398>
8
</Switch398>
<Switch399>
15
</Switch399>
<Switch400>
15
</Switch400>
<Switch401>
19
</Switch401>
<Switch402>
17
</Switch402>
<Switch403>
9
</Switch403>
<Switch404>
16
</Switch404>
<Switch405>
8
</Switch405>
<Switch406>
6
</Switch406>
<Switch407>
8
</Switch407>
<Switch408>
12
</Switch408>
<Switch409>
18
</Switch409>
<Switch410>
19
</Switch410>
<Switch411>
15
</Switch411>
<Switch412>
6
</Switch412>
<Switch413>
13
</Switch413>
<Switch414>
5
</Switch414>
<Switch415>
13
</Switch415>
<Switch416>
4
</Switch416>
<Switch417>
2
</Switch417>
<Switch418>
12
</Switch418>
<Switch419>
9
</Switch419>
<Switch420>
8
</Switch420>
<Switch421>
7
</Switch421>
<Switch422>
18
</Switch422>
<Switch423>
13
</Switch423>
<Switch424>
0
</Switch424>
<Switch425>
17
</Switch425>
<Switch426>
4
</Switch426>
<Switch427>
19
</Switch427>
<Switch428>
8
</Switch428>
<Switch429>
16
</Switch429>
<Switch430>
2
</Switch430>
<Switch431>
15
</Switch431>
<Switch432>
14
</Switch432>
<Switch433>
12
</Switch433>
<Switch434>
5
</Switch434>
<Switch435>
0
</Switch435>
<Switch436>
16
</Switch436>
<Switch437>
1
</Switch437>
<Switch438>
14
</Switch438>
<Switch439>
5
</Switch439>
<Switch440>
14
</Switch440>
<Switch441>
12
</Switch441>
<Switch442>
18
</Switch442>
<Switch443>
12
</Switch443>
<Switch444>
14
</Switch444>
<Switch445>
1
</Switch445>
<Switch446>
14
</Switch446>
<Switch447>
2
</Switch447>
<Switch448>
2
</Switch448>
<Switch449>
17
</Switch449>
<Switch450>
4
</Switch450>
<Switch451>
18
</Switch451>
<Switch452>
5
</Switch452>
<Switch453>
17
</Switch453>
<Switch454>
11
</Switch454>
<Switch455>
0
</Switch455>
<Switch456>
15
</Switch456>
<Switch457>
6
</Switch457>
<Switch458>
1
</Switch458>
<Switch459>
2
</Switch459>
<Switch460>
11
</Switch460>
<Switch461>
17
</Switch461>
<Switch462>
19
</Switch462>
<Switch463>
1
</Switch463>
<Switch464>
11
</Switch464>
<Switch465>
7
</Switch465>
<Switch466>
14
</Switch466>
<Switch467>
15
</Switch467>
<Switch468>
12
</Switch468>
<Switch469>
1
</Switch469>
<Switch470>
1
</Switch470>
<Switch471>
18
</Switch471>
<Switch472>
15
</Switch472>
<Switch473>
5
</Switch473>
<Switch474>
2
</Switch474>
<Switch475>
18
</Switch475>
<Switch476>
7
</Switch476>
<Switch477>
1
</Switch477>
<Switch478>
4
</Switch478>
<Switch479>
7
</Switch479>
<Switch480>
16
</Switch480>
<Switch481>
1
</Switch481>
<Switch482>
7
</Switch482>
<Switch483>
8
</Switch483>
<Switch484>
13
</Switch484>
<Switch485>
4
</Switch485>
<Switch486>
14
</Switch486>
<Switch487>
16
</Switch487>
<Switch488>
7
</Switch488>
<Switch489>
13
</Switch489>
<Switch490>
13
</Switch490>
<Switch491>
3
</Switch491>
<Switch492>
7
</Switch492>
<Switch493>
4
</Switch493>
<Switch494>
2
</Switch494>
<Switch495>
15
</Switch495>
<Switch496>
7
</Switch496>
<Switch497>
16
</Switch497>
<Switch498>
0
</Switch498>
<Switch499>
14
</Switch499>
<Switch500>
5
</Switch500>
<Switch501>
8
</Switch501>
<Switch502>
16
</Switch502>
<Switch503>
3
</Switch503>
<Switch504>
15
</Switch504>
<Switch505>
14
</Switch505>
<Switch506>
4
</Switch506>
<Switch507>
8
</Switch507>
<Switch508>
14
</Switch508>
<Switch509>
4
</Switch509>
<Switch510>
5
</Switch510>
<Switch511>
6
</Switch511>
<Switch512>
2
</Switch512>
<Switch513>
9
</Switch513>
<Switch514>
5
</Switch514>
<Switch515>
16
</Switch515>
<Switch516>
12
</Switch516>
<Switch517>
4
</Switch517>
<Switch518>
1
</Switch518>
<Switch519>
19
</Switch519>
<Switch520>
13
</Switch520>
<Switch521>
4
</Switch521>
<Switch522>
18
</Switch522>
<Switch523>
7
</Switch523>
<Switch524>
7
</Switch524>
<Switch525>
17
</Switch525>
<Switch526>
15
</Switch526>
<Switch527>
4
</Switch527>
<Switch528>
9
</Switch528>
<Switch529>
4
</Switch529>
<Switch530>
11
</Switch530>
<Switch531>
12
</Switch531>
<Switch532>
14
</Switch532>
<Switch533>
2
</Switch533>
<Switch534>
17
</Switch534>
<Switch535>
0
</Switch535>
<Switch536>
15
</Switch536>
<Switch537>
17
</Switch537>
<Switch538>
12
</Switch538>
<Switch539>
10
</Switch539>
<Switch540>
12
</Switch540>
<Switch541>
19
</Switch541>
<Switch542>
14
</Switch542>
<Switch543>
14
</Switch543>
<Switch544>
1
</Switch544>
<Switch545>
1
</Switch545>
<Switch546>
13
</Switch546>
<Switch547>
17
</Switch547>
<Switch548>
6
</Switch548>
<Switch549>
9
</Switch549>
<Switch550>
10
</Switch550>
<Switch551>
19
</Switch551>
<Switch552>
4
</Switch552>
<Switch553>
17
</Switch553>
<Switch554>
14
</Switch554>
<Switch555>
2
</Switch555>
<Switch556>
11
</Switch556>
<Switch557>
19
</Switch557>
<Switch558>
14
</Switch558>
<Switch559>
16
</Switch559>
<Switch560>
1
</Switch560>
<Switch561>
18
</Switch561>
<Switch562>
6
</Switch562>
<Switch563>
17
</Switch563>
<Switch564>
13
</Switch564>
<Switch565>
18
</Switch565>
<Switch566>
10
</Switch566>
<Switch567>
17
</Switch567>
<Switch568>
14
</Switch568>
<Switch569>
4
</Switch569>
<Switch570>
13
</Switch570>
<Switch571>
17
</Switch571>
<Switch572>
15
</Switch572>
<Switch573>
18
</Switch573>
<Switch574>
0
</Switch574>
<Switch575>
2
</Switch575>
<Switch576>
8
</Switch576>
<Switch577>
18
</Switch577>
<Switch578>
8
</Switch578>
<Switch579>
16
</Switch579>
<Switch580>
11
</Switch580>
<Switch581>
14
</Switch581>
<Switch582>
0
</Switch582>
<Switch583>
10
</Switch583>
<Switch584>
16
</Switch584>
<Switch585>
12
</Switch585>
<Switch586>
13
</Switch586>
<Switch587>
18
</Switch587>
</BaseID:1115>
