<?xml version="1.0"?>

<BaseID:1120>
<Switch1>
13
</Switch1>
<Switch2>
17
</Switch2>
<Switch3>
9
</Switch3>
<Switch4>
3
</Switch4>
<Switch5>
3
</Switch5>
<Switch6>
14
</Switch6>
<Switch7>
9
</Switch7>
<Switch8>
0
</Switch8>
<Switch9>
5
</Switch9>
<Switch10>
11
</Switch10>
<Switch11>
10
</Switch11>
<Switch12>
15
</Switch12>
<Switch13>
6
</Switch13>
<Switch14>
12
</Switch14>
<Switch15>
8
</Switch15>
<Switch16>
15
</Switch16>
<Switch17>
9
</Switch17>
<Switch18>
0
</Switch18>
<Switch19>
13
</Switch19>
<Switch20>
14
</Switch20>
<Switch21>
15
</Switch21>
<Switch22>
17
</Switch22>
<Switch23>
1
</Switch23>
<Switch24>
1
</Switch24>
<Switch25>
4
</Switch25>
<Switch26>
7
</Switch26>
<Switch27>
7
</Switch27>
<Switch28>
4
</Switch28>
<Switch29>
5
</Switch29>
<Switch30>
14
</Switch30>
<Switch31>
10
</Switch31>
<Switch32>
17
</Switch32>
<Switch33>
16
</Switch33>
<Switch34>
19
</Switch34>
<Switch35>
2
</Switch35>
<Switch36>
11
</Switch36>
<Switch37>
11
</Switch37>
<Switch38>
18
</Switch38>
<Switch39>
15
</Switch39>
<Switch40>
15
</Switch40>
<Switch41>
18
</Switch41>
<Switch42>
9
</Switch42>
<Switch43>
9
</Switch43>
<Switch44>
6
</Switch44>
<Switch45>
19
</Switch45>
<Switch46>
0
</Switch46>
<Switch47>
7
</Switch47>
<Switch48>
10
</Switch48>
</BaseID:1120>
