<?xml version="1.0"?>

<BaseID:1123>
<Switch1>
8
</Switch1>
<Switch2>
12
</Switch2>
<Switch3>
6
</Switch3>
<Switch4>
19
</Switch4>
<Switch5>
6
</Switch5>
<Switch6>
19
</Switch6>
<Switch7>
1
</Switch7>
<Switch8>
15
</Switch8>
<Switch9>
10
</Switch9>
<Switch10>
8
</Switch10>
<Switch11>
17
</Switch11>
<Switch12>
8
</Switch12>
<Switch13>
13
</Switch13>
<Switch14>
19
</Switch14>
<Switch15>
17
</Switch15>
<Switch16>
9
</Switch16>
<Switch17>
16
</Switch17>
<Switch18>
6
</Switch18>
<Switch19>
6
</Switch19>
<Switch20>
6
</Switch20>
<Switch21>
1
</Switch21>
<Switch22>
10
</Switch22>
<Switch23>
0
</Switch23>
<Switch24>
16
</Switch24>
<Switch25>
4
</Switch25>
<Switch26>
3
</Switch26>
<Switch27>
6
</Switch27>
<Switch28>
6
</Switch28>
<Switch29>
1
</Switch29>
<Switch30>
1
</Switch30>
<Switch31>
9
</Switch31>
<Switch32>
5
</Switch32>
<Switch33>
13
</Switch33>
<Switch34>
7
</Switch34>
<Switch35>
10
</Switch35>
<Switch36>
1
</Switch36>
<Switch37>
17
</Switch37>
<Switch38>
6
</Switch38>
<Switch39>
3
</Switch39>
<Switch40>
15
</Switch40>
<Switch41>
4
</Switch41>
<Switch42>
6
</Switch42>
<Switch43>
13
</Switch43>
<Switch44>
19
</Switch44>
<Switch45>
14
</Switch45>
<Switch46>
6
</Switch46>
<Switch47>
4
</Switch47>
<Switch48>
11
</Switch48>
<Switch49>
18
</Switch49>
<Switch50>
2
</Switch50>
<Switch51>
3
</Switch51>
<Switch52>
19
</Switch52>
<Switch53>
7
</Switch53>
<Switch54>
10
</Switch54>
<Switch55>
2
</Switch55>
<Switch56>
1
</Switch56>
<Switch57>
1
</Switch57>
<Switch58>
19
</Switch58>
<Switch59>
14
</Switch59>
<Switch60>
17
</Switch60>
<Switch61>
11
</Switch61>
<Switch62>
14
</Switch62>
<Switch63>
8
</Switch63>
<Switch64>
17
</Switch64>
<Switch65>
5
</Switch65>
<Switch66>
1
</Switch66>
<Switch67>
6
</Switch67>
<Switch68>
2
</Switch68>
<Switch69>
3
</Switch69>
<Switch70>
13
</Switch70>
<Switch71>
7
</Switch71>
<Switch72>
6
</Switch72>
<Switch73>
6
</Switch73>
<Switch74>
2
</Switch74>
<Switch75>
2
</Switch75>
<Switch76>
11
</Switch76>
<Switch77>
13
</Switch77>
<Switch78>
14
</Switch78>
<Switch79>
7
</Switch79>
<Switch80>
14
</Switch80>
<Switch81>
14
</Switch81>
<Switch82>
4
</Switch82>
<Switch83>
6
</Switch83>
<Switch84>
9
</Switch84>
<Switch85>
8
</Switch85>
<Switch86>
9
</Switch86>
<Switch87>
5
</Switch87>
<Switch88>
15
</Switch88>
<Switch89>
13
</Switch89>
<Switch90>
7
</Switch90>
<Switch91>
0
</Switch91>
<Switch92>
10
</Switch92>
<Switch93>
17
</Switch93>
<Switch94>
10
</Switch94>
<Switch95>
8
</Switch95>
<Switch96>
19
</Switch96>
<Switch97>
4
</Switch97>
<Switch98>
8
</Switch98>
<Switch99>
1
</Switch99>
<Switch100>
10
</Switch100>
<Switch101>
1
</Switch101>
<Switch102>
13
</Switch102>
<Switch103>
9
</Switch103>
<Switch104>
17
</Switch104>
<Switch105>
12
</Switch105>
<Switch106>
14
</Switch106>
<Switch107>
7
</Switch107>
<Switch108>
2
</Switch108>
<Switch109>
0
</Switch109>
<Switch110>
15
</Switch110>
<Switch111>
1
</Switch111>
<Switch112>
9
</Switch112>
<Switch113>
14
</Switch113>
<Switch114>
9
</Switch114>
<Switch115>
7
</Switch115>
<Switch116>
5
</Switch116>
<Switch117>
5
</Switch117>
<Switch118>
7
</Switch118>
<Switch119>
15
</Switch119>
<Switch120>
16
</Switch120>
<Switch121>
3
</Switch121>
<Switch122>
9
</Switch122>
<Switch123>
13
</Switch123>
<Switch124>
13
</Switch124>
<Switch125>
12
</Switch125>
<Switch126>
6
</Switch126>
<Switch127>
12
</Switch127>
<Switch128>
1
</Switch128>
<Switch129>
18
</Switch129>
<Switch130>
15
</Switch130>
<Switch131>
0
</Switch131>
<Switch132>
18
</Switch132>
<Switch133>
6
</Switch133>
<Switch134>
17
</Switch134>
<Switch135>
5
</Switch135>
<Switch136>
0
</Switch136>
<Switch137>
6
</Switch137>
<Switch138>
8
</Switch138>
<Switch139>
9
</Switch139>
<Switch140>
6
</Switch140>
<Switch141>
17
</Switch141>
<Switch142>
3
</Switch142>
<Switch143>
5
</Switch143>
<Switch144>
2
</Switch144>
<Switch145>
7
</Switch145>
<Switch146>
19
</Switch146>
<Switch147>
4
</Switch147>
<Switch148>
9
</Switch148>
<Switch149>
10
</Switch149>
<Switch150>
7
</Switch150>
<Switch151>
6
</Switch151>
<Switch152>
14
</Switch152>
<Switch153>
14
</Switch153>
<Switch154>
3
</Switch154>
<Switch155>
9
</Switch155>
<Switch156>
19
</Switch156>
<Switch157>
16
</Switch157>
<Switch158>
13
</Switch158>
<Switch159>
6
</Switch159>
<Switch160>
1
</Switch160>
<Switch161>
16
</Switch161>
<Switch162>
10
</Switch162>
<Switch163>
2
</Switch163>
<Switch164>
13
</Switch164>
<Switch165>
8
</Switch165>
<Switch166>
14
</Switch166>
<Switch167>
15
</Switch167>
<Switch168>
10
</Switch168>
<Switch169>
1
</Switch169>
<Switch170>
10
</Switch170>
<Switch171>
3
</Switch171>
<Switch172>
11
</Switch172>
<Switch173>
0
</Switch173>
<Switch174>
15
</Switch174>
<Switch175>
17
</Switch175>
<Switch176>
19
</Switch176>
<Switch177>
6
</Switch177>
<Switch178>
11
</Switch178>
<Switch179>
8
</Switch179>
<Switch180>
3
</Switch180>
<Switch181>
10
</Switch181>
<Switch182>
2
</Switch182>
<Switch183>
0
</Switch183>
<Switch184>
2
</Switch184>
<Switch185>
8
</Switch185>
<Switch186>
15
</Switch186>
<Switch187>
14
</Switch187>
<Switch188>
19
</Switch188>
<Switch189>
8
</Switch189>
<Switch190>
8
</Switch190>
<Switch191>
12
</Switch191>
<Switch192>
4
</Switch192>
<Switch193>
0
</Switch193>
<Switch194>
13
</Switch194>
<Switch195>
19
</Switch195>
<Switch196>
15
</Switch196>
<Switch197>
0
</Switch197>
<Switch198>
3
</Switch198>
<Switch199>
3
</Switch199>
<Switch200>
1
</Switch200>
<Switch201>
0
</Switch201>
<Switch202>
10
</Switch202>
<Switch203>
1
</Switch203>
<Switch204>
15
</Switch204>
<Switch205>
15
</Switch205>
<Switch206>
1
</Switch206>
<Switch207>
3
</Switch207>
<Switch208>
5
</Switch208>
<Switch209>
2
</Switch209>
<Switch210>
14
</Switch210>
<Switch211>
4
</Switch211>
<Switch212>
7
</Switch212>
<Switch213>
6
</Switch213>
<Switch214>
7
</Switch214>
<Switch215>
14
</Switch215>
<Switch216>
12
</Switch216>
<Switch217>
17
</Switch217>
<Switch218>
15
</Switch218>
<Switch219>
18
</Switch219>
<Switch220>
13
</Switch220>
<Switch221>
1
</Switch221>
<Switch222>
7
</Switch222>
<Switch223>
0
</Switch223>
<Switch224>
6
</Switch224>
<Switch225>
4
</Switch225>
<Switch226>
0
</Switch226>
<Switch227>
8
</Switch227>
<Switch228>
0
</Switch228>
<Switch229>
9
</Switch229>
<Switch230>
17
</Switch230>
<Switch231>
1
</Switch231>
<Switch232>
15
</Switch232>
<Switch233>
18
</Switch233>
<Switch234>
18
</Switch234>
<Switch235>
0
</Switch235>
<Switch236>
0
</Switch236>
<Switch237>
8
</Switch237>
<Switch238>
1
</Switch238>
<Switch239>
0
</Switch239>
<Switch240>
11
</Switch240>
<Switch241>
3
</Switch241>
<Switch242>
18
</Switch242>
<Switch243>
18
</Switch243>
<Switch244>
7
</Switch244>
<Switch245>
2
</Switch245>
<Switch246>
11
</Switch246>
<Switch247>
4
</Switch247>
<Switch248>
3
</Switch248>
<Switch249>
11
</Switch249>
<Switch250>
17
</Switch250>
<Switch251>
9
</Switch251>
<Switch252>
17
</Switch252>
<Switch253>
3
</Switch253>
<Switch254>
17
</Switch254>
<Switch255>
16
</Switch255>
<Switch256>
6
</Switch256>
<Switch257>
15
</Switch257>
<Switch258>
15
</Switch258>
<Switch259>
5
</Switch259>
<Switch260>
5
</Switch260>
<Switch261>
12
</Switch261>
<Switch262>
12
</Switch262>
<Switch263>
4
</Switch263>
<Switch264>
9
</Switch264>
<Switch265>
1
</Switch265>
<Switch266>
12
</Switch266>
<Switch267>
3
</Switch267>
<Switch268>
1
</Switch268>
<Switch269>
11
</Switch269>
<Switch270>
14
</Switch270>
<Switch271>
1
</Switch271>
<Switch272>
7
</Switch272>
<Switch273>
17
</Switch273>
<Switch274>
1
</Switch274>
<Switch275>
2
</Switch275>
<Switch276>
9
</Switch276>
<Switch277>
5
</Switch277>
<Switch278>
1
</Switch278>
<Switch279>
2
</Switch279>
<Switch280>
8
</Switch280>
<Switch281>
7
</Switch281>
<Switch282>
7
</Switch282>
<Switch283>
6
</Switch283>
<Switch284>
16
</Switch284>
<Switch285>
6
</Switch285>
<Switch286>
14
</Switch286>
<Switch287>
9
</Switch287>
<Switch288>
2
</Switch288>
<Switch289>
1
</Switch289>
<Switch290>
17
</Switch290>
<Switch291>
0
</Switch291>
<Switch292>
9
</Switch292>
<Switch293>
17
</Switch293>
<Switch294>
15
</Switch294>
<Switch295>
6
</Switch295>
<Switch296>
10
</Switch296>
<Switch297>
12
</Switch297>
<Switch298>
10
</Switch298>
<Switch299>
3
</Switch299>
<Switch300>
7
</Switch300>
<Switch301>
9
</Switch301>
<Switch302>
1
</Switch302>
<Switch303>
0
</Switch303>
<Switch304>
3
</Switch304>
<Switch305>
12
</Switch305>
<Switch306>
9
</Switch306>
<Switch307>
14
</Switch307>
<Switch308>
0
</Switch308>
<Switch309>
16
</Switch309>
<Switch310>
2
</Switch310>
<Switch311>
8
</Switch311>
<Switch312>
15
</Switch312>
<Switch313>
18
</Switch313>
<Switch314>
7
</Switch314>
<Switch315>
5
</Switch315>
<Switch316>
17
</Switch316>
<Switch317>
9
</Switch317>
<Switch318>
11
</Switch318>
<Switch319>
3
</Switch319>
<Switch320>
16
</Switch320>
<Switch321>
15
</Switch321>
<Switch322>
8
</Switch322>
<Switch323>
3
</Switch323>
<Switch324>
16
</Switch324>
<Switch325>
15
</Switch325>
<Switch326>
14
</Switch326>
<Switch327>
9
</Switch327>
<Switch328>
16
</Switch328>
<Switch329>
15
</Switch329>
<Switch330>
6
</Switch330>
<Switch331>
15
</Switch331>
<Switch332>
12
</Switch332>
<Switch333>
18
</Switch333>
<Switch334>
9
</Switch334>
<Switch335>
2
</Switch335>
<Switch336>
16
</Switch336>
<Switch337>
4
</Switch337>
<Switch338>
12
</Switch338>
<Switch339>
17
</Switch339>
<Switch340>
13
</Switch340>
<Switch341>
3
</Switch341>
<Switch342>
5
</Switch342>
<Switch343>
2
</Switch343>
<Switch344>
4
</Switch344>
<Switch345>
15
</Switch345>
<Switch346>
19
</Switch346>
<Switch347>
15
</Switch347>
<Switch348>
13
</Switch348>
<Switch349>
16
</Switch349>
<Switch350>
0
</Switch350>
<Switch351>
10
</Switch351>
<Switch352>
1
</Switch352>
<Switch353>
15
</Switch353>
<Switch354>
16
</Switch354>
<Switch355>
2
</Switch355>
<Switch356>
15
</Switch356>
<Switch357>
19
</Switch357>
<Switch358>
2
</Switch358>
<Switch359>
6
</Switch359>
<Switch360>
13
</Switch360>
<Switch361>
19
</Switch361>
<Switch362>
7
</Switch362>
<Switch363>
7
</Switch363>
<Switch364>
10
</Switch364>
<Switch365>
2
</Switch365>
<Switch366>
7
</Switch366>
<Switch367>
18
</Switch367>
<Switch368>
14
</Switch368>
<Switch369>
10
</Switch369>
<Switch370>
0
</Switch370>
<Switch371>
8
</Switch371>
<Switch372>
2
</Switch372>
<Switch373>
13
</Switch373>
<Switch374>
15
</Switch374>
<Switch375>
4
</Switch375>
<Switch376>
11
</Switch376>
<Switch377>
14
</Switch377>
<Switch378>
10
</Switch378>
<Switch379>
7
</Switch379>
<Switch380>
14
</Switch380>
<Switch381>
1
</Switch381>
<Switch382>
8
</Switch382>
<Switch383>
14
</Switch383>
<Switch384>
0
</Switch384>
<Switch385>
11
</Switch385>
<Switch386>
15
</Switch386>
<Switch387>
19
</Switch387>
<Switch388>
4
</Switch388>
<Switch389>
9
</Switch389>
<Switch390>
7
</Switch390>
<Switch391>
5
</Switch391>
<Switch392>
18
</Switch392>
<Switch393>
14
</Switch393>
<Switch394>
16
</Switch394>
<Switch395>
8
</Switch395>
<Switch396>
5
</Switch396>
<Switch397>
16
</Switch397>
<Switch398>
3
</Switch398>
<Switch399>
2
</Switch399>
<Switch400>
13
</Switch400>
<Switch401>
16
</Switch401>
<Switch402>
7
</Switch402>
<Switch403>
1
</Switch403>
<Switch404>
1
</Switch404>
<Switch405>
19
</Switch405>
<Switch406>
15
</Switch406>
<Switch407>
1
</Switch407>
<Switch408>
7
</Switch408>
<Switch409>
15
</Switch409>
<Switch410>
11
</Switch410>
<Switch411>
2
</Switch411>
<Switch412>
18
</Switch412>
<Switch413>
6
</Switch413>
<Switch414>
0
</Switch414>
<Switch415>
10
</Switch415>
<Switch416>
19
</Switch416>
<Switch417>
6
</Switch417>
<Switch418>
6
</Switch418>
<Switch419>
1
</Switch419>
<Switch420>
6
</Switch420>
<Switch421>
0
</Switch421>
<Switch422>
12
</Switch422>
<Switch423>
19
</Switch423>
<Switch424>
11
</Switch424>
<Switch425>
6
</Switch425>
<Switch426>
7
</Switch426>
<Switch427>
13
</Switch427>
<Switch428>
15
</Switch428>
<Switch429>
9
</Switch429>
<Switch430>
15
</Switch430>
<Switch431>
13
</Switch431>
<Switch432>
8
</Switch432>
<Switch433>
4
</Switch433>
<Switch434>
12
</Switch434>
<Switch435>
0
</Switch435>
<Switch436>
6
</Switch436>
<Switch437>
13
</Switch437>
<Switch438>
2
</Switch438>
<Switch439>
11
</Switch439>
<Switch440>
5
</Switch440>
<Switch441>
6
</Switch441>
<Switch442>
16
</Switch442>
<Switch443>
10
</Switch443>
<Switch444>
4
</Switch444>
<Switch445>
12
</Switch445>
<Switch446>
15
</Switch446>
<Switch447>
8
</Switch447>
<Switch448>
4
</Switch448>
<Switch449>
3
</Switch449>
<Switch450>
1
</Switch450>
<Switch451>
9
</Switch451>
<Switch452>
2
</Switch452>
<Switch453>
9
</Switch453>
</BaseID:1123>
