<?xml version="1.0"?>

<BaseID:1130>
<Switch1>
16
</Switch1>
<Switch2>
6
</Switch2>
<Switch3>
10
</Switch3>
<Switch4>
3
</Switch4>
<Switch5>
16
</Switch5>
<Switch6>
0
</Switch6>
<Switch7>
4
</Switch7>
<Switch8>
6
</Switch8>
<Switch9>
17
</Switch9>
<Switch10>
2
</Switch10>
<Switch11>
3
</Switch11>
<Switch12>
8
</Switch12>
<Switch13>
18
</Switch13>
<Switch14>
1
</Switch14>
<Switch15>
2
</Switch15>
<Switch16>
13
</Switch16>
<Switch17>
7
</Switch17>
<Switch18>
19
</Switch18>
<Switch19>
4
</Switch19>
<Switch20>
17
</Switch20>
<Switch21>
18
</Switch21>
<Switch22>
10
</Switch22>
<Switch23>
9
</Switch23>
<Switch24>
10
</Switch24>
<Switch25>
14
</Switch25>
<Switch26>
12
</Switch26>
<Switch27>
3
</Switch27>
<Switch28>
16
</Switch28>
<Switch29>
6
</Switch29>
<Switch30>
1
</Switch30>
<Switch31>
3
</Switch31>
<Switch32>
1
</Switch32>
<Switch33>
9
</Switch33>
<Switch34>
11
</Switch34>
<Switch35>
18
</Switch35>
<Switch36>
14
</Switch36>
<Switch37>
18
</Switch37>
<Switch38>
14
</Switch38>
<Switch39>
16
</Switch39>
<Switch40>
15
</Switch40>
<Switch41>
18
</Switch41>
<Switch42>
8
</Switch42>
<Switch43>
8
</Switch43>
<Switch44>
3
</Switch44>
<Switch45>
6
</Switch45>
<Switch46>
4
</Switch46>
<Switch47>
12
</Switch47>
<Switch48>
10
</Switch48>
<Switch49>
4
</Switch49>
<Switch50>
19
</Switch50>
<Switch51>
1
</Switch51>
<Switch52>
16
</Switch52>
<Switch53>
14
</Switch53>
<Switch54>
16
</Switch54>
<Switch55>
0
</Switch55>
<Switch56>
17
</Switch56>
<Switch57>
7
</Switch57>
<Switch58>
9
</Switch58>
<Switch59>
0
</Switch59>
<Switch60>
8
</Switch60>
<Switch61>
5
</Switch61>
<Switch62>
12
</Switch62>
<Switch63>
12
</Switch63>
<Switch64>
2
</Switch64>
<Switch65>
0
</Switch65>
<Switch66>
16
</Switch66>
<Switch67>
16
</Switch67>
<Switch68>
14
</Switch68>
<Switch69>
1
</Switch69>
<Switch70>
17
</Switch70>
<Switch71>
8
</Switch71>
<Switch72>
18
</Switch72>
<Switch73>
15
</Switch73>
<Switch74>
6
</Switch74>
<Switch75>
13
</Switch75>
<Switch76>
13
</Switch76>
<Switch77>
3
</Switch77>
<Switch78>
16
</Switch78>
<Switch79>
17
</Switch79>
<Switch80>
12
</Switch80>
<Switch81>
18
</Switch81>
<Switch82>
9
</Switch82>
<Switch83>
14
</Switch83>
<Switch84>
8
</Switch84>
<Switch85>
17
</Switch85>
<Switch86>
16
</Switch86>
<Switch87>
19
</Switch87>
<Switch88>
1
</Switch88>
<Switch89>
17
</Switch89>
<Switch90>
1
</Switch90>
<Switch91>
10
</Switch91>
<Switch92>
9
</Switch92>
<Switch93>
5
</Switch93>
<Switch94>
9
</Switch94>
<Switch95>
10
</Switch95>
<Switch96>
13
</Switch96>
<Switch97>
9
</Switch97>
<Switch98>
15
</Switch98>
<Switch99>
13
</Switch99>
<Switch100>
13
</Switch100>
<Switch101>
13
</Switch101>
<Switch102>
7
</Switch102>
<Switch103>
6
</Switch103>
<Switch104>
12
</Switch104>
<Switch105>
3
</Switch105>
<Switch106>
3
</Switch106>
<Switch107>
10
</Switch107>
<Switch108>
2
</Switch108>
<Switch109>
14
</Switch109>
<Switch110>
16
</Switch110>
<Switch111>
16
</Switch111>
<Switch112>
1
</Switch112>
<Switch113>
11
</Switch113>
<Switch114>
19
</Switch114>
<Switch115>
3
</Switch115>
<Switch116>
19
</Switch116>
<Switch117>
14
</Switch117>
<Switch118>
5
</Switch118>
<Switch119>
16
</Switch119>
<Switch120>
10
</Switch120>
<Switch121>
15
</Switch121>
<Switch122>
2
</Switch122>
<Switch123>
14
</Switch123>
<Switch124>
7
</Switch124>
<Switch125>
16
</Switch125>
<Switch126>
18
</Switch126>
<Switch127>
11
</Switch127>
<Switch128>
6
</Switch128>
<Switch129>
8
</Switch129>
<Switch130>
2
</Switch130>
<Switch131>
16
</Switch131>
<Switch132>
2
</Switch132>
<Switch133>
9
</Switch133>
<Switch134>
12
</Switch134>
<Switch135>
16
</Switch135>
<Switch136>
9
</Switch136>
<Switch137>
9
</Switch137>
<Switch138>
1
</Switch138>
<Switch139>
2
</Switch139>
<Switch140>
18
</Switch140>
<Switch141>
6
</Switch141>
<Switch142>
1
</Switch142>
<Switch143>
13
</Switch143>
<Switch144>
2
</Switch144>
<Switch145>
13
</Switch145>
<Switch146>
3
</Switch146>
<Switch147>
1
</Switch147>
<Switch148>
19
</Switch148>
<Switch149>
14
</Switch149>
<Switch150>
8
</Switch150>
<Switch151>
8
</Switch151>
<Switch152>
4
</Switch152>
<Switch153>
7
</Switch153>
<Switch154>
6
</Switch154>
<Switch155>
19
</Switch155>
<Switch156>
7
</Switch156>
<Switch157>
10
</Switch157>
<Switch158>
16
</Switch158>
<Switch159>
8
</Switch159>
<Switch160>
4
</Switch160>
<Switch161>
17
</Switch161>
<Switch162>
11
</Switch162>
<Switch163>
17
</Switch163>
<Switch164>
6
</Switch164>
<Switch165>
5
</Switch165>
<Switch166>
17
</Switch166>
<Switch167>
3
</Switch167>
<Switch168>
8
</Switch168>
<Switch169>
19
</Switch169>
<Switch170>
11
</Switch170>
<Switch171>
9
</Switch171>
<Switch172>
14
</Switch172>
<Switch173>
4
</Switch173>
<Switch174>
7
</Switch174>
<Switch175>
7
</Switch175>
<Switch176>
3
</Switch176>
<Switch177>
11
</Switch177>
<Switch178>
19
</Switch178>
<Switch179>
7
</Switch179>
<Switch180>
15
</Switch180>
<Switch181>
1
</Switch181>
<Switch182>
0
</Switch182>
<Switch183>
19
</Switch183>
<Switch184>
2
</Switch184>
<Switch185>
8
</Switch185>
<Switch186>
19
</Switch186>
<Switch187>
1
</Switch187>
<Switch188>
12
</Switch188>
<Switch189>
17
</Switch189>
<Switch190>
14
</Switch190>
<Switch191>
5
</Switch191>
<Switch192>
4
</Switch192>
<Switch193>
5
</Switch193>
<Switch194>
8
</Switch194>
<Switch195>
1
</Switch195>
<Switch196>
8
</Switch196>
<Switch197>
15
</Switch197>
<Switch198>
14
</Switch198>
<Switch199>
7
</Switch199>
<Switch200>
3
</Switch200>
<Switch201>
12
</Switch201>
<Switch202>
5
</Switch202>
<Switch203>
7
</Switch203>
<Switch204>
13
</Switch204>
<Switch205>
16
</Switch205>
<Switch206>
9
</Switch206>
<Switch207>
8
</Switch207>
<Switch208>
0
</Switch208>
<Switch209>
5
</Switch209>
<Switch210>
17
</Switch210>
<Switch211>
6
</Switch211>
<Switch212>
12
</Switch212>
<Switch213>
6
</Switch213>
<Switch214>
2
</Switch214>
<Switch215>
14
</Switch215>
<Switch216>
14
</Switch216>
<Switch217>
14
</Switch217>
<Switch218>
19
</Switch218>
<Switch219>
17
</Switch219>
<Switch220>
10
</Switch220>
<Switch221>
19
</Switch221>
<Switch222>
13
</Switch222>
<Switch223>
10
</Switch223>
<Switch224>
2
</Switch224>
<Switch225>
6
</Switch225>
<Switch226>
7
</Switch226>
<Switch227>
16
</Switch227>
<Switch228>
0
</Switch228>
<Switch229>
13
</Switch229>
<Switch230>
6
</Switch230>
<Switch231>
4
</Switch231>
<Switch232>
4
</Switch232>
<Switch233>
13
</Switch233>
<Switch234>
7
</Switch234>
<Switch235>
9
</Switch235>
<Switch236>
7
</Switch236>
<Switch237>
9
</Switch237>
<Switch238>
7
</Switch238>
<Switch239>
14
</Switch239>
<Switch240>
0
</Switch240>
<Switch241>
11
</Switch241>
<Switch242>
12
</Switch242>
<Switch243>
13
</Switch243>
<Switch244>
16
</Switch244>
<Switch245>
10
</Switch245>
<Switch246>
1
</Switch246>
<Switch247>
6
</Switch247>
<Switch248>
10
</Switch248>
</BaseID:1130>
