<?xml version="1.0"?>

<BaseID:1133>
<Switch1>
19
</Switch1>
<Switch2>
0
</Switch2>
<Switch3>
11
</Switch3>
<Switch4>
2
</Switch4>
<Switch5>
3
</Switch5>
<Switch6>
4
</Switch6>
<Switch7>
1
</Switch7>
<Switch8>
4
</Switch8>
<Switch9>
17
</Switch9>
<Switch10>
9
</Switch10>
<Switch11>
2
</Switch11>
<Switch12>
15
</Switch12>
<Switch13>
15
</Switch13>
<Switch14>
3
</Switch14>
<Switch15>
8
</Switch15>
<Switch16>
11
</Switch16>
<Switch17>
19
</Switch17>
<Switch18>
9
</Switch18>
<Switch19>
5
</Switch19>
<Switch20>
14
</Switch20>
<Switch21>
4
</Switch21>
<Switch22>
15
</Switch22>
<Switch23>
4
</Switch23>
<Switch24>
9
</Switch24>
<Switch25>
17
</Switch25>
<Switch26>
8
</Switch26>
<Switch27>
6
</Switch27>
<Switch28>
5
</Switch28>
<Switch29>
18
</Switch29>
<Switch30>
6
</Switch30>
<Switch31>
13
</Switch31>
<Switch32>
10
</Switch32>
<Switch33>
18
</Switch33>
<Switch34>
14
</Switch34>
<Switch35>
12
</Switch35>
<Switch36>
18
</Switch36>
<Switch37>
14
</Switch37>
<Switch38>
13
</Switch38>
<Switch39>
14
</Switch39>
<Switch40>
1
</Switch40>
<Switch41>
4
</Switch41>
<Switch42>
1
</Switch42>
<Switch43>
10
</Switch43>
<Switch44>
4
</Switch44>
<Switch45>
17
</Switch45>
<Switch46>
1
</Switch46>
<Switch47>
0
</Switch47>
<Switch48>
5
</Switch48>
<Switch49>
9
</Switch49>
<Switch50>
10
</Switch50>
<Switch51>
2
</Switch51>
<Switch52>
19
</Switch52>
<Switch53>
17
</Switch53>
<Switch54>
11
</Switch54>
<Switch55>
10
</Switch55>
<Switch56>
3
</Switch56>
<Switch57>
19
</Switch57>
<Switch58>
8
</Switch58>
<Switch59>
15
</Switch59>
<Switch60>
3
</Switch60>
<Switch61>
18
</Switch61>
<Switch62>
5
</Switch62>
<Switch63>
3
</Switch63>
<Switch64>
7
</Switch64>
<Switch65>
5
</Switch65>
<Switch66>
17
</Switch66>
<Switch67>
15
</Switch67>
<Switch68>
10
</Switch68>
<Switch69>
5
</Switch69>
<Switch70>
12
</Switch70>
<Switch71>
10
</Switch71>
<Switch72>
14
</Switch72>
<Switch73>
11
</Switch73>
<Switch74>
18
</Switch74>
<Switch75>
1
</Switch75>
<Switch76>
16
</Switch76>
<Switch77>
1
</Switch77>
<Switch78>
3
</Switch78>
<Switch79>
12
</Switch79>
<Switch80>
10
</Switch80>
<Switch81>
5
</Switch81>
<Switch82>
0
</Switch82>
<Switch83>
10
</Switch83>
<Switch84>
19
</Switch84>
<Switch85>
16
</Switch85>
<Switch86>
10
</Switch86>
<Switch87>
15
</Switch87>
<Switch88>
15
</Switch88>
<Switch89>
16
</Switch89>
<Switch90>
7
</Switch90>
<Switch91>
8
</Switch91>
<Switch92>
16
</Switch92>
<Switch93>
5
</Switch93>
<Switch94>
2
</Switch94>
<Switch95>
13
</Switch95>
<Switch96>
5
</Switch96>
<Switch97>
15
</Switch97>
<Switch98>
4
</Switch98>
<Switch99>
18
</Switch99>
<Switch100>
2
</Switch100>
<Switch101>
17
</Switch101>
<Switch102>
17
</Switch102>
<Switch103>
11
</Switch103>
<Switch104>
1
</Switch104>
<Switch105>
11
</Switch105>
<Switch106>
16
</Switch106>
<Switch107>
1
</Switch107>
<Switch108>
8
</Switch108>
<Switch109>
1
</Switch109>
<Switch110>
13
</Switch110>
<Switch111>
10
</Switch111>
<Switch112>
11
</Switch112>
<Switch113>
19
</Switch113>
<Switch114>
17
</Switch114>
<Switch115>
14
</Switch115>
<Switch116>
17
</Switch116>
<Switch117>
9
</Switch117>
<Switch118>
19
</Switch118>
<Switch119>
0
</Switch119>
<Switch120>
11
</Switch120>
<Switch121>
12
</Switch121>
<Switch122>
17
</Switch122>
<Switch123>
4
</Switch123>
<Switch124>
13
</Switch124>
<Switch125>
16
</Switch125>
<Switch126>
5
</Switch126>
<Switch127>
3
</Switch127>
<Switch128>
18
</Switch128>
<Switch129>
2
</Switch129>
<Switch130>
19
</Switch130>
<Switch131>
2
</Switch131>
<Switch132>
3
</Switch132>
<Switch133>
9
</Switch133>
<Switch134>
18
</Switch134>
<Switch135>
1
</Switch135>
<Switch136>
3
</Switch136>
<Switch137>
12
</Switch137>
<Switch138>
16
</Switch138>
<Switch139>
15
</Switch139>
<Switch140>
2
</Switch140>
<Switch141>
11
</Switch141>
<Switch142>
18
</Switch142>
<Switch143>
6
</Switch143>
<Switch144>
16
</Switch144>
<Switch145>
7
</Switch145>
<Switch146>
19
</Switch146>
<Switch147>
0
</Switch147>
<Switch148>
17
</Switch148>
<Switch149>
1
</Switch149>
<Switch150>
8
</Switch150>
<Switch151>
1
</Switch151>
<Switch152>
8
</Switch152>
<Switch153>
19
</Switch153>
<Switch154>
18
</Switch154>
<Switch155>
5
</Switch155>
<Switch156>
5
</Switch156>
<Switch157>
14
</Switch157>
<Switch158>
17
</Switch158>
<Switch159>
2
</Switch159>
<Switch160>
12
</Switch160>
<Switch161>
0
</Switch161>
<Switch162>
7
</Switch162>
<Switch163>
7
</Switch163>
<Switch164>
12
</Switch164>
<Switch165>
13
</Switch165>
<Switch166>
9
</Switch166>
<Switch167>
1
</Switch167>
<Switch168>
12
</Switch168>
<Switch169>
18
</Switch169>
<Switch170>
12
</Switch170>
<Switch171>
3
</Switch171>
<Switch172>
13
</Switch172>
<Switch173>
2
</Switch173>
<Switch174>
3
</Switch174>
<Switch175>
1
</Switch175>
<Switch176>
5
</Switch176>
<Switch177>
4
</Switch177>
<Switch178>
8
</Switch178>
<Switch179>
1
</Switch179>
<Switch180>
16
</Switch180>
<Switch181>
7
</Switch181>
<Switch182>
6
</Switch182>
<Switch183>
9
</Switch183>
<Switch184>
6
</Switch184>
<Switch185>
1
</Switch185>
<Switch186>
15
</Switch186>
<Switch187>
9
</Switch187>
<Switch188>
17
</Switch188>
<Switch189>
3
</Switch189>
<Switch190>
8
</Switch190>
<Switch191>
14
</Switch191>
<Switch192>
13
</Switch192>
<Switch193>
1
</Switch193>
<Switch194>
18
</Switch194>
<Switch195>
18
</Switch195>
<Switch196>
17
</Switch196>
<Switch197>
14
</Switch197>
<Switch198>
6
</Switch198>
<Switch199>
18
</Switch199>
<Switch200>
0
</Switch200>
<Switch201>
12
</Switch201>
<Switch202>
2
</Switch202>
<Switch203>
9
</Switch203>
<Switch204>
18
</Switch204>
<Switch205>
2
</Switch205>
<Switch206>
7
</Switch206>
<Switch207>
18
</Switch207>
<Switch208>
2
</Switch208>
<Switch209>
12
</Switch209>
<Switch210>
7
</Switch210>
<Switch211>
17
</Switch211>
<Switch212>
18
</Switch212>
<Switch213>
19
</Switch213>
<Switch214>
12
</Switch214>
<Switch215>
9
</Switch215>
<Switch216>
9
</Switch216>
<Switch217>
9
</Switch217>
<Switch218>
7
</Switch218>
<Switch219>
10
</Switch219>
<Switch220>
4
</Switch220>
<Switch221>
15
</Switch221>
<Switch222>
15
</Switch222>
<Switch223>
18
</Switch223>
<Switch224>
19
</Switch224>
<Switch225>
19
</Switch225>
<Switch226>
14
</Switch226>
<Switch227>
13
</Switch227>
<Switch228>
3
</Switch228>
<Switch229>
11
</Switch229>
</BaseID:1133>
