<?xml version="1.0"?>

<BaseID:1135>
<Switch1>
11
</Switch1>
<Switch2>
3
</Switch2>
<Switch3>
6
</Switch3>
<Switch4>
0
</Switch4>
<Switch5>
19
</Switch5>
<Switch6>
18
</Switch6>
<Switch7>
15
</Switch7>
<Switch8>
4
</Switch8>
<Switch9>
15
</Switch9>
<Switch10>
0
</Switch10>
<Switch11>
7
</Switch11>
<Switch12>
11
</Switch12>
<Switch13>
14
</Switch13>
<Switch14>
19
</Switch14>
<Switch15>
8
</Switch15>
<Switch16>
19
</Switch16>
<Switch17>
5
</Switch17>
<Switch18>
18
</Switch18>
<Switch19>
16
</Switch19>
<Switch20>
6
</Switch20>
<Switch21>
4
</Switch21>
<Switch22>
9
</Switch22>
<Switch23>
5
</Switch23>
<Switch24>
14
</Switch24>
<Switch25>
11
</Switch25>
<Switch26>
4
</Switch26>
<Switch27>
7
</Switch27>
<Switch28>
3
</Switch28>
<Switch29>
12
</Switch29>
<Switch30>
13
</Switch30>
<Switch31>
6
</Switch31>
<Switch32>
0
</Switch32>
<Switch33>
2
</Switch33>
<Switch34>
4
</Switch34>
<Switch35>
18
</Switch35>
<Switch36>
12
</Switch36>
<Switch37>
7
</Switch37>
<Switch38>
16
</Switch38>
<Switch39>
6
</Switch39>
<Switch40>
19
</Switch40>
<Switch41>
15
</Switch41>
<Switch42>
0
</Switch42>
<Switch43>
12
</Switch43>
<Switch44>
10
</Switch44>
<Switch45>
18
</Switch45>
<Switch46>
12
</Switch46>
<Switch47>
19
</Switch47>
<Switch48>
15
</Switch48>
<Switch49>
5
</Switch49>
<Switch50>
11
</Switch50>
<Switch51>
18
</Switch51>
<Switch52>
5
</Switch52>
<Switch53>
10
</Switch53>
<Switch54>
15
</Switch54>
<Switch55>
8
</Switch55>
<Switch56>
5
</Switch56>
<Switch57>
5
</Switch57>
<Switch58>
3
</Switch58>
<Switch59>
18
</Switch59>
<Switch60>
15
</Switch60>
<Switch61>
19
</Switch61>
<Switch62>
16
</Switch62>
<Switch63>
9
</Switch63>
<Switch64>
4
</Switch64>
<Switch65>
16
</Switch65>
<Switch66>
6
</Switch66>
<Switch67>
7
</Switch67>
<Switch68>
8
</Switch68>
<Switch69>
13
</Switch69>
<Switch70>
15
</Switch70>
<Switch71>
5
</Switch71>
<Switch72>
7
</Switch72>
<Switch73>
1
</Switch73>
<Switch74>
16
</Switch74>
<Switch75>
5
</Switch75>
<Switch76>
5
</Switch76>
<Switch77>
17
</Switch77>
<Switch78>
15
</Switch78>
<Switch79>
3
</Switch79>
<Switch80>
12
</Switch80>
<Switch81>
8
</Switch81>
<Switch82>
12
</Switch82>
<Switch83>
9
</Switch83>
<Switch84>
15
</Switch84>
<Switch85>
12
</Switch85>
<Switch86>
3
</Switch86>
<Switch87>
17
</Switch87>
<Switch88>
17
</Switch88>
<Switch89>
11
</Switch89>
<Switch90>
12
</Switch90>
<Switch91>
7
</Switch91>
<Switch92>
10
</Switch92>
<Switch93>
10
</Switch93>
<Switch94>
3
</Switch94>
<Switch95>
11
</Switch95>
<Switch96>
2
</Switch96>
<Switch97>
0
</Switch97>
<Switch98>
3
</Switch98>
<Switch99>
19
</Switch99>
<Switch100>
8
</Switch100>
<Switch101>
8
</Switch101>
<Switch102>
6
</Switch102>
<Switch103>
5
</Switch103>
<Switch104>
15
</Switch104>
<Switch105>
16
</Switch105>
<Switch106>
14
</Switch106>
<Switch107>
4
</Switch107>
<Switch108>
17
</Switch108>
<Switch109>
6
</Switch109>
<Switch110>
15
</Switch110>
<Switch111>
0
</Switch111>
<Switch112>
12
</Switch112>
<Switch113>
5
</Switch113>
<Switch114>
9
</Switch114>
<Switch115>
7
</Switch115>
<Switch116>
15
</Switch116>
<Switch117>
9
</Switch117>
<Switch118>
17
</Switch118>
<Switch119>
13
</Switch119>
<Switch120>
5
</Switch120>
<Switch121>
12
</Switch121>
<Switch122>
17
</Switch122>
<Switch123>
8
</Switch123>
<Switch124>
17
</Switch124>
<Switch125>
1
</Switch125>
<Switch126>
1
</Switch126>
<Switch127>
1
</Switch127>
<Switch128>
6
</Switch128>
<Switch129>
15
</Switch129>
<Switch130>
18
</Switch130>
<Switch131>
6
</Switch131>
<Switch132>
17
</Switch132>
<Switch133>
0
</Switch133>
<Switch134>
9
</Switch134>
<Switch135>
17
</Switch135>
<Switch136>
9
</Switch136>
<Switch137>
0
</Switch137>
<Switch138>
11
</Switch138>
<Switch139>
19
</Switch139>
<Switch140>
11
</Switch140>
<Switch141>
1
</Switch141>
<Switch142>
12
</Switch142>
<Switch143>
11
</Switch143>
<Switch144>
12
</Switch144>
<Switch145>
16
</Switch145>
<Switch146>
14
</Switch146>
<Switch147>
10
</Switch147>
<Switch148>
5
</Switch148>
<Switch149>
17
</Switch149>
<Switch150>
10
</Switch150>
<Switch151>
18
</Switch151>
<Switch152>
10
</Switch152>
<Switch153>
17
</Switch153>
<Switch154>
11
</Switch154>
<Switch155>
11
</Switch155>
<Switch156>
3
</Switch156>
<Switch157>
13
</Switch157>
<Switch158>
11
</Switch158>
<Switch159>
18
</Switch159>
<Switch160>
11
</Switch160>
<Switch161>
4
</Switch161>
<Switch162>
14
</Switch162>
<Switch163>
18
</Switch163>
<Switch164>
6
</Switch164>
<Switch165>
9
</Switch165>
<Switch166>
9
</Switch166>
<Switch167>
1
</Switch167>
<Switch168>
10
</Switch168>
<Switch169>
7
</Switch169>
<Switch170>
7
</Switch170>
<Switch171>
11
</Switch171>
<Switch172>
6
</Switch172>
<Switch173>
9
</Switch173>
<Switch174>
3
</Switch174>
<Switch175>
7
</Switch175>
<Switch176>
16
</Switch176>
<Switch177>
18
</Switch177>
<Switch178>
15
</Switch178>
<Switch179>
7
</Switch179>
<Switch180>
9
</Switch180>
<Switch181>
0
</Switch181>
<Switch182>
10
</Switch182>
<Switch183>
14
</Switch183>
<Switch184>
16
</Switch184>
<Switch185>
13
</Switch185>
<Switch186>
18
</Switch186>
<Switch187>
5
</Switch187>
<Switch188>
15
</Switch188>
<Switch189>
12
</Switch189>
<Switch190>
16
</Switch190>
<Switch191>
6
</Switch191>
<Switch192>
14
</Switch192>
<Switch193>
13
</Switch193>
<Switch194>
17
</Switch194>
<Switch195>
5
</Switch195>
<Switch196>
14
</Switch196>
<Switch197>
19
</Switch197>
<Switch198>
13
</Switch198>
<Switch199>
10
</Switch199>
<Switch200>
5
</Switch200>
<Switch201>
6
</Switch201>
<Switch202>
18
</Switch202>
<Switch203>
0
</Switch203>
<Switch204>
6
</Switch204>
<Switch205>
16
</Switch205>
<Switch206>
0
</Switch206>
<Switch207>
4
</Switch207>
<Switch208>
15
</Switch208>
<Switch209>
19
</Switch209>
<Switch210>
4
</Switch210>
<Switch211>
17
</Switch211>
<Switch212>
16
</Switch212>
<Switch213>
18
</Switch213>
<Switch214>
4
</Switch214>
<Switch215>
0
</Switch215>
<Switch216>
10
</Switch216>
<Switch217>
5
</Switch217>
<Switch218>
2
</Switch218>
<Switch219>
18
</Switch219>
<Switch220>
11
</Switch220>
<Switch221>
7
</Switch221>
<Switch222>
1
</Switch222>
<Switch223>
13
</Switch223>
<Switch224>
2
</Switch224>
<Switch225>
6
</Switch225>
<Switch226>
9
</Switch226>
<Switch227>
16
</Switch227>
<Switch228>
15
</Switch228>
<Switch229>
6
</Switch229>
<Switch230>
9
</Switch230>
<Switch231>
10
</Switch231>
<Switch232>
15
</Switch232>
<Switch233>
7
</Switch233>
<Switch234>
0
</Switch234>
<Switch235>
2
</Switch235>
<Switch236>
7
</Switch236>
<Switch237>
1
</Switch237>
<Switch238>
1
</Switch238>
<Switch239>
10
</Switch239>
<Switch240>
2
</Switch240>
<Switch241>
6
</Switch241>
<Switch242>
13
</Switch242>
<Switch243>
10
</Switch243>
<Switch244>
12
</Switch244>
<Switch245>
15
</Switch245>
<Switch246>
4
</Switch246>
<Switch247>
13
</Switch247>
<Switch248>
13
</Switch248>
<Switch249>
9
</Switch249>
<Switch250>
7
</Switch250>
<Switch251>
1
</Switch251>
<Switch252>
11
</Switch252>
<Switch253>
19
</Switch253>
<Switch254>
16
</Switch254>
<Switch255>
12
</Switch255>
<Switch256>
1
</Switch256>
<Switch257>
4
</Switch257>
<Switch258>
15
</Switch258>
<Switch259>
11
</Switch259>
<Switch260>
8
</Switch260>
<Switch261>
18
</Switch261>
<Switch262>
6
</Switch262>
<Switch263>
4
</Switch263>
<Switch264>
16
</Switch264>
<Switch265>
10
</Switch265>
<Switch266>
5
</Switch266>
<Switch267>
12
</Switch267>
<Switch268>
9
</Switch268>
<Switch269>
16
</Switch269>
<Switch270>
4
</Switch270>
<Switch271>
18
</Switch271>
<Switch272>
13
</Switch272>
<Switch273>
16
</Switch273>
<Switch274>
6
</Switch274>
<Switch275>
0
</Switch275>
<Switch276>
7
</Switch276>
<Switch277>
3
</Switch277>
<Switch278>
6
</Switch278>
<Switch279>
7
</Switch279>
<Switch280>
16
</Switch280>
<Switch281>
16
</Switch281>
<Switch282>
5
</Switch282>
<Switch283>
15
</Switch283>
<Switch284>
17
</Switch284>
<Switch285>
14
</Switch285>
<Switch286>
4
</Switch286>
<Switch287>
18
</Switch287>
<Switch288>
4
</Switch288>
<Switch289>
10
</Switch289>
<Switch290>
11
</Switch290>
<Switch291>
13
</Switch291>
<Switch292>
6
</Switch292>
<Switch293>
15
</Switch293>
<Switch294>
7
</Switch294>
<Switch295>
13
</Switch295>
<Switch296>
8
</Switch296>
<Switch297>
2
</Switch297>
<Switch298>
13
</Switch298>
<Switch299>
15
</Switch299>
<Switch300>
13
</Switch300>
<Switch301>
1
</Switch301>
<Switch302>
17
</Switch302>
<Switch303>
7
</Switch303>
<Switch304>
3
</Switch304>
<Switch305>
8
</Switch305>
<Switch306>
2
</Switch306>
<Switch307>
0
</Switch307>
<Switch308>
8
</Switch308>
<Switch309>
10
</Switch309>
<Switch310>
11
</Switch310>
<Switch311>
4
</Switch311>
<Switch312>
17
</Switch312>
<Switch313>
6
</Switch313>
<Switch314>
12
</Switch314>
<Switch315>
0
</Switch315>
<Switch316>
14
</Switch316>
<Switch317>
17
</Switch317>
<Switch318>
3
</Switch318>
<Switch319>
7
</Switch319>
<Switch320>
18
</Switch320>
<Switch321>
5
</Switch321>
<Switch322>
5
</Switch322>
<Switch323>
8
</Switch323>
<Switch324>
15
</Switch324>
<Switch325>
17
</Switch325>
<Switch326>
5
</Switch326>
<Switch327>
19
</Switch327>
<Switch328>
2
</Switch328>
<Switch329>
12
</Switch329>
<Switch330>
11
</Switch330>
<Switch331>
11
</Switch331>
<Switch332>
1
</Switch332>
<Switch333>
12
</Switch333>
<Switch334>
7
</Switch334>
<Switch335>
9
</Switch335>
<Switch336>
5
</Switch336>
<Switch337>
15
</Switch337>
<Switch338>
19
</Switch338>
<Switch339>
2
</Switch339>
<Switch340>
3
</Switch340>
<Switch341>
0
</Switch341>
<Switch342>
7
</Switch342>
<Switch343>
0
</Switch343>
<Switch344>
2
</Switch344>
<Switch345>
16
</Switch345>
<Switch346>
15
</Switch346>
<Switch347>
4
</Switch347>
<Switch348>
19
</Switch348>
<Switch349>
1
</Switch349>
<Switch350>
13
</Switch350>
<Switch351>
19
</Switch351>
<Switch352>
1
</Switch352>
<Switch353>
13
</Switch353>
<Switch354>
13
</Switch354>
<Switch355>
2
</Switch355>
<Switch356>
17
</Switch356>
<Switch357>
4
</Switch357>
<Switch358>
11
</Switch358>
<Switch359>
4
</Switch359>
<Switch360>
19
</Switch360>
<Switch361>
11
</Switch361>
<Switch362>
9
</Switch362>
<Switch363>
8
</Switch363>
<Switch364>
19
</Switch364>
<Switch365>
1
</Switch365>
<Switch366>
10
</Switch366>
<Switch367>
17
</Switch367>
<Switch368>
18
</Switch368>
<Switch369>
16
</Switch369>
<Switch370>
7
</Switch370>
<Switch371>
13
</Switch371>
<Switch372>
4
</Switch372>
<Switch373>
9
</Switch373>
<Switch374>
5
</Switch374>
<Switch375>
9
</Switch375>
<Switch376>
7
</Switch376>
<Switch377>
18
</Switch377>
<Switch378>
8
</Switch378>
<Switch379>
15
</Switch379>
<Switch380>
19
</Switch380>
<Switch381>
12
</Switch381>
<Switch382>
14
</Switch382>
<Switch383>
7
</Switch383>
<Switch384>
18
</Switch384>
<Switch385>
5
</Switch385>
<Switch386>
19
</Switch386>
<Switch387>
0
</Switch387>
<Switch388>
18
</Switch388>
<Switch389>
4
</Switch389>
<Switch390>
10
</Switch390>
<Switch391>
19
</Switch391>
<Switch392>
6
</Switch392>
<Switch393>
4
</Switch393>
<Switch394>
2
</Switch394>
<Switch395>
10
</Switch395>
<Switch396>
6
</Switch396>
<Switch397>
8
</Switch397>
<Switch398>
7
</Switch398>
<Switch399>
6
</Switch399>
<Switch400>
15
</Switch400>
<Switch401>
0
</Switch401>
<Switch402>
0
</Switch402>
<Switch403>
15
</Switch403>
<Switch404>
19
</Switch404>
<Switch405>
13
</Switch405>
<Switch406>
13
</Switch406>
<Switch407>
13
</Switch407>
<Switch408>
13
</Switch408>
<Switch409>
3
</Switch409>
<Switch410>
5
</Switch410>
<Switch411>
0
</Switch411>
<Switch412>
2
</Switch412>
<Switch413>
12
</Switch413>
<Switch414>
7
</Switch414>
<Switch415>
18
</Switch415>
<Switch416>
1
</Switch416>
<Switch417>
9
</Switch417>
<Switch418>
3
</Switch418>
<Switch419>
10
</Switch419>
<Switch420>
12
</Switch420>
<Switch421>
5
</Switch421>
<Switch422>
13
</Switch422>
<Switch423>
9
</Switch423>
<Switch424>
8
</Switch424>
<Switch425>
2
</Switch425>
<Switch426>
17
</Switch426>
<Switch427>
0
</Switch427>
<Switch428>
10
</Switch428>
<Switch429>
13
</Switch429>
<Switch430>
5
</Switch430>
<Switch431>
12
</Switch431>
<Switch432>
0
</Switch432>
<Switch433>
6
</Switch433>
<Switch434>
16
</Switch434>
<Switch435>
18
</Switch435>
<Switch436>
0
</Switch436>
<Switch437>
17
</Switch437>
<Switch438>
7
</Switch438>
<Switch439>
19
</Switch439>
<Switch440>
12
</Switch440>
<Switch441>
19
</Switch441>
<Switch442>
3
</Switch442>
<Switch443>
17
</Switch443>
<Switch444>
4
</Switch444>
<Switch445>
4
</Switch445>
<Switch446>
8
</Switch446>
<Switch447>
13
</Switch447>
<Switch448>
1
</Switch448>
<Switch449>
3
</Switch449>
<Switch450>
5
</Switch450>
<Switch451>
19
</Switch451>
<Switch452>
18
</Switch452>
<Switch453>
8
</Switch453>
<Switch454>
16
</Switch454>
<Switch455>
8
</Switch455>
<Switch456>
13
</Switch456>
<Switch457>
6
</Switch457>
<Switch458>
15
</Switch458>
<Switch459>
15
</Switch459>
<Switch460>
19
</Switch460>
<Switch461>
16
</Switch461>
<Switch462>
5
</Switch462>
<Switch463>
16
</Switch463>
<Switch464>
1
</Switch464>
<Switch465>
11
</Switch465>
<Switch466>
0
</Switch466>
<Switch467>
7
</Switch467>
<Switch468>
4
</Switch468>
<Switch469>
15
</Switch469>
<Switch470>
4
</Switch470>
<Switch471>
16
</Switch471>
<Switch472>
0
</Switch472>
<Switch473>
19
</Switch473>
<Switch474>
7
</Switch474>
<Switch475>
12
</Switch475>
<Switch476>
9
</Switch476>
<Switch477>
15
</Switch477>
<Switch478>
7
</Switch478>
<Switch479>
2
</Switch479>
<Switch480>
11
</Switch480>
<Switch481>
4
</Switch481>
<Switch482>
16
</Switch482>
<Switch483>
5
</Switch483>
<Switch484>
8
</Switch484>
<Switch485>
19
</Switch485>
<Switch486>
12
</Switch486>
<Switch487>
19
</Switch487>
<Switch488>
4
</Switch488>
<Switch489>
0
</Switch489>
<Switch490>
0
</Switch490>
<Switch491>
11
</Switch491>
<Switch492>
13
</Switch492>
<Switch493>
13
</Switch493>
<Switch494>
10
</Switch494>
<Switch495>
8
</Switch495>
<Switch496>
13
</Switch496>
<Switch497>
6
</Switch497>
<Switch498>
0
</Switch498>
<Switch499>
13
</Switch499>
<Switch500>
2
</Switch500>
<Switch501>
4
</Switch501>
<Switch502>
16
</Switch502>
<Switch503>
14
</Switch503>
<Switch504>
16
</Switch504>
<Switch505>
15
</Switch505>
<Switch506>
11
</Switch506>
<Switch507>
17
</Switch507>
<Switch508>
14
</Switch508>
<Switch509>
15
</Switch509>
<Switch510>
6
</Switch510>
<Switch511>
3
</Switch511>
<Switch512>
10
</Switch512>
<Switch513>
18
</Switch513>
<Switch514>
10
</Switch514>
<Switch515>
6
</Switch515>
<Switch516>
19
</Switch516>
<Switch517>
3
</Switch517>
<Switch518>
4
</Switch518>
<Switch519>
18
</Switch519>
<Switch520>
10
</Switch520>
<Switch521>
3
</Switch521>
<Switch522>
4
</Switch522>
<Switch523>
11
</Switch523>
<Switch524>
5
</Switch524>
<Switch525>
12
</Switch525>
<Switch526>
8
</Switch526>
<Switch527>
18
</Switch527>
<Switch528>
9
</Switch528>
<Switch529>
4
</Switch529>
<Switch530>
4
</Switch530>
<Switch531>
14
</Switch531>
<Switch532>
6
</Switch532>
<Switch533>
4
</Switch533>
<Switch534>
18
</Switch534>
<Switch535>
15
</Switch535>
<Switch536>
17
</Switch536>
<Switch537>
14
</Switch537>
<Switch538>
4
</Switch538>
<Switch539>
10
</Switch539>
<Switch540>
9
</Switch540>
<Switch541>
2
</Switch541>
<Switch542>
9
</Switch542>
<Switch543>
19
</Switch543>
<Switch544>
3
</Switch544>
<Switch545>
9
</Switch545>
<Switch546>
9
</Switch546>
<Switch547>
11
</Switch547>
<Switch548>
17
</Switch548>
<Switch549>
16
</Switch549>
<Switch550>
12
</Switch550>
<Switch551>
2
</Switch551>
<Switch552>
7
</Switch552>
<Switch553>
15
</Switch553>
<Switch554>
7
</Switch554>
<Switch555>
13
</Switch555>
<Switch556>
9
</Switch556>
<Switch557>
10
</Switch557>
<Switch558>
8
</Switch558>
<Switch559>
6
</Switch559>
<Switch560>
16
</Switch560>
<Switch561>
17
</Switch561>
<Switch562>
8
</Switch562>
<Switch563>
12
</Switch563>
<Switch564>
12
</Switch564>
<Switch565>
12
</Switch565>
<Switch566>
2
</Switch566>
<Switch567>
3
</Switch567>
<Switch568>
14
</Switch568>
<Switch569>
17
</Switch569>
<Switch570>
2
</Switch570>
<Switch571>
5
</Switch571>
<Switch572>
4
</Switch572>
<Switch573>
6
</Switch573>
<Switch574>
19
</Switch574>
<Switch575>
11
</Switch575>
<Switch576>
14
</Switch576>
<Switch577>
4
</Switch577>
<Switch578>
7
</Switch578>
<Switch579>
11
</Switch579>
<Switch580>
16
</Switch580>
<Switch581>
19
</Switch581>
<Switch582>
13
</Switch582>
<Switch583>
2
</Switch583>
<Switch584>
10
</Switch584>
<Switch585>
17
</Switch585>
<Switch586>
13
</Switch586>
<Switch587>
15
</Switch587>
<Switch588>
19
</Switch588>
<Switch589>
17
</Switch589>
<Switch590>
17
</Switch590>
<Switch591>
6
</Switch591>
<Switch592>
11
</Switch592>
<Switch593>
4
</Switch593>
<Switch594>
8
</Switch594>
<Switch595>
8
</Switch595>
<Switch596>
4
</Switch596>
<Switch597>
2
</Switch597>
<Switch598>
9
</Switch598>
<Switch599>
16
</Switch599>
<Switch600>
16
</Switch600>
<Switch601>
19
</Switch601>
<Switch602>
13
</Switch602>
<Switch603>
11
</Switch603>
<Switch604>
6
</Switch604>
<Switch605>
2
</Switch605>
<Switch606>
16
</Switch606>
<Switch607>
17
</Switch607>
<Switch608>
14
</Switch608>
<Switch609>
16
</Switch609>
<Switch610>
2
</Switch610>
<Switch611>
4
</Switch611>
<Switch612>
15
</Switch612>
<Switch613>
14
</Switch613>
<Switch614>
3
</Switch614>
<Switch615>
10
</Switch615>
<Switch616>
16
</Switch616>
<Switch617>
4
</Switch617>
<Switch618>
10
</Switch618>
<Switch619>
6
</Switch619>
<Switch620>
18
</Switch620>
<Switch621>
18
</Switch621>
<Switch622>
8
</Switch622>
<Switch623>
4
</Switch623>
<Switch624>
14
</Switch624>
<Switch625>
1
</Switch625>
<Switch626>
19
</Switch626>
<Switch627>
10
</Switch627>
<Switch628>
6
</Switch628>
<Switch629>
7
</Switch629>
<Switch630>
6
</Switch630>
<Switch631>
8
</Switch631>
<Switch632>
3
</Switch632>
<Switch633>
5
</Switch633>
<Switch634>
0
</Switch634>
<Switch635>
8
</Switch635>
<Switch636>
11
</Switch636>
<Switch637>
14
</Switch637>
<Switch638>
13
</Switch638>
<Switch639>
19
</Switch639>
<Switch640>
1
</Switch640>
<Switch641>
8
</Switch641>
<Switch642>
3
</Switch642>
<Switch643>
4
</Switch643>
<Switch644>
10
</Switch644>
<Switch645>
18
</Switch645>
<Switch646>
16
</Switch646>
<Switch647>
11
</Switch647>
<Switch648>
13
</Switch648>
<Switch649>
14
</Switch649>
<Switch650>
14
</Switch650>
<Switch651>
18
</Switch651>
<Switch652>
14
</Switch652>
<Switch653>
17
</Switch653>
<Switch654>
0
</Switch654>
<Switch655>
3
</Switch655>
<Switch656>
8
</Switch656>
<Switch657>
17
</Switch657>
<Switch658>
7
</Switch658>
<Switch659>
10
</Switch659>
<Switch660>
15
</Switch660>
<Switch661>
4
</Switch661>
<Switch662>
13
</Switch662>
<Switch663>
14
</Switch663>
<Switch664>
7
</Switch664>
<Switch665>
14
</Switch665>
<Switch666>
13
</Switch666>
<Switch667>
12
</Switch667>
<Switch668>
15
</Switch668>
<Switch669>
17
</Switch669>
<Switch670>
13
</Switch670>
<Switch671>
13
</Switch671>
<Switch672>
8
</Switch672>
<Switch673>
1
</Switch673>
<Switch674>
10
</Switch674>
<Switch675>
4
</Switch675>
<Switch676>
13
</Switch676>
<Switch677>
0
</Switch677>
<Switch678>
15
</Switch678>
<Switch679>
7
</Switch679>
<Switch680>
16
</Switch680>
<Switch681>
8
</Switch681>
<Switch682>
9
</Switch682>
<Switch683>
14
</Switch683>
<Switch684>
16
</Switch684>
<Switch685>
11
</Switch685>
<Switch686>
5
</Switch686>
<Switch687>
16
</Switch687>
<Switch688>
11
</Switch688>
<Switch689>
4
</Switch689>
<Switch690>
6
</Switch690>
<Switch691>
3
</Switch691>
<Switch692>
14
</Switch692>
<Switch693>
3
</Switch693>
<Switch694>
3
</Switch694>
<Switch695>
10
</Switch695>
<Switch696>
7
</Switch696>
<Switch697>
7
</Switch697>
<Switch698>
11
</Switch698>
<Switch699>
10
</Switch699>
<Switch700>
19
</Switch700>
<Switch701>
13
</Switch701>
<Switch702>
9
</Switch702>
<Switch703>
17
</Switch703>
<Switch704>
14
</Switch704>
<Switch705>
14
</Switch705>
<Switch706>
11
</Switch706>
<Switch707>
0
</Switch707>
<Switch708>
8
</Switch708>
<Switch709>
10
</Switch709>
<Switch710>
17
</Switch710>
<Switch711>
0
</Switch711>
<Switch712>
14
</Switch712>
<Switch713>
8
</Switch713>
<Switch714>
6
</Switch714>
<Switch715>
8
</Switch715>
<Switch716>
18
</Switch716>
<Switch717>
18
</Switch717>
<Switch718>
12
</Switch718>
<Switch719>
14
</Switch719>
<Switch720>
12
</Switch720>
<Switch721>
5
</Switch721>
<Switch722>
6
</Switch722>
<Switch723>
10
</Switch723>
<Switch724>
19
</Switch724>
<Switch725>
2
</Switch725>
<Switch726>
15
</Switch726>
<Switch727>
5
</Switch727>
<Switch728>
8
</Switch728>
<Switch729>
16
</Switch729>
<Switch730>
1
</Switch730>
<Switch731>
12
</Switch731>
<Switch732>
9
</Switch732>
<Switch733>
9
</Switch733>
<Switch734>
8
</Switch734>
<Switch735>
13
</Switch735>
<Switch736>
5
</Switch736>
<Switch737>
0
</Switch737>
<Switch738>
10
</Switch738>
<Switch739>
11
</Switch739>
<Switch740>
4
</Switch740>
<Switch741>
10
</Switch741>
<Switch742>
16
</Switch742>
<Switch743>
10
</Switch743>
<Switch744>
11
</Switch744>
<Switch745>
10
</Switch745>
<Switch746>
11
</Switch746>
<Switch747>
10
</Switch747>
<Switch748>
18
</Switch748>
<Switch749>
19
</Switch749>
<Switch750>
4
</Switch750>
<Switch751>
1
</Switch751>
<Switch752>
14
</Switch752>
<Switch753>
13
</Switch753>
<Switch754>
1
</Switch754>
<Switch755>
11
</Switch755>
<Switch756>
14
</Switch756>
<Switch757>
11
</Switch757>
<Switch758>
2
</Switch758>
<Switch759>
14
</Switch759>
<Switch760>
17
</Switch760>
<Switch761>
8
</Switch761>
<Switch762>
5
</Switch762>
<Switch763>
12
</Switch763>
<Switch764>
11
</Switch764>
<Switch765>
5
</Switch765>
<Switch766>
18
</Switch766>
<Switch767>
16
</Switch767>
<Switch768>
18
</Switch768>
<Switch769>
3
</Switch769>
<Switch770>
18
</Switch770>
<Switch771>
18
</Switch771>
<Switch772>
15
</Switch772>
<Switch773>
6
</Switch773>
<Switch774>
11
</Switch774>
<Switch775>
7
</Switch775>
<Switch776>
2
</Switch776>
<Switch777>
17
</Switch777>
<Switch778>
14
</Switch778>
<Switch779>
1
</Switch779>
<Switch780>
7
</Switch780>
<Switch781>
15
</Switch781>
<Switch782>
14
</Switch782>
<Switch783>
1
</Switch783>
<Switch784>
3
</Switch784>
<Switch785>
15
</Switch785>
<Switch786>
12
</Switch786>
<Switch787>
18
</Switch787>
<Switch788>
7
</Switch788>
<Switch789>
4
</Switch789>
<Switch790>
19
</Switch790>
<Switch791>
5
</Switch791>
<Switch792>
15
</Switch792>
<Switch793>
3
</Switch793>
<Switch794>
17
</Switch794>
<Switch795>
14
</Switch795>
<Switch796>
12
</Switch796>
<Switch797>
5
</Switch797>
<Switch798>
16
</Switch798>
<Switch799>
19
</Switch799>
<Switch800>
8
</Switch800>
<Switch801>
2
</Switch801>
<Switch802>
9
</Switch802>
<Switch803>
14
</Switch803>
<Switch804>
19
</Switch804>
<Switch805>
16
</Switch805>
<Switch806>
3
</Switch806>
<Switch807>
9
</Switch807>
<Switch808>
8
</Switch808>
<Switch809>
2
</Switch809>
<Switch810>
4
</Switch810>
<Switch811>
9
</Switch811>
<Switch812>
16
</Switch812>
<Switch813>
16
</Switch813>
<Switch814>
9
</Switch814>
<Switch815>
14
</Switch815>
<Switch816>
15
</Switch816>
<Switch817>
8
</Switch817>
<Switch818>
15
</Switch818>
<Switch819>
14
</Switch819>
<Switch820>
18
</Switch820>
<Switch821>
7
</Switch821>
<Switch822>
3
</Switch822>
<Switch823>
11
</Switch823>
</BaseID:1135>
