<?xml version="1.0"?>

<BaseID:1138>
<Switch1>
18
</Switch1>
<Switch2>
7
</Switch2>
<Switch3>
18
</Switch3>
<Switch4>
7
</Switch4>
<Switch5>
5
</Switch5>
<Switch6>
13
</Switch6>
<Switch7>
16
</Switch7>
<Switch8>
17
</Switch8>
<Switch9>
3
</Switch9>
<Switch10>
9
</Switch10>
<Switch11>
1
</Switch11>
<Switch12>
8
</Switch12>
<Switch13>
10
</Switch13>
<Switch14>
15
</Switch14>
<Switch15>
2
</Switch15>
<Switch16>
4
</Switch16>
<Switch17>
6
</Switch17>
<Switch18>
6
</Switch18>
<Switch19>
1
</Switch19>
<Switch20>
17
</Switch20>
<Switch21>
17
</Switch21>
<Switch22>
18
</Switch22>
<Switch23>
5
</Switch23>
<Switch24>
8
</Switch24>
<Switch25>
12
</Switch25>
<Switch26>
8
</Switch26>
<Switch27>
7
</Switch27>
<Switch28>
6
</Switch28>
<Switch29>
5
</Switch29>
<Switch30>
9
</Switch30>
<Switch31>
17
</Switch31>
<Switch32>
1
</Switch32>
<Switch33>
3
</Switch33>
<Switch34>
7
</Switch34>
<Switch35>
9
</Switch35>
<Switch36>
17
</Switch36>
<Switch37>
15
</Switch37>
<Switch38>
12
</Switch38>
<Switch39>
1
</Switch39>
<Switch40>
0
</Switch40>
<Switch41>
5
</Switch41>
<Switch42>
12
</Switch42>
<Switch43>
19
</Switch43>
<Switch44>
13
</Switch44>
<Switch45>
7
</Switch45>
<Switch46>
10
</Switch46>
<Switch47>
16
</Switch47>
<Switch48>
16
</Switch48>
<Switch49>
10
</Switch49>
<Switch50>
15
</Switch50>
<Switch51>
16
</Switch51>
<Switch52>
3
</Switch52>
<Switch53>
16
</Switch53>
<Switch54>
15
</Switch54>
<Switch55>
13
</Switch55>
<Switch56>
1
</Switch56>
<Switch57>
9
</Switch57>
<Switch58>
10
</Switch58>
<Switch59>
11
</Switch59>
<Switch60>
19
</Switch60>
<Switch61>
18
</Switch61>
<Switch62>
2
</Switch62>
<Switch63>
12
</Switch63>
<Switch64>
0
</Switch64>
<Switch65>
11
</Switch65>
<Switch66>
15
</Switch66>
<Switch67>
0
</Switch67>
<Switch68>
15
</Switch68>
<Switch69>
5
</Switch69>
<Switch70>
4
</Switch70>
<Switch71>
13
</Switch71>
<Switch72>
8
</Switch72>
<Switch73>
9
</Switch73>
<Switch74>
10
</Switch74>
<Switch75>
14
</Switch75>
<Switch76>
4
</Switch76>
<Switch77>
0
</Switch77>
<Switch78>
11
</Switch78>
<Switch79>
2
</Switch79>
<Switch80>
10
</Switch80>
<Switch81>
13
</Switch81>
<Switch82>
7
</Switch82>
<Switch83>
12
</Switch83>
<Switch84>
18
</Switch84>
<Switch85>
12
</Switch85>
<Switch86>
7
</Switch86>
<Switch87>
10
</Switch87>
<Switch88>
10
</Switch88>
<Switch89>
17
</Switch89>
<Switch90>
12
</Switch90>
<Switch91>
14
</Switch91>
<Switch92>
0
</Switch92>
<Switch93>
5
</Switch93>
<Switch94>
16
</Switch94>
<Switch95>
9
</Switch95>
<Switch96>
18
</Switch96>
<Switch97>
4
</Switch97>
<Switch98>
12
</Switch98>
<Switch99>
19
</Switch99>
<Switch100>
5
</Switch100>
<Switch101>
17
</Switch101>
<Switch102>
13
</Switch102>
<Switch103>
12
</Switch103>
<Switch104>
1
</Switch104>
<Switch105>
2
</Switch105>
<Switch106>
9
</Switch106>
<Switch107>
11
</Switch107>
<Switch108>
16
</Switch108>
<Switch109>
13
</Switch109>
<Switch110>
18
</Switch110>
<Switch111>
0
</Switch111>
<Switch112>
14
</Switch112>
<Switch113>
5
</Switch113>
<Switch114>
3
</Switch114>
<Switch115>
3
</Switch115>
<Switch116>
0
</Switch116>
<Switch117>
1
</Switch117>
<Switch118>
15
</Switch118>
<Switch119>
7
</Switch119>
<Switch120>
0
</Switch120>
<Switch121>
12
</Switch121>
<Switch122>
10
</Switch122>
<Switch123>
9
</Switch123>
<Switch124>
4
</Switch124>
<Switch125>
9
</Switch125>
<Switch126>
14
</Switch126>
<Switch127>
12
</Switch127>
<Switch128>
9
</Switch128>
<Switch129>
9
</Switch129>
<Switch130>
3
</Switch130>
<Switch131>
11
</Switch131>
<Switch132>
0
</Switch132>
<Switch133>
19
</Switch133>
<Switch134>
16
</Switch134>
<Switch135>
18
</Switch135>
<Switch136>
15
</Switch136>
<Switch137>
4
</Switch137>
<Switch138>
2
</Switch138>
<Switch139>
17
</Switch139>
<Switch140>
13
</Switch140>
<Switch141>
6
</Switch141>
<Switch142>
1
</Switch142>
<Switch143>
17
</Switch143>
<Switch144>
11
</Switch144>
<Switch145>
19
</Switch145>
<Switch146>
13
</Switch146>
<Switch147>
1
</Switch147>
<Switch148>
12
</Switch148>
<Switch149>
2
</Switch149>
<Switch150>
14
</Switch150>
<Switch151>
18
</Switch151>
<Switch152>
6
</Switch152>
<Switch153>
6
</Switch153>
<Switch154>
15
</Switch154>
<Switch155>
15
</Switch155>
<Switch156>
3
</Switch156>
<Switch157>
11
</Switch157>
<Switch158>
5
</Switch158>
<Switch159>
17
</Switch159>
<Switch160>
15
</Switch160>
<Switch161>
6
</Switch161>
<Switch162>
14
</Switch162>
<Switch163>
7
</Switch163>
<Switch164>
14
</Switch164>
<Switch165>
13
</Switch165>
<Switch166>
9
</Switch166>
<Switch167>
2
</Switch167>
<Switch168>
2
</Switch168>
<Switch169>
8
</Switch169>
<Switch170>
13
</Switch170>
<Switch171>
4
</Switch171>
<Switch172>
7
</Switch172>
<Switch173>
14
</Switch173>
<Switch174>
13
</Switch174>
<Switch175>
15
</Switch175>
<Switch176>
15
</Switch176>
<Switch177>
4
</Switch177>
<Switch178>
19
</Switch178>
<Switch179>
17
</Switch179>
<Switch180>
6
</Switch180>
<Switch181>
13
</Switch181>
<Switch182>
9
</Switch182>
<Switch183>
14
</Switch183>
<Switch184>
7
</Switch184>
<Switch185>
7
</Switch185>
<Switch186>
1
</Switch186>
<Switch187>
5
</Switch187>
<Switch188>
14
</Switch188>
<Switch189>
18
</Switch189>
<Switch190>
5
</Switch190>
<Switch191>
12
</Switch191>
<Switch192>
16
</Switch192>
<Switch193>
16
</Switch193>
<Switch194>
15
</Switch194>
<Switch195>
0
</Switch195>
<Switch196>
17
</Switch196>
<Switch197>
13
</Switch197>
<Switch198>
3
</Switch198>
<Switch199>
14
</Switch199>
<Switch200>
13
</Switch200>
<Switch201>
12
</Switch201>
<Switch202>
11
</Switch202>
<Switch203>
17
</Switch203>
<Switch204>
15
</Switch204>
<Switch205>
10
</Switch205>
<Switch206>
4
</Switch206>
<Switch207>
16
</Switch207>
<Switch208>
16
</Switch208>
<Switch209>
3
</Switch209>
<Switch210>
7
</Switch210>
<Switch211>
7
</Switch211>
<Switch212>
7
</Switch212>
<Switch213>
19
</Switch213>
<Switch214>
7
</Switch214>
<Switch215>
6
</Switch215>
<Switch216>
18
</Switch216>
<Switch217>
0
</Switch217>
<Switch218>
15
</Switch218>
<Switch219>
18
</Switch219>
<Switch220>
16
</Switch220>
<Switch221>
15
</Switch221>
<Switch222>
4
</Switch222>
<Switch223>
13
</Switch223>
<Switch224>
6
</Switch224>
<Switch225>
17
</Switch225>
<Switch226>
4
</Switch226>
<Switch227>
17
</Switch227>
<Switch228>
5
</Switch228>
<Switch229>
19
</Switch229>
<Switch230>
19
</Switch230>
<Switch231>
16
</Switch231>
<Switch232>
9
</Switch232>
<Switch233>
6
</Switch233>
<Switch234>
6
</Switch234>
<Switch235>
11
</Switch235>
<Switch236>
12
</Switch236>
<Switch237>
1
</Switch237>
<Switch238>
14
</Switch238>
<Switch239>
13
</Switch239>
<Switch240>
19
</Switch240>
<Switch241>
12
</Switch241>
<Switch242>
15
</Switch242>
<Switch243>
16
</Switch243>
<Switch244>
18
</Switch244>
<Switch245>
19
</Switch245>
<Switch246>
5
</Switch246>
<Switch247>
11
</Switch247>
<Switch248>
8
</Switch248>
<Switch249>
16
</Switch249>
<Switch250>
1
</Switch250>
<Switch251>
10
</Switch251>
<Switch252>
1
</Switch252>
<Switch253>
6
</Switch253>
<Switch254>
17
</Switch254>
<Switch255>
12
</Switch255>
<Switch256>
19
</Switch256>
<Switch257>
3
</Switch257>
<Switch258>
3
</Switch258>
<Switch259>
18
</Switch259>
<Switch260>
4
</Switch260>
<Switch261>
17
</Switch261>
<Switch262>
4
</Switch262>
<Switch263>
14
</Switch263>
<Switch264>
14
</Switch264>
<Switch265>
8
</Switch265>
<Switch266>
4
</Switch266>
<Switch267>
7
</Switch267>
<Switch268>
14
</Switch268>
<Switch269>
0
</Switch269>
<Switch270>
2
</Switch270>
<Switch271>
3
</Switch271>
<Switch272>
4
</Switch272>
<Switch273>
15
</Switch273>
<Switch274>
9
</Switch274>
<Switch275>
3
</Switch275>
<Switch276>
7
</Switch276>
<Switch277>
11
</Switch277>
<Switch278>
19
</Switch278>
<Switch279>
6
</Switch279>
<Switch280>
13
</Switch280>
<Switch281>
7
</Switch281>
<Switch282>
11
</Switch282>
<Switch283>
18
</Switch283>
<Switch284>
13
</Switch284>
<Switch285>
14
</Switch285>
<Switch286>
2
</Switch286>
<Switch287>
0
</Switch287>
<Switch288>
4
</Switch288>
<Switch289>
4
</Switch289>
<Switch290>
10
</Switch290>
<Switch291>
0
</Switch291>
<Switch292>
4
</Switch292>
<Switch293>
16
</Switch293>
<Switch294>
6
</Switch294>
<Switch295>
18
</Switch295>
<Switch296>
8
</Switch296>
<Switch297>
4
</Switch297>
<Switch298>
11
</Switch298>
<Switch299>
12
</Switch299>
<Switch300>
14
</Switch300>
<Switch301>
3
</Switch301>
<Switch302>
17
</Switch302>
<Switch303>
8
</Switch303>
<Switch304>
18
</Switch304>
<Switch305>
1
</Switch305>
<Switch306>
7
</Switch306>
<Switch307>
16
</Switch307>
<Switch308>
15
</Switch308>
<Switch309>
12
</Switch309>
<Switch310>
8
</Switch310>
<Switch311>
5
</Switch311>
<Switch312>
8
</Switch312>
<Switch313>
5
</Switch313>
<Switch314>
13
</Switch314>
<Switch315>
2
</Switch315>
<Switch316>
1
</Switch316>
<Switch317>
0
</Switch317>
<Switch318>
15
</Switch318>
<Switch319>
19
</Switch319>
<Switch320>
9
</Switch320>
<Switch321>
10
</Switch321>
<Switch322>
19
</Switch322>
<Switch323>
14
</Switch323>
<Switch324>
8
</Switch324>
<Switch325>
19
</Switch325>
<Switch326>
15
</Switch326>
<Switch327>
17
</Switch327>
<Switch328>
2
</Switch328>
<Switch329>
17
</Switch329>
<Switch330>
4
</Switch330>
<Switch331>
2
</Switch331>
<Switch332>
3
</Switch332>
<Switch333>
9
</Switch333>
<Switch334>
10
</Switch334>
<Switch335>
5
</Switch335>
<Switch336>
6
</Switch336>
<Switch337>
4
</Switch337>
<Switch338>
19
</Switch338>
<Switch339>
4
</Switch339>
<Switch340>
13
</Switch340>
<Switch341>
13
</Switch341>
<Switch342>
4
</Switch342>
<Switch343>
9
</Switch343>
<Switch344>
11
</Switch344>
<Switch345>
14
</Switch345>
<Switch346>
11
</Switch346>
<Switch347>
16
</Switch347>
<Switch348>
0
</Switch348>
<Switch349>
4
</Switch349>
<Switch350>
9
</Switch350>
<Switch351>
3
</Switch351>
<Switch352>
6
</Switch352>
<Switch353>
12
</Switch353>
<Switch354>
8
</Switch354>
<Switch355>
13
</Switch355>
<Switch356>
9
</Switch356>
<Switch357>
12
</Switch357>
<Switch358>
4
</Switch358>
<Switch359>
19
</Switch359>
<Switch360>
17
</Switch360>
<Switch361>
0
</Switch361>
<Switch362>
12
</Switch362>
<Switch363>
14
</Switch363>
<Switch364>
13
</Switch364>
<Switch365>
19
</Switch365>
<Switch366>
6
</Switch366>
<Switch367>
6
</Switch367>
<Switch368>
4
</Switch368>
<Switch369>
10
</Switch369>
<Switch370>
11
</Switch370>
<Switch371>
10
</Switch371>
<Switch372>
9
</Switch372>
<Switch373>
3
</Switch373>
<Switch374>
8
</Switch374>
<Switch375>
14
</Switch375>
<Switch376>
4
</Switch376>
<Switch377>
2
</Switch377>
<Switch378>
5
</Switch378>
<Switch379>
10
</Switch379>
<Switch380>
18
</Switch380>
<Switch381>
5
</Switch381>
<Switch382>
4
</Switch382>
<Switch383>
14
</Switch383>
<Switch384>
6
</Switch384>
<Switch385>
3
</Switch385>
<Switch386>
11
</Switch386>
<Switch387>
4
</Switch387>
<Switch388>
1
</Switch388>
<Switch389>
8
</Switch389>
<Switch390>
8
</Switch390>
<Switch391>
16
</Switch391>
<Switch392>
10
</Switch392>
<Switch393>
19
</Switch393>
<Switch394>
13
</Switch394>
<Switch395>
19
</Switch395>
<Switch396>
4
</Switch396>
<Switch397>
13
</Switch397>
<Switch398>
16
</Switch398>
<Switch399>
2
</Switch399>
<Switch400>
0
</Switch400>
<Switch401>
9
</Switch401>
<Switch402>
2
</Switch402>
<Switch403>
3
</Switch403>
<Switch404>
7
</Switch404>
<Switch405>
6
</Switch405>
<Switch406>
16
</Switch406>
<Switch407>
8
</Switch407>
<Switch408>
8
</Switch408>
<Switch409>
1
</Switch409>
<Switch410>
11
</Switch410>
<Switch411>
0
</Switch411>
<Switch412>
8
</Switch412>
<Switch413>
12
</Switch413>
<Switch414>
19
</Switch414>
<Switch415>
6
</Switch415>
<Switch416>
11
</Switch416>
<Switch417>
9
</Switch417>
<Switch418>
3
</Switch418>
<Switch419>
19
</Switch419>
<Switch420>
6
</Switch420>
<Switch421>
15
</Switch421>
<Switch422>
1
</Switch422>
<Switch423>
4
</Switch423>
<Switch424>
2
</Switch424>
<Switch425>
0
</Switch425>
<Switch426>
9
</Switch426>
<Switch427>
6
</Switch427>
<Switch428>
13
</Switch428>
<Switch429>
14
</Switch429>
<Switch430>
13
</Switch430>
<Switch431>
15
</Switch431>
<Switch432>
14
</Switch432>
<Switch433>
11
</Switch433>
<Switch434>
7
</Switch434>
<Switch435>
10
</Switch435>
<Switch436>
12
</Switch436>
<Switch437>
9
</Switch437>
<Switch438>
7
</Switch438>
<Switch439>
15
</Switch439>
<Switch440>
14
</Switch440>
<Switch441>
0
</Switch441>
<Switch442>
9
</Switch442>
<Switch443>
16
</Switch443>
<Switch444>
17
</Switch444>
<Switch445>
17
</Switch445>
<Switch446>
3
</Switch446>
<Switch447>
12
</Switch447>
<Switch448>
11
</Switch448>
<Switch449>
7
</Switch449>
<Switch450>
3
</Switch450>
<Switch451>
19
</Switch451>
<Switch452>
12
</Switch452>
<Switch453>
16
</Switch453>
<Switch454>
7
</Switch454>
<Switch455>
7
</Switch455>
<Switch456>
16
</Switch456>
<Switch457>
17
</Switch457>
<Switch458>
15
</Switch458>
<Switch459>
14
</Switch459>
<Switch460>
3
</Switch460>
<Switch461>
15
</Switch461>
<Switch462>
4
</Switch462>
<Switch463>
12
</Switch463>
<Switch464>
17
</Switch464>
<Switch465>
15
</Switch465>
<Switch466>
8
</Switch466>
<Switch467>
0
</Switch467>
<Switch468>
15
</Switch468>
<Switch469>
9
</Switch469>
<Switch470>
9
</Switch470>
<Switch471>
7
</Switch471>
<Switch472>
0
</Switch472>
<Switch473>
10
</Switch473>
<Switch474>
19
</Switch474>
<Switch475>
9
</Switch475>
<Switch476>
9
</Switch476>
<Switch477>
7
</Switch477>
<Switch478>
3
</Switch478>
<Switch479>
16
</Switch479>
<Switch480>
14
</Switch480>
<Switch481>
2
</Switch481>
<Switch482>
1
</Switch482>
<Switch483>
7
</Switch483>
<Switch484>
17
</Switch484>
<Switch485>
0
</Switch485>
<Switch486>
7
</Switch486>
<Switch487>
17
</Switch487>
<Switch488>
14
</Switch488>
<Switch489>
16
</Switch489>
<Switch490>
14
</Switch490>
<Switch491>
11
</Switch491>
<Switch492>
6
</Switch492>
<Switch493>
8
</Switch493>
<Switch494>
14
</Switch494>
<Switch495>
0
</Switch495>
<Switch496>
18
</Switch496>
<Switch497>
6
</Switch497>
<Switch498>
0
</Switch498>
<Switch499>
4
</Switch499>
<Switch500>
8
</Switch500>
<Switch501>
6
</Switch501>
<Switch502>
16
</Switch502>
<Switch503>
7
</Switch503>
<Switch504>
4
</Switch504>
<Switch505>
7
</Switch505>
<Switch506>
17
</Switch506>
<Switch507>
12
</Switch507>
<Switch508>
12
</Switch508>
<Switch509>
19
</Switch509>
<Switch510>
3
</Switch510>
<Switch511>
14
</Switch511>
<Switch512>
6
</Switch512>
<Switch513>
13
</Switch513>
<Switch514>
8
</Switch514>
<Switch515>
4
</Switch515>
<Switch516>
3
</Switch516>
<Switch517>
2
</Switch517>
<Switch518>
0
</Switch518>
<Switch519>
5
</Switch519>
<Switch520>
9
</Switch520>
<Switch521>
12
</Switch521>
<Switch522>
0
</Switch522>
<Switch523>
10
</Switch523>
<Switch524>
7
</Switch524>
<Switch525>
12
</Switch525>
<Switch526>
11
</Switch526>
<Switch527>
17
</Switch527>
<Switch528>
9
</Switch528>
<Switch529>
10
</Switch529>
<Switch530>
2
</Switch530>
<Switch531>
6
</Switch531>
<Switch532>
19
</Switch532>
<Switch533>
19
</Switch533>
<Switch534>
9
</Switch534>
<Switch535>
9
</Switch535>
<Switch536>
3
</Switch536>
<Switch537>
7
</Switch537>
<Switch538>
3
</Switch538>
<Switch539>
15
</Switch539>
<Switch540>
15
</Switch540>
<Switch541>
13
</Switch541>
<Switch542>
9
</Switch542>
<Switch543>
6
</Switch543>
<Switch544>
5
</Switch544>
<Switch545>
16
</Switch545>
<Switch546>
16
</Switch546>
<Switch547>
9
</Switch547>
<Switch548>
5
</Switch548>
<Switch549>
15
</Switch549>
<Switch550>
7
</Switch550>
<Switch551>
13
</Switch551>
<Switch552>
1
</Switch552>
<Switch553>
9
</Switch553>
<Switch554>
8
</Switch554>
<Switch555>
11
</Switch555>
<Switch556>
17
</Switch556>
<Switch557>
16
</Switch557>
<Switch558>
18
</Switch558>
<Switch559>
5
</Switch559>
<Switch560>
6
</Switch560>
<Switch561>
17
</Switch561>
<Switch562>
0
</Switch562>
<Switch563>
15
</Switch563>
<Switch564>
1
</Switch564>
<Switch565>
13
</Switch565>
<Switch566>
2
</Switch566>
<Switch567>
15
</Switch567>
<Switch568>
5
</Switch568>
<Switch569>
6
</Switch569>
<Switch570>
1
</Switch570>
<Switch571>
14
</Switch571>
<Switch572>
13
</Switch572>
<Switch573>
12
</Switch573>
<Switch574>
18
</Switch574>
<Switch575>
12
</Switch575>
<Switch576>
0
</Switch576>
<Switch577>
19
</Switch577>
<Switch578>
1
</Switch578>
<Switch579>
10
</Switch579>
<Switch580>
0
</Switch580>
<Switch581>
19
</Switch581>
<Switch582>
4
</Switch582>
<Switch583>
7
</Switch583>
<Switch584>
18
</Switch584>
<Switch585>
4
</Switch585>
<Switch586>
17
</Switch586>
<Switch587>
12
</Switch587>
<Switch588>
8
</Switch588>
<Switch589>
8
</Switch589>
<Switch590>
3
</Switch590>
<Switch591>
1
</Switch591>
</BaseID:1138>
