<?xml version="1.0"?>

<BaseID:1141>
<Switch1>
8
</Switch1>
<Switch2>
14
</Switch2>
<Switch3>
13
</Switch3>
<Switch4>
10
</Switch4>
<Switch5>
14
</Switch5>
<Switch6>
2
</Switch6>
<Switch7>
14
</Switch7>
<Switch8>
8
</Switch8>
<Switch9>
1
</Switch9>
<Switch10>
1
</Switch10>
<Switch11>
4
</Switch11>
<Switch12>
18
</Switch12>
<Switch13>
7
</Switch13>
<Switch14>
3
</Switch14>
<Switch15>
3
</Switch15>
<Switch16>
11
</Switch16>
<Switch17>
15
</Switch17>
<Switch18>
10
</Switch18>
<Switch19>
2
</Switch19>
<Switch20>
6
</Switch20>
<Switch21>
11
</Switch21>
<Switch22>
9
</Switch22>
<Switch23>
11
</Switch23>
<Switch24>
6
</Switch24>
<Switch25>
8
</Switch25>
<Switch26>
17
</Switch26>
<Switch27>
16
</Switch27>
<Switch28>
11
</Switch28>
<Switch29>
12
</Switch29>
<Switch30>
19
</Switch30>
<Switch31>
1
</Switch31>
<Switch32>
19
</Switch32>
<Switch33>
14
</Switch33>
<Switch34>
8
</Switch34>
<Switch35>
14
</Switch35>
<Switch36>
10
</Switch36>
<Switch37>
14
</Switch37>
<Switch38>
1
</Switch38>
<Switch39>
4
</Switch39>
<Switch40>
13
</Switch40>
<Switch41>
16
</Switch41>
<Switch42>
18
</Switch42>
<Switch43>
16
</Switch43>
<Switch44>
17
</Switch44>
<Switch45>
7
</Switch45>
<Switch46>
3
</Switch46>
<Switch47>
8
</Switch47>
<Switch48>
4
</Switch48>
<Switch49>
11
</Switch49>
<Switch50>
11
</Switch50>
<Switch51>
19
</Switch51>
<Switch52>
1
</Switch52>
<Switch53>
16
</Switch53>
<Switch54>
5
</Switch54>
<Switch55>
14
</Switch55>
<Switch56>
2
</Switch56>
<Switch57>
6
</Switch57>
<Switch58>
0
</Switch58>
<Switch59>
12
</Switch59>
<Switch60>
11
</Switch60>
<Switch61>
17
</Switch61>
<Switch62>
6
</Switch62>
<Switch63>
2
</Switch63>
<Switch64>
10
</Switch64>
<Switch65>
6
</Switch65>
<Switch66>
9
</Switch66>
<Switch67>
3
</Switch67>
<Switch68>
1
</Switch68>
<Switch69>
1
</Switch69>
<Switch70>
18
</Switch70>
<Switch71>
15
</Switch71>
<Switch72>
0
</Switch72>
<Switch73>
15
</Switch73>
<Switch74>
12
</Switch74>
<Switch75>
1
</Switch75>
<Switch76>
16
</Switch76>
<Switch77>
16
</Switch77>
<Switch78>
6
</Switch78>
<Switch79>
3
</Switch79>
<Switch80>
9
</Switch80>
<Switch81>
1
</Switch81>
<Switch82>
5
</Switch82>
<Switch83>
2
</Switch83>
<Switch84>
5
</Switch84>
<Switch85>
18
</Switch85>
<Switch86>
13
</Switch86>
<Switch87>
7
</Switch87>
<Switch88>
10
</Switch88>
<Switch89>
10
</Switch89>
<Switch90>
13
</Switch90>
<Switch91>
7
</Switch91>
<Switch92>
10
</Switch92>
<Switch93>
6
</Switch93>
<Switch94>
17
</Switch94>
<Switch95>
16
</Switch95>
<Switch96>
9
</Switch96>
<Switch97>
10
</Switch97>
<Switch98>
17
</Switch98>
<Switch99>
8
</Switch99>
<Switch100>
8
</Switch100>
<Switch101>
0
</Switch101>
<Switch102>
17
</Switch102>
<Switch103>
15
</Switch103>
<Switch104>
13
</Switch104>
<Switch105>
9
</Switch105>
<Switch106>
2
</Switch106>
<Switch107>
3
</Switch107>
<Switch108>
0
</Switch108>
<Switch109>
0
</Switch109>
<Switch110>
7
</Switch110>
<Switch111>
0
</Switch111>
<Switch112>
1
</Switch112>
<Switch113>
19
</Switch113>
<Switch114>
0
</Switch114>
<Switch115>
2
</Switch115>
<Switch116>
15
</Switch116>
<Switch117>
6
</Switch117>
<Switch118>
4
</Switch118>
<Switch119>
6
</Switch119>
<Switch120>
5
</Switch120>
<Switch121>
4
</Switch121>
<Switch122>
8
</Switch122>
<Switch123>
13
</Switch123>
<Switch124>
0
</Switch124>
<Switch125>
4
</Switch125>
<Switch126>
6
</Switch126>
<Switch127>
4
</Switch127>
<Switch128>
10
</Switch128>
<Switch129>
8
</Switch129>
<Switch130>
4
</Switch130>
<Switch131>
5
</Switch131>
<Switch132>
18
</Switch132>
<Switch133>
1
</Switch133>
<Switch134>
2
</Switch134>
<Switch135>
3
</Switch135>
<Switch136>
16
</Switch136>
<Switch137>
4
</Switch137>
<Switch138>
16
</Switch138>
<Switch139>
9
</Switch139>
<Switch140>
0
</Switch140>
<Switch141>
17
</Switch141>
<Switch142>
15
</Switch142>
<Switch143>
10
</Switch143>
<Switch144>
7
</Switch144>
<Switch145>
6
</Switch145>
<Switch146>
0
</Switch146>
<Switch147>
17
</Switch147>
<Switch148>
18
</Switch148>
<Switch149>
3
</Switch149>
<Switch150>
11
</Switch150>
<Switch151>
8
</Switch151>
<Switch152>
0
</Switch152>
<Switch153>
16
</Switch153>
<Switch154>
10
</Switch154>
<Switch155>
1
</Switch155>
<Switch156>
19
</Switch156>
<Switch157>
5
</Switch157>
<Switch158>
19
</Switch158>
<Switch159>
1
</Switch159>
<Switch160>
15
</Switch160>
<Switch161>
9
</Switch161>
<Switch162>
10
</Switch162>
<Switch163>
2
</Switch163>
<Switch164>
15
</Switch164>
<Switch165>
6
</Switch165>
<Switch166>
0
</Switch166>
<Switch167>
4
</Switch167>
<Switch168>
17
</Switch168>
<Switch169>
6
</Switch169>
<Switch170>
10
</Switch170>
<Switch171>
13
</Switch171>
<Switch172>
12
</Switch172>
<Switch173>
3
</Switch173>
<Switch174>
18
</Switch174>
<Switch175>
5
</Switch175>
<Switch176>
1
</Switch176>
<Switch177>
5
</Switch177>
<Switch178>
13
</Switch178>
<Switch179>
18
</Switch179>
<Switch180>
15
</Switch180>
<Switch181>
5
</Switch181>
<Switch182>
17
</Switch182>
<Switch183>
16
</Switch183>
<Switch184>
4
</Switch184>
<Switch185>
18
</Switch185>
<Switch186>
10
</Switch186>
<Switch187>
17
</Switch187>
<Switch188>
6
</Switch188>
<Switch189>
12
</Switch189>
<Switch190>
0
</Switch190>
<Switch191>
16
</Switch191>
<Switch192>
6
</Switch192>
<Switch193>
8
</Switch193>
<Switch194>
3
</Switch194>
<Switch195>
4
</Switch195>
<Switch196>
4
</Switch196>
<Switch197>
7
</Switch197>
<Switch198>
8
</Switch198>
<Switch199>
9
</Switch199>
<Switch200>
0
</Switch200>
<Switch201>
4
</Switch201>
<Switch202>
8
</Switch202>
<Switch203>
2
</Switch203>
<Switch204>
1
</Switch204>
<Switch205>
17
</Switch205>
<Switch206>
16
</Switch206>
<Switch207>
18
</Switch207>
<Switch208>
17
</Switch208>
<Switch209>
2
</Switch209>
<Switch210>
0
</Switch210>
<Switch211>
12
</Switch211>
<Switch212>
13
</Switch212>
<Switch213>
0
</Switch213>
<Switch214>
16
</Switch214>
<Switch215>
19
</Switch215>
<Switch216>
11
</Switch216>
<Switch217>
17
</Switch217>
<Switch218>
8
</Switch218>
<Switch219>
16
</Switch219>
<Switch220>
14
</Switch220>
<Switch221>
17
</Switch221>
<Switch222>
7
</Switch222>
<Switch223>
4
</Switch223>
<Switch224>
17
</Switch224>
<Switch225>
11
</Switch225>
<Switch226>
16
</Switch226>
<Switch227>
9
</Switch227>
<Switch228>
16
</Switch228>
<Switch229>
18
</Switch229>
<Switch230>
10
</Switch230>
<Switch231>
19
</Switch231>
<Switch232>
0
</Switch232>
<Switch233>
2
</Switch233>
<Switch234>
3
</Switch234>
<Switch235>
16
</Switch235>
<Switch236>
3
</Switch236>
<Switch237>
7
</Switch237>
<Switch238>
12
</Switch238>
<Switch239>
9
</Switch239>
<Switch240>
8
</Switch240>
<Switch241>
15
</Switch241>
<Switch242>
3
</Switch242>
<Switch243>
13
</Switch243>
<Switch244>
5
</Switch244>
<Switch245>
17
</Switch245>
<Switch246>
10
</Switch246>
<Switch247>
13
</Switch247>
<Switch248>
14
</Switch248>
<Switch249>
14
</Switch249>
<Switch250>
8
</Switch250>
<Switch251>
6
</Switch251>
<Switch252>
13
</Switch252>
<Switch253>
17
</Switch253>
<Switch254>
14
</Switch254>
<Switch255>
2
</Switch255>
<Switch256>
9
</Switch256>
<Switch257>
16
</Switch257>
<Switch258>
16
</Switch258>
<Switch259>
14
</Switch259>
<Switch260>
8
</Switch260>
<Switch261>
5
</Switch261>
<Switch262>
9
</Switch262>
<Switch263>
5
</Switch263>
<Switch264>
3
</Switch264>
<Switch265>
7
</Switch265>
<Switch266>
5
</Switch266>
<Switch267>
7
</Switch267>
<Switch268>
12
</Switch268>
<Switch269>
5
</Switch269>
<Switch270>
7
</Switch270>
<Switch271>
13
</Switch271>
<Switch272>
6
</Switch272>
<Switch273>
17
</Switch273>
<Switch274>
16
</Switch274>
<Switch275>
12
</Switch275>
<Switch276>
6
</Switch276>
<Switch277>
19
</Switch277>
<Switch278>
19
</Switch278>
<Switch279>
9
</Switch279>
<Switch280>
5
</Switch280>
<Switch281>
5
</Switch281>
<Switch282>
14
</Switch282>
<Switch283>
15
</Switch283>
<Switch284>
10
</Switch284>
<Switch285>
15
</Switch285>
<Switch286>
17
</Switch286>
<Switch287>
17
</Switch287>
<Switch288>
10
</Switch288>
<Switch289>
12
</Switch289>
<Switch290>
15
</Switch290>
<Switch291>
11
</Switch291>
<Switch292>
11
</Switch292>
<Switch293>
19
</Switch293>
<Switch294>
18
</Switch294>
<Switch295>
0
</Switch295>
<Switch296>
7
</Switch296>
<Switch297>
12
</Switch297>
<Switch298>
8
</Switch298>
<Switch299>
11
</Switch299>
<Switch300>
2
</Switch300>
<Switch301>
7
</Switch301>
<Switch302>
8
</Switch302>
<Switch303>
14
</Switch303>
<Switch304>
7
</Switch304>
<Switch305>
0
</Switch305>
<Switch306>
6
</Switch306>
<Switch307>
9
</Switch307>
<Switch308>
4
</Switch308>
<Switch309>
6
</Switch309>
<Switch310>
16
</Switch310>
<Switch311>
4
</Switch311>
<Switch312>
16
</Switch312>
<Switch313>
14
</Switch313>
<Switch314>
18
</Switch314>
<Switch315>
3
</Switch315>
<Switch316>
14
</Switch316>
<Switch317>
3
</Switch317>
<Switch318>
6
</Switch318>
<Switch319>
15
</Switch319>
<Switch320>
12
</Switch320>
<Switch321>
10
</Switch321>
<Switch322>
5
</Switch322>
<Switch323>
5
</Switch323>
<Switch324>
14
</Switch324>
<Switch325>
8
</Switch325>
<Switch326>
13
</Switch326>
<Switch327>
0
</Switch327>
<Switch328>
17
</Switch328>
<Switch329>
1
</Switch329>
<Switch330>
19
</Switch330>
<Switch331>
16
</Switch331>
<Switch332>
1
</Switch332>
<Switch333>
14
</Switch333>
<Switch334>
4
</Switch334>
<Switch335>
2
</Switch335>
<Switch336>
3
</Switch336>
<Switch337>
16
</Switch337>
<Switch338>
5
</Switch338>
<Switch339>
4
</Switch339>
<Switch340>
8
</Switch340>
<Switch341>
18
</Switch341>
<Switch342>
9
</Switch342>
<Switch343>
5
</Switch343>
<Switch344>
15
</Switch344>
<Switch345>
16
</Switch345>
<Switch346>
13
</Switch346>
<Switch347>
2
</Switch347>
<Switch348>
4
</Switch348>
<Switch349>
17
</Switch349>
<Switch350>
7
</Switch350>
<Switch351>
4
</Switch351>
<Switch352>
15
</Switch352>
<Switch353>
4
</Switch353>
<Switch354>
18
</Switch354>
<Switch355>
10
</Switch355>
<Switch356>
0
</Switch356>
<Switch357>
9
</Switch357>
<Switch358>
5
</Switch358>
<Switch359>
8
</Switch359>
<Switch360>
6
</Switch360>
<Switch361>
18
</Switch361>
<Switch362>
18
</Switch362>
<Switch363>
2
</Switch363>
<Switch364>
0
</Switch364>
<Switch365>
1
</Switch365>
<Switch366>
19
</Switch366>
<Switch367>
14
</Switch367>
<Switch368>
18
</Switch368>
<Switch369>
4
</Switch369>
<Switch370>
17
</Switch370>
<Switch371>
9
</Switch371>
<Switch372>
1
</Switch372>
<Switch373>
4
</Switch373>
<Switch374>
2
</Switch374>
<Switch375>
13
</Switch375>
<Switch376>
13
</Switch376>
<Switch377>
8
</Switch377>
<Switch378>
9
</Switch378>
<Switch379>
16
</Switch379>
<Switch380>
1
</Switch380>
<Switch381>
6
</Switch381>
<Switch382>
16
</Switch382>
<Switch383>
13
</Switch383>
<Switch384>
11
</Switch384>
<Switch385>
4
</Switch385>
<Switch386>
18
</Switch386>
<Switch387>
16
</Switch387>
<Switch388>
1
</Switch388>
<Switch389>
1
</Switch389>
<Switch390>
11
</Switch390>
<Switch391>
0
</Switch391>
<Switch392>
12
</Switch392>
<Switch393>
7
</Switch393>
<Switch394>
17
</Switch394>
<Switch395>
17
</Switch395>
<Switch396>
11
</Switch396>
<Switch397>
17
</Switch397>
<Switch398>
1
</Switch398>
<Switch399>
12
</Switch399>
<Switch400>
8
</Switch400>
<Switch401>
5
</Switch401>
<Switch402>
15
</Switch402>
<Switch403>
16
</Switch403>
<Switch404>
15
</Switch404>
<Switch405>
19
</Switch405>
<Switch406>
18
</Switch406>
<Switch407>
7
</Switch407>
<Switch408>
12
</Switch408>
<Switch409>
2
</Switch409>
<Switch410>
16
</Switch410>
<Switch411>
1
</Switch411>
<Switch412>
16
</Switch412>
<Switch413>
17
</Switch413>
<Switch414>
6
</Switch414>
<Switch415>
1
</Switch415>
<Switch416>
11
</Switch416>
<Switch417>
3
</Switch417>
<Switch418>
10
</Switch418>
<Switch419>
1
</Switch419>
<Switch420>
2
</Switch420>
<Switch421>
16
</Switch421>
<Switch422>
2
</Switch422>
<Switch423>
17
</Switch423>
<Switch424>
8
</Switch424>
<Switch425>
19
</Switch425>
<Switch426>
13
</Switch426>
<Switch427>
5
</Switch427>
<Switch428>
3
</Switch428>
<Switch429>
12
</Switch429>
<Switch430>
1
</Switch430>
<Switch431>
8
</Switch431>
<Switch432>
8
</Switch432>
<Switch433>
19
</Switch433>
<Switch434>
17
</Switch434>
<Switch435>
12
</Switch435>
<Switch436>
7
</Switch436>
<Switch437>
4
</Switch437>
<Switch438>
2
</Switch438>
<Switch439>
19
</Switch439>
<Switch440>
2
</Switch440>
<Switch441>
18
</Switch441>
<Switch442>
1
</Switch442>
<Switch443>
1
</Switch443>
<Switch444>
9
</Switch444>
<Switch445>
6
</Switch445>
<Switch446>
13
</Switch446>
<Switch447>
5
</Switch447>
<Switch448>
5
</Switch448>
<Switch449>
5
</Switch449>
<Switch450>
4
</Switch450>
<Switch451>
14
</Switch451>
<Switch452>
2
</Switch452>
<Switch453>
3
</Switch453>
<Switch454>
4
</Switch454>
<Switch455>
19
</Switch455>
<Switch456>
10
</Switch456>
<Switch457>
7
</Switch457>
<Switch458>
8
</Switch458>
<Switch459>
14
</Switch459>
<Switch460>
19
</Switch460>
<Switch461>
8
</Switch461>
<Switch462>
15
</Switch462>
<Switch463>
1
</Switch463>
<Switch464>
0
</Switch464>
<Switch465>
10
</Switch465>
<Switch466>
1
</Switch466>
<Switch467>
11
</Switch467>
<Switch468>
8
</Switch468>
<Switch469>
1
</Switch469>
<Switch470>
2
</Switch470>
<Switch471>
15
</Switch471>
<Switch472>
9
</Switch472>
<Switch473>
0
</Switch473>
<Switch474>
16
</Switch474>
<Switch475>
16
</Switch475>
<Switch476>
13
</Switch476>
<Switch477>
2
</Switch477>
<Switch478>
5
</Switch478>
<Switch479>
5
</Switch479>
<Switch480>
16
</Switch480>
<Switch481>
6
</Switch481>
<Switch482>
2
</Switch482>
<Switch483>
8
</Switch483>
<Switch484>
9
</Switch484>
<Switch485>
0
</Switch485>
<Switch486>
18
</Switch486>
<Switch487>
5
</Switch487>
<Switch488>
14
</Switch488>
<Switch489>
3
</Switch489>
<Switch490>
4
</Switch490>
<Switch491>
4
</Switch491>
<Switch492>
7
</Switch492>
<Switch493>
16
</Switch493>
<Switch494>
5
</Switch494>
<Switch495>
4
</Switch495>
<Switch496>
14
</Switch496>
<Switch497>
5
</Switch497>
<Switch498>
18
</Switch498>
<Switch499>
8
</Switch499>
<Switch500>
7
</Switch500>
<Switch501>
16
</Switch501>
<Switch502>
13
</Switch502>
<Switch503>
5
</Switch503>
<Switch504>
15
</Switch504>
<Switch505>
15
</Switch505>
<Switch506>
18
</Switch506>
<Switch507>
10
</Switch507>
<Switch508>
7
</Switch508>
<Switch509>
0
</Switch509>
<Switch510>
13
</Switch510>
<Switch511>
0
</Switch511>
<Switch512>
19
</Switch512>
<Switch513>
1
</Switch513>
<Switch514>
11
</Switch514>
<Switch515>
10
</Switch515>
<Switch516>
12
</Switch516>
<Switch517>
1
</Switch517>
<Switch518>
3
</Switch518>
<Switch519>
3
</Switch519>
<Switch520>
8
</Switch520>
<Switch521>
3
</Switch521>
<Switch522>
8
</Switch522>
<Switch523>
19
</Switch523>
<Switch524>
12
</Switch524>
<Switch525>
1
</Switch525>
<Switch526>
13
</Switch526>
<Switch527>
13
</Switch527>
<Switch528>
8
</Switch528>
<Switch529>
18
</Switch529>
<Switch530>
0
</Switch530>
<Switch531>
16
</Switch531>
<Switch532>
3
</Switch532>
<Switch533>
8
</Switch533>
<Switch534>
0
</Switch534>
<Switch535>
13
</Switch535>
<Switch536>
1
</Switch536>
<Switch537>
0
</Switch537>
<Switch538>
1
</Switch538>
<Switch539>
12
</Switch539>
<Switch540>
16
</Switch540>
<Switch541>
12
</Switch541>
<Switch542>
18
</Switch542>
<Switch543>
11
</Switch543>
<Switch544>
15
</Switch544>
<Switch545>
3
</Switch545>
<Switch546>
7
</Switch546>
<Switch547>
7
</Switch547>
<Switch548>
7
</Switch548>
<Switch549>
6
</Switch549>
<Switch550>
1
</Switch550>
<Switch551>
14
</Switch551>
<Switch552>
3
</Switch552>
<Switch553>
7
</Switch553>
<Switch554>
12
</Switch554>
<Switch555>
4
</Switch555>
<Switch556>
6
</Switch556>
<Switch557>
6
</Switch557>
<Switch558>
3
</Switch558>
<Switch559>
10
</Switch559>
<Switch560>
8
</Switch560>
<Switch561>
3
</Switch561>
<Switch562>
15
</Switch562>
<Switch563>
1
</Switch563>
<Switch564>
1
</Switch564>
<Switch565>
2
</Switch565>
<Switch566>
18
</Switch566>
<Switch567>
12
</Switch567>
<Switch568>
8
</Switch568>
<Switch569>
3
</Switch569>
<Switch570>
3
</Switch570>
<Switch571>
16
</Switch571>
<Switch572>
19
</Switch572>
<Switch573>
6
</Switch573>
<Switch574>
8
</Switch574>
<Switch575>
5
</Switch575>
<Switch576>
13
</Switch576>
<Switch577>
16
</Switch577>
<Switch578>
10
</Switch578>
<Switch579>
9
</Switch579>
<Switch580>
4
</Switch580>
<Switch581>
13
</Switch581>
<Switch582>
17
</Switch582>
<Switch583>
2
</Switch583>
<Switch584>
1
</Switch584>
<Switch585>
14
</Switch585>
<Switch586>
0
</Switch586>
<Switch587>
5
</Switch587>
<Switch588>
3
</Switch588>
<Switch589>
15
</Switch589>
<Switch590>
9
</Switch590>
<Switch591>
10
</Switch591>
<Switch592>
15
</Switch592>
<Switch593>
5
</Switch593>
<Switch594>
11
</Switch594>
<Switch595>
8
</Switch595>
<Switch596>
16
</Switch596>
<Switch597>
1
</Switch597>
<Switch598>
4
</Switch598>
<Switch599>
1
</Switch599>
<Switch600>
2
</Switch600>
<Switch601>
8
</Switch601>
<Switch602>
2
</Switch602>
<Switch603>
11
</Switch603>
<Switch604>
13
</Switch604>
<Switch605>
7
</Switch605>
<Switch606>
14
</Switch606>
<Switch607>
18
</Switch607>
<Switch608>
15
</Switch608>
<Switch609>
8
</Switch609>
<Switch610>
5
</Switch610>
<Switch611>
18
</Switch611>
<Switch612>
18
</Switch612>
<Switch613>
0
</Switch613>
<Switch614>
10
</Switch614>
<Switch615>
10
</Switch615>
<Switch616>
12
</Switch616>
<Switch617>
17
</Switch617>
<Switch618>
12
</Switch618>
<Switch619>
19
</Switch619>
<Switch620>
13
</Switch620>
<Switch621>
4
</Switch621>
<Switch622>
9
</Switch622>
<Switch623>
7
</Switch623>
<Switch624>
17
</Switch624>
<Switch625>
19
</Switch625>
<Switch626>
17
</Switch626>
<Switch627>
5
</Switch627>
<Switch628>
16
</Switch628>
<Switch629>
1
</Switch629>
<Switch630>
6
</Switch630>
<Switch631>
5
</Switch631>
<Switch632>
15
</Switch632>
<Switch633>
2
</Switch633>
<Switch634>
4
</Switch634>
<Switch635>
17
</Switch635>
<Switch636>
8
</Switch636>
<Switch637>
10
</Switch637>
<Switch638>
17
</Switch638>
<Switch639>
8
</Switch639>
<Switch640>
10
</Switch640>
<Switch641>
7
</Switch641>
<Switch642>
14
</Switch642>
<Switch643>
12
</Switch643>
<Switch644>
18
</Switch644>
<Switch645>
2
</Switch645>
<Switch646>
10
</Switch646>
<Switch647>
7
</Switch647>
<Switch648>
10
</Switch648>
<Switch649>
16
</Switch649>
<Switch650>
9
</Switch650>
<Switch651>
14
</Switch651>
<Switch652>
16
</Switch652>
<Switch653>
10
</Switch653>
<Switch654>
8
</Switch654>
<Switch655>
9
</Switch655>
<Switch656>
2
</Switch656>
<Switch657>
3
</Switch657>
<Switch658>
12
</Switch658>
<Switch659>
8
</Switch659>
<Switch660>
14
</Switch660>
<Switch661>
14
</Switch661>
<Switch662>
3
</Switch662>
<Switch663>
0
</Switch663>
<Switch664>
5
</Switch664>
<Switch665>
14
</Switch665>
<Switch666>
12
</Switch666>
<Switch667>
7
</Switch667>
<Switch668>
7
</Switch668>
<Switch669>
15
</Switch669>
<Switch670>
16
</Switch670>
<Switch671>
0
</Switch671>
<Switch672>
10
</Switch672>
<Switch673>
8
</Switch673>
<Switch674>
3
</Switch674>
<Switch675>
14
</Switch675>
<Switch676>
18
</Switch676>
<Switch677>
4
</Switch677>
<Switch678>
14
</Switch678>
<Switch679>
16
</Switch679>
<Switch680>
1
</Switch680>
<Switch681>
19
</Switch681>
<Switch682>
9
</Switch682>
<Switch683>
3
</Switch683>
<Switch684>
11
</Switch684>
<Switch685>
8
</Switch685>
<Switch686>
5
</Switch686>
<Switch687>
5
</Switch687>
<Switch688>
10
</Switch688>
<Switch689>
19
</Switch689>
<Switch690>
15
</Switch690>
<Switch691>
1
</Switch691>
<Switch692>
5
</Switch692>
<Switch693>
4
</Switch693>
<Switch694>
13
</Switch694>
<Switch695>
1
</Switch695>
<Switch696>
19
</Switch696>
<Switch697>
13
</Switch697>
<Switch698>
19
</Switch698>
<Switch699>
11
</Switch699>
<Switch700>
7
</Switch700>
<Switch701>
7
</Switch701>
<Switch702>
4
</Switch702>
<Switch703>
13
</Switch703>
<Switch704>
3
</Switch704>
<Switch705>
4
</Switch705>
<Switch706>
3
</Switch706>
<Switch707>
3
</Switch707>
<Switch708>
14
</Switch708>
<Switch709>
5
</Switch709>
<Switch710>
1
</Switch710>
<Switch711>
10
</Switch711>
<Switch712>
18
</Switch712>
<Switch713>
17
</Switch713>
<Switch714>
18
</Switch714>
<Switch715>
0
</Switch715>
<Switch716>
14
</Switch716>
<Switch717>
18
</Switch717>
<Switch718>
9
</Switch718>
<Switch719>
19
</Switch719>
<Switch720>
1
</Switch720>
<Switch721>
8
</Switch721>
<Switch722>
16
</Switch722>
<Switch723>
9
</Switch723>
<Switch724>
14
</Switch724>
<Switch725>
0
</Switch725>
<Switch726>
17
</Switch726>
<Switch727>
0
</Switch727>
<Switch728>
13
</Switch728>
<Switch729>
0
</Switch729>
<Switch730>
19
</Switch730>
<Switch731>
10
</Switch731>
<Switch732>
6
</Switch732>
<Switch733>
9
</Switch733>
<Switch734>
5
</Switch734>
<Switch735>
4
</Switch735>
<Switch736>
0
</Switch736>
<Switch737>
15
</Switch737>
<Switch738>
6
</Switch738>
<Switch739>
17
</Switch739>
<Switch740>
4
</Switch740>
<Switch741>
5
</Switch741>
<Switch742>
17
</Switch742>
<Switch743>
4
</Switch743>
<Switch744>
17
</Switch744>
<Switch745>
19
</Switch745>
<Switch746>
3
</Switch746>
<Switch747>
6
</Switch747>
<Switch748>
6
</Switch748>
<Switch749>
12
</Switch749>
<Switch750>
0
</Switch750>
<Switch751>
18
</Switch751>
<Switch752>
15
</Switch752>
<Switch753>
18
</Switch753>
<Switch754>
3
</Switch754>
<Switch755>
10
</Switch755>
<Switch756>
16
</Switch756>
<Switch757>
2
</Switch757>
<Switch758>
18
</Switch758>
<Switch759>
18
</Switch759>
<Switch760>
6
</Switch760>
<Switch761>
10
</Switch761>
<Switch762>
2
</Switch762>
<Switch763>
5
</Switch763>
<Switch764>
8
</Switch764>
<Switch765>
17
</Switch765>
<Switch766>
3
</Switch766>
<Switch767>
8
</Switch767>
<Switch768>
11
</Switch768>
<Switch769>
13
</Switch769>
<Switch770>
0
</Switch770>
<Switch771>
11
</Switch771>
<Switch772>
3
</Switch772>
<Switch773>
4
</Switch773>
<Switch774>
15
</Switch774>
<Switch775>
19
</Switch775>
<Switch776>
10
</Switch776>
<Switch777>
9
</Switch777>
<Switch778>
16
</Switch778>
<Switch779>
10
</Switch779>
<Switch780>
14
</Switch780>
<Switch781>
15
</Switch781>
<Switch782>
13
</Switch782>
<Switch783>
18
</Switch783>
<Switch784>
16
</Switch784>
<Switch785>
16
</Switch785>
<Switch786>
14
</Switch786>
<Switch787>
1
</Switch787>
<Switch788>
15
</Switch788>
<Switch789>
16
</Switch789>
<Switch790>
14
</Switch790>
<Switch791>
11
</Switch791>
<Switch792>
0
</Switch792>
<Switch793>
5
</Switch793>
<Switch794>
2
</Switch794>
<Switch795>
6
</Switch795>
<Switch796>
12
</Switch796>
<Switch797>
7
</Switch797>
<Switch798>
1
</Switch798>
<Switch799>
2
</Switch799>
<Switch800>
11
</Switch800>
<Switch801>
5
</Switch801>
<Switch802>
6
</Switch802>
<Switch803>
5
</Switch803>
<Switch804>
12
</Switch804>
<Switch805>
14
</Switch805>
<Switch806>
10
</Switch806>
<Switch807>
6
</Switch807>
<Switch808>
17
</Switch808>
<Switch809>
3
</Switch809>
<Switch810>
18
</Switch810>
<Switch811>
14
</Switch811>
<Switch812>
15
</Switch812>
<Switch813>
18
</Switch813>
<Switch814>
1
</Switch814>
<Switch815>
0
</Switch815>
<Switch816>
19
</Switch816>
<Switch817>
4
</Switch817>
<Switch818>
18
</Switch818>
<Switch819>
14
</Switch819>
<Switch820>
0
</Switch820>
<Switch821>
0
</Switch821>
<Switch822>
2
</Switch822>
<Switch823>
14
</Switch823>
<Switch824>
13
</Switch824>
<Switch825>
14
</Switch825>
<Switch826>
9
</Switch826>
<Switch827>
3
</Switch827>
<Switch828>
6
</Switch828>
<Switch829>
8
</Switch829>
<Switch830>
7
</Switch830>
<Switch831>
9
</Switch831>
<Switch832>
3
</Switch832>
<Switch833>
0
</Switch833>
<Switch834>
6
</Switch834>
<Switch835>
15
</Switch835>
<Switch836>
17
</Switch836>
<Switch837>
8
</Switch837>
<Switch838>
7
</Switch838>
<Switch839>
6
</Switch839>
<Switch840>
18
</Switch840>
<Switch841>
4
</Switch841>
<Switch842>
19
</Switch842>
<Switch843>
8
</Switch843>
<Switch844>
12
</Switch844>
<Switch845>
5
</Switch845>
<Switch846>
3
</Switch846>
<Switch847>
8
</Switch847>
<Switch848>
9
</Switch848>
<Switch849>
4
</Switch849>
<Switch850>
0
</Switch850>
<Switch851>
10
</Switch851>
<Switch852>
10
</Switch852>
<Switch853>
17
</Switch853>
<Switch854>
5
</Switch854>
<Switch855>
4
</Switch855>
<Switch856>
3
</Switch856>
<Switch857>
13
</Switch857>
<Switch858>
14
</Switch858>
<Switch859>
2
</Switch859>
<Switch860>
7
</Switch860>
<Switch861>
3
</Switch861>
<Switch862>
3
</Switch862>
<Switch863>
15
</Switch863>
<Switch864>
1
</Switch864>
<Switch865>
14
</Switch865>
<Switch866>
14
</Switch866>
<Switch867>
16
</Switch867>
<Switch868>
6
</Switch868>
<Switch869>
13
</Switch869>
<Switch870>
10
</Switch870>
<Switch871>
3
</Switch871>
<Switch872>
1
</Switch872>
<Switch873>
6
</Switch873>
<Switch874>
13
</Switch874>
<Switch875>
14
</Switch875>
<Switch876>
13
</Switch876>
<Switch877>
5
</Switch877>
<Switch878>
5
</Switch878>
<Switch879>
5
</Switch879>
<Switch880>
3
</Switch880>
<Switch881>
13
</Switch881>
<Switch882>
7
</Switch882>
<Switch883>
7
</Switch883>
<Switch884>
18
</Switch884>
<Switch885>
19
</Switch885>
<Switch886>
12
</Switch886>
<Switch887>
4
</Switch887>
<Switch888>
12
</Switch888>
<Switch889>
14
</Switch889>
<Switch890>
5
</Switch890>
<Switch891>
1
</Switch891>
<Switch892>
6
</Switch892>
<Switch893>
4
</Switch893>
<Switch894>
7
</Switch894>
<Switch895>
16
</Switch895>
<Switch896>
19
</Switch896>
<Switch897>
19
</Switch897>
<Switch898>
17
</Switch898>
<Switch899>
10
</Switch899>
<Switch900>
9
</Switch900>
<Switch901>
2
</Switch901>
<Switch902>
10
</Switch902>
</BaseID:1141>
