<?xml version="1.0"?>

<BaseID:1142>
<Switch1>
17
</Switch1>
<Switch2>
10
</Switch2>
<Switch3>
11
</Switch3>
<Switch4>
19
</Switch4>
<Switch5>
16
</Switch5>
<Switch6>
15
</Switch6>
<Switch7>
17
</Switch7>
<Switch8>
9
</Switch8>
<Switch9>
4
</Switch9>
<Switch10>
8
</Switch10>
<Switch11>
12
</Switch11>
<Switch12>
13
</Switch12>
<Switch13>
7
</Switch13>
<Switch14>
18
</Switch14>
<Switch15>
14
</Switch15>
<Switch16>
8
</Switch16>
<Switch17>
18
</Switch17>
<Switch18>
4
</Switch18>
<Switch19>
16
</Switch19>
<Switch20>
0
</Switch20>
<Switch21>
15
</Switch21>
<Switch22>
1
</Switch22>
<Switch23>
10
</Switch23>
<Switch24>
13
</Switch24>
<Switch25>
2
</Switch25>
<Switch26>
13
</Switch26>
<Switch27>
17
</Switch27>
<Switch28>
16
</Switch28>
<Switch29>
19
</Switch29>
<Switch30>
19
</Switch30>
<Switch31>
7
</Switch31>
<Switch32>
8
</Switch32>
<Switch33>
11
</Switch33>
<Switch34>
2
</Switch34>
<Switch35>
15
</Switch35>
<Switch36>
1
</Switch36>
<Switch37>
2
</Switch37>
<Switch38>
18
</Switch38>
<Switch39>
0
</Switch39>
<Switch40>
2
</Switch40>
<Switch41>
10
</Switch41>
<Switch42>
15
</Switch42>
<Switch43>
12
</Switch43>
<Switch44>
18
</Switch44>
<Switch45>
19
</Switch45>
<Switch46>
17
</Switch46>
<Switch47>
17
</Switch47>
<Switch48>
15
</Switch48>
<Switch49>
8
</Switch49>
<Switch50>
18
</Switch50>
<Switch51>
8
</Switch51>
<Switch52>
4
</Switch52>
<Switch53>
7
</Switch53>
<Switch54>
1
</Switch54>
<Switch55>
15
</Switch55>
<Switch56>
2
</Switch56>
<Switch57>
14
</Switch57>
<Switch58>
3
</Switch58>
<Switch59>
4
</Switch59>
<Switch60>
14
</Switch60>
<Switch61>
17
</Switch61>
<Switch62>
17
</Switch62>
<Switch63>
13
</Switch63>
<Switch64>
9
</Switch64>
<Switch65>
12
</Switch65>
<Switch66>
18
</Switch66>
<Switch67>
15
</Switch67>
<Switch68>
1
</Switch68>
<Switch69>
12
</Switch69>
<Switch70>
11
</Switch70>
<Switch71>
7
</Switch71>
<Switch72>
11
</Switch72>
<Switch73>
10
</Switch73>
<Switch74>
5
</Switch74>
<Switch75>
12
</Switch75>
<Switch76>
14
</Switch76>
<Switch77>
12
</Switch77>
<Switch78>
15
</Switch78>
<Switch79>
18
</Switch79>
<Switch80>
0
</Switch80>
<Switch81>
17
</Switch81>
<Switch82>
13
</Switch82>
<Switch83>
5
</Switch83>
<Switch84>
0
</Switch84>
<Switch85>
5
</Switch85>
<Switch86>
4
</Switch86>
<Switch87>
17
</Switch87>
<Switch88>
1
</Switch88>
<Switch89>
14
</Switch89>
<Switch90>
16
</Switch90>
<Switch91>
10
</Switch91>
<Switch92>
13
</Switch92>
<Switch93>
14
</Switch93>
<Switch94>
0
</Switch94>
<Switch95>
1
</Switch95>
<Switch96>
6
</Switch96>
<Switch97>
5
</Switch97>
<Switch98>
1
</Switch98>
<Switch99>
18
</Switch99>
<Switch100>
18
</Switch100>
<Switch101>
19
</Switch101>
<Switch102>
18
</Switch102>
<Switch103>
6
</Switch103>
<Switch104>
5
</Switch104>
<Switch105>
19
</Switch105>
<Switch106>
17
</Switch106>
<Switch107>
0
</Switch107>
<Switch108>
17
</Switch108>
<Switch109>
19
</Switch109>
<Switch110>
3
</Switch110>
<Switch111>
7
</Switch111>
<Switch112>
6
</Switch112>
<Switch113>
8
</Switch113>
<Switch114>
18
</Switch114>
<Switch115>
19
</Switch115>
<Switch116>
4
</Switch116>
<Switch117>
14
</Switch117>
<Switch118>
0
</Switch118>
<Switch119>
5
</Switch119>
<Switch120>
10
</Switch120>
<Switch121>
5
</Switch121>
<Switch122>
15
</Switch122>
<Switch123>
19
</Switch123>
<Switch124>
17
</Switch124>
<Switch125>
7
</Switch125>
<Switch126>
4
</Switch126>
<Switch127>
5
</Switch127>
<Switch128>
10
</Switch128>
<Switch129>
14
</Switch129>
<Switch130>
4
</Switch130>
<Switch131>
13
</Switch131>
<Switch132>
9
</Switch132>
<Switch133>
19
</Switch133>
<Switch134>
11
</Switch134>
<Switch135>
16
</Switch135>
<Switch136>
7
</Switch136>
<Switch137>
16
</Switch137>
<Switch138>
12
</Switch138>
<Switch139>
9
</Switch139>
<Switch140>
15
</Switch140>
<Switch141>
16
</Switch141>
<Switch142>
19
</Switch142>
<Switch143>
6
</Switch143>
<Switch144>
9
</Switch144>
<Switch145>
4
</Switch145>
<Switch146>
15
</Switch146>
<Switch147>
15
</Switch147>
<Switch148>
11
</Switch148>
<Switch149>
18
</Switch149>
<Switch150>
11
</Switch150>
<Switch151>
15
</Switch151>
<Switch152>
6
</Switch152>
<Switch153>
14
</Switch153>
<Switch154>
8
</Switch154>
<Switch155>
13
</Switch155>
<Switch156>
17
</Switch156>
<Switch157>
4
</Switch157>
<Switch158>
8
</Switch158>
<Switch159>
3
</Switch159>
<Switch160>
17
</Switch160>
<Switch161>
3
</Switch161>
<Switch162>
2
</Switch162>
<Switch163>
14
</Switch163>
<Switch164>
13
</Switch164>
<Switch165>
11
</Switch165>
<Switch166>
10
</Switch166>
<Switch167>
19
</Switch167>
<Switch168>
9
</Switch168>
<Switch169>
19
</Switch169>
<Switch170>
16
</Switch170>
<Switch171>
14
</Switch171>
<Switch172>
15
</Switch172>
<Switch173>
6
</Switch173>
<Switch174>
13
</Switch174>
<Switch175>
16
</Switch175>
<Switch176>
13
</Switch176>
<Switch177>
3
</Switch177>
<Switch178>
19
</Switch178>
<Switch179>
16
</Switch179>
<Switch180>
14
</Switch180>
<Switch181>
0
</Switch181>
<Switch182>
11
</Switch182>
<Switch183>
3
</Switch183>
<Switch184>
11
</Switch184>
<Switch185>
3
</Switch185>
<Switch186>
8
</Switch186>
<Switch187>
18
</Switch187>
<Switch188>
6
</Switch188>
<Switch189>
4
</Switch189>
<Switch190>
2
</Switch190>
<Switch191>
15
</Switch191>
<Switch192>
15
</Switch192>
<Switch193>
8
</Switch193>
<Switch194>
4
</Switch194>
<Switch195>
3
</Switch195>
<Switch196>
16
</Switch196>
<Switch197>
12
</Switch197>
<Switch198>
15
</Switch198>
<Switch199>
1
</Switch199>
<Switch200>
3
</Switch200>
<Switch201>
15
</Switch201>
<Switch202>
1
</Switch202>
<Switch203>
4
</Switch203>
<Switch204>
6
</Switch204>
<Switch205>
5
</Switch205>
<Switch206>
11
</Switch206>
<Switch207>
12
</Switch207>
<Switch208>
6
</Switch208>
<Switch209>
16
</Switch209>
<Switch210>
11
</Switch210>
<Switch211>
10
</Switch211>
<Switch212>
13
</Switch212>
<Switch213>
12
</Switch213>
<Switch214>
2
</Switch214>
<Switch215>
13
</Switch215>
<Switch216>
19
</Switch216>
<Switch217>
15
</Switch217>
<Switch218>
10
</Switch218>
<Switch219>
9
</Switch219>
<Switch220>
16
</Switch220>
<Switch221>
16
</Switch221>
<Switch222>
16
</Switch222>
<Switch223>
15
</Switch223>
<Switch224>
5
</Switch224>
<Switch225>
17
</Switch225>
<Switch226>
13
</Switch226>
<Switch227>
7
</Switch227>
<Switch228>
12
</Switch228>
<Switch229>
1
</Switch229>
<Switch230>
6
</Switch230>
<Switch231>
11
</Switch231>
<Switch232>
9
</Switch232>
<Switch233>
16
</Switch233>
<Switch234>
14
</Switch234>
<Switch235>
9
</Switch235>
<Switch236>
19
</Switch236>
<Switch237>
14
</Switch237>
<Switch238>
11
</Switch238>
<Switch239>
17
</Switch239>
<Switch240>
9
</Switch240>
<Switch241>
14
</Switch241>
<Switch242>
18
</Switch242>
<Switch243>
17
</Switch243>
<Switch244>
7
</Switch244>
<Switch245>
19
</Switch245>
<Switch246>
1
</Switch246>
<Switch247>
0
</Switch247>
<Switch248>
1
</Switch248>
<Switch249>
2
</Switch249>
<Switch250>
14
</Switch250>
<Switch251>
2
</Switch251>
<Switch252>
14
</Switch252>
<Switch253>
15
</Switch253>
<Switch254>
11
</Switch254>
<Switch255>
9
</Switch255>
<Switch256>
9
</Switch256>
<Switch257>
3
</Switch257>
<Switch258>
1
</Switch258>
<Switch259>
11
</Switch259>
<Switch260>
9
</Switch260>
<Switch261>
15
</Switch261>
<Switch262>
7
</Switch262>
<Switch263>
4
</Switch263>
<Switch264>
8
</Switch264>
<Switch265>
6
</Switch265>
<Switch266>
3
</Switch266>
<Switch267>
7
</Switch267>
<Switch268>
15
</Switch268>
<Switch269>
1
</Switch269>
<Switch270>
14
</Switch270>
<Switch271>
10
</Switch271>
<Switch272>
1
</Switch272>
<Switch273>
3
</Switch273>
<Switch274>
1
</Switch274>
<Switch275>
14
</Switch275>
<Switch276>
17
</Switch276>
<Switch277>
17
</Switch277>
<Switch278>
0
</Switch278>
<Switch279>
13
</Switch279>
<Switch280>
9
</Switch280>
<Switch281>
12
</Switch281>
<Switch282>
17
</Switch282>
<Switch283>
2
</Switch283>
<Switch284>
5
</Switch284>
<Switch285>
14
</Switch285>
<Switch286>
3
</Switch286>
<Switch287>
15
</Switch287>
<Switch288>
13
</Switch288>
<Switch289>
0
</Switch289>
<Switch290>
13
</Switch290>
<Switch291>
6
</Switch291>
<Switch292>
1
</Switch292>
<Switch293>
13
</Switch293>
<Switch294>
9
</Switch294>
<Switch295>
2
</Switch295>
<Switch296>
11
</Switch296>
<Switch297>
13
</Switch297>
<Switch298>
9
</Switch298>
<Switch299>
18
</Switch299>
<Switch300>
18
</Switch300>
<Switch301>
1
</Switch301>
<Switch302>
17
</Switch302>
<Switch303>
16
</Switch303>
<Switch304>
17
</Switch304>
<Switch305>
18
</Switch305>
<Switch306>
10
</Switch306>
<Switch307>
4
</Switch307>
<Switch308>
3
</Switch308>
<Switch309>
9
</Switch309>
<Switch310>
19
</Switch310>
<Switch311>
8
</Switch311>
<Switch312>
19
</Switch312>
<Switch313>
17
</Switch313>
<Switch314>
19
</Switch314>
<Switch315>
12
</Switch315>
<Switch316>
5
</Switch316>
<Switch317>
13
</Switch317>
<Switch318>
0
</Switch318>
<Switch319>
3
</Switch319>
<Switch320>
12
</Switch320>
<Switch321>
1
</Switch321>
<Switch322>
4
</Switch322>
<Switch323>
4
</Switch323>
<Switch324>
6
</Switch324>
<Switch325>
16
</Switch325>
<Switch326>
13
</Switch326>
<Switch327>
3
</Switch327>
<Switch328>
13
</Switch328>
<Switch329>
13
</Switch329>
<Switch330>
7
</Switch330>
<Switch331>
8
</Switch331>
<Switch332>
16
</Switch332>
<Switch333>
6
</Switch333>
<Switch334>
10
</Switch334>
<Switch335>
19
</Switch335>
<Switch336>
19
</Switch336>
<Switch337>
11
</Switch337>
<Switch338>
0
</Switch338>
<Switch339>
19
</Switch339>
<Switch340>
0
</Switch340>
<Switch341>
4
</Switch341>
<Switch342>
14
</Switch342>
<Switch343>
5
</Switch343>
<Switch344>
8
</Switch344>
<Switch345>
9
</Switch345>
<Switch346>
15
</Switch346>
<Switch347>
12
</Switch347>
<Switch348>
5
</Switch348>
<Switch349>
10
</Switch349>
<Switch350>
6
</Switch350>
<Switch351>
1
</Switch351>
<Switch352>
10
</Switch352>
<Switch353>
11
</Switch353>
<Switch354>
18
</Switch354>
<Switch355>
5
</Switch355>
<Switch356>
16
</Switch356>
<Switch357>
0
</Switch357>
<Switch358>
8
</Switch358>
<Switch359>
8
</Switch359>
<Switch360>
16
</Switch360>
<Switch361>
6
</Switch361>
<Switch362>
13
</Switch362>
<Switch363>
11
</Switch363>
<Switch364>
12
</Switch364>
<Switch365>
9
</Switch365>
<Switch366>
10
</Switch366>
<Switch367>
2
</Switch367>
<Switch368>
6
</Switch368>
<Switch369>
14
</Switch369>
<Switch370>
4
</Switch370>
<Switch371>
11
</Switch371>
<Switch372>
13
</Switch372>
<Switch373>
13
</Switch373>
<Switch374>
17
</Switch374>
<Switch375>
3
</Switch375>
<Switch376>
6
</Switch376>
<Switch377>
0
</Switch377>
<Switch378>
9
</Switch378>
<Switch379>
18
</Switch379>
<Switch380>
10
</Switch380>
<Switch381>
0
</Switch381>
<Switch382>
9
</Switch382>
<Switch383>
7
</Switch383>
<Switch384>
11
</Switch384>
<Switch385>
8
</Switch385>
<Switch386>
8
</Switch386>
<Switch387>
18
</Switch387>
<Switch388>
8
</Switch388>
<Switch389>
19
</Switch389>
<Switch390>
16
</Switch390>
<Switch391>
1
</Switch391>
<Switch392>
19
</Switch392>
<Switch393>
12
</Switch393>
<Switch394>
16
</Switch394>
<Switch395>
2
</Switch395>
<Switch396>
14
</Switch396>
<Switch397>
10
</Switch397>
<Switch398>
8
</Switch398>
<Switch399>
7
</Switch399>
<Switch400>
7
</Switch400>
<Switch401>
6
</Switch401>
<Switch402>
1
</Switch402>
<Switch403>
1
</Switch403>
<Switch404>
5
</Switch404>
<Switch405>
0
</Switch405>
<Switch406>
4
</Switch406>
<Switch407>
11
</Switch407>
<Switch408>
11
</Switch408>
<Switch409>
10
</Switch409>
<Switch410>
9
</Switch410>
<Switch411>
19
</Switch411>
<Switch412>
12
</Switch412>
<Switch413>
13
</Switch413>
<Switch414>
1
</Switch414>
<Switch415>
7
</Switch415>
<Switch416>
11
</Switch416>
<Switch417>
1
</Switch417>
<Switch418>
13
</Switch418>
<Switch419>
14
</Switch419>
<Switch420>
18
</Switch420>
<Switch421>
16
</Switch421>
<Switch422>
6
</Switch422>
<Switch423>
6
</Switch423>
<Switch424>
15
</Switch424>
<Switch425>
3
</Switch425>
<Switch426>
15
</Switch426>
<Switch427>
13
</Switch427>
<Switch428>
8
</Switch428>
<Switch429>
16
</Switch429>
<Switch430>
2
</Switch430>
<Switch431>
8
</Switch431>
<Switch432>
12
</Switch432>
<Switch433>
13
</Switch433>
<Switch434>
4
</Switch434>
<Switch435>
16
</Switch435>
<Switch436>
14
</Switch436>
<Switch437>
3
</Switch437>
<Switch438>
18
</Switch438>
<Switch439>
17
</Switch439>
<Switch440>
10
</Switch440>
<Switch441>
19
</Switch441>
<Switch442>
16
</Switch442>
<Switch443>
14
</Switch443>
<Switch444>
6
</Switch444>
<Switch445>
1
</Switch445>
<Switch446>
14
</Switch446>
<Switch447>
18
</Switch447>
<Switch448>
15
</Switch448>
<Switch449>
7
</Switch449>
<Switch450>
10
</Switch450>
<Switch451>
1
</Switch451>
<Switch452>
2
</Switch452>
<Switch453>
5
</Switch453>
<Switch454>
18
</Switch454>
<Switch455>
6
</Switch455>
<Switch456>
6
</Switch456>
<Switch457>
3
</Switch457>
<Switch458>
19
</Switch458>
<Switch459>
5
</Switch459>
<Switch460>
4
</Switch460>
<Switch461>
16
</Switch461>
<Switch462>
7
</Switch462>
<Switch463>
10
</Switch463>
<Switch464>
3
</Switch464>
<Switch465>
10
</Switch465>
<Switch466>
0
</Switch466>
<Switch467>
16
</Switch467>
<Switch468>
9
</Switch468>
<Switch469>
19
</Switch469>
<Switch470>
9
</Switch470>
<Switch471>
5
</Switch471>
<Switch472>
15
</Switch472>
<Switch473>
11
</Switch473>
<Switch474>
14
</Switch474>
<Switch475>
19
</Switch475>
<Switch476>
13
</Switch476>
<Switch477>
13
</Switch477>
<Switch478>
19
</Switch478>
<Switch479>
8
</Switch479>
<Switch480>
6
</Switch480>
<Switch481>
0
</Switch481>
<Switch482>
6
</Switch482>
<Switch483>
3
</Switch483>
<Switch484>
3
</Switch484>
<Switch485>
14
</Switch485>
<Switch486>
0
</Switch486>
<Switch487>
18
</Switch487>
<Switch488>
6
</Switch488>
<Switch489>
0
</Switch489>
<Switch490>
19
</Switch490>
<Switch491>
17
</Switch491>
<Switch492>
11
</Switch492>
<Switch493>
1
</Switch493>
<Switch494>
14
</Switch494>
<Switch495>
9
</Switch495>
<Switch496>
2
</Switch496>
<Switch497>
13
</Switch497>
<Switch498>
5
</Switch498>
<Switch499>
6
</Switch499>
<Switch500>
17
</Switch500>
<Switch501>
15
</Switch501>
<Switch502>
11
</Switch502>
<Switch503>
3
</Switch503>
<Switch504>
14
</Switch504>
<Switch505>
10
</Switch505>
<Switch506>
18
</Switch506>
<Switch507>
7
</Switch507>
<Switch508>
0
</Switch508>
<Switch509>
9
</Switch509>
<Switch510>
2
</Switch510>
<Switch511>
13
</Switch511>
<Switch512>
15
</Switch512>
<Switch513>
10
</Switch513>
<Switch514>
2
</Switch514>
<Switch515>
13
</Switch515>
<Switch516>
6
</Switch516>
<Switch517>
8
</Switch517>
<Switch518>
16
</Switch518>
<Switch519>
2
</Switch519>
<Switch520>
13
</Switch520>
<Switch521>
14
</Switch521>
<Switch522>
16
</Switch522>
<Switch523>
17
</Switch523>
<Switch524>
4
</Switch524>
<Switch525>
16
</Switch525>
<Switch526>
5
</Switch526>
<Switch527>
16
</Switch527>
<Switch528>
15
</Switch528>
<Switch529>
14
</Switch529>
<Switch530>
4
</Switch530>
<Switch531>
13
</Switch531>
<Switch532>
8
</Switch532>
<Switch533>
16
</Switch533>
<Switch534>
2
</Switch534>
<Switch535>
14
</Switch535>
<Switch536>
3
</Switch536>
<Switch537>
12
</Switch537>
<Switch538>
8
</Switch538>
<Switch539>
17
</Switch539>
<Switch540>
1
</Switch540>
<Switch541>
4
</Switch541>
<Switch542>
13
</Switch542>
<Switch543>
8
</Switch543>
<Switch544>
12
</Switch544>
<Switch545>
7
</Switch545>
<Switch546>
17
</Switch546>
<Switch547>
10
</Switch547>
<Switch548>
6
</Switch548>
<Switch549>
7
</Switch549>
<Switch550>
14
</Switch550>
<Switch551>
18
</Switch551>
<Switch552>
17
</Switch552>
<Switch553>
5
</Switch553>
<Switch554>
9
</Switch554>
<Switch555>
2
</Switch555>
<Switch556>
8
</Switch556>
<Switch557>
8
</Switch557>
<Switch558>
14
</Switch558>
<Switch559>
9
</Switch559>
<Switch560>
9
</Switch560>
<Switch561>
1
</Switch561>
<Switch562>
0
</Switch562>
<Switch563>
5
</Switch563>
<Switch564>
3
</Switch564>
<Switch565>
5
</Switch565>
<Switch566>
12
</Switch566>
<Switch567>
3
</Switch567>
<Switch568>
18
</Switch568>
<Switch569>
13
</Switch569>
<Switch570>
12
</Switch570>
<Switch571>
13
</Switch571>
<Switch572>
5
</Switch572>
<Switch573>
10
</Switch573>
<Switch574>
6
</Switch574>
<Switch575>
14
</Switch575>
<Switch576>
16
</Switch576>
<Switch577>
17
</Switch577>
<Switch578>
3
</Switch578>
<Switch579>
7
</Switch579>
<Switch580>
12
</Switch580>
<Switch581>
18
</Switch581>
<Switch582>
6
</Switch582>
<Switch583>
10
</Switch583>
<Switch584>
17
</Switch584>
<Switch585>
5
</Switch585>
<Switch586>
2
</Switch586>
<Switch587>
6
</Switch587>
<Switch588>
15
</Switch588>
<Switch589>
6
</Switch589>
<Switch590>
15
</Switch590>
<Switch591>
2
</Switch591>
<Switch592>
8
</Switch592>
<Switch593>
10
</Switch593>
<Switch594>
5
</Switch594>
<Switch595>
15
</Switch595>
<Switch596>
1
</Switch596>
<Switch597>
12
</Switch597>
<Switch598>
14
</Switch598>
<Switch599>
10
</Switch599>
<Switch600>
0
</Switch600>
<Switch601>
18
</Switch601>
<Switch602>
3
</Switch602>
<Switch603>
7
</Switch603>
<Switch604>
15
</Switch604>
<Switch605>
9
</Switch605>
<Switch606>
19
</Switch606>
<Switch607>
7
</Switch607>
<Switch608>
8
</Switch608>
<Switch609>
7
</Switch609>
<Switch610>
5
</Switch610>
<Switch611>
14
</Switch611>
<Switch612>
12
</Switch612>
<Switch613>
14
</Switch613>
<Switch614>
11
</Switch614>
<Switch615>
13
</Switch615>
<Switch616>
1
</Switch616>
<Switch617>
15
</Switch617>
<Switch618>
12
</Switch618>
<Switch619>
8
</Switch619>
<Switch620>
4
</Switch620>
<Switch621>
18
</Switch621>
<Switch622>
14
</Switch622>
<Switch623>
0
</Switch623>
<Switch624>
1
</Switch624>
<Switch625>
6
</Switch625>
<Switch626>
4
</Switch626>
<Switch627>
17
</Switch627>
<Switch628>
8
</Switch628>
<Switch629>
1
</Switch629>
<Switch630>
8
</Switch630>
<Switch631>
19
</Switch631>
<Switch632>
12
</Switch632>
<Switch633>
13
</Switch633>
<Switch634>
9
</Switch634>
<Switch635>
8
</Switch635>
<Switch636>
13
</Switch636>
<Switch637>
18
</Switch637>
<Switch638>
13
</Switch638>
<Switch639>
7
</Switch639>
<Switch640>
18
</Switch640>
<Switch641>
12
</Switch641>
<Switch642>
6
</Switch642>
<Switch643>
13
</Switch643>
<Switch644>
2
</Switch644>
<Switch645>
10
</Switch645>
<Switch646>
7
</Switch646>
<Switch647>
16
</Switch647>
<Switch648>
2
</Switch648>
<Switch649>
5
</Switch649>
<Switch650>
18
</Switch650>
<Switch651>
9
</Switch651>
<Switch652>
4
</Switch652>
<Switch653>
15
</Switch653>
<Switch654>
0
</Switch654>
<Switch655>
10
</Switch655>
<Switch656>
18
</Switch656>
<Switch657>
7
</Switch657>
<Switch658>
13
</Switch658>
<Switch659>
1
</Switch659>
<Switch660>
9
</Switch660>
<Switch661>
13
</Switch661>
<Switch662>
10
</Switch662>
<Switch663>
1
</Switch663>
<Switch664>
18
</Switch664>
<Switch665>
19
</Switch665>
<Switch666>
17
</Switch666>
<Switch667>
19
</Switch667>
<Switch668>
8
</Switch668>
<Switch669>
15
</Switch669>
<Switch670>
8
</Switch670>
<Switch671>
2
</Switch671>
<Switch672>
0
</Switch672>
<Switch673>
6
</Switch673>
<Switch674>
19
</Switch674>
<Switch675>
19
</Switch675>
<Switch676>
5
</Switch676>
<Switch677>
15
</Switch677>
<Switch678>
8
</Switch678>
<Switch679>
11
</Switch679>
<Switch680>
10
</Switch680>
<Switch681>
0
</Switch681>
<Switch682>
4
</Switch682>
<Switch683>
6
</Switch683>
<Switch684>
11
</Switch684>
<Switch685>
5
</Switch685>
<Switch686>
9
</Switch686>
<Switch687>
10
</Switch687>
<Switch688>
13
</Switch688>
<Switch689>
14
</Switch689>
<Switch690>
14
</Switch690>
<Switch691>
7
</Switch691>
<Switch692>
7
</Switch692>
<Switch693>
3
</Switch693>
<Switch694>
4
</Switch694>
<Switch695>
1
</Switch695>
<Switch696>
14
</Switch696>
<Switch697>
9
</Switch697>
<Switch698>
15
</Switch698>
<Switch699>
4
</Switch699>
<Switch700>
12
</Switch700>
<Switch701>
0
</Switch701>
<Switch702>
12
</Switch702>
<Switch703>
15
</Switch703>
<Switch704>
16
</Switch704>
<Switch705>
12
</Switch705>
<Switch706>
11
</Switch706>
<Switch707>
13
</Switch707>
<Switch708>
18
</Switch708>
<Switch709>
0
</Switch709>
<Switch710>
3
</Switch710>
<Switch711>
13
</Switch711>
<Switch712>
19
</Switch712>
<Switch713>
9
</Switch713>
<Switch714>
19
</Switch714>
<Switch715>
16
</Switch715>
<Switch716>
8
</Switch716>
<Switch717>
5
</Switch717>
<Switch718>
9
</Switch718>
<Switch719>
18
</Switch719>
<Switch720>
13
</Switch720>
<Switch721>
19
</Switch721>
<Switch722>
18
</Switch722>
<Switch723>
9
</Switch723>
<Switch724>
0
</Switch724>
<Switch725>
16
</Switch725>
<Switch726>
17
</Switch726>
<Switch727>
3
</Switch727>
<Switch728>
12
</Switch728>
<Switch729>
17
</Switch729>
<Switch730>
12
</Switch730>
<Switch731>
16
</Switch731>
<Switch732>
16
</Switch732>
<Switch733>
16
</Switch733>
<Switch734>
9
</Switch734>
<Switch735>
3
</Switch735>
<Switch736>
12
</Switch736>
<Switch737>
13
</Switch737>
<Switch738>
10
</Switch738>
<Switch739>
13
</Switch739>
<Switch740>
8
</Switch740>
<Switch741>
14
</Switch741>
<Switch742>
9
</Switch742>
<Switch743>
16
</Switch743>
<Switch744>
8
</Switch744>
<Switch745>
2
</Switch745>
<Switch746>
19
</Switch746>
<Switch747>
7
</Switch747>
<Switch748>
12
</Switch748>
<Switch749>
19
</Switch749>
<Switch750>
12
</Switch750>
<Switch751>
11
</Switch751>
<Switch752>
2
</Switch752>
<Switch753>
2
</Switch753>
<Switch754>
6
</Switch754>
<Switch755>
5
</Switch755>
<Switch756>
17
</Switch756>
<Switch757>
4
</Switch757>
<Switch758>
15
</Switch758>
<Switch759>
3
</Switch759>
<Switch760>
12
</Switch760>
<Switch761>
0
</Switch761>
<Switch762>
15
</Switch762>
<Switch763>
18
</Switch763>
<Switch764>
4
</Switch764>
<Switch765>
0
</Switch765>
<Switch766>
11
</Switch766>
<Switch767>
2
</Switch767>
<Switch768>
15
</Switch768>
<Switch769>
11
</Switch769>
<Switch770>
13
</Switch770>
<Switch771>
1
</Switch771>
<Switch772>
12
</Switch772>
<Switch773>
16
</Switch773>
<Switch774>
16
</Switch774>
<Switch775>
10
</Switch775>
<Switch776>
17
</Switch776>
<Switch777>
16
</Switch777>
<Switch778>
14
</Switch778>
<Switch779>
5
</Switch779>
<Switch780>
3
</Switch780>
<Switch781>
18
</Switch781>
<Switch782>
17
</Switch782>
<Switch783>
9
</Switch783>
<Switch784>
12
</Switch784>
<Switch785>
0
</Switch785>
<Switch786>
12
</Switch786>
<Switch787>
6
</Switch787>
<Switch788>
17
</Switch788>
<Switch789>
10
</Switch789>
<Switch790>
13
</Switch790>
<Switch791>
17
</Switch791>
<Switch792>
7
</Switch792>
<Switch793>
15
</Switch793>
<Switch794>
16
</Switch794>
<Switch795>
14
</Switch795>
<Switch796>
2
</Switch796>
<Switch797>
16
</Switch797>
<Switch798>
13
</Switch798>
<Switch799>
0
</Switch799>
<Switch800>
10
</Switch800>
<Switch801>
5
</Switch801>
<Switch802>
11
</Switch802>
<Switch803>
5
</Switch803>
<Switch804>
14
</Switch804>
<Switch805>
19
</Switch805>
<Switch806>
1
</Switch806>
<Switch807>
16
</Switch807>
<Switch808>
6
</Switch808>
<Switch809>
4
</Switch809>
<Switch810>
11
</Switch810>
<Switch811>
4
</Switch811>
<Switch812>
12
</Switch812>
<Switch813>
2
</Switch813>
<Switch814>
2
</Switch814>
<Switch815>
11
</Switch815>
<Switch816>
7
</Switch816>
<Switch817>
11
</Switch817>
<Switch818>
12
</Switch818>
<Switch819>
5
</Switch819>
<Switch820>
5
</Switch820>
<Switch821>
15
</Switch821>
<Switch822>
2
</Switch822>
<Switch823>
16
</Switch823>
<Switch824>
4
</Switch824>
<Switch825>
12
</Switch825>
<Switch826>
8
</Switch826>
<Switch827>
12
</Switch827>
<Switch828>
16
</Switch828>
<Switch829>
10
</Switch829>
<Switch830>
1
</Switch830>
<Switch831>
0
</Switch831>
<Switch832>
19
</Switch832>
<Switch833>
19
</Switch833>
<Switch834>
1
</Switch834>
<Switch835>
19
</Switch835>
<Switch836>
1
</Switch836>
<Switch837>
14
</Switch837>
<Switch838>
0
</Switch838>
<Switch839>
2
</Switch839>
<Switch840>
3
</Switch840>
<Switch841>
4
</Switch841>
<Switch842>
19
</Switch842>
<Switch843>
19
</Switch843>
<Switch844>
0
</Switch844>
<Switch845>
12
</Switch845>
<Switch846>
9
</Switch846>
<Switch847>
11
</Switch847>
<Switch848>
8
</Switch848>
<Switch849>
16
</Switch849>
<Switch850>
0
</Switch850>
<Switch851>
1
</Switch851>
<Switch852>
5
</Switch852>
<Switch853>
6
</Switch853>
<Switch854>
12
</Switch854>
<Switch855>
1
</Switch855>
<Switch856>
6
</Switch856>
<Switch857>
9
</Switch857>
<Switch858>
2
</Switch858>
<Switch859>
9
</Switch859>
<Switch860>
15
</Switch860>
<Switch861>
13
</Switch861>
<Switch862>
10
</Switch862>
<Switch863>
7
</Switch863>
<Switch864>
4
</Switch864>
<Switch865>
0
</Switch865>
<Switch866>
10
</Switch866>
<Switch867>
9
</Switch867>
<Switch868>
19
</Switch868>
<Switch869>
10
</Switch869>
<Switch870>
17
</Switch870>
<Switch871>
3
</Switch871>
<Switch872>
0
</Switch872>
<Switch873>
14
</Switch873>
<Switch874>
8
</Switch874>
<Switch875>
18
</Switch875>
<Switch876>
15
</Switch876>
<Switch877>
12
</Switch877>
<Switch878>
4
</Switch878>
<Switch879>
15
</Switch879>
<Switch880>
1
</Switch880>
<Switch881>
0
</Switch881>
<Switch882>
15
</Switch882>
<Switch883>
10
</Switch883>
<Switch884>
4
</Switch884>
<Switch885>
7
</Switch885>
<Switch886>
5
</Switch886>
<Switch887>
4
</Switch887>
<Switch888>
12
</Switch888>
<Switch889>
8
</Switch889>
<Switch890>
19
</Switch890>
<Switch891>
12
</Switch891>
<Switch892>
10
</Switch892>
<Switch893>
7
</Switch893>
<Switch894>
7
</Switch894>
<Switch895>
1
</Switch895>
<Switch896>
15
</Switch896>
<Switch897>
10
</Switch897>
<Switch898>
10
</Switch898>
<Switch899>
14
</Switch899>
<Switch900>
17
</Switch900>
<Switch901>
14
</Switch901>
<Switch902>
19
</Switch902>
<Switch903>
13
</Switch903>
<Switch904>
2
</Switch904>
<Switch905>
12
</Switch905>
<Switch906>
18
</Switch906>
<Switch907>
18
</Switch907>
<Switch908>
4
</Switch908>
<Switch909>
1
</Switch909>
<Switch910>
1
</Switch910>
<Switch911>
0
</Switch911>
<Switch912>
4
</Switch912>
<Switch913>
17
</Switch913>
<Switch914>
14
</Switch914>
<Switch915>
12
</Switch915>
<Switch916>
15
</Switch916>
<Switch917>
12
</Switch917>
<Switch918>
6
</Switch918>
<Switch919>
13
</Switch919>
<Switch920>
7
</Switch920>
<Switch921>
7
</Switch921>
<Switch922>
6
</Switch922>
<Switch923>
5
</Switch923>
<Switch924>
2
</Switch924>
<Switch925>
16
</Switch925>
<Switch926>
17
</Switch926>
<Switch927>
2
</Switch927>
<Switch928>
6
</Switch928>
<Switch929>
12
</Switch929>
<Switch930>
10
</Switch930>
<Switch931>
11
</Switch931>
<Switch932>
2
</Switch932>
<Switch933>
19
</Switch933>
<Switch934>
4
</Switch934>
<Switch935>
6
</Switch935>
<Switch936>
16
</Switch936>
<Switch937>
12
</Switch937>
<Switch938>
15
</Switch938>
<Switch939>
2
</Switch939>
<Switch940>
16
</Switch940>
<Switch941>
4
</Switch941>
<Switch942>
1
</Switch942>
<Switch943>
9
</Switch943>
<Switch944>
8
</Switch944>
<Switch945>
12
</Switch945>
<Switch946>
19
</Switch946>
<Switch947>
7
</Switch947>
<Switch948>
18
</Switch948>
<Switch949>
10
</Switch949>
<Switch950>
19
</Switch950>
<Switch951>
16
</Switch951>
<Switch952>
8
</Switch952>
<Switch953>
0
</Switch953>
<Switch954>
16
</Switch954>
<Switch955>
4
</Switch955>
<Switch956>
19
</Switch956>
<Switch957>
13
</Switch957>
<Switch958>
16
</Switch958>
<Switch959>
14
</Switch959>
<Switch960>
0
</Switch960>
<Switch961>
10
</Switch961>
<Switch962>
1
</Switch962>
<Switch963>
2
</Switch963>
<Switch964>
0
</Switch964>
<Switch965>
9
</Switch965>
<Switch966>
10
</Switch966>
<Switch967>
11
</Switch967>
<Switch968>
14
</Switch968>
<Switch969>
4
</Switch969>
<Switch970>
14
</Switch970>
<Switch971>
14
</Switch971>
<Switch972>
7
</Switch972>
<Switch973>
12
</Switch973>
<Switch974>
17
</Switch974>
<Switch975>
12
</Switch975>
<Switch976>
5
</Switch976>
<Switch977>
10
</Switch977>
<Switch978>
18
</Switch978>
<Switch979>
8
</Switch979>
<Switch980>
13
</Switch980>
<Switch981>
0
</Switch981>
<Switch982>
0
</Switch982>
<Switch983>
16
</Switch983>
<Switch984>
19
</Switch984>
<Switch985>
5
</Switch985>
<Switch986>
12
</Switch986>
<Switch987>
18
</Switch987>
<Switch988>
1
</Switch988>
<Switch989>
2
</Switch989>
<Switch990>
5
</Switch990>
</BaseID:1142>
