<?xml version="1.0"?>

<BaseID:1147>
<Switch1>
19
</Switch1>
<Switch2>
0
</Switch2>
<Switch3>
14
</Switch3>
<Switch4>
19
</Switch4>
<Switch5>
9
</Switch5>
<Switch6>
5
</Switch6>
<Switch7>
6
</Switch7>
<Switch8>
3
</Switch8>
<Switch9>
13
</Switch9>
<Switch10>
13
</Switch10>
<Switch11>
10
</Switch11>
<Switch12>
8
</Switch12>
<Switch13>
12
</Switch13>
<Switch14>
12
</Switch14>
<Switch15>
18
</Switch15>
<Switch16>
0
</Switch16>
<Switch17>
16
</Switch17>
<Switch18>
4
</Switch18>
<Switch19>
18
</Switch19>
<Switch20>
6
</Switch20>
<Switch21>
11
</Switch21>
<Switch22>
1
</Switch22>
<Switch23>
7
</Switch23>
<Switch24>
16
</Switch24>
<Switch25>
2
</Switch25>
<Switch26>
3
</Switch26>
<Switch27>
0
</Switch27>
<Switch28>
12
</Switch28>
<Switch29>
10
</Switch29>
<Switch30>
2
</Switch30>
<Switch31>
1
</Switch31>
<Switch32>
4
</Switch32>
<Switch33>
11
</Switch33>
<Switch34>
6
</Switch34>
<Switch35>
9
</Switch35>
<Switch36>
6
</Switch36>
<Switch37>
19
</Switch37>
<Switch38>
15
</Switch38>
<Switch39>
7
</Switch39>
<Switch40>
1
</Switch40>
<Switch41>
2
</Switch41>
<Switch42>
4
</Switch42>
<Switch43>
1
</Switch43>
<Switch44>
18
</Switch44>
<Switch45>
13
</Switch45>
<Switch46>
7
</Switch46>
<Switch47>
16
</Switch47>
<Switch48>
15
</Switch48>
<Switch49>
19
</Switch49>
<Switch50>
0
</Switch50>
<Switch51>
3
</Switch51>
<Switch52>
9
</Switch52>
<Switch53>
0
</Switch53>
<Switch54>
3
</Switch54>
<Switch55>
6
</Switch55>
<Switch56>
15
</Switch56>
<Switch57>
17
</Switch57>
<Switch58>
5
</Switch58>
<Switch59>
10
</Switch59>
<Switch60>
3
</Switch60>
<Switch61>
17
</Switch61>
<Switch62>
7
</Switch62>
<Switch63>
0
</Switch63>
<Switch64>
8
</Switch64>
<Switch65>
8
</Switch65>
<Switch66>
17
</Switch66>
<Switch67>
8
</Switch67>
<Switch68>
6
</Switch68>
<Switch69>
17
</Switch69>
<Switch70>
2
</Switch70>
<Switch71>
6
</Switch71>
<Switch72>
13
</Switch72>
<Switch73>
13
</Switch73>
<Switch74>
13
</Switch74>
<Switch75>
12
</Switch75>
<Switch76>
11
</Switch76>
<Switch77>
7
</Switch77>
<Switch78>
13
</Switch78>
<Switch79>
9
</Switch79>
<Switch80>
2
</Switch80>
<Switch81>
10
</Switch81>
<Switch82>
3
</Switch82>
<Switch83>
9
</Switch83>
<Switch84>
9
</Switch84>
<Switch85>
4
</Switch85>
<Switch86>
0
</Switch86>
<Switch87>
5
</Switch87>
<Switch88>
18
</Switch88>
<Switch89>
1
</Switch89>
<Switch90>
14
</Switch90>
<Switch91>
7
</Switch91>
<Switch92>
15
</Switch92>
<Switch93>
15
</Switch93>
<Switch94>
0
</Switch94>
<Switch95>
1
</Switch95>
<Switch96>
15
</Switch96>
<Switch97>
2
</Switch97>
<Switch98>
17
</Switch98>
<Switch99>
11
</Switch99>
<Switch100>
14
</Switch100>
<Switch101>
15
</Switch101>
<Switch102>
7
</Switch102>
<Switch103>
18
</Switch103>
<Switch104>
9
</Switch104>
<Switch105>
7
</Switch105>
<Switch106>
8
</Switch106>
<Switch107>
15
</Switch107>
<Switch108>
19
</Switch108>
<Switch109>
2
</Switch109>
<Switch110>
18
</Switch110>
<Switch111>
18
</Switch111>
<Switch112>
1
</Switch112>
<Switch113>
13
</Switch113>
<Switch114>
9
</Switch114>
<Switch115>
1
</Switch115>
<Switch116>
5
</Switch116>
<Switch117>
9
</Switch117>
<Switch118>
17
</Switch118>
<Switch119>
12
</Switch119>
<Switch120>
19
</Switch120>
<Switch121>
14
</Switch121>
<Switch122>
12
</Switch122>
<Switch123>
11
</Switch123>
<Switch124>
1
</Switch124>
<Switch125>
0
</Switch125>
<Switch126>
1
</Switch126>
<Switch127>
14
</Switch127>
<Switch128>
3
</Switch128>
<Switch129>
18
</Switch129>
<Switch130>
7
</Switch130>
<Switch131>
1
</Switch131>
<Switch132>
15
</Switch132>
<Switch133>
13
</Switch133>
<Switch134>
9
</Switch134>
<Switch135>
17
</Switch135>
<Switch136>
16
</Switch136>
<Switch137>
15
</Switch137>
<Switch138>
2
</Switch138>
<Switch139>
12
</Switch139>
<Switch140>
16
</Switch140>
<Switch141>
13
</Switch141>
<Switch142>
18
</Switch142>
<Switch143>
9
</Switch143>
<Switch144>
16
</Switch144>
<Switch145>
7
</Switch145>
<Switch146>
19
</Switch146>
<Switch147>
3
</Switch147>
<Switch148>
18
</Switch148>
<Switch149>
12
</Switch149>
<Switch150>
6
</Switch150>
<Switch151>
8
</Switch151>
<Switch152>
5
</Switch152>
<Switch153>
6
</Switch153>
<Switch154>
3
</Switch154>
<Switch155>
5
</Switch155>
<Switch156>
0
</Switch156>
<Switch157>
4
</Switch157>
<Switch158>
8
</Switch158>
<Switch159>
9
</Switch159>
<Switch160>
6
</Switch160>
<Switch161>
19
</Switch161>
<Switch162>
2
</Switch162>
<Switch163>
11
</Switch163>
<Switch164>
4
</Switch164>
<Switch165>
14
</Switch165>
<Switch166>
2
</Switch166>
<Switch167>
14
</Switch167>
<Switch168>
6
</Switch168>
<Switch169>
2
</Switch169>
<Switch170>
18
</Switch170>
<Switch171>
5
</Switch171>
<Switch172>
3
</Switch172>
<Switch173>
2
</Switch173>
<Switch174>
0
</Switch174>
<Switch175>
4
</Switch175>
<Switch176>
15
</Switch176>
<Switch177>
8
</Switch177>
<Switch178>
16
</Switch178>
<Switch179>
2
</Switch179>
<Switch180>
7
</Switch180>
<Switch181>
9
</Switch181>
<Switch182>
7
</Switch182>
<Switch183>
4
</Switch183>
<Switch184>
15
</Switch184>
<Switch185>
4
</Switch185>
<Switch186>
5
</Switch186>
<Switch187>
6
</Switch187>
<Switch188>
5
</Switch188>
<Switch189>
11
</Switch189>
<Switch190>
15
</Switch190>
<Switch191>
17
</Switch191>
<Switch192>
19
</Switch192>
<Switch193>
1
</Switch193>
<Switch194>
14
</Switch194>
<Switch195>
13
</Switch195>
<Switch196>
11
</Switch196>
<Switch197>
0
</Switch197>
<Switch198>
0
</Switch198>
<Switch199>
14
</Switch199>
<Switch200>
18
</Switch200>
<Switch201>
19
</Switch201>
<Switch202>
8
</Switch202>
<Switch203>
10
</Switch203>
<Switch204>
6
</Switch204>
<Switch205>
16
</Switch205>
<Switch206>
2
</Switch206>
<Switch207>
18
</Switch207>
<Switch208>
18
</Switch208>
<Switch209>
13
</Switch209>
<Switch210>
13
</Switch210>
<Switch211>
3
</Switch211>
<Switch212>
8
</Switch212>
<Switch213>
12
</Switch213>
<Switch214>
0
</Switch214>
<Switch215>
15
</Switch215>
<Switch216>
19
</Switch216>
<Switch217>
13
</Switch217>
<Switch218>
16
</Switch218>
<Switch219>
1
</Switch219>
<Switch220>
15
</Switch220>
<Switch221>
16
</Switch221>
<Switch222>
0
</Switch222>
<Switch223>
6
</Switch223>
<Switch224>
5
</Switch224>
<Switch225>
5
</Switch225>
<Switch226>
8
</Switch226>
<Switch227>
6
</Switch227>
<Switch228>
0
</Switch228>
<Switch229>
9
</Switch229>
<Switch230>
8
</Switch230>
<Switch231>
7
</Switch231>
<Switch232>
14
</Switch232>
<Switch233>
6
</Switch233>
<Switch234>
9
</Switch234>
<Switch235>
17
</Switch235>
<Switch236>
5
</Switch236>
<Switch237>
14
</Switch237>
<Switch238>
10
</Switch238>
<Switch239>
19
</Switch239>
<Switch240>
1
</Switch240>
<Switch241>
9
</Switch241>
<Switch242>
8
</Switch242>
<Switch243>
18
</Switch243>
<Switch244>
19
</Switch244>
<Switch245>
5
</Switch245>
<Switch246>
4
</Switch246>
<Switch247>
7
</Switch247>
<Switch248>
16
</Switch248>
<Switch249>
19
</Switch249>
<Switch250>
7
</Switch250>
<Switch251>
12
</Switch251>
<Switch252>
11
</Switch252>
<Switch253>
1
</Switch253>
<Switch254>
4
</Switch254>
<Switch255>
4
</Switch255>
<Switch256>
6
</Switch256>
<Switch257>
6
</Switch257>
<Switch258>
3
</Switch258>
<Switch259>
15
</Switch259>
<Switch260>
12
</Switch260>
<Switch261>
3
</Switch261>
<Switch262>
14
</Switch262>
<Switch263>
19
</Switch263>
<Switch264>
13
</Switch264>
<Switch265>
12
</Switch265>
<Switch266>
19
</Switch266>
<Switch267>
4
</Switch267>
<Switch268>
15
</Switch268>
<Switch269>
6
</Switch269>
<Switch270>
4
</Switch270>
<Switch271>
3
</Switch271>
<Switch272>
0
</Switch272>
<Switch273>
16
</Switch273>
<Switch274>
19
</Switch274>
<Switch275>
10
</Switch275>
<Switch276>
13
</Switch276>
<Switch277>
4
</Switch277>
<Switch278>
0
</Switch278>
<Switch279>
4
</Switch279>
<Switch280>
14
</Switch280>
<Switch281>
2
</Switch281>
<Switch282>
14
</Switch282>
<Switch283>
4
</Switch283>
<Switch284>
9
</Switch284>
<Switch285>
0
</Switch285>
<Switch286>
2
</Switch286>
<Switch287>
15
</Switch287>
<Switch288>
13
</Switch288>
<Switch289>
1
</Switch289>
<Switch290>
11
</Switch290>
<Switch291>
12
</Switch291>
<Switch292>
7
</Switch292>
<Switch293>
0
</Switch293>
<Switch294>
17
</Switch294>
<Switch295>
0
</Switch295>
<Switch296>
11
</Switch296>
<Switch297>
4
</Switch297>
<Switch298>
1
</Switch298>
<Switch299>
12
</Switch299>
<Switch300>
13
</Switch300>
<Switch301>
2
</Switch301>
<Switch302>
18
</Switch302>
<Switch303>
3
</Switch303>
<Switch304>
19
</Switch304>
<Switch305>
15
</Switch305>
<Switch306>
6
</Switch306>
<Switch307>
4
</Switch307>
<Switch308>
17
</Switch308>
<Switch309>
5
</Switch309>
<Switch310>
8
</Switch310>
<Switch311>
8
</Switch311>
<Switch312>
13
</Switch312>
<Switch313>
5
</Switch313>
<Switch314>
18
</Switch314>
<Switch315>
12
</Switch315>
<Switch316>
4
</Switch316>
<Switch317>
2
</Switch317>
<Switch318>
17
</Switch318>
<Switch319>
0
</Switch319>
<Switch320>
13
</Switch320>
<Switch321>
13
</Switch321>
<Switch322>
4
</Switch322>
<Switch323>
12
</Switch323>
<Switch324>
4
</Switch324>
<Switch325>
17
</Switch325>
<Switch326>
18
</Switch326>
<Switch327>
0
</Switch327>
<Switch328>
16
</Switch328>
<Switch329>
10
</Switch329>
<Switch330>
16
</Switch330>
<Switch331>
8
</Switch331>
<Switch332>
6
</Switch332>
<Switch333>
19
</Switch333>
<Switch334>
10
</Switch334>
<Switch335>
9
</Switch335>
<Switch336>
15
</Switch336>
<Switch337>
1
</Switch337>
<Switch338>
11
</Switch338>
<Switch339>
19
</Switch339>
<Switch340>
8
</Switch340>
<Switch341>
7
</Switch341>
<Switch342>
4
</Switch342>
<Switch343>
8
</Switch343>
<Switch344>
8
</Switch344>
<Switch345>
4
</Switch345>
<Switch346>
14
</Switch346>
<Switch347>
6
</Switch347>
<Switch348>
4
</Switch348>
<Switch349>
12
</Switch349>
<Switch350>
8
</Switch350>
<Switch351>
9
</Switch351>
<Switch352>
12
</Switch352>
<Switch353>
7
</Switch353>
<Switch354>
15
</Switch354>
<Switch355>
16
</Switch355>
<Switch356>
15
</Switch356>
<Switch357>
2
</Switch357>
<Switch358>
17
</Switch358>
<Switch359>
18
</Switch359>
<Switch360>
7
</Switch360>
<Switch361>
3
</Switch361>
<Switch362>
1
</Switch362>
<Switch363>
9
</Switch363>
<Switch364>
19
</Switch364>
<Switch365>
6
</Switch365>
<Switch366>
2
</Switch366>
<Switch367>
15
</Switch367>
<Switch368>
6
</Switch368>
<Switch369>
15
</Switch369>
<Switch370>
8
</Switch370>
<Switch371>
13
</Switch371>
<Switch372>
17
</Switch372>
<Switch373>
4
</Switch373>
<Switch374>
15
</Switch374>
<Switch375>
5
</Switch375>
<Switch376>
17
</Switch376>
<Switch377>
12
</Switch377>
<Switch378>
18
</Switch378>
<Switch379>
19
</Switch379>
<Switch380>
3
</Switch380>
<Switch381>
16
</Switch381>
<Switch382>
12
</Switch382>
<Switch383>
16
</Switch383>
<Switch384>
9
</Switch384>
<Switch385>
9
</Switch385>
<Switch386>
3
</Switch386>
<Switch387>
0
</Switch387>
<Switch388>
13
</Switch388>
<Switch389>
11
</Switch389>
<Switch390>
18
</Switch390>
<Switch391>
15
</Switch391>
<Switch392>
14
</Switch392>
<Switch393>
15
</Switch393>
<Switch394>
1
</Switch394>
<Switch395>
2
</Switch395>
<Switch396>
15
</Switch396>
<Switch397>
1
</Switch397>
<Switch398>
8
</Switch398>
<Switch399>
8
</Switch399>
<Switch400>
9
</Switch400>
<Switch401>
12
</Switch401>
<Switch402>
16
</Switch402>
<Switch403>
16
</Switch403>
<Switch404>
18
</Switch404>
<Switch405>
18
</Switch405>
<Switch406>
11
</Switch406>
<Switch407>
2
</Switch407>
<Switch408>
19
</Switch408>
<Switch409>
12
</Switch409>
<Switch410>
19
</Switch410>
<Switch411>
18
</Switch411>
<Switch412>
14
</Switch412>
<Switch413>
7
</Switch413>
<Switch414>
5
</Switch414>
<Switch415>
12
</Switch415>
<Switch416>
0
</Switch416>
<Switch417>
6
</Switch417>
<Switch418>
0
</Switch418>
<Switch419>
7
</Switch419>
<Switch420>
18
</Switch420>
<Switch421>
8
</Switch421>
<Switch422>
5
</Switch422>
<Switch423>
9
</Switch423>
<Switch424>
4
</Switch424>
<Switch425>
5
</Switch425>
<Switch426>
11
</Switch426>
<Switch427>
13
</Switch427>
<Switch428>
3
</Switch428>
<Switch429>
13
</Switch429>
<Switch430>
4
</Switch430>
<Switch431>
12
</Switch431>
<Switch432>
9
</Switch432>
<Switch433>
17
</Switch433>
<Switch434>
7
</Switch434>
<Switch435>
8
</Switch435>
<Switch436>
7
</Switch436>
<Switch437>
3
</Switch437>
<Switch438>
10
</Switch438>
<Switch439>
11
</Switch439>
<Switch440>
18
</Switch440>
<Switch441>
12
</Switch441>
<Switch442>
4
</Switch442>
<Switch443>
12
</Switch443>
<Switch444>
19
</Switch444>
<Switch445>
1
</Switch445>
<Switch446>
14
</Switch446>
<Switch447>
9
</Switch447>
<Switch448>
13
</Switch448>
<Switch449>
7
</Switch449>
<Switch450>
7
</Switch450>
<Switch451>
10
</Switch451>
<Switch452>
9
</Switch452>
<Switch453>
9
</Switch453>
<Switch454>
17
</Switch454>
<Switch455>
9
</Switch455>
<Switch456>
13
</Switch456>
<Switch457>
1
</Switch457>
<Switch458>
8
</Switch458>
<Switch459>
16
</Switch459>
<Switch460>
19
</Switch460>
<Switch461>
14
</Switch461>
<Switch462>
12
</Switch462>
<Switch463>
11
</Switch463>
<Switch464>
8
</Switch464>
<Switch465>
9
</Switch465>
<Switch466>
14
</Switch466>
<Switch467>
10
</Switch467>
<Switch468>
13
</Switch468>
<Switch469>
9
</Switch469>
<Switch470>
13
</Switch470>
<Switch471>
4
</Switch471>
<Switch472>
2
</Switch472>
<Switch473>
13
</Switch473>
<Switch474>
5
</Switch474>
<Switch475>
9
</Switch475>
<Switch476>
6
</Switch476>
<Switch477>
6
</Switch477>
<Switch478>
5
</Switch478>
<Switch479>
11
</Switch479>
<Switch480>
4
</Switch480>
<Switch481>
11
</Switch481>
<Switch482>
18
</Switch482>
<Switch483>
8
</Switch483>
<Switch484>
7
</Switch484>
<Switch485>
17
</Switch485>
<Switch486>
4
</Switch486>
<Switch487>
16
</Switch487>
<Switch488>
9
</Switch488>
<Switch489>
19
</Switch489>
<Switch490>
15
</Switch490>
<Switch491>
7
</Switch491>
<Switch492>
14
</Switch492>
<Switch493>
19
</Switch493>
<Switch494>
6
</Switch494>
<Switch495>
9
</Switch495>
<Switch496>
4
</Switch496>
<Switch497>
4
</Switch497>
<Switch498>
4
</Switch498>
<Switch499>
2
</Switch499>
<Switch500>
15
</Switch500>
<Switch501>
1
</Switch501>
<Switch502>
15
</Switch502>
<Switch503>
1
</Switch503>
<Switch504>
15
</Switch504>
<Switch505>
14
</Switch505>
<Switch506>
2
</Switch506>
<Switch507>
13
</Switch507>
<Switch508>
6
</Switch508>
<Switch509>
13
</Switch509>
<Switch510>
0
</Switch510>
<Switch511>
3
</Switch511>
<Switch512>
12
</Switch512>
<Switch513>
15
</Switch513>
<Switch514>
19
</Switch514>
<Switch515>
3
</Switch515>
<Switch516>
7
</Switch516>
<Switch517>
10
</Switch517>
<Switch518>
8
</Switch518>
<Switch519>
17
</Switch519>
<Switch520>
16
</Switch520>
<Switch521>
16
</Switch521>
<Switch522>
4
</Switch522>
<Switch523>
19
</Switch523>
<Switch524>
0
</Switch524>
<Switch525>
10
</Switch525>
<Switch526>
3
</Switch526>
<Switch527>
3
</Switch527>
<Switch528>
7
</Switch528>
<Switch529>
19
</Switch529>
<Switch530>
9
</Switch530>
<Switch531>
4
</Switch531>
<Switch532>
18
</Switch532>
<Switch533>
3
</Switch533>
<Switch534>
2
</Switch534>
<Switch535>
14
</Switch535>
<Switch536>
13
</Switch536>
</BaseID:1147>
