<?xml version="1.0"?>

<BaseID:1148>
<Switch1>
14
</Switch1>
<Switch2>
18
</Switch2>
<Switch3>
14
</Switch3>
<Switch4>
17
</Switch4>
<Switch5>
12
</Switch5>
<Switch6>
17
</Switch6>
<Switch7>
1
</Switch7>
<Switch8>
5
</Switch8>
<Switch9>
17
</Switch9>
<Switch10>
7
</Switch10>
<Switch11>
18
</Switch11>
<Switch12>
17
</Switch12>
<Switch13>
4
</Switch13>
<Switch14>
18
</Switch14>
<Switch15>
10
</Switch15>
<Switch16>
14
</Switch16>
<Switch17>
10
</Switch17>
<Switch18>
17
</Switch18>
<Switch19>
17
</Switch19>
<Switch20>
17
</Switch20>
<Switch21>
4
</Switch21>
<Switch22>
2
</Switch22>
<Switch23>
0
</Switch23>
<Switch24>
9
</Switch24>
<Switch25>
10
</Switch25>
<Switch26>
2
</Switch26>
<Switch27>
0
</Switch27>
<Switch28>
8
</Switch28>
<Switch29>
7
</Switch29>
<Switch30>
10
</Switch30>
<Switch31>
15
</Switch31>
<Switch32>
3
</Switch32>
<Switch33>
6
</Switch33>
<Switch34>
6
</Switch34>
<Switch35>
17
</Switch35>
<Switch36>
19
</Switch36>
<Switch37>
14
</Switch37>
<Switch38>
17
</Switch38>
<Switch39>
14
</Switch39>
<Switch40>
11
</Switch40>
<Switch41>
7
</Switch41>
<Switch42>
8
</Switch42>
<Switch43>
6
</Switch43>
<Switch44>
10
</Switch44>
<Switch45>
17
</Switch45>
<Switch46>
3
</Switch46>
<Switch47>
6
</Switch47>
<Switch48>
8
</Switch48>
<Switch49>
11
</Switch49>
<Switch50>
18
</Switch50>
<Switch51>
18
</Switch51>
<Switch52>
10
</Switch52>
<Switch53>
1
</Switch53>
<Switch54>
9
</Switch54>
<Switch55>
8
</Switch55>
<Switch56>
11
</Switch56>
<Switch57>
19
</Switch57>
<Switch58>
12
</Switch58>
<Switch59>
8
</Switch59>
<Switch60>
17
</Switch60>
<Switch61>
14
</Switch61>
<Switch62>
2
</Switch62>
<Switch63>
5
</Switch63>
<Switch64>
4
</Switch64>
<Switch65>
4
</Switch65>
<Switch66>
13
</Switch66>
<Switch67>
1
</Switch67>
<Switch68>
0
</Switch68>
<Switch69>
8
</Switch69>
<Switch70>
16
</Switch70>
<Switch71>
2
</Switch71>
<Switch72>
10
</Switch72>
<Switch73>
12
</Switch73>
<Switch74>
7
</Switch74>
<Switch75>
17
</Switch75>
<Switch76>
9
</Switch76>
<Switch77>
4
</Switch77>
<Switch78>
12
</Switch78>
<Switch79>
7
</Switch79>
<Switch80>
14
</Switch80>
<Switch81>
4
</Switch81>
<Switch82>
19
</Switch82>
<Switch83>
2
</Switch83>
<Switch84>
0
</Switch84>
<Switch85>
10
</Switch85>
<Switch86>
17
</Switch86>
<Switch87>
13
</Switch87>
<Switch88>
7
</Switch88>
</BaseID:1148>
