<?xml version="1.0"?>

<BaseID:115>
<Switch1>
8
</Switch1>
<Switch2>
13
</Switch2>
<Switch3>
18
</Switch3>
<Switch4>
3
</Switch4>
<Switch5>
9
</Switch5>
<Switch6>
2
</Switch6>
<Switch7>
0
</Switch7>
<Switch8>
9
</Switch8>
<Switch9>
15
</Switch9>
<Switch10>
12
</Switch10>
<Switch11>
17
</Switch11>
<Switch12>
11
</Switch12>
<Switch13>
15
</Switch13>
<Switch14>
18
</Switch14>
<Switch15>
12
</Switch15>
<Switch16>
4
</Switch16>
<Switch17>
10
</Switch17>
<Switch18>
19
</Switch18>
<Switch19>
12
</Switch19>
<Switch20>
5
</Switch20>
<Switch21>
19
</Switch21>
<Switch22>
6
</Switch22>
<Switch23>
13
</Switch23>
<Switch24>
17
</Switch24>
<Switch25>
6
</Switch25>
<Switch26>
1
</Switch26>
<Switch27>
1
</Switch27>
<Switch28>
3
</Switch28>
<Switch29>
7
</Switch29>
<Switch30>
7
</Switch30>
<Switch31>
16
</Switch31>
<Switch32>
17
</Switch32>
<Switch33>
16
</Switch33>
<Switch34>
0
</Switch34>
<Switch35>
8
</Switch35>
<Switch36>
13
</Switch36>
<Switch37>
8
</Switch37>
<Switch38>
4
</Switch38>
<Switch39>
4
</Switch39>
<Switch40>
8
</Switch40>
<Switch41>
17
</Switch41>
<Switch42>
15
</Switch42>
<Switch43>
12
</Switch43>
<Switch44>
7
</Switch44>
<Switch45>
1
</Switch45>
<Switch46>
4
</Switch46>
<Switch47>
2
</Switch47>
<Switch48>
14
</Switch48>
<Switch49>
1
</Switch49>
<Switch50>
9
</Switch50>
<Switch51>
13
</Switch51>
<Switch52>
17
</Switch52>
<Switch53>
19
</Switch53>
<Switch54>
4
</Switch54>
<Switch55>
12
</Switch55>
<Switch56>
15
</Switch56>
<Switch57>
2
</Switch57>
<Switch58>
16
</Switch58>
<Switch59>
13
</Switch59>
<Switch60>
17
</Switch60>
<Switch61>
12
</Switch61>
<Switch62>
9
</Switch62>
<Switch63>
3
</Switch63>
<Switch64>
11
</Switch64>
<Switch65>
8
</Switch65>
<Switch66>
11
</Switch66>
<Switch67>
1
</Switch67>
<Switch68>
18
</Switch68>
<Switch69>
10
</Switch69>
<Switch70>
2
</Switch70>
<Switch71>
18
</Switch71>
<Switch72>
18
</Switch72>
<Switch73>
16
</Switch73>
<Switch74>
0
</Switch74>
<Switch75>
10
</Switch75>
<Switch76>
4
</Switch76>
<Switch77>
14
</Switch77>
<Switch78>
16
</Switch78>
<Switch79>
4
</Switch79>
<Switch80>
13
</Switch80>
<Switch81>
10
</Switch81>
<Switch82>
6
</Switch82>
<Switch83>
7
</Switch83>
<Switch84>
13
</Switch84>
<Switch85>
11
</Switch85>
<Switch86>
7
</Switch86>
<Switch87>
18
</Switch87>
<Switch88>
6
</Switch88>
<Switch89>
17
</Switch89>
<Switch90>
15
</Switch90>
<Switch91>
11
</Switch91>
<Switch92>
14
</Switch92>
<Switch93>
18
</Switch93>
<Switch94>
3
</Switch94>
<Switch95>
19
</Switch95>
<Switch96>
7
</Switch96>
<Switch97>
19
</Switch97>
<Switch98>
2
</Switch98>
<Switch99>
13
</Switch99>
<Switch100>
15
</Switch100>
<Switch101>
17
</Switch101>
<Switch102>
16
</Switch102>
<Switch103>
1
</Switch103>
<Switch104>
16
</Switch104>
<Switch105>
7
</Switch105>
<Switch106>
1
</Switch106>
<Switch107>
14
</Switch107>
<Switch108>
9
</Switch108>
<Switch109>
18
</Switch109>
<Switch110>
1
</Switch110>
<Switch111>
0
</Switch111>
<Switch112>
16
</Switch112>
<Switch113>
16
</Switch113>
<Switch114>
4
</Switch114>
<Switch115>
18
</Switch115>
<Switch116>
19
</Switch116>
<Switch117>
10
</Switch117>
<Switch118>
13
</Switch118>
<Switch119>
12
</Switch119>
<Switch120>
3
</Switch120>
<Switch121>
5
</Switch121>
<Switch122>
8
</Switch122>
<Switch123>
12
</Switch123>
<Switch124>
12
</Switch124>
<Switch125>
16
</Switch125>
<Switch126>
1
</Switch126>
<Switch127>
12
</Switch127>
<Switch128>
15
</Switch128>
<Switch129>
1
</Switch129>
<Switch130>
5
</Switch130>
<Switch131>
16
</Switch131>
<Switch132>
3
</Switch132>
<Switch133>
9
</Switch133>
<Switch134>
3
</Switch134>
<Switch135>
19
</Switch135>
<Switch136>
17
</Switch136>
<Switch137>
10
</Switch137>
<Switch138>
12
</Switch138>
<Switch139>
1
</Switch139>
<Switch140>
19
</Switch140>
<Switch141>
0
</Switch141>
<Switch142>
0
</Switch142>
<Switch143>
7
</Switch143>
<Switch144>
8
</Switch144>
<Switch145>
8
</Switch145>
<Switch146>
13
</Switch146>
<Switch147>
3
</Switch147>
<Switch148>
18
</Switch148>
<Switch149>
5
</Switch149>
<Switch150>
14
</Switch150>
<Switch151>
14
</Switch151>
<Switch152>
14
</Switch152>
<Switch153>
0
</Switch153>
<Switch154>
13
</Switch154>
<Switch155>
11
</Switch155>
<Switch156>
13
</Switch156>
<Switch157>
12
</Switch157>
<Switch158>
2
</Switch158>
<Switch159>
18
</Switch159>
<Switch160>
1
</Switch160>
<Switch161>
6
</Switch161>
<Switch162>
0
</Switch162>
<Switch163>
12
</Switch163>
<Switch164>
6
</Switch164>
<Switch165>
0
</Switch165>
<Switch166>
3
</Switch166>
<Switch167>
18
</Switch167>
<Switch168>
7
</Switch168>
<Switch169>
13
</Switch169>
<Switch170>
4
</Switch170>
<Switch171>
17
</Switch171>
<Switch172>
9
</Switch172>
<Switch173>
9
</Switch173>
<Switch174>
16
</Switch174>
<Switch175>
5
</Switch175>
<Switch176>
9
</Switch176>
<Switch177>
0
</Switch177>
<Switch178>
11
</Switch178>
<Switch179>
17
</Switch179>
<Switch180>
11
</Switch180>
<Switch181>
16
</Switch181>
<Switch182>
6
</Switch182>
<Switch183>
19
</Switch183>
<Switch184>
11
</Switch184>
<Switch185>
13
</Switch185>
<Switch186>
5
</Switch186>
<Switch187>
17
</Switch187>
<Switch188>
13
</Switch188>
<Switch189>
7
</Switch189>
<Switch190>
2
</Switch190>
<Switch191>
17
</Switch191>
<Switch192>
2
</Switch192>
<Switch193>
19
</Switch193>
<Switch194>
19
</Switch194>
<Switch195>
18
</Switch195>
<Switch196>
5
</Switch196>
<Switch197>
0
</Switch197>
<Switch198>
15
</Switch198>
<Switch199>
4
</Switch199>
<Switch200>
8
</Switch200>
<Switch201>
17
</Switch201>
<Switch202>
16
</Switch202>
<Switch203>
10
</Switch203>
<Switch204>
6
</Switch204>
<Switch205>
5
</Switch205>
<Switch206>
6
</Switch206>
<Switch207>
10
</Switch207>
<Switch208>
15
</Switch208>
<Switch209>
18
</Switch209>
<Switch210>
12
</Switch210>
<Switch211>
17
</Switch211>
<Switch212>
0
</Switch212>
<Switch213>
18
</Switch213>
<Switch214>
19
</Switch214>
<Switch215>
5
</Switch215>
<Switch216>
18
</Switch216>
<Switch217>
0
</Switch217>
<Switch218>
15
</Switch218>
<Switch219>
1
</Switch219>
<Switch220>
14
</Switch220>
<Switch221>
0
</Switch221>
<Switch222>
6
</Switch222>
<Switch223>
17
</Switch223>
<Switch224>
6
</Switch224>
<Switch225>
3
</Switch225>
<Switch226>
10
</Switch226>
<Switch227>
4
</Switch227>
<Switch228>
2
</Switch228>
<Switch229>
10
</Switch229>
<Switch230>
4
</Switch230>
<Switch231>
19
</Switch231>
<Switch232>
5
</Switch232>
<Switch233>
8
</Switch233>
<Switch234>
10
</Switch234>
<Switch235>
15
</Switch235>
<Switch236>
5
</Switch236>
<Switch237>
3
</Switch237>
<Switch238>
1
</Switch238>
<Switch239>
10
</Switch239>
<Switch240>
2
</Switch240>
<Switch241>
8
</Switch241>
<Switch242>
18
</Switch242>
<Switch243>
10
</Switch243>
<Switch244>
19
</Switch244>
<Switch245>
12
</Switch245>
<Switch246>
0
</Switch246>
<Switch247>
19
</Switch247>
<Switch248>
14
</Switch248>
<Switch249>
13
</Switch249>
<Switch250>
1
</Switch250>
<Switch251>
16
</Switch251>
<Switch252>
14
</Switch252>
<Switch253>
13
</Switch253>
<Switch254>
18
</Switch254>
<Switch255>
2
</Switch255>
<Switch256>
12
</Switch256>
<Switch257>
13
</Switch257>
<Switch258>
17
</Switch258>
<Switch259>
13
</Switch259>
<Switch260>
12
</Switch260>
<Switch261>
9
</Switch261>
<Switch262>
1
</Switch262>
<Switch263>
16
</Switch263>
<Switch264>
10
</Switch264>
<Switch265>
0
</Switch265>
<Switch266>
13
</Switch266>
<Switch267>
4
</Switch267>
<Switch268>
11
</Switch268>
<Switch269>
4
</Switch269>
<Switch270>
18
</Switch270>
<Switch271>
8
</Switch271>
<Switch272>
1
</Switch272>
<Switch273>
0
</Switch273>
<Switch274>
3
</Switch274>
<Switch275>
16
</Switch275>
<Switch276>
4
</Switch276>
<Switch277>
10
</Switch277>
<Switch278>
7
</Switch278>
<Switch279>
0
</Switch279>
<Switch280>
1
</Switch280>
<Switch281>
12
</Switch281>
<Switch282>
18
</Switch282>
<Switch283>
5
</Switch283>
<Switch284>
0
</Switch284>
<Switch285>
10
</Switch285>
<Switch286>
17
</Switch286>
<Switch287>
19
</Switch287>
<Switch288>
17
</Switch288>
<Switch289>
3
</Switch289>
<Switch290>
4
</Switch290>
<Switch291>
10
</Switch291>
<Switch292>
8
</Switch292>
<Switch293>
18
</Switch293>
<Switch294>
18
</Switch294>
<Switch295>
7
</Switch295>
<Switch296>
15
</Switch296>
<Switch297>
4
</Switch297>
<Switch298>
13
</Switch298>
<Switch299>
5
</Switch299>
<Switch300>
14
</Switch300>
<Switch301>
7
</Switch301>
<Switch302>
8
</Switch302>
<Switch303>
14
</Switch303>
<Switch304>
9
</Switch304>
<Switch305>
13
</Switch305>
<Switch306>
10
</Switch306>
<Switch307>
8
</Switch307>
<Switch308>
17
</Switch308>
<Switch309>
7
</Switch309>
<Switch310>
0
</Switch310>
<Switch311>
14
</Switch311>
<Switch312>
16
</Switch312>
<Switch313>
17
</Switch313>
<Switch314>
2
</Switch314>
<Switch315>
12
</Switch315>
<Switch316>
17
</Switch316>
<Switch317>
17
</Switch317>
<Switch318>
4
</Switch318>
<Switch319>
14
</Switch319>
<Switch320>
5
</Switch320>
<Switch321>
16
</Switch321>
<Switch322>
0
</Switch322>
<Switch323>
10
</Switch323>
<Switch324>
12
</Switch324>
<Switch325>
8
</Switch325>
<Switch326>
13
</Switch326>
<Switch327>
16
</Switch327>
<Switch328>
3
</Switch328>
<Switch329>
8
</Switch329>
<Switch330>
9
</Switch330>
<Switch331>
19
</Switch331>
<Switch332>
9
</Switch332>
<Switch333>
5
</Switch333>
<Switch334>
12
</Switch334>
<Switch335>
14
</Switch335>
<Switch336>
14
</Switch336>
<Switch337>
3
</Switch337>
<Switch338>
14
</Switch338>
<Switch339>
13
</Switch339>
<Switch340>
8
</Switch340>
<Switch341>
12
</Switch341>
<Switch342>
0
</Switch342>
<Switch343>
7
</Switch343>
<Switch344>
14
</Switch344>
<Switch345>
5
</Switch345>
<Switch346>
4
</Switch346>
<Switch347>
6
</Switch347>
<Switch348>
4
</Switch348>
<Switch349>
12
</Switch349>
<Switch350>
18
</Switch350>
<Switch351>
13
</Switch351>
<Switch352>
12
</Switch352>
<Switch353>
9
</Switch353>
<Switch354>
3
</Switch354>
<Switch355>
13
</Switch355>
<Switch356>
11
</Switch356>
<Switch357>
5
</Switch357>
<Switch358>
11
</Switch358>
<Switch359>
11
</Switch359>
<Switch360>
15
</Switch360>
<Switch361>
8
</Switch361>
<Switch362>
15
</Switch362>
<Switch363>
10
</Switch363>
<Switch364>
13
</Switch364>
<Switch365>
14
</Switch365>
<Switch366>
10
</Switch366>
<Switch367>
10
</Switch367>
<Switch368>
4
</Switch368>
<Switch369>
3
</Switch369>
<Switch370>
9
</Switch370>
<Switch371>
8
</Switch371>
<Switch372>
0
</Switch372>
<Switch373>
5
</Switch373>
<Switch374>
11
</Switch374>
<Switch375>
8
</Switch375>
<Switch376>
18
</Switch376>
<Switch377>
19
</Switch377>
<Switch378>
14
</Switch378>
<Switch379>
18
</Switch379>
<Switch380>
13
</Switch380>
<Switch381>
19
</Switch381>
<Switch382>
16
</Switch382>
<Switch383>
14
</Switch383>
<Switch384>
18
</Switch384>
<Switch385>
0
</Switch385>
<Switch386>
18
</Switch386>
<Switch387>
8
</Switch387>
<Switch388>
13
</Switch388>
<Switch389>
7
</Switch389>
<Switch390>
11
</Switch390>
<Switch391>
15
</Switch391>
<Switch392>
7
</Switch392>
<Switch393>
4
</Switch393>
<Switch394>
6
</Switch394>
<Switch395>
9
</Switch395>
<Switch396>
12
</Switch396>
<Switch397>
18
</Switch397>
<Switch398>
17
</Switch398>
<Switch399>
12
</Switch399>
<Switch400>
10
</Switch400>
<Switch401>
3
</Switch401>
<Switch402>
18
</Switch402>
<Switch403>
0
</Switch403>
<Switch404>
9
</Switch404>
<Switch405>
5
</Switch405>
<Switch406>
4
</Switch406>
<Switch407>
2
</Switch407>
<Switch408>
15
</Switch408>
<Switch409>
3
</Switch409>
<Switch410>
19
</Switch410>
<Switch411>
5
</Switch411>
<Switch412>
12
</Switch412>
<Switch413>
16
</Switch413>
<Switch414>
1
</Switch414>
<Switch415>
15
</Switch415>
<Switch416>
2
</Switch416>
<Switch417>
19
</Switch417>
<Switch418>
13
</Switch418>
<Switch419>
10
</Switch419>
<Switch420>
18
</Switch420>
<Switch421>
6
</Switch421>
<Switch422>
10
</Switch422>
<Switch423>
14
</Switch423>
<Switch424>
11
</Switch424>
<Switch425>
5
</Switch425>
<Switch426>
6
</Switch426>
<Switch427>
12
</Switch427>
<Switch428>
0
</Switch428>
<Switch429>
12
</Switch429>
<Switch430>
9
</Switch430>
<Switch431>
17
</Switch431>
<Switch432>
10
</Switch432>
<Switch433>
13
</Switch433>
<Switch434>
1
</Switch434>
<Switch435>
2
</Switch435>
<Switch436>
12
</Switch436>
<Switch437>
1
</Switch437>
<Switch438>
19
</Switch438>
<Switch439>
11
</Switch439>
<Switch440>
10
</Switch440>
<Switch441>
1
</Switch441>
<Switch442>
7
</Switch442>
<Switch443>
10
</Switch443>
<Switch444>
14
</Switch444>
<Switch445>
13
</Switch445>
<Switch446>
18
</Switch446>
<Switch447>
9
</Switch447>
<Switch448>
5
</Switch448>
<Switch449>
8
</Switch449>
<Switch450>
5
</Switch450>
<Switch451>
8
</Switch451>
<Switch452>
19
</Switch452>
<Switch453>
16
</Switch453>
<Switch454>
15
</Switch454>
<Switch455>
14
</Switch455>
<Switch456>
6
</Switch456>
<Switch457>
17
</Switch457>
<Switch458>
3
</Switch458>
<Switch459>
12
</Switch459>
<Switch460>
13
</Switch460>
<Switch461>
17
</Switch461>
<Switch462>
4
</Switch462>
<Switch463>
9
</Switch463>
<Switch464>
2
</Switch464>
<Switch465>
8
</Switch465>
<Switch466>
17
</Switch466>
<Switch467>
17
</Switch467>
<Switch468>
8
</Switch468>
<Switch469>
13
</Switch469>
<Switch470>
9
</Switch470>
<Switch471>
0
</Switch471>
<Switch472>
7
</Switch472>
<Switch473>
5
</Switch473>
<Switch474>
2
</Switch474>
<Switch475>
17
</Switch475>
<Switch476>
2
</Switch476>
<Switch477>
2
</Switch477>
<Switch478>
18
</Switch478>
<Switch479>
8
</Switch479>
<Switch480>
3
</Switch480>
<Switch481>
17
</Switch481>
<Switch482>
8
</Switch482>
<Switch483>
17
</Switch483>
<Switch484>
3
</Switch484>
<Switch485>
2
</Switch485>
<Switch486>
15
</Switch486>
<Switch487>
1
</Switch487>
<Switch488>
13
</Switch488>
<Switch489>
18
</Switch489>
<Switch490>
5
</Switch490>
<Switch491>
16
</Switch491>
<Switch492>
1
</Switch492>
<Switch493>
12
</Switch493>
<Switch494>
19
</Switch494>
<Switch495>
8
</Switch495>
<Switch496>
3
</Switch496>
<Switch497>
15
</Switch497>
<Switch498>
8
</Switch498>
<Switch499>
5
</Switch499>
<Switch500>
17
</Switch500>
<Switch501>
4
</Switch501>
<Switch502>
2
</Switch502>
<Switch503>
1
</Switch503>
<Switch504>
10
</Switch504>
<Switch505>
3
</Switch505>
<Switch506>
16
</Switch506>
<Switch507>
15
</Switch507>
<Switch508>
16
</Switch508>
<Switch509>
17
</Switch509>
<Switch510>
2
</Switch510>
<Switch511>
8
</Switch511>
<Switch512>
16
</Switch512>
<Switch513>
9
</Switch513>
<Switch514>
11
</Switch514>
<Switch515>
18
</Switch515>
<Switch516>
15
</Switch516>
<Switch517>
11
</Switch517>
<Switch518>
13
</Switch518>
<Switch519>
5
</Switch519>
<Switch520>
0
</Switch520>
<Switch521>
3
</Switch521>
<Switch522>
8
</Switch522>
<Switch523>
4
</Switch523>
<Switch524>
14
</Switch524>
<Switch525>
10
</Switch525>
<Switch526>
0
</Switch526>
<Switch527>
2
</Switch527>
<Switch528>
16
</Switch528>
<Switch529>
9
</Switch529>
<Switch530>
17
</Switch530>
<Switch531>
11
</Switch531>
<Switch532>
12
</Switch532>
<Switch533>
3
</Switch533>
<Switch534>
5
</Switch534>
<Switch535>
13
</Switch535>
<Switch536>
6
</Switch536>
<Switch537>
8
</Switch537>
<Switch538>
13
</Switch538>
<Switch539>
3
</Switch539>
<Switch540>
12
</Switch540>
<Switch541>
3
</Switch541>
<Switch542>
10
</Switch542>
<Switch543>
1
</Switch543>
<Switch544>
4
</Switch544>
<Switch545>
0
</Switch545>
<Switch546>
15
</Switch546>
<Switch547>
14
</Switch547>
<Switch548>
5
</Switch548>
<Switch549>
17
</Switch549>
<Switch550>
3
</Switch550>
<Switch551>
19
</Switch551>
<Switch552>
15
</Switch552>
<Switch553>
8
</Switch553>
<Switch554>
12
</Switch554>
<Switch555>
13
</Switch555>
<Switch556>
7
</Switch556>
<Switch557>
3
</Switch557>
<Switch558>
7
</Switch558>
<Switch559>
11
</Switch559>
<Switch560>
11
</Switch560>
<Switch561>
15
</Switch561>
<Switch562>
16
</Switch562>
<Switch563>
6
</Switch563>
<Switch564>
0
</Switch564>
<Switch565>
13
</Switch565>
<Switch566>
11
</Switch566>
<Switch567>
14
</Switch567>
<Switch568>
8
</Switch568>
<Switch569>
18
</Switch569>
<Switch570>
17
</Switch570>
<Switch571>
18
</Switch571>
<Switch572>
15
</Switch572>
<Switch573>
3
</Switch573>
<Switch574>
17
</Switch574>
<Switch575>
15
</Switch575>
<Switch576>
6
</Switch576>
<Switch577>
15
</Switch577>
<Switch578>
10
</Switch578>
<Switch579>
13
</Switch579>
<Switch580>
3
</Switch580>
<Switch581>
9
</Switch581>
<Switch582>
13
</Switch582>
<Switch583>
0
</Switch583>
<Switch584>
18
</Switch584>
<Switch585>
9
</Switch585>
<Switch586>
13
</Switch586>
<Switch587>
2
</Switch587>
<Switch588>
8
</Switch588>
<Switch589>
2
</Switch589>
<Switch590>
3
</Switch590>
<Switch591>
7
</Switch591>
<Switch592>
18
</Switch592>
<Switch593>
14
</Switch593>
<Switch594>
1
</Switch594>
<Switch595>
6
</Switch595>
<Switch596>
9
</Switch596>
<Switch597>
11
</Switch597>
<Switch598>
3
</Switch598>
<Switch599>
15
</Switch599>
<Switch600>
12
</Switch600>
<Switch601>
7
</Switch601>
<Switch602>
16
</Switch602>
<Switch603>
11
</Switch603>
<Switch604>
12
</Switch604>
<Switch605>
3
</Switch605>
<Switch606>
15
</Switch606>
<Switch607>
14
</Switch607>
<Switch608>
3
</Switch608>
<Switch609>
12
</Switch609>
<Switch610>
1
</Switch610>
<Switch611>
0
</Switch611>
<Switch612>
8
</Switch612>
<Switch613>
15
</Switch613>
<Switch614>
4
</Switch614>
<Switch615>
18
</Switch615>
<Switch616>
16
</Switch616>
<Switch617>
19
</Switch617>
<Switch618>
7
</Switch618>
<Switch619>
16
</Switch619>
<Switch620>
10
</Switch620>
<Switch621>
0
</Switch621>
<Switch622>
17
</Switch622>
<Switch623>
6
</Switch623>
<Switch624>
14
</Switch624>
<Switch625>
3
</Switch625>
<Switch626>
16
</Switch626>
<Switch627>
4
</Switch627>
<Switch628>
7
</Switch628>
<Switch629>
1
</Switch629>
<Switch630>
10
</Switch630>
<Switch631>
11
</Switch631>
<Switch632>
18
</Switch632>
<Switch633>
2
</Switch633>
<Switch634>
2
</Switch634>
<Switch635>
14
</Switch635>
<Switch636>
19
</Switch636>
<Switch637>
8
</Switch637>
<Switch638>
17
</Switch638>
<Switch639>
13
</Switch639>
<Switch640>
7
</Switch640>
<Switch641>
17
</Switch641>
<Switch642>
9
</Switch642>
<Switch643>
10
</Switch643>
<Switch644>
9
</Switch644>
<Switch645>
18
</Switch645>
<Switch646>
12
</Switch646>
<Switch647>
2
</Switch647>
<Switch648>
10
</Switch648>
<Switch649>
8
</Switch649>
<Switch650>
14
</Switch650>
</BaseID:115>
