<?xml version="1.0"?>

<BaseID:1151>
<Switch1>
3
</Switch1>
<Switch2>
7
</Switch2>
<Switch3>
3
</Switch3>
<Switch4>
8
</Switch4>
<Switch5>
0
</Switch5>
<Switch6>
6
</Switch6>
<Switch7>
12
</Switch7>
<Switch8>
3
</Switch8>
<Switch9>
13
</Switch9>
<Switch10>
18
</Switch10>
<Switch11>
0
</Switch11>
<Switch12>
5
</Switch12>
<Switch13>
13
</Switch13>
<Switch14>
15
</Switch14>
<Switch15>
12
</Switch15>
<Switch16>
3
</Switch16>
<Switch17>
13
</Switch17>
<Switch18>
4
</Switch18>
<Switch19>
14
</Switch19>
<Switch20>
16
</Switch20>
<Switch21>
12
</Switch21>
<Switch22>
2
</Switch22>
<Switch23>
17
</Switch23>
<Switch24>
1
</Switch24>
<Switch25>
7
</Switch25>
<Switch26>
8
</Switch26>
<Switch27>
13
</Switch27>
<Switch28>
15
</Switch28>
<Switch29>
4
</Switch29>
<Switch30>
8
</Switch30>
<Switch31>
14
</Switch31>
<Switch32>
7
</Switch32>
<Switch33>
6
</Switch33>
<Switch34>
18
</Switch34>
<Switch35>
9
</Switch35>
<Switch36>
16
</Switch36>
<Switch37>
12
</Switch37>
<Switch38>
10
</Switch38>
<Switch39>
11
</Switch39>
<Switch40>
6
</Switch40>
<Switch41>
19
</Switch41>
<Switch42>
9
</Switch42>
<Switch43>
19
</Switch43>
<Switch44>
18
</Switch44>
<Switch45>
10
</Switch45>
<Switch46>
17
</Switch46>
<Switch47>
3
</Switch47>
<Switch48>
17
</Switch48>
<Switch49>
13
</Switch49>
<Switch50>
18
</Switch50>
<Switch51>
15
</Switch51>
<Switch52>
18
</Switch52>
<Switch53>
18
</Switch53>
<Switch54>
0
</Switch54>
<Switch55>
14
</Switch55>
<Switch56>
0
</Switch56>
<Switch57>
9
</Switch57>
<Switch58>
2
</Switch58>
<Switch59>
13
</Switch59>
<Switch60>
15
</Switch60>
<Switch61>
18
</Switch61>
<Switch62>
10
</Switch62>
<Switch63>
2
</Switch63>
<Switch64>
2
</Switch64>
<Switch65>
17
</Switch65>
<Switch66>
11
</Switch66>
<Switch67>
6
</Switch67>
<Switch68>
6
</Switch68>
<Switch69>
5
</Switch69>
<Switch70>
1
</Switch70>
<Switch71>
15
</Switch71>
<Switch72>
5
</Switch72>
<Switch73>
14
</Switch73>
<Switch74>
15
</Switch74>
<Switch75>
14
</Switch75>
<Switch76>
9
</Switch76>
<Switch77>
5
</Switch77>
<Switch78>
11
</Switch78>
<Switch79>
12
</Switch79>
<Switch80>
6
</Switch80>
<Switch81>
15
</Switch81>
<Switch82>
15
</Switch82>
<Switch83>
12
</Switch83>
<Switch84>
15
</Switch84>
<Switch85>
11
</Switch85>
<Switch86>
3
</Switch86>
<Switch87>
18
</Switch87>
<Switch88>
18
</Switch88>
<Switch89>
16
</Switch89>
<Switch90>
9
</Switch90>
<Switch91>
15
</Switch91>
<Switch92>
2
</Switch92>
<Switch93>
11
</Switch93>
<Switch94>
0
</Switch94>
<Switch95>
14
</Switch95>
<Switch96>
1
</Switch96>
<Switch97>
14
</Switch97>
<Switch98>
2
</Switch98>
<Switch99>
17
</Switch99>
<Switch100>
0
</Switch100>
<Switch101>
7
</Switch101>
<Switch102>
9
</Switch102>
<Switch103>
5
</Switch103>
<Switch104>
18
</Switch104>
<Switch105>
19
</Switch105>
<Switch106>
0
</Switch106>
<Switch107>
4
</Switch107>
<Switch108>
14
</Switch108>
<Switch109>
15
</Switch109>
<Switch110>
7
</Switch110>
<Switch111>
17
</Switch111>
<Switch112>
13
</Switch112>
<Switch113>
12
</Switch113>
<Switch114>
0
</Switch114>
<Switch115>
19
</Switch115>
<Switch116>
11
</Switch116>
<Switch117>
15
</Switch117>
<Switch118>
10
</Switch118>
<Switch119>
14
</Switch119>
<Switch120>
3
</Switch120>
<Switch121>
1
</Switch121>
<Switch122>
8
</Switch122>
<Switch123>
11
</Switch123>
<Switch124>
9
</Switch124>
<Switch125>
13
</Switch125>
<Switch126>
4
</Switch126>
<Switch127>
15
</Switch127>
<Switch128>
17
</Switch128>
<Switch129>
1
</Switch129>
<Switch130>
18
</Switch130>
<Switch131>
8
</Switch131>
<Switch132>
14
</Switch132>
<Switch133>
10
</Switch133>
<Switch134>
15
</Switch134>
<Switch135>
0
</Switch135>
<Switch136>
8
</Switch136>
<Switch137>
1
</Switch137>
<Switch138>
11
</Switch138>
<Switch139>
15
</Switch139>
<Switch140>
17
</Switch140>
<Switch141>
6
</Switch141>
<Switch142>
6
</Switch142>
<Switch143>
11
</Switch143>
<Switch144>
10
</Switch144>
<Switch145>
7
</Switch145>
<Switch146>
8
</Switch146>
<Switch147>
19
</Switch147>
<Switch148>
6
</Switch148>
<Switch149>
18
</Switch149>
<Switch150>
5
</Switch150>
<Switch151>
17
</Switch151>
<Switch152>
15
</Switch152>
<Switch153>
16
</Switch153>
<Switch154>
16
</Switch154>
<Switch155>
5
</Switch155>
<Switch156>
16
</Switch156>
<Switch157>
3
</Switch157>
<Switch158>
12
</Switch158>
<Switch159>
16
</Switch159>
<Switch160>
12
</Switch160>
<Switch161>
0
</Switch161>
<Switch162>
12
</Switch162>
<Switch163>
14
</Switch163>
<Switch164>
6
</Switch164>
<Switch165>
14
</Switch165>
<Switch166>
7
</Switch166>
<Switch167>
0
</Switch167>
<Switch168>
12
</Switch168>
<Switch169>
10
</Switch169>
<Switch170>
8
</Switch170>
<Switch171>
13
</Switch171>
<Switch172>
17
</Switch172>
<Switch173>
8
</Switch173>
<Switch174>
9
</Switch174>
<Switch175>
0
</Switch175>
<Switch176>
9
</Switch176>
<Switch177>
10
</Switch177>
<Switch178>
4
</Switch178>
<Switch179>
19
</Switch179>
<Switch180>
19
</Switch180>
<Switch181>
8
</Switch181>
<Switch182>
16
</Switch182>
<Switch183>
16
</Switch183>
<Switch184>
19
</Switch184>
<Switch185>
1
</Switch185>
<Switch186>
12
</Switch186>
<Switch187>
9
</Switch187>
<Switch188>
7
</Switch188>
<Switch189>
6
</Switch189>
<Switch190>
17
</Switch190>
<Switch191>
17
</Switch191>
<Switch192>
12
</Switch192>
<Switch193>
16
</Switch193>
<Switch194>
3
</Switch194>
<Switch195>
18
</Switch195>
<Switch196>
14
</Switch196>
<Switch197>
12
</Switch197>
<Switch198>
10
</Switch198>
<Switch199>
6
</Switch199>
<Switch200>
16
</Switch200>
<Switch201>
7
</Switch201>
<Switch202>
8
</Switch202>
<Switch203>
12
</Switch203>
<Switch204>
7
</Switch204>
<Switch205>
8
</Switch205>
<Switch206>
6
</Switch206>
<Switch207>
11
</Switch207>
<Switch208>
19
</Switch208>
<Switch209>
10
</Switch209>
<Switch210>
0
</Switch210>
<Switch211>
1
</Switch211>
<Switch212>
15
</Switch212>
<Switch213>
18
</Switch213>
<Switch214>
18
</Switch214>
<Switch215>
6
</Switch215>
<Switch216>
17
</Switch216>
<Switch217>
15
</Switch217>
<Switch218>
17
</Switch218>
<Switch219>
3
</Switch219>
<Switch220>
2
</Switch220>
<Switch221>
8
</Switch221>
<Switch222>
16
</Switch222>
<Switch223>
3
</Switch223>
<Switch224>
9
</Switch224>
<Switch225>
16
</Switch225>
<Switch226>
3
</Switch226>
<Switch227>
10
</Switch227>
<Switch228>
7
</Switch228>
<Switch229>
14
</Switch229>
<Switch230>
2
</Switch230>
<Switch231>
1
</Switch231>
<Switch232>
6
</Switch232>
<Switch233>
19
</Switch233>
<Switch234>
15
</Switch234>
<Switch235>
10
</Switch235>
<Switch236>
7
</Switch236>
<Switch237>
2
</Switch237>
<Switch238>
3
</Switch238>
<Switch239>
1
</Switch239>
<Switch240>
7
</Switch240>
<Switch241>
10
</Switch241>
<Switch242>
2
</Switch242>
<Switch243>
19
</Switch243>
<Switch244>
18
</Switch244>
<Switch245>
3
</Switch245>
<Switch246>
1
</Switch246>
<Switch247>
3
</Switch247>
<Switch248>
8
</Switch248>
<Switch249>
18
</Switch249>
<Switch250>
10
</Switch250>
<Switch251>
19
</Switch251>
<Switch252>
8
</Switch252>
<Switch253>
19
</Switch253>
<Switch254>
7
</Switch254>
<Switch255>
6
</Switch255>
<Switch256>
9
</Switch256>
<Switch257>
6
</Switch257>
<Switch258>
10
</Switch258>
<Switch259>
8
</Switch259>
<Switch260>
9
</Switch260>
<Switch261>
2
</Switch261>
<Switch262>
17
</Switch262>
<Switch263>
2
</Switch263>
<Switch264>
10
</Switch264>
<Switch265>
7
</Switch265>
<Switch266>
16
</Switch266>
<Switch267>
0
</Switch267>
<Switch268>
17
</Switch268>
<Switch269>
6
</Switch269>
<Switch270>
14
</Switch270>
<Switch271>
9
</Switch271>
<Switch272>
17
</Switch272>
<Switch273>
3
</Switch273>
<Switch274>
17
</Switch274>
<Switch275>
19
</Switch275>
<Switch276>
4
</Switch276>
<Switch277>
11
</Switch277>
<Switch278>
8
</Switch278>
<Switch279>
4
</Switch279>
<Switch280>
1
</Switch280>
<Switch281>
0
</Switch281>
<Switch282>
0
</Switch282>
<Switch283>
17
</Switch283>
<Switch284>
10
</Switch284>
<Switch285>
10
</Switch285>
<Switch286>
0
</Switch286>
<Switch287>
9
</Switch287>
<Switch288>
10
</Switch288>
<Switch289>
7
</Switch289>
<Switch290>
13
</Switch290>
<Switch291>
9
</Switch291>
<Switch292>
12
</Switch292>
<Switch293>
3
</Switch293>
<Switch294>
9
</Switch294>
<Switch295>
16
</Switch295>
<Switch296>
18
</Switch296>
<Switch297>
19
</Switch297>
<Switch298>
0
</Switch298>
<Switch299>
2
</Switch299>
<Switch300>
0
</Switch300>
<Switch301>
8
</Switch301>
<Switch302>
17
</Switch302>
<Switch303>
3
</Switch303>
<Switch304>
9
</Switch304>
<Switch305>
5
</Switch305>
<Switch306>
19
</Switch306>
<Switch307>
3
</Switch307>
<Switch308>
9
</Switch308>
<Switch309>
2
</Switch309>
<Switch310>
19
</Switch310>
<Switch311>
4
</Switch311>
<Switch312>
18
</Switch312>
<Switch313>
15
</Switch313>
<Switch314>
19
</Switch314>
<Switch315>
8
</Switch315>
<Switch316>
4
</Switch316>
<Switch317>
8
</Switch317>
<Switch318>
9
</Switch318>
<Switch319>
8
</Switch319>
<Switch320>
7
</Switch320>
<Switch321>
15
</Switch321>
<Switch322>
18
</Switch322>
<Switch323>
18
</Switch323>
<Switch324>
19
</Switch324>
<Switch325>
9
</Switch325>
<Switch326>
11
</Switch326>
<Switch327>
11
</Switch327>
<Switch328>
4
</Switch328>
<Switch329>
18
</Switch329>
<Switch330>
10
</Switch330>
<Switch331>
0
</Switch331>
<Switch332>
10
</Switch332>
<Switch333>
9
</Switch333>
<Switch334>
18
</Switch334>
<Switch335>
0
</Switch335>
<Switch336>
16
</Switch336>
<Switch337>
19
</Switch337>
<Switch338>
8
</Switch338>
<Switch339>
8
</Switch339>
<Switch340>
16
</Switch340>
<Switch341>
8
</Switch341>
<Switch342>
10
</Switch342>
<Switch343>
4
</Switch343>
<Switch344>
2
</Switch344>
<Switch345>
7
</Switch345>
<Switch346>
14
</Switch346>
<Switch347>
14
</Switch347>
<Switch348>
6
</Switch348>
<Switch349>
0
</Switch349>
<Switch350>
4
</Switch350>
<Switch351>
7
</Switch351>
<Switch352>
1
</Switch352>
<Switch353>
5
</Switch353>
<Switch354>
1
</Switch354>
<Switch355>
9
</Switch355>
<Switch356>
8
</Switch356>
<Switch357>
4
</Switch357>
<Switch358>
12
</Switch358>
<Switch359>
16
</Switch359>
<Switch360>
7
</Switch360>
<Switch361>
9
</Switch361>
<Switch362>
7
</Switch362>
<Switch363>
2
</Switch363>
<Switch364>
5
</Switch364>
<Switch365>
7
</Switch365>
<Switch366>
15
</Switch366>
<Switch367>
8
</Switch367>
<Switch368>
17
</Switch368>
<Switch369>
6
</Switch369>
<Switch370>
9
</Switch370>
<Switch371>
14
</Switch371>
<Switch372>
14
</Switch372>
<Switch373>
13
</Switch373>
<Switch374>
13
</Switch374>
<Switch375>
15
</Switch375>
<Switch376>
17
</Switch376>
<Switch377>
14
</Switch377>
<Switch378>
9
</Switch378>
<Switch379>
13
</Switch379>
<Switch380>
3
</Switch380>
<Switch381>
11
</Switch381>
<Switch382>
0
</Switch382>
<Switch383>
11
</Switch383>
<Switch384>
14
</Switch384>
<Switch385>
18
</Switch385>
<Switch386>
6
</Switch386>
<Switch387>
7
</Switch387>
<Switch388>
13
</Switch388>
<Switch389>
13
</Switch389>
<Switch390>
14
</Switch390>
<Switch391>
14
</Switch391>
<Switch392>
12
</Switch392>
<Switch393>
16
</Switch393>
<Switch394>
2
</Switch394>
<Switch395>
8
</Switch395>
<Switch396>
10
</Switch396>
<Switch397>
0
</Switch397>
<Switch398>
15
</Switch398>
<Switch399>
17
</Switch399>
<Switch400>
17
</Switch400>
<Switch401>
18
</Switch401>
<Switch402>
6
</Switch402>
<Switch403>
9
</Switch403>
<Switch404>
3
</Switch404>
<Switch405>
1
</Switch405>
<Switch406>
0
</Switch406>
<Switch407>
13
</Switch407>
<Switch408>
15
</Switch408>
<Switch409>
2
</Switch409>
<Switch410>
10
</Switch410>
<Switch411>
6
</Switch411>
<Switch412>
12
</Switch412>
<Switch413>
6
</Switch413>
<Switch414>
12
</Switch414>
<Switch415>
16
</Switch415>
<Switch416>
4
</Switch416>
<Switch417>
2
</Switch417>
<Switch418>
11
</Switch418>
<Switch419>
7
</Switch419>
<Switch420>
6
</Switch420>
<Switch421>
18
</Switch421>
<Switch422>
7
</Switch422>
<Switch423>
6
</Switch423>
<Switch424>
13
</Switch424>
<Switch425>
6
</Switch425>
<Switch426>
4
</Switch426>
<Switch427>
14
</Switch427>
<Switch428>
16
</Switch428>
<Switch429>
15
</Switch429>
<Switch430>
9
</Switch430>
<Switch431>
14
</Switch431>
<Switch432>
2
</Switch432>
<Switch433>
19
</Switch433>
<Switch434>
10
</Switch434>
<Switch435>
17
</Switch435>
<Switch436>
15
</Switch436>
<Switch437>
17
</Switch437>
<Switch438>
11
</Switch438>
<Switch439>
7
</Switch439>
<Switch440>
17
</Switch440>
<Switch441>
19
</Switch441>
<Switch442>
2
</Switch442>
<Switch443>
5
</Switch443>
<Switch444>
5
</Switch444>
<Switch445>
18
</Switch445>
<Switch446>
14
</Switch446>
<Switch447>
5
</Switch447>
<Switch448>
15
</Switch448>
<Switch449>
4
</Switch449>
<Switch450>
3
</Switch450>
<Switch451>
15
</Switch451>
<Switch452>
9
</Switch452>
<Switch453>
17
</Switch453>
<Switch454>
10
</Switch454>
<Switch455>
7
</Switch455>
<Switch456>
0
</Switch456>
<Switch457>
4
</Switch457>
<Switch458>
4
</Switch458>
<Switch459>
4
</Switch459>
<Switch460>
5
</Switch460>
<Switch461>
16
</Switch461>
<Switch462>
7
</Switch462>
<Switch463>
16
</Switch463>
<Switch464>
14
</Switch464>
<Switch465>
12
</Switch465>
<Switch466>
18
</Switch466>
<Switch467>
1
</Switch467>
<Switch468>
17
</Switch468>
<Switch469>
4
</Switch469>
<Switch470>
2
</Switch470>
<Switch471>
4
</Switch471>
<Switch472>
14
</Switch472>
<Switch473>
11
</Switch473>
<Switch474>
7
</Switch474>
<Switch475>
15
</Switch475>
<Switch476>
6
</Switch476>
<Switch477>
9
</Switch477>
<Switch478>
9
</Switch478>
<Switch479>
10
</Switch479>
<Switch480>
5
</Switch480>
<Switch481>
1
</Switch481>
<Switch482>
16
</Switch482>
<Switch483>
14
</Switch483>
<Switch484>
4
</Switch484>
<Switch485>
13
</Switch485>
<Switch486>
6
</Switch486>
<Switch487>
1
</Switch487>
<Switch488>
4
</Switch488>
<Switch489>
14
</Switch489>
<Switch490>
7
</Switch490>
<Switch491>
17
</Switch491>
<Switch492>
15
</Switch492>
<Switch493>
7
</Switch493>
<Switch494>
8
</Switch494>
<Switch495>
1
</Switch495>
<Switch496>
4
</Switch496>
<Switch497>
1
</Switch497>
<Switch498>
13
</Switch498>
<Switch499>
19
</Switch499>
<Switch500>
7
</Switch500>
<Switch501>
18
</Switch501>
<Switch502>
1
</Switch502>
<Switch503>
5
</Switch503>
<Switch504>
11
</Switch504>
<Switch505>
16
</Switch505>
<Switch506>
1
</Switch506>
<Switch507>
14
</Switch507>
<Switch508>
15
</Switch508>
<Switch509>
17
</Switch509>
<Switch510>
9
</Switch510>
<Switch511>
12
</Switch511>
<Switch512>
0
</Switch512>
<Switch513>
12
</Switch513>
<Switch514>
2
</Switch514>
<Switch515>
8
</Switch515>
<Switch516>
17
</Switch516>
<Switch517>
2
</Switch517>
<Switch518>
13
</Switch518>
<Switch519>
13
</Switch519>
<Switch520>
2
</Switch520>
<Switch521>
7
</Switch521>
<Switch522>
13
</Switch522>
<Switch523>
14
</Switch523>
<Switch524>
15
</Switch524>
<Switch525>
9
</Switch525>
<Switch526>
16
</Switch526>
<Switch527>
8
</Switch527>
<Switch528>
5
</Switch528>
<Switch529>
4
</Switch529>
<Switch530>
16
</Switch530>
<Switch531>
6
</Switch531>
<Switch532>
7
</Switch532>
<Switch533>
11
</Switch533>
<Switch534>
9
</Switch534>
<Switch535>
17
</Switch535>
<Switch536>
14
</Switch536>
<Switch537>
14
</Switch537>
<Switch538>
3
</Switch538>
<Switch539>
14
</Switch539>
<Switch540>
15
</Switch540>
<Switch541>
1
</Switch541>
<Switch542>
13
</Switch542>
<Switch543>
10
</Switch543>
<Switch544>
7
</Switch544>
<Switch545>
18
</Switch545>
<Switch546>
14
</Switch546>
<Switch547>
0
</Switch547>
<Switch548>
5
</Switch548>
<Switch549>
0
</Switch549>
<Switch550>
1
</Switch550>
<Switch551>
11
</Switch551>
<Switch552>
17
</Switch552>
<Switch553>
12
</Switch553>
<Switch554>
17
</Switch554>
<Switch555>
4
</Switch555>
<Switch556>
9
</Switch556>
<Switch557>
16
</Switch557>
<Switch558>
2
</Switch558>
<Switch559>
10
</Switch559>
<Switch560>
12
</Switch560>
<Switch561>
15
</Switch561>
<Switch562>
18
</Switch562>
<Switch563>
13
</Switch563>
<Switch564>
18
</Switch564>
<Switch565>
3
</Switch565>
<Switch566>
0
</Switch566>
<Switch567>
16
</Switch567>
<Switch568>
5
</Switch568>
<Switch569>
7
</Switch569>
<Switch570>
6
</Switch570>
<Switch571>
13
</Switch571>
<Switch572>
3
</Switch572>
<Switch573>
9
</Switch573>
<Switch574>
15
</Switch574>
<Switch575>
16
</Switch575>
<Switch576>
19
</Switch576>
<Switch577>
19
</Switch577>
<Switch578>
11
</Switch578>
<Switch579>
15
</Switch579>
<Switch580>
3
</Switch580>
<Switch581>
19
</Switch581>
<Switch582>
0
</Switch582>
<Switch583>
13
</Switch583>
<Switch584>
13
</Switch584>
<Switch585>
5
</Switch585>
<Switch586>
19
</Switch586>
<Switch587>
5
</Switch587>
<Switch588>
0
</Switch588>
<Switch589>
6
</Switch589>
<Switch590>
8
</Switch590>
<Switch591>
18
</Switch591>
<Switch592>
5
</Switch592>
<Switch593>
2
</Switch593>
<Switch594>
4
</Switch594>
<Switch595>
10
</Switch595>
<Switch596>
19
</Switch596>
<Switch597>
18
</Switch597>
<Switch598>
7
</Switch598>
<Switch599>
3
</Switch599>
<Switch600>
16
</Switch600>
<Switch601>
5
</Switch601>
<Switch602>
17
</Switch602>
<Switch603>
10
</Switch603>
<Switch604>
19
</Switch604>
<Switch605>
10
</Switch605>
<Switch606>
10
</Switch606>
<Switch607>
15
</Switch607>
<Switch608>
2
</Switch608>
<Switch609>
11
</Switch609>
<Switch610>
10
</Switch610>
<Switch611>
6
</Switch611>
<Switch612>
6
</Switch612>
<Switch613>
8
</Switch613>
<Switch614>
17
</Switch614>
<Switch615>
17
</Switch615>
<Switch616>
18
</Switch616>
<Switch617>
5
</Switch617>
<Switch618>
8
</Switch618>
<Switch619>
18
</Switch619>
<Switch620>
17
</Switch620>
<Switch621>
10
</Switch621>
<Switch622>
17
</Switch622>
<Switch623>
17
</Switch623>
<Switch624>
12
</Switch624>
<Switch625>
11
</Switch625>
<Switch626>
17
</Switch626>
<Switch627>
7
</Switch627>
<Switch628>
16
</Switch628>
<Switch629>
5
</Switch629>
<Switch630>
14
</Switch630>
<Switch631>
10
</Switch631>
<Switch632>
17
</Switch632>
<Switch633>
12
</Switch633>
<Switch634>
5
</Switch634>
<Switch635>
17
</Switch635>
<Switch636>
7
</Switch636>
<Switch637>
10
</Switch637>
<Switch638>
14
</Switch638>
<Switch639>
14
</Switch639>
<Switch640>
18
</Switch640>
<Switch641>
1
</Switch641>
<Switch642>
15
</Switch642>
<Switch643>
19
</Switch643>
<Switch644>
1
</Switch644>
<Switch645>
5
</Switch645>
<Switch646>
8
</Switch646>
<Switch647>
7
</Switch647>
<Switch648>
9
</Switch648>
<Switch649>
13
</Switch649>
<Switch650>
4
</Switch650>
<Switch651>
19
</Switch651>
<Switch652>
5
</Switch652>
<Switch653>
12
</Switch653>
<Switch654>
5
</Switch654>
<Switch655>
6
</Switch655>
<Switch656>
10
</Switch656>
<Switch657>
16
</Switch657>
<Switch658>
10
</Switch658>
<Switch659>
17
</Switch659>
<Switch660>
19
</Switch660>
<Switch661>
19
</Switch661>
<Switch662>
2
</Switch662>
<Switch663>
19
</Switch663>
<Switch664>
2
</Switch664>
<Switch665>
10
</Switch665>
<Switch666>
5
</Switch666>
<Switch667>
17
</Switch667>
<Switch668>
10
</Switch668>
<Switch669>
3
</Switch669>
<Switch670>
19
</Switch670>
<Switch671>
18
</Switch671>
<Switch672>
18
</Switch672>
<Switch673>
18
</Switch673>
<Switch674>
13
</Switch674>
<Switch675>
11
</Switch675>
<Switch676>
1
</Switch676>
<Switch677>
8
</Switch677>
<Switch678>
1
</Switch678>
<Switch679>
18
</Switch679>
<Switch680>
17
</Switch680>
<Switch681>
9
</Switch681>
<Switch682>
6
</Switch682>
<Switch683>
0
</Switch683>
<Switch684>
13
</Switch684>
<Switch685>
8
</Switch685>
<Switch686>
16
</Switch686>
<Switch687>
17
</Switch687>
<Switch688>
17
</Switch688>
<Switch689>
17
</Switch689>
<Switch690>
6
</Switch690>
<Switch691>
12
</Switch691>
<Switch692>
9
</Switch692>
<Switch693>
8
</Switch693>
<Switch694>
13
</Switch694>
<Switch695>
4
</Switch695>
<Switch696>
14
</Switch696>
<Switch697>
0
</Switch697>
<Switch698>
6
</Switch698>
<Switch699>
4
</Switch699>
<Switch700>
14
</Switch700>
<Switch701>
16
</Switch701>
<Switch702>
13
</Switch702>
<Switch703>
10
</Switch703>
<Switch704>
19
</Switch704>
<Switch705>
1
</Switch705>
<Switch706>
9
</Switch706>
<Switch707>
6
</Switch707>
<Switch708>
18
</Switch708>
<Switch709>
8
</Switch709>
<Switch710>
11
</Switch710>
<Switch711>
18
</Switch711>
<Switch712>
10
</Switch712>
<Switch713>
0
</Switch713>
<Switch714>
6
</Switch714>
<Switch715>
9
</Switch715>
<Switch716>
16
</Switch716>
<Switch717>
15
</Switch717>
<Switch718>
10
</Switch718>
<Switch719>
3
</Switch719>
<Switch720>
16
</Switch720>
<Switch721>
4
</Switch721>
<Switch722>
2
</Switch722>
<Switch723>
0
</Switch723>
<Switch724>
9
</Switch724>
<Switch725>
4
</Switch725>
<Switch726>
12
</Switch726>
<Switch727>
17
</Switch727>
<Switch728>
13
</Switch728>
<Switch729>
17
</Switch729>
<Switch730>
19
</Switch730>
<Switch731>
8
</Switch731>
<Switch732>
1
</Switch732>
<Switch733>
16
</Switch733>
<Switch734>
16
</Switch734>
<Switch735>
10
</Switch735>
<Switch736>
8
</Switch736>
<Switch737>
7
</Switch737>
<Switch738>
10
</Switch738>
<Switch739>
4
</Switch739>
<Switch740>
16
</Switch740>
<Switch741>
17
</Switch741>
<Switch742>
12
</Switch742>
<Switch743>
16
</Switch743>
<Switch744>
13
</Switch744>
<Switch745>
11
</Switch745>
<Switch746>
14
</Switch746>
<Switch747>
2
</Switch747>
<Switch748>
5
</Switch748>
<Switch749>
3
</Switch749>
<Switch750>
15
</Switch750>
<Switch751>
3
</Switch751>
<Switch752>
0
</Switch752>
<Switch753>
18
</Switch753>
<Switch754>
13
</Switch754>
<Switch755>
17
</Switch755>
<Switch756>
1
</Switch756>
<Switch757>
3
</Switch757>
<Switch758>
4
</Switch758>
<Switch759>
9
</Switch759>
<Switch760>
16
</Switch760>
<Switch761>
3
</Switch761>
<Switch762>
13
</Switch762>
<Switch763>
14
</Switch763>
<Switch764>
12
</Switch764>
<Switch765>
18
</Switch765>
<Switch766>
16
</Switch766>
<Switch767>
15
</Switch767>
<Switch768>
1
</Switch768>
<Switch769>
4
</Switch769>
<Switch770>
1
</Switch770>
<Switch771>
9
</Switch771>
<Switch772>
14
</Switch772>
<Switch773>
7
</Switch773>
<Switch774>
7
</Switch774>
<Switch775>
15
</Switch775>
<Switch776>
8
</Switch776>
<Switch777>
17
</Switch777>
<Switch778>
15
</Switch778>
<Switch779>
3
</Switch779>
<Switch780>
15
</Switch780>
<Switch781>
18
</Switch781>
<Switch782>
15
</Switch782>
<Switch783>
18
</Switch783>
<Switch784>
15
</Switch784>
<Switch785>
2
</Switch785>
<Switch786>
4
</Switch786>
<Switch787>
3
</Switch787>
<Switch788>
19
</Switch788>
<Switch789>
13
</Switch789>
<Switch790>
3
</Switch790>
<Switch791>
16
</Switch791>
<Switch792>
6
</Switch792>
<Switch793>
19
</Switch793>
<Switch794>
12
</Switch794>
<Switch795>
10
</Switch795>
<Switch796>
2
</Switch796>
<Switch797>
11
</Switch797>
<Switch798>
5
</Switch798>
<Switch799>
13
</Switch799>
<Switch800>
14
</Switch800>
<Switch801>
3
</Switch801>
<Switch802>
5
</Switch802>
<Switch803>
5
</Switch803>
<Switch804>
9
</Switch804>
<Switch805>
7
</Switch805>
<Switch806>
12
</Switch806>
<Switch807>
7
</Switch807>
<Switch808>
17
</Switch808>
<Switch809>
11
</Switch809>
<Switch810>
12
</Switch810>
<Switch811>
19
</Switch811>
<Switch812>
15
</Switch812>
<Switch813>
19
</Switch813>
<Switch814>
18
</Switch814>
<Switch815>
11
</Switch815>
<Switch816>
8
</Switch816>
<Switch817>
10
</Switch817>
<Switch818>
3
</Switch818>
<Switch819>
13
</Switch819>
<Switch820>
12
</Switch820>
<Switch821>
11
</Switch821>
<Switch822>
7
</Switch822>
<Switch823>
3
</Switch823>
<Switch824>
19
</Switch824>
<Switch825>
9
</Switch825>
<Switch826>
3
</Switch826>
<Switch827>
0
</Switch827>
<Switch828>
9
</Switch828>
<Switch829>
0
</Switch829>
<Switch830>
3
</Switch830>
<Switch831>
10
</Switch831>
<Switch832>
4
</Switch832>
<Switch833>
5
</Switch833>
<Switch834>
6
</Switch834>
<Switch835>
3
</Switch835>
<Switch836>
17
</Switch836>
<Switch837>
15
</Switch837>
<Switch838>
3
</Switch838>
<Switch839>
5
</Switch839>
<Switch840>
12
</Switch840>
<Switch841>
1
</Switch841>
<Switch842>
2
</Switch842>
<Switch843>
8
</Switch843>
<Switch844>
13
</Switch844>
<Switch845>
6
</Switch845>
<Switch846>
4
</Switch846>
<Switch847>
10
</Switch847>
<Switch848>
11
</Switch848>
<Switch849>
11
</Switch849>
<Switch850>
17
</Switch850>
<Switch851>
5
</Switch851>
<Switch852>
8
</Switch852>
<Switch853>
3
</Switch853>
<Switch854>
10
</Switch854>
<Switch855>
17
</Switch855>
<Switch856>
16
</Switch856>
<Switch857>
12
</Switch857>
<Switch858>
14
</Switch858>
<Switch859>
12
</Switch859>
<Switch860>
15
</Switch860>
<Switch861>
10
</Switch861>
<Switch862>
10
</Switch862>
<Switch863>
0
</Switch863>
<Switch864>
14
</Switch864>
<Switch865>
2
</Switch865>
<Switch866>
6
</Switch866>
<Switch867>
13
</Switch867>
<Switch868>
10
</Switch868>
<Switch869>
9
</Switch869>
<Switch870>
8
</Switch870>
<Switch871>
5
</Switch871>
<Switch872>
11
</Switch872>
<Switch873>
19
</Switch873>
<Switch874>
16
</Switch874>
<Switch875>
4
</Switch875>
<Switch876>
0
</Switch876>
<Switch877>
15
</Switch877>
<Switch878>
1
</Switch878>
<Switch879>
8
</Switch879>
<Switch880>
13
</Switch880>
<Switch881>
1
</Switch881>
<Switch882>
14
</Switch882>
<Switch883>
6
</Switch883>
<Switch884>
15
</Switch884>
<Switch885>
19
</Switch885>
<Switch886>
9
</Switch886>
<Switch887>
11
</Switch887>
<Switch888>
3
</Switch888>
<Switch889>
13
</Switch889>
<Switch890>
2
</Switch890>
<Switch891>
14
</Switch891>
<Switch892>
17
</Switch892>
<Switch893>
7
</Switch893>
<Switch894>
6
</Switch894>
<Switch895>
15
</Switch895>
<Switch896>
0
</Switch896>
<Switch897>
10
</Switch897>
<Switch898>
3
</Switch898>
<Switch899>
5
</Switch899>
<Switch900>
15
</Switch900>
<Switch901>
0
</Switch901>
<Switch902>
11
</Switch902>
<Switch903>
5
</Switch903>
<Switch904>
4
</Switch904>
<Switch905>
4
</Switch905>
<Switch906>
3
</Switch906>
<Switch907>
13
</Switch907>
<Switch908>
13
</Switch908>
<Switch909>
14
</Switch909>
<Switch910>
5
</Switch910>
<Switch911>
8
</Switch911>
<Switch912>
8
</Switch912>
<Switch913>
3
</Switch913>
<Switch914>
11
</Switch914>
</BaseID:1151>
