<?xml version="1.0"?>

<BaseID:1154>
<Switch1>
5
</Switch1>
<Switch2>
4
</Switch2>
<Switch3>
17
</Switch3>
<Switch4>
10
</Switch4>
<Switch5>
16
</Switch5>
<Switch6>
6
</Switch6>
<Switch7>
19
</Switch7>
<Switch8>
10
</Switch8>
<Switch9>
14
</Switch9>
<Switch10>
2
</Switch10>
<Switch11>
19
</Switch11>
<Switch12>
7
</Switch12>
<Switch13>
5
</Switch13>
<Switch14>
9
</Switch14>
<Switch15>
19
</Switch15>
<Switch16>
0
</Switch16>
<Switch17>
3
</Switch17>
<Switch18>
3
</Switch18>
<Switch19>
19
</Switch19>
<Switch20>
0
</Switch20>
<Switch21>
13
</Switch21>
<Switch22>
13
</Switch22>
<Switch23>
6
</Switch23>
<Switch24>
5
</Switch24>
<Switch25>
10
</Switch25>
<Switch26>
13
</Switch26>
<Switch27>
0
</Switch27>
<Switch28>
1
</Switch28>
<Switch29>
16
</Switch29>
<Switch30>
5
</Switch30>
<Switch31>
2
</Switch31>
<Switch32>
8
</Switch32>
<Switch33>
1
</Switch33>
<Switch34>
7
</Switch34>
<Switch35>
14
</Switch35>
<Switch36>
16
</Switch36>
<Switch37>
1
</Switch37>
<Switch38>
18
</Switch38>
<Switch39>
10
</Switch39>
<Switch40>
17
</Switch40>
<Switch41>
8
</Switch41>
<Switch42>
7
</Switch42>
<Switch43>
16
</Switch43>
<Switch44>
9
</Switch44>
<Switch45>
12
</Switch45>
<Switch46>
19
</Switch46>
<Switch47>
8
</Switch47>
<Switch48>
0
</Switch48>
<Switch49>
14
</Switch49>
<Switch50>
4
</Switch50>
<Switch51>
18
</Switch51>
<Switch52>
18
</Switch52>
<Switch53>
18
</Switch53>
<Switch54>
4
</Switch54>
<Switch55>
18
</Switch55>
<Switch56>
2
</Switch56>
<Switch57>
8
</Switch57>
<Switch58>
17
</Switch58>
<Switch59>
18
</Switch59>
<Switch60>
7
</Switch60>
<Switch61>
9
</Switch61>
<Switch62>
3
</Switch62>
<Switch63>
16
</Switch63>
<Switch64>
7
</Switch64>
<Switch65>
15
</Switch65>
<Switch66>
16
</Switch66>
<Switch67>
5
</Switch67>
<Switch68>
19
</Switch68>
<Switch69>
2
</Switch69>
<Switch70>
9
</Switch70>
<Switch71>
13
</Switch71>
<Switch72>
5
</Switch72>
<Switch73>
13
</Switch73>
<Switch74>
3
</Switch74>
<Switch75>
8
</Switch75>
<Switch76>
13
</Switch76>
<Switch77>
9
</Switch77>
<Switch78>
5
</Switch78>
<Switch79>
18
</Switch79>
<Switch80>
19
</Switch80>
<Switch81>
8
</Switch81>
<Switch82>
10
</Switch82>
<Switch83>
17
</Switch83>
<Switch84>
11
</Switch84>
<Switch85>
17
</Switch85>
<Switch86>
19
</Switch86>
<Switch87>
17
</Switch87>
<Switch88>
3
</Switch88>
<Switch89>
11
</Switch89>
<Switch90>
10
</Switch90>
<Switch91>
5
</Switch91>
<Switch92>
2
</Switch92>
<Switch93>
17
</Switch93>
<Switch94>
18
</Switch94>
<Switch95>
15
</Switch95>
<Switch96>
2
</Switch96>
<Switch97>
15
</Switch97>
<Switch98>
11
</Switch98>
<Switch99>
0
</Switch99>
<Switch100>
16
</Switch100>
<Switch101>
19
</Switch101>
<Switch102>
10
</Switch102>
<Switch103>
4
</Switch103>
<Switch104>
16
</Switch104>
<Switch105>
7
</Switch105>
<Switch106>
10
</Switch106>
<Switch107>
10
</Switch107>
<Switch108>
12
</Switch108>
<Switch109>
2
</Switch109>
<Switch110>
6
</Switch110>
<Switch111>
9
</Switch111>
<Switch112>
5
</Switch112>
<Switch113>
1
</Switch113>
<Switch114>
7
</Switch114>
<Switch115>
10
</Switch115>
<Switch116>
12
</Switch116>
<Switch117>
9
</Switch117>
<Switch118>
19
</Switch118>
<Switch119>
1
</Switch119>
<Switch120>
0
</Switch120>
<Switch121>
2
</Switch121>
<Switch122>
0
</Switch122>
<Switch123>
3
</Switch123>
<Switch124>
17
</Switch124>
<Switch125>
12
</Switch125>
<Switch126>
19
</Switch126>
<Switch127>
14
</Switch127>
<Switch128>
7
</Switch128>
<Switch129>
19
</Switch129>
<Switch130>
11
</Switch130>
<Switch131>
17
</Switch131>
<Switch132>
17
</Switch132>
<Switch133>
4
</Switch133>
<Switch134>
6
</Switch134>
<Switch135>
19
</Switch135>
<Switch136>
0
</Switch136>
<Switch137>
12
</Switch137>
<Switch138>
12
</Switch138>
<Switch139>
3
</Switch139>
<Switch140>
4
</Switch140>
<Switch141>
3
</Switch141>
<Switch142>
15
</Switch142>
<Switch143>
17
</Switch143>
<Switch144>
13
</Switch144>
<Switch145>
10
</Switch145>
<Switch146>
0
</Switch146>
<Switch147>
4
</Switch147>
<Switch148>
16
</Switch148>
<Switch149>
19
</Switch149>
<Switch150>
11
</Switch150>
<Switch151>
19
</Switch151>
<Switch152>
17
</Switch152>
<Switch153>
10
</Switch153>
<Switch154>
11
</Switch154>
<Switch155>
7
</Switch155>
<Switch156>
1
</Switch156>
<Switch157>
2
</Switch157>
<Switch158>
5
</Switch158>
<Switch159>
0
</Switch159>
<Switch160>
12
</Switch160>
<Switch161>
0
</Switch161>
<Switch162>
10
</Switch162>
<Switch163>
16
</Switch163>
<Switch164>
8
</Switch164>
<Switch165>
4
</Switch165>
<Switch166>
0
</Switch166>
<Switch167>
17
</Switch167>
<Switch168>
2
</Switch168>
<Switch169>
19
</Switch169>
<Switch170>
1
</Switch170>
<Switch171>
14
</Switch171>
<Switch172>
11
</Switch172>
<Switch173>
6
</Switch173>
<Switch174>
4
</Switch174>
<Switch175>
6
</Switch175>
<Switch176>
12
</Switch176>
<Switch177>
17
</Switch177>
<Switch178>
18
</Switch178>
<Switch179>
9
</Switch179>
<Switch180>
7
</Switch180>
<Switch181>
2
</Switch181>
<Switch182>
0
</Switch182>
<Switch183>
19
</Switch183>
<Switch184>
5
</Switch184>
<Switch185>
9
</Switch185>
<Switch186>
19
</Switch186>
<Switch187>
10
</Switch187>
<Switch188>
8
</Switch188>
<Switch189>
2
</Switch189>
<Switch190>
17
</Switch190>
<Switch191>
5
</Switch191>
<Switch192>
10
</Switch192>
<Switch193>
19
</Switch193>
<Switch194>
7
</Switch194>
<Switch195>
12
</Switch195>
<Switch196>
9
</Switch196>
<Switch197>
16
</Switch197>
<Switch198>
5
</Switch198>
<Switch199>
12
</Switch199>
<Switch200>
18
</Switch200>
<Switch201>
8
</Switch201>
<Switch202>
5
</Switch202>
<Switch203>
19
</Switch203>
<Switch204>
5
</Switch204>
<Switch205>
8
</Switch205>
<Switch206>
16
</Switch206>
<Switch207>
7
</Switch207>
<Switch208>
6
</Switch208>
<Switch209>
8
</Switch209>
<Switch210>
15
</Switch210>
<Switch211>
9
</Switch211>
<Switch212>
10
</Switch212>
<Switch213>
16
</Switch213>
<Switch214>
6
</Switch214>
<Switch215>
9
</Switch215>
<Switch216>
13
</Switch216>
<Switch217>
9
</Switch217>
<Switch218>
8
</Switch218>
<Switch219>
3
</Switch219>
<Switch220>
8
</Switch220>
<Switch221>
16
</Switch221>
<Switch222>
2
</Switch222>
<Switch223>
12
</Switch223>
<Switch224>
17
</Switch224>
<Switch225>
6
</Switch225>
<Switch226>
14
</Switch226>
<Switch227>
5
</Switch227>
<Switch228>
10
</Switch228>
<Switch229>
0
</Switch229>
<Switch230>
4
</Switch230>
<Switch231>
18
</Switch231>
<Switch232>
11
</Switch232>
<Switch233>
19
</Switch233>
<Switch234>
8
</Switch234>
<Switch235>
19
</Switch235>
<Switch236>
12
</Switch236>
<Switch237>
0
</Switch237>
<Switch238>
19
</Switch238>
<Switch239>
2
</Switch239>
<Switch240>
2
</Switch240>
<Switch241>
14
</Switch241>
<Switch242>
13
</Switch242>
<Switch243>
8
</Switch243>
<Switch244>
15
</Switch244>
<Switch245>
18
</Switch245>
<Switch246>
12
</Switch246>
<Switch247>
5
</Switch247>
<Switch248>
17
</Switch248>
<Switch249>
12
</Switch249>
<Switch250>
2
</Switch250>
<Switch251>
15
</Switch251>
<Switch252>
12
</Switch252>
<Switch253>
6
</Switch253>
<Switch254>
17
</Switch254>
<Switch255>
7
</Switch255>
<Switch256>
16
</Switch256>
<Switch257>
19
</Switch257>
<Switch258>
3
</Switch258>
<Switch259>
8
</Switch259>
<Switch260>
13
</Switch260>
<Switch261>
7
</Switch261>
<Switch262>
2
</Switch262>
<Switch263>
12
</Switch263>
<Switch264>
3
</Switch264>
<Switch265>
4
</Switch265>
<Switch266>
10
</Switch266>
<Switch267>
13
</Switch267>
<Switch268>
18
</Switch268>
<Switch269>
4
</Switch269>
<Switch270>
6
</Switch270>
<Switch271>
1
</Switch271>
<Switch272>
18
</Switch272>
<Switch273>
2
</Switch273>
<Switch274>
18
</Switch274>
<Switch275>
11
</Switch275>
<Switch276>
0
</Switch276>
<Switch277>
7
</Switch277>
<Switch278>
15
</Switch278>
<Switch279>
7
</Switch279>
<Switch280>
13
</Switch280>
<Switch281>
12
</Switch281>
<Switch282>
1
</Switch282>
<Switch283>
4
</Switch283>
<Switch284>
1
</Switch284>
<Switch285>
10
</Switch285>
<Switch286>
17
</Switch286>
<Switch287>
4
</Switch287>
<Switch288>
4
</Switch288>
<Switch289>
17
</Switch289>
<Switch290>
10
</Switch290>
<Switch291>
0
</Switch291>
<Switch292>
13
</Switch292>
<Switch293>
2
</Switch293>
<Switch294>
10
</Switch294>
<Switch295>
15
</Switch295>
<Switch296>
16
</Switch296>
<Switch297>
4
</Switch297>
<Switch298>
19
</Switch298>
<Switch299>
2
</Switch299>
<Switch300>
14
</Switch300>
<Switch301>
1
</Switch301>
<Switch302>
5
</Switch302>
<Switch303>
14
</Switch303>
<Switch304>
4
</Switch304>
<Switch305>
7
</Switch305>
<Switch306>
12
</Switch306>
<Switch307>
17
</Switch307>
<Switch308>
9
</Switch308>
<Switch309>
13
</Switch309>
<Switch310>
6
</Switch310>
<Switch311>
18
</Switch311>
<Switch312>
0
</Switch312>
<Switch313>
0
</Switch313>
<Switch314>
9
</Switch314>
<Switch315>
1
</Switch315>
<Switch316>
14
</Switch316>
<Switch317>
17
</Switch317>
<Switch318>
19
</Switch318>
<Switch319>
0
</Switch319>
<Switch320>
13
</Switch320>
<Switch321>
13
</Switch321>
<Switch322>
0
</Switch322>
<Switch323>
18
</Switch323>
<Switch324>
15
</Switch324>
<Switch325>
4
</Switch325>
<Switch326>
9
</Switch326>
<Switch327>
13
</Switch327>
<Switch328>
3
</Switch328>
<Switch329>
13
</Switch329>
<Switch330>
8
</Switch330>
<Switch331>
13
</Switch331>
<Switch332>
17
</Switch332>
<Switch333>
15
</Switch333>
<Switch334>
7
</Switch334>
<Switch335>
19
</Switch335>
<Switch336>
5
</Switch336>
<Switch337>
6
</Switch337>
<Switch338>
14
</Switch338>
<Switch339>
3
</Switch339>
<Switch340>
12
</Switch340>
<Switch341>
1
</Switch341>
<Switch342>
1
</Switch342>
<Switch343>
16
</Switch343>
<Switch344>
8
</Switch344>
<Switch345>
5
</Switch345>
<Switch346>
15
</Switch346>
<Switch347>
15
</Switch347>
<Switch348>
11
</Switch348>
<Switch349>
10
</Switch349>
<Switch350>
14
</Switch350>
<Switch351>
8
</Switch351>
<Switch352>
7
</Switch352>
<Switch353>
13
</Switch353>
<Switch354>
3
</Switch354>
<Switch355>
1
</Switch355>
<Switch356>
14
</Switch356>
<Switch357>
10
</Switch357>
<Switch358>
15
</Switch358>
<Switch359>
3
</Switch359>
<Switch360>
7
</Switch360>
<Switch361>
13
</Switch361>
<Switch362>
3
</Switch362>
<Switch363>
2
</Switch363>
<Switch364>
5
</Switch364>
<Switch365>
9
</Switch365>
<Switch366>
17
</Switch366>
<Switch367>
13
</Switch367>
<Switch368>
13
</Switch368>
<Switch369>
0
</Switch369>
<Switch370>
7
</Switch370>
<Switch371>
8
</Switch371>
<Switch372>
7
</Switch372>
<Switch373>
18
</Switch373>
<Switch374>
13
</Switch374>
<Switch375>
16
</Switch375>
<Switch376>
7
</Switch376>
<Switch377>
9
</Switch377>
<Switch378>
13
</Switch378>
<Switch379>
9
</Switch379>
<Switch380>
12
</Switch380>
<Switch381>
18
</Switch381>
<Switch382>
3
</Switch382>
<Switch383>
2
</Switch383>
<Switch384>
18
</Switch384>
<Switch385>
6
</Switch385>
<Switch386>
12
</Switch386>
<Switch387>
13
</Switch387>
<Switch388>
6
</Switch388>
<Switch389>
0
</Switch389>
<Switch390>
11
</Switch390>
<Switch391>
5
</Switch391>
<Switch392>
10
</Switch392>
<Switch393>
11
</Switch393>
<Switch394>
17
</Switch394>
<Switch395>
6
</Switch395>
<Switch396>
12
</Switch396>
<Switch397>
16
</Switch397>
<Switch398>
2
</Switch398>
<Switch399>
4
</Switch399>
<Switch400>
3
</Switch400>
<Switch401>
10
</Switch401>
<Switch402>
5
</Switch402>
<Switch403>
17
</Switch403>
<Switch404>
17
</Switch404>
<Switch405>
6
</Switch405>
<Switch406>
10
</Switch406>
<Switch407>
5
</Switch407>
<Switch408>
10
</Switch408>
<Switch409>
5
</Switch409>
<Switch410>
4
</Switch410>
<Switch411>
8
</Switch411>
<Switch412>
6
</Switch412>
<Switch413>
5
</Switch413>
<Switch414>
2
</Switch414>
<Switch415>
19
</Switch415>
<Switch416>
1
</Switch416>
<Switch417>
17
</Switch417>
<Switch418>
7
</Switch418>
<Switch419>
3
</Switch419>
<Switch420>
11
</Switch420>
<Switch421>
2
</Switch421>
<Switch422>
17
</Switch422>
<Switch423>
15
</Switch423>
<Switch424>
14
</Switch424>
<Switch425>
7
</Switch425>
<Switch426>
19
</Switch426>
<Switch427>
0
</Switch427>
<Switch428>
17
</Switch428>
<Switch429>
11
</Switch429>
<Switch430>
15
</Switch430>
<Switch431>
4
</Switch431>
<Switch432>
17
</Switch432>
<Switch433>
15
</Switch433>
<Switch434>
19
</Switch434>
<Switch435>
13
</Switch435>
<Switch436>
7
</Switch436>
<Switch437>
18
</Switch437>
<Switch438>
11
</Switch438>
<Switch439>
16
</Switch439>
<Switch440>
0
</Switch440>
<Switch441>
6
</Switch441>
<Switch442>
5
</Switch442>
<Switch443>
7
</Switch443>
<Switch444>
8
</Switch444>
<Switch445>
10
</Switch445>
<Switch446>
2
</Switch446>
<Switch447>
11
</Switch447>
<Switch448>
6
</Switch448>
<Switch449>
1
</Switch449>
<Switch450>
8
</Switch450>
<Switch451>
18
</Switch451>
<Switch452>
10
</Switch452>
<Switch453>
3
</Switch453>
<Switch454>
10
</Switch454>
<Switch455>
8
</Switch455>
<Switch456>
0
</Switch456>
<Switch457>
1
</Switch457>
<Switch458>
19
</Switch458>
<Switch459>
5
</Switch459>
<Switch460>
1
</Switch460>
<Switch461>
3
</Switch461>
<Switch462>
7
</Switch462>
<Switch463>
17
</Switch463>
<Switch464>
17
</Switch464>
<Switch465>
11
</Switch465>
<Switch466>
0
</Switch466>
<Switch467>
0
</Switch467>
<Switch468>
12
</Switch468>
<Switch469>
5
</Switch469>
<Switch470>
13
</Switch470>
<Switch471>
13
</Switch471>
<Switch472>
15
</Switch472>
<Switch473>
7
</Switch473>
<Switch474>
2
</Switch474>
<Switch475>
2
</Switch475>
<Switch476>
10
</Switch476>
<Switch477>
10
</Switch477>
<Switch478>
7
</Switch478>
<Switch479>
1
</Switch479>
<Switch480>
7
</Switch480>
<Switch481>
14
</Switch481>
<Switch482>
19
</Switch482>
<Switch483>
15
</Switch483>
<Switch484>
6
</Switch484>
<Switch485>
3
</Switch485>
<Switch486>
13
</Switch486>
<Switch487>
2
</Switch487>
<Switch488>
0
</Switch488>
<Switch489>
18
</Switch489>
<Switch490>
18
</Switch490>
<Switch491>
16
</Switch491>
<Switch492>
19
</Switch492>
<Switch493>
8
</Switch493>
<Switch494>
7
</Switch494>
<Switch495>
19
</Switch495>
<Switch496>
16
</Switch496>
<Switch497>
18
</Switch497>
<Switch498>
10
</Switch498>
<Switch499>
3
</Switch499>
<Switch500>
16
</Switch500>
<Switch501>
9
</Switch501>
<Switch502>
19
</Switch502>
<Switch503>
9
</Switch503>
<Switch504>
5
</Switch504>
<Switch505>
0
</Switch505>
<Switch506>
16
</Switch506>
<Switch507>
18
</Switch507>
<Switch508>
4
</Switch508>
<Switch509>
1
</Switch509>
<Switch510>
6
</Switch510>
<Switch511>
3
</Switch511>
<Switch512>
8
</Switch512>
<Switch513>
4
</Switch513>
<Switch514>
5
</Switch514>
<Switch515>
17
</Switch515>
<Switch516>
7
</Switch516>
<Switch517>
12
</Switch517>
<Switch518>
12
</Switch518>
<Switch519>
8
</Switch519>
<Switch520>
6
</Switch520>
<Switch521>
0
</Switch521>
<Switch522>
1
</Switch522>
<Switch523>
6
</Switch523>
<Switch524>
19
</Switch524>
<Switch525>
18
</Switch525>
<Switch526>
6
</Switch526>
<Switch527>
5
</Switch527>
<Switch528>
17
</Switch528>
<Switch529>
16
</Switch529>
<Switch530>
16
</Switch530>
<Switch531>
13
</Switch531>
<Switch532>
19
</Switch532>
</BaseID:1154>
