<?xml version="1.0"?>

<BaseID:1155>
<Switch1>
18
</Switch1>
<Switch2>
1
</Switch2>
<Switch3>
12
</Switch3>
<Switch4>
6
</Switch4>
<Switch5>
2
</Switch5>
<Switch6>
14
</Switch6>
<Switch7>
1
</Switch7>
<Switch8>
10
</Switch8>
<Switch9>
15
</Switch9>
<Switch10>
18
</Switch10>
<Switch11>
2
</Switch11>
<Switch12>
18
</Switch12>
<Switch13>
16
</Switch13>
<Switch14>
8
</Switch14>
<Switch15>
10
</Switch15>
<Switch16>
9
</Switch16>
<Switch17>
3
</Switch17>
<Switch18>
18
</Switch18>
<Switch19>
15
</Switch19>
<Switch20>
12
</Switch20>
<Switch21>
5
</Switch21>
<Switch22>
9
</Switch22>
<Switch23>
6
</Switch23>
<Switch24>
7
</Switch24>
<Switch25>
3
</Switch25>
<Switch26>
3
</Switch26>
<Switch27>
1
</Switch27>
<Switch28>
0
</Switch28>
<Switch29>
19
</Switch29>
<Switch30>
1
</Switch30>
<Switch31>
10
</Switch31>
<Switch32>
17
</Switch32>
<Switch33>
1
</Switch33>
<Switch34>
2
</Switch34>
<Switch35>
12
</Switch35>
<Switch36>
12
</Switch36>
<Switch37>
4
</Switch37>
<Switch38>
8
</Switch38>
<Switch39>
5
</Switch39>
<Switch40>
8
</Switch40>
<Switch41>
17
</Switch41>
<Switch42>
18
</Switch42>
<Switch43>
19
</Switch43>
<Switch44>
10
</Switch44>
<Switch45>
2
</Switch45>
<Switch46>
7
</Switch46>
<Switch47>
1
</Switch47>
<Switch48>
2
</Switch48>
<Switch49>
8
</Switch49>
<Switch50>
7
</Switch50>
<Switch51>
7
</Switch51>
<Switch52>
16
</Switch52>
<Switch53>
11
</Switch53>
<Switch54>
1
</Switch54>
<Switch55>
7
</Switch55>
<Switch56>
7
</Switch56>
<Switch57>
7
</Switch57>
<Switch58>
1
</Switch58>
<Switch59>
6
</Switch59>
<Switch60>
10
</Switch60>
<Switch61>
12
</Switch61>
<Switch62>
19
</Switch62>
<Switch63>
13
</Switch63>
<Switch64>
6
</Switch64>
<Switch65>
8
</Switch65>
<Switch66>
8
</Switch66>
<Switch67>
13
</Switch67>
<Switch68>
8
</Switch68>
<Switch69>
18
</Switch69>
<Switch70>
6
</Switch70>
<Switch71>
6
</Switch71>
<Switch72>
19
</Switch72>
<Switch73>
3
</Switch73>
<Switch74>
4
</Switch74>
<Switch75>
17
</Switch75>
<Switch76>
14
</Switch76>
<Switch77>
8
</Switch77>
<Switch78>
15
</Switch78>
<Switch79>
18
</Switch79>
<Switch80>
16
</Switch80>
<Switch81>
14
</Switch81>
<Switch82>
8
</Switch82>
<Switch83>
9
</Switch83>
<Switch84>
1
</Switch84>
<Switch85>
18
</Switch85>
<Switch86>
14
</Switch86>
<Switch87>
10
</Switch87>
<Switch88>
14
</Switch88>
<Switch89>
13
</Switch89>
<Switch90>
12
</Switch90>
<Switch91>
14
</Switch91>
<Switch92>
16
</Switch92>
<Switch93>
1
</Switch93>
<Switch94>
6
</Switch94>
<Switch95>
1
</Switch95>
<Switch96>
6
</Switch96>
<Switch97>
7
</Switch97>
<Switch98>
4
</Switch98>
<Switch99>
2
</Switch99>
<Switch100>
17
</Switch100>
<Switch101>
19
</Switch101>
<Switch102>
8
</Switch102>
<Switch103>
17
</Switch103>
<Switch104>
18
</Switch104>
<Switch105>
2
</Switch105>
<Switch106>
16
</Switch106>
<Switch107>
17
</Switch107>
<Switch108>
4
</Switch108>
<Switch109>
3
</Switch109>
<Switch110>
9
</Switch110>
<Switch111>
5
</Switch111>
<Switch112>
3
</Switch112>
<Switch113>
10
</Switch113>
<Switch114>
8
</Switch114>
<Switch115>
2
</Switch115>
<Switch116>
17
</Switch116>
<Switch117>
11
</Switch117>
<Switch118>
18
</Switch118>
<Switch119>
12
</Switch119>
<Switch120>
3
</Switch120>
<Switch121>
2
</Switch121>
<Switch122>
7
</Switch122>
<Switch123>
15
</Switch123>
<Switch124>
19
</Switch124>
<Switch125>
8
</Switch125>
<Switch126>
15
</Switch126>
<Switch127>
8
</Switch127>
<Switch128>
6
</Switch128>
<Switch129>
12
</Switch129>
<Switch130>
10
</Switch130>
<Switch131>
15
</Switch131>
<Switch132>
1
</Switch132>
<Switch133>
13
</Switch133>
<Switch134>
18
</Switch134>
<Switch135>
16
</Switch135>
<Switch136>
6
</Switch136>
<Switch137>
17
</Switch137>
<Switch138>
12
</Switch138>
<Switch139>
15
</Switch139>
<Switch140>
1
</Switch140>
<Switch141>
3
</Switch141>
<Switch142>
11
</Switch142>
<Switch143>
14
</Switch143>
<Switch144>
12
</Switch144>
<Switch145>
7
</Switch145>
<Switch146>
12
</Switch146>
<Switch147>
2
</Switch147>
<Switch148>
13
</Switch148>
<Switch149>
18
</Switch149>
<Switch150>
19
</Switch150>
<Switch151>
13
</Switch151>
<Switch152>
18
</Switch152>
<Switch153>
5
</Switch153>
<Switch154>
16
</Switch154>
<Switch155>
6
</Switch155>
<Switch156>
11
</Switch156>
<Switch157>
17
</Switch157>
<Switch158>
3
</Switch158>
<Switch159>
12
</Switch159>
<Switch160>
17
</Switch160>
<Switch161>
13
</Switch161>
<Switch162>
18
</Switch162>
<Switch163>
13
</Switch163>
<Switch164>
6
</Switch164>
<Switch165>
2
</Switch165>
<Switch166>
12
</Switch166>
<Switch167>
8
</Switch167>
<Switch168>
10
</Switch168>
<Switch169>
16
</Switch169>
<Switch170>
14
</Switch170>
<Switch171>
10
</Switch171>
<Switch172>
17
</Switch172>
<Switch173>
0
</Switch173>
<Switch174>
14
</Switch174>
<Switch175>
13
</Switch175>
<Switch176>
19
</Switch176>
<Switch177>
1
</Switch177>
<Switch178>
16
</Switch178>
<Switch179>
19
</Switch179>
<Switch180>
17
</Switch180>
<Switch181>
2
</Switch181>
<Switch182>
11
</Switch182>
<Switch183>
5
</Switch183>
<Switch184>
12
</Switch184>
<Switch185>
14
</Switch185>
<Switch186>
8
</Switch186>
<Switch187>
13
</Switch187>
<Switch188>
8
</Switch188>
<Switch189>
14
</Switch189>
<Switch190>
7
</Switch190>
<Switch191>
16
</Switch191>
<Switch192>
8
</Switch192>
<Switch193>
5
</Switch193>
<Switch194>
7
</Switch194>
<Switch195>
16
</Switch195>
<Switch196>
2
</Switch196>
<Switch197>
11
</Switch197>
<Switch198>
15
</Switch198>
<Switch199>
5
</Switch199>
<Switch200>
19
</Switch200>
<Switch201>
8
</Switch201>
<Switch202>
18
</Switch202>
<Switch203>
18
</Switch203>
<Switch204>
12
</Switch204>
<Switch205>
17
</Switch205>
<Switch206>
7
</Switch206>
<Switch207>
11
</Switch207>
<Switch208>
10
</Switch208>
<Switch209>
8
</Switch209>
<Switch210>
8
</Switch210>
<Switch211>
16
</Switch211>
<Switch212>
13
</Switch212>
<Switch213>
4
</Switch213>
<Switch214>
17
</Switch214>
<Switch215>
9
</Switch215>
<Switch216>
1
</Switch216>
<Switch217>
1
</Switch217>
<Switch218>
14
</Switch218>
<Switch219>
0
</Switch219>
<Switch220>
10
</Switch220>
<Switch221>
1
</Switch221>
<Switch222>
14
</Switch222>
<Switch223>
3
</Switch223>
<Switch224>
2
</Switch224>
<Switch225>
9
</Switch225>
<Switch226>
10
</Switch226>
<Switch227>
7
</Switch227>
<Switch228>
15
</Switch228>
<Switch229>
11
</Switch229>
<Switch230>
18
</Switch230>
<Switch231>
12
</Switch231>
<Switch232>
8
</Switch232>
<Switch233>
8
</Switch233>
<Switch234>
18
</Switch234>
<Switch235>
0
</Switch235>
<Switch236>
18
</Switch236>
<Switch237>
19
</Switch237>
<Switch238>
13
</Switch238>
<Switch239>
2
</Switch239>
<Switch240>
4
</Switch240>
<Switch241>
0
</Switch241>
<Switch242>
15
</Switch242>
<Switch243>
19
</Switch243>
<Switch244>
0
</Switch244>
<Switch245>
4
</Switch245>
<Switch246>
6
</Switch246>
<Switch247>
3
</Switch247>
<Switch248>
7
</Switch248>
<Switch249>
10
</Switch249>
<Switch250>
12
</Switch250>
<Switch251>
18
</Switch251>
<Switch252>
1
</Switch252>
<Switch253>
15
</Switch253>
<Switch254>
8
</Switch254>
<Switch255>
19
</Switch255>
<Switch256>
7
</Switch256>
<Switch257>
12
</Switch257>
<Switch258>
10
</Switch258>
<Switch259>
19
</Switch259>
<Switch260>
10
</Switch260>
<Switch261>
12
</Switch261>
<Switch262>
0
</Switch262>
<Switch263>
15
</Switch263>
<Switch264>
1
</Switch264>
<Switch265>
8
</Switch265>
<Switch266>
16
</Switch266>
<Switch267>
16
</Switch267>
<Switch268>
3
</Switch268>
<Switch269>
2
</Switch269>
<Switch270>
16
</Switch270>
<Switch271>
11
</Switch271>
<Switch272>
10
</Switch272>
<Switch273>
14
</Switch273>
<Switch274>
2
</Switch274>
<Switch275>
0
</Switch275>
<Switch276>
12
</Switch276>
<Switch277>
6
</Switch277>
<Switch278>
4
</Switch278>
<Switch279>
12
</Switch279>
<Switch280>
12
</Switch280>
<Switch281>
18
</Switch281>
<Switch282>
19
</Switch282>
<Switch283>
12
</Switch283>
<Switch284>
13
</Switch284>
<Switch285>
16
</Switch285>
<Switch286>
5
</Switch286>
<Switch287>
15
</Switch287>
<Switch288>
16
</Switch288>
<Switch289>
6
</Switch289>
<Switch290>
8
</Switch290>
<Switch291>
15
</Switch291>
<Switch292>
12
</Switch292>
<Switch293>
12
</Switch293>
<Switch294>
15
</Switch294>
<Switch295>
16
</Switch295>
<Switch296>
15
</Switch296>
<Switch297>
5
</Switch297>
<Switch298>
12
</Switch298>
<Switch299>
9
</Switch299>
<Switch300>
3
</Switch300>
<Switch301>
18
</Switch301>
<Switch302>
16
</Switch302>
<Switch303>
6
</Switch303>
<Switch304>
6
</Switch304>
<Switch305>
2
</Switch305>
<Switch306>
16
</Switch306>
<Switch307>
1
</Switch307>
<Switch308>
0
</Switch308>
<Switch309>
2
</Switch309>
<Switch310>
1
</Switch310>
<Switch311>
5
</Switch311>
<Switch312>
16
</Switch312>
<Switch313>
12
</Switch313>
<Switch314>
10
</Switch314>
<Switch315>
14
</Switch315>
<Switch316>
10
</Switch316>
</BaseID:1155>
