<?xml version="1.0"?>

<BaseID:1171>
<Switch1>
18
</Switch1>
<Switch2>
1
</Switch2>
<Switch3>
1
</Switch3>
<Switch4>
2
</Switch4>
<Switch5>
13
</Switch5>
<Switch6>
16
</Switch6>
<Switch7>
0
</Switch7>
<Switch8>
2
</Switch8>
<Switch9>
10
</Switch9>
<Switch10>
15
</Switch10>
<Switch11>
16
</Switch11>
<Switch12>
8
</Switch12>
<Switch13>
2
</Switch13>
<Switch14>
5
</Switch14>
<Switch15>
8
</Switch15>
<Switch16>
13
</Switch16>
<Switch17>
17
</Switch17>
<Switch18>
16
</Switch18>
<Switch19>
0
</Switch19>
<Switch20>
0
</Switch20>
<Switch21>
2
</Switch21>
<Switch22>
6
</Switch22>
<Switch23>
6
</Switch23>
<Switch24>
19
</Switch24>
<Switch25>
9
</Switch25>
<Switch26>
11
</Switch26>
<Switch27>
10
</Switch27>
<Switch28>
12
</Switch28>
<Switch29>
18
</Switch29>
<Switch30>
12
</Switch30>
<Switch31>
10
</Switch31>
<Switch32>
16
</Switch32>
<Switch33>
18
</Switch33>
<Switch34>
10
</Switch34>
<Switch35>
9
</Switch35>
<Switch36>
19
</Switch36>
<Switch37>
17
</Switch37>
<Switch38>
4
</Switch38>
<Switch39>
2
</Switch39>
<Switch40>
9
</Switch40>
<Switch41>
3
</Switch41>
<Switch42>
5
</Switch42>
<Switch43>
2
</Switch43>
<Switch44>
1
</Switch44>
<Switch45>
13
</Switch45>
<Switch46>
10
</Switch46>
<Switch47>
1
</Switch47>
<Switch48>
5
</Switch48>
<Switch49>
3
</Switch49>
<Switch50>
0
</Switch50>
<Switch51>
14
</Switch51>
<Switch52>
7
</Switch52>
<Switch53>
19
</Switch53>
<Switch54>
11
</Switch54>
<Switch55>
9
</Switch55>
<Switch56>
19
</Switch56>
<Switch57>
12
</Switch57>
<Switch58>
8
</Switch58>
<Switch59>
6
</Switch59>
<Switch60>
14
</Switch60>
<Switch61>
18
</Switch61>
<Switch62>
9
</Switch62>
<Switch63>
10
</Switch63>
<Switch64>
3
</Switch64>
<Switch65>
0
</Switch65>
<Switch66>
10
</Switch66>
<Switch67>
5
</Switch67>
<Switch68>
12
</Switch68>
<Switch69>
4
</Switch69>
<Switch70>
7
</Switch70>
<Switch71>
3
</Switch71>
<Switch72>
4
</Switch72>
<Switch73>
3
</Switch73>
<Switch74>
5
</Switch74>
<Switch75>
8
</Switch75>
<Switch76>
4
</Switch76>
<Switch77>
15
</Switch77>
<Switch78>
15
</Switch78>
<Switch79>
0
</Switch79>
<Switch80>
9
</Switch80>
<Switch81>
5
</Switch81>
<Switch82>
3
</Switch82>
<Switch83>
13
</Switch83>
<Switch84>
13
</Switch84>
<Switch85>
4
</Switch85>
<Switch86>
1
</Switch86>
<Switch87>
2
</Switch87>
<Switch88>
1
</Switch88>
<Switch89>
6
</Switch89>
<Switch90>
12
</Switch90>
<Switch91>
16
</Switch91>
<Switch92>
19
</Switch92>
<Switch93>
8
</Switch93>
<Switch94>
7
</Switch94>
<Switch95>
0
</Switch95>
<Switch96>
16
</Switch96>
<Switch97>
12
</Switch97>
<Switch98>
16
</Switch98>
<Switch99>
4
</Switch99>
<Switch100>
11
</Switch100>
<Switch101>
1
</Switch101>
<Switch102>
9
</Switch102>
<Switch103>
5
</Switch103>
<Switch104>
2
</Switch104>
<Switch105>
6
</Switch105>
<Switch106>
15
</Switch106>
<Switch107>
3
</Switch107>
<Switch108>
5
</Switch108>
<Switch109>
17
</Switch109>
<Switch110>
12
</Switch110>
<Switch111>
11
</Switch111>
<Switch112>
1
</Switch112>
<Switch113>
0
</Switch113>
<Switch114>
0
</Switch114>
<Switch115>
9
</Switch115>
<Switch116>
17
</Switch116>
<Switch117>
19
</Switch117>
<Switch118>
17
</Switch118>
<Switch119>
13
</Switch119>
<Switch120>
13
</Switch120>
<Switch121>
4
</Switch121>
<Switch122>
0
</Switch122>
<Switch123>
17
</Switch123>
<Switch124>
17
</Switch124>
<Switch125>
7
</Switch125>
<Switch126>
16
</Switch126>
<Switch127>
2
</Switch127>
<Switch128>
8
</Switch128>
<Switch129>
10
</Switch129>
<Switch130>
2
</Switch130>
<Switch131>
19
</Switch131>
<Switch132>
7
</Switch132>
<Switch133>
18
</Switch133>
<Switch134>
10
</Switch134>
<Switch135>
7
</Switch135>
<Switch136>
8
</Switch136>
<Switch137>
17
</Switch137>
<Switch138>
14
</Switch138>
<Switch139>
14
</Switch139>
<Switch140>
8
</Switch140>
<Switch141>
7
</Switch141>
<Switch142>
5
</Switch142>
<Switch143>
12
</Switch143>
<Switch144>
17
</Switch144>
<Switch145>
19
</Switch145>
<Switch146>
4
</Switch146>
<Switch147>
15
</Switch147>
<Switch148>
5
</Switch148>
<Switch149>
6
</Switch149>
<Switch150>
1
</Switch150>
<Switch151>
3
</Switch151>
<Switch152>
17
</Switch152>
<Switch153>
4
</Switch153>
<Switch154>
12
</Switch154>
<Switch155>
4
</Switch155>
<Switch156>
14
</Switch156>
<Switch157>
16
</Switch157>
<Switch158>
7
</Switch158>
<Switch159>
10
</Switch159>
<Switch160>
2
</Switch160>
<Switch161>
7
</Switch161>
<Switch162>
9
</Switch162>
<Switch163>
18
</Switch163>
<Switch164>
3
</Switch164>
<Switch165>
17
</Switch165>
<Switch166>
15
</Switch166>
<Switch167>
5
</Switch167>
<Switch168>
5
</Switch168>
<Switch169>
18
</Switch169>
<Switch170>
11
</Switch170>
<Switch171>
14
</Switch171>
<Switch172>
1
</Switch172>
<Switch173>
4
</Switch173>
<Switch174>
19
</Switch174>
<Switch175>
5
</Switch175>
<Switch176>
10
</Switch176>
<Switch177>
18
</Switch177>
<Switch178>
3
</Switch178>
<Switch179>
7
</Switch179>
<Switch180>
3
</Switch180>
<Switch181>
2
</Switch181>
<Switch182>
15
</Switch182>
<Switch183>
2
</Switch183>
<Switch184>
4
</Switch184>
<Switch185>
5
</Switch185>
<Switch186>
7
</Switch186>
<Switch187>
9
</Switch187>
<Switch188>
11
</Switch188>
<Switch189>
15
</Switch189>
<Switch190>
8
</Switch190>
<Switch191>
18
</Switch191>
<Switch192>
7
</Switch192>
<Switch193>
14
</Switch193>
<Switch194>
16
</Switch194>
<Switch195>
8
</Switch195>
<Switch196>
13
</Switch196>
<Switch197>
3
</Switch197>
<Switch198>
11
</Switch198>
<Switch199>
3
</Switch199>
<Switch200>
5
</Switch200>
<Switch201>
0
</Switch201>
<Switch202>
10
</Switch202>
<Switch203>
2
</Switch203>
<Switch204>
4
</Switch204>
<Switch205>
13
</Switch205>
<Switch206>
8
</Switch206>
<Switch207>
4
</Switch207>
<Switch208>
0
</Switch208>
<Switch209>
18
</Switch209>
<Switch210>
16
</Switch210>
<Switch211>
4
</Switch211>
<Switch212>
1
</Switch212>
<Switch213>
19
</Switch213>
<Switch214>
9
</Switch214>
<Switch215>
12
</Switch215>
<Switch216>
15
</Switch216>
<Switch217>
19
</Switch217>
<Switch218>
14
</Switch218>
<Switch219>
18
</Switch219>
<Switch220>
9
</Switch220>
<Switch221>
12
</Switch221>
<Switch222>
3
</Switch222>
<Switch223>
16
</Switch223>
<Switch224>
18
</Switch224>
<Switch225>
11
</Switch225>
<Switch226>
4
</Switch226>
<Switch227>
17
</Switch227>
<Switch228>
15
</Switch228>
<Switch229>
4
</Switch229>
<Switch230>
1
</Switch230>
<Switch231>
1
</Switch231>
<Switch232>
9
</Switch232>
<Switch233>
8
</Switch233>
<Switch234>
2
</Switch234>
<Switch235>
11
</Switch235>
<Switch236>
13
</Switch236>
<Switch237>
7
</Switch237>
<Switch238>
10
</Switch238>
<Switch239>
3
</Switch239>
<Switch240>
5
</Switch240>
<Switch241>
6
</Switch241>
<Switch242>
16
</Switch242>
<Switch243>
3
</Switch243>
<Switch244>
13
</Switch244>
<Switch245>
1
</Switch245>
<Switch246>
17
</Switch246>
<Switch247>
3
</Switch247>
<Switch248>
4
</Switch248>
<Switch249>
15
</Switch249>
<Switch250>
17
</Switch250>
<Switch251>
16
</Switch251>
<Switch252>
10
</Switch252>
<Switch253>
14
</Switch253>
<Switch254>
16
</Switch254>
<Switch255>
10
</Switch255>
<Switch256>
4
</Switch256>
<Switch257>
19
</Switch257>
<Switch258>
13
</Switch258>
<Switch259>
6
</Switch259>
<Switch260>
14
</Switch260>
<Switch261>
7
</Switch261>
<Switch262>
3
</Switch262>
<Switch263>
3
</Switch263>
<Switch264>
16
</Switch264>
<Switch265>
8
</Switch265>
<Switch266>
17
</Switch266>
<Switch267>
1
</Switch267>
<Switch268>
15
</Switch268>
<Switch269>
11
</Switch269>
<Switch270>
8
</Switch270>
<Switch271>
16
</Switch271>
<Switch272>
12
</Switch272>
<Switch273>
18
</Switch273>
<Switch274>
14
</Switch274>
<Switch275>
19
</Switch275>
<Switch276>
8
</Switch276>
<Switch277>
11
</Switch277>
<Switch278>
14
</Switch278>
<Switch279>
4
</Switch279>
<Switch280>
19
</Switch280>
<Switch281>
11
</Switch281>
<Switch282>
3
</Switch282>
<Switch283>
5
</Switch283>
<Switch284>
19
</Switch284>
<Switch285>
3
</Switch285>
<Switch286>
16
</Switch286>
<Switch287>
18
</Switch287>
<Switch288>
8
</Switch288>
<Switch289>
12
</Switch289>
<Switch290>
2
</Switch290>
<Switch291>
19
</Switch291>
<Switch292>
2
</Switch292>
<Switch293>
18
</Switch293>
<Switch294>
9
</Switch294>
<Switch295>
17
</Switch295>
<Switch296>
7
</Switch296>
<Switch297>
3
</Switch297>
<Switch298>
8
</Switch298>
<Switch299>
7
</Switch299>
<Switch300>
12
</Switch300>
<Switch301>
12
</Switch301>
<Switch302>
10
</Switch302>
<Switch303>
13
</Switch303>
<Switch304>
10
</Switch304>
<Switch305>
14
</Switch305>
<Switch306>
0
</Switch306>
<Switch307>
13
</Switch307>
<Switch308>
6
</Switch308>
<Switch309>
3
</Switch309>
<Switch310>
1
</Switch310>
<Switch311>
8
</Switch311>
<Switch312>
11
</Switch312>
<Switch313>
18
</Switch313>
<Switch314>
9
</Switch314>
<Switch315>
5
</Switch315>
<Switch316>
16
</Switch316>
<Switch317>
5
</Switch317>
<Switch318>
1
</Switch318>
<Switch319>
18
</Switch319>
<Switch320>
2
</Switch320>
<Switch321>
4
</Switch321>
<Switch322>
8
</Switch322>
<Switch323>
11
</Switch323>
<Switch324>
3
</Switch324>
<Switch325>
19
</Switch325>
<Switch326>
9
</Switch326>
<Switch327>
11
</Switch327>
<Switch328>
1
</Switch328>
<Switch329>
1
</Switch329>
<Switch330>
10
</Switch330>
<Switch331>
17
</Switch331>
<Switch332>
14
</Switch332>
<Switch333>
13
</Switch333>
<Switch334>
8
</Switch334>
<Switch335>
12
</Switch335>
<Switch336>
1
</Switch336>
<Switch337>
19
</Switch337>
<Switch338>
8
</Switch338>
<Switch339>
8
</Switch339>
<Switch340>
19
</Switch340>
<Switch341>
3
</Switch341>
<Switch342>
8
</Switch342>
<Switch343>
1
</Switch343>
<Switch344>
16
</Switch344>
<Switch345>
9
</Switch345>
<Switch346>
3
</Switch346>
<Switch347>
16
</Switch347>
<Switch348>
13
</Switch348>
<Switch349>
8
</Switch349>
<Switch350>
13
</Switch350>
<Switch351>
4
</Switch351>
<Switch352>
7
</Switch352>
<Switch353>
11
</Switch353>
<Switch354>
15
</Switch354>
<Switch355>
6
</Switch355>
<Switch356>
5
</Switch356>
<Switch357>
15
</Switch357>
<Switch358>
8
</Switch358>
<Switch359>
1
</Switch359>
<Switch360>
14
</Switch360>
<Switch361>
2
</Switch361>
<Switch362>
5
</Switch362>
<Switch363>
4
</Switch363>
<Switch364>
14
</Switch364>
<Switch365>
5
</Switch365>
<Switch366>
15
</Switch366>
<Switch367>
8
</Switch367>
<Switch368>
1
</Switch368>
<Switch369>
16
</Switch369>
<Switch370>
10
</Switch370>
<Switch371>
1
</Switch371>
<Switch372>
3
</Switch372>
<Switch373>
16
</Switch373>
<Switch374>
4
</Switch374>
<Switch375>
1
</Switch375>
<Switch376>
6
</Switch376>
<Switch377>
2
</Switch377>
<Switch378>
16
</Switch378>
<Switch379>
12
</Switch379>
<Switch380>
5
</Switch380>
<Switch381>
6
</Switch381>
<Switch382>
7
</Switch382>
<Switch383>
14
</Switch383>
<Switch384>
6
</Switch384>
<Switch385>
15
</Switch385>
<Switch386>
7
</Switch386>
<Switch387>
13
</Switch387>
<Switch388>
12
</Switch388>
<Switch389>
1
</Switch389>
<Switch390>
7
</Switch390>
<Switch391>
11
</Switch391>
<Switch392>
15
</Switch392>
<Switch393>
19
</Switch393>
<Switch394>
13
</Switch394>
<Switch395>
12
</Switch395>
<Switch396>
8
</Switch396>
<Switch397>
9
</Switch397>
<Switch398>
5
</Switch398>
<Switch399>
12
</Switch399>
<Switch400>
17
</Switch400>
<Switch401>
9
</Switch401>
<Switch402>
11
</Switch402>
<Switch403>
15
</Switch403>
<Switch404>
18
</Switch404>
<Switch405>
5
</Switch405>
<Switch406>
14
</Switch406>
<Switch407>
11
</Switch407>
<Switch408>
7
</Switch408>
<Switch409>
0
</Switch409>
<Switch410>
13
</Switch410>
<Switch411>
16
</Switch411>
<Switch412>
2
</Switch412>
<Switch413>
9
</Switch413>
<Switch414>
11
</Switch414>
<Switch415>
19
</Switch415>
<Switch416>
7
</Switch416>
<Switch417>
2
</Switch417>
<Switch418>
11
</Switch418>
<Switch419>
12
</Switch419>
<Switch420>
8
</Switch420>
<Switch421>
19
</Switch421>
<Switch422>
13
</Switch422>
<Switch423>
17
</Switch423>
<Switch424>
19
</Switch424>
<Switch425>
7
</Switch425>
<Switch426>
12
</Switch426>
<Switch427>
0
</Switch427>
<Switch428>
12
</Switch428>
<Switch429>
5
</Switch429>
<Switch430>
4
</Switch430>
<Switch431>
10
</Switch431>
<Switch432>
1
</Switch432>
<Switch433>
19
</Switch433>
<Switch434>
11
</Switch434>
<Switch435>
3
</Switch435>
<Switch436>
4
</Switch436>
<Switch437>
3
</Switch437>
<Switch438>
1
</Switch438>
<Switch439>
10
</Switch439>
<Switch440>
12
</Switch440>
<Switch441>
3
</Switch441>
<Switch442>
18
</Switch442>
<Switch443>
10
</Switch443>
<Switch444>
14
</Switch444>
<Switch445>
3
</Switch445>
<Switch446>
14
</Switch446>
<Switch447>
11
</Switch447>
<Switch448>
7
</Switch448>
<Switch449>
8
</Switch449>
<Switch450>
7
</Switch450>
<Switch451>
10
</Switch451>
<Switch452>
8
</Switch452>
<Switch453>
11
</Switch453>
<Switch454>
6
</Switch454>
<Switch455>
11
</Switch455>
<Switch456>
19
</Switch456>
<Switch457>
19
</Switch457>
<Switch458>
12
</Switch458>
<Switch459>
13
</Switch459>
<Switch460>
2
</Switch460>
<Switch461>
8
</Switch461>
<Switch462>
19
</Switch462>
<Switch463>
5
</Switch463>
<Switch464>
9
</Switch464>
<Switch465>
1
</Switch465>
<Switch466>
18
</Switch466>
<Switch467>
17
</Switch467>
<Switch468>
8
</Switch468>
<Switch469>
15
</Switch469>
<Switch470>
5
</Switch470>
<Switch471>
0
</Switch471>
<Switch472>
15
</Switch472>
<Switch473>
11
</Switch473>
<Switch474>
18
</Switch474>
<Switch475>
14
</Switch475>
<Switch476>
7
</Switch476>
<Switch477>
6
</Switch477>
<Switch478>
18
</Switch478>
<Switch479>
1
</Switch479>
<Switch480>
6
</Switch480>
<Switch481>
11
</Switch481>
<Switch482>
9
</Switch482>
<Switch483>
0
</Switch483>
<Switch484>
14
</Switch484>
<Switch485>
6
</Switch485>
<Switch486>
10
</Switch486>
<Switch487>
17
</Switch487>
<Switch488>
2
</Switch488>
<Switch489>
9
</Switch489>
<Switch490>
5
</Switch490>
<Switch491>
14
</Switch491>
<Switch492>
18
</Switch492>
<Switch493>
16
</Switch493>
<Switch494>
2
</Switch494>
<Switch495>
1
</Switch495>
<Switch496>
18
</Switch496>
<Switch497>
11
</Switch497>
<Switch498>
7
</Switch498>
<Switch499>
12
</Switch499>
<Switch500>
8
</Switch500>
<Switch501>
7
</Switch501>
<Switch502>
2
</Switch502>
<Switch503>
8
</Switch503>
<Switch504>
15
</Switch504>
<Switch505>
5
</Switch505>
<Switch506>
10
</Switch506>
<Switch507>
9
</Switch507>
<Switch508>
15
</Switch508>
<Switch509>
14
</Switch509>
<Switch510>
9
</Switch510>
<Switch511>
11
</Switch511>
<Switch512>
2
</Switch512>
<Switch513>
17
</Switch513>
<Switch514>
7
</Switch514>
<Switch515>
13
</Switch515>
<Switch516>
12
</Switch516>
<Switch517>
16
</Switch517>
<Switch518>
5
</Switch518>
<Switch519>
15
</Switch519>
<Switch520>
9
</Switch520>
<Switch521>
7
</Switch521>
<Switch522>
16
</Switch522>
<Switch523>
4
</Switch523>
<Switch524>
8
</Switch524>
<Switch525>
19
</Switch525>
<Switch526>
13
</Switch526>
<Switch527>
18
</Switch527>
<Switch528>
12
</Switch528>
<Switch529>
5
</Switch529>
<Switch530>
15
</Switch530>
<Switch531>
0
</Switch531>
<Switch532>
14
</Switch532>
<Switch533>
7
</Switch533>
<Switch534>
8
</Switch534>
<Switch535>
5
</Switch535>
<Switch536>
1
</Switch536>
<Switch537>
16
</Switch537>
<Switch538>
14
</Switch538>
<Switch539>
11
</Switch539>
<Switch540>
16
</Switch540>
<Switch541>
1
</Switch541>
<Switch542>
13
</Switch542>
<Switch543>
12
</Switch543>
<Switch544>
10
</Switch544>
<Switch545>
1
</Switch545>
<Switch546>
5
</Switch546>
<Switch547>
10
</Switch547>
<Switch548>
0
</Switch548>
<Switch549>
9
</Switch549>
<Switch550>
15
</Switch550>
<Switch551>
18
</Switch551>
<Switch552>
6
</Switch552>
<Switch553>
9
</Switch553>
<Switch554>
17
</Switch554>
<Switch555>
18
</Switch555>
<Switch556>
12
</Switch556>
<Switch557>
6
</Switch557>
<Switch558>
16
</Switch558>
<Switch559>
7
</Switch559>
<Switch560>
6
</Switch560>
<Switch561>
4
</Switch561>
<Switch562>
13
</Switch562>
<Switch563>
2
</Switch563>
<Switch564>
3
</Switch564>
<Switch565>
17
</Switch565>
<Switch566>
4
</Switch566>
<Switch567>
17
</Switch567>
<Switch568>
8
</Switch568>
<Switch569>
1
</Switch569>
<Switch570>
17
</Switch570>
<Switch571>
11
</Switch571>
<Switch572>
16
</Switch572>
<Switch573>
5
</Switch573>
<Switch574>
12
</Switch574>
<Switch575>
16
</Switch575>
<Switch576>
7
</Switch576>
<Switch577>
11
</Switch577>
<Switch578>
9
</Switch578>
<Switch579>
6
</Switch579>
<Switch580>
8
</Switch580>
<Switch581>
4
</Switch581>
<Switch582>
9
</Switch582>
<Switch583>
4
</Switch583>
<Switch584>
4
</Switch584>
<Switch585>
13
</Switch585>
<Switch586>
4
</Switch586>
<Switch587>
17
</Switch587>
<Switch588>
10
</Switch588>
<Switch589>
16
</Switch589>
<Switch590>
8
</Switch590>
<Switch591>
2
</Switch591>
<Switch592>
8
</Switch592>
<Switch593>
19
</Switch593>
<Switch594>
6
</Switch594>
<Switch595>
2
</Switch595>
<Switch596>
0
</Switch596>
<Switch597>
15
</Switch597>
<Switch598>
9
</Switch598>
<Switch599>
19
</Switch599>
<Switch600>
16
</Switch600>
<Switch601>
14
</Switch601>
<Switch602>
12
</Switch602>
<Switch603>
13
</Switch603>
<Switch604>
16
</Switch604>
<Switch605>
15
</Switch605>
<Switch606>
5
</Switch606>
<Switch607>
7
</Switch607>
<Switch608>
19
</Switch608>
<Switch609>
16
</Switch609>
<Switch610>
13
</Switch610>
<Switch611>
14
</Switch611>
<Switch612>
9
</Switch612>
<Switch613>
18
</Switch613>
<Switch614>
6
</Switch614>
<Switch615>
14
</Switch615>
<Switch616>
12
</Switch616>
<Switch617>
5
</Switch617>
<Switch618>
8
</Switch618>
<Switch619>
8
</Switch619>
<Switch620>
17
</Switch620>
<Switch621>
15
</Switch621>
<Switch622>
15
</Switch622>
<Switch623>
6
</Switch623>
<Switch624>
19
</Switch624>
<Switch625>
10
</Switch625>
<Switch626>
14
</Switch626>
<Switch627>
3
</Switch627>
<Switch628>
11
</Switch628>
<Switch629>
14
</Switch629>
<Switch630>
14
</Switch630>
<Switch631>
3
</Switch631>
<Switch632>
6
</Switch632>
<Switch633>
1
</Switch633>
<Switch634>
11
</Switch634>
<Switch635>
18
</Switch635>
<Switch636>
8
</Switch636>
<Switch637>
3
</Switch637>
<Switch638>
0
</Switch638>
<Switch639>
5
</Switch639>
<Switch640>
9
</Switch640>
<Switch641>
11
</Switch641>
<Switch642>
5
</Switch642>
<Switch643>
9
</Switch643>
<Switch644>
7
</Switch644>
<Switch645>
3
</Switch645>
<Switch646>
17
</Switch646>
<Switch647>
12
</Switch647>
<Switch648>
17
</Switch648>
<Switch649>
0
</Switch649>
<Switch650>
6
</Switch650>
<Switch651>
4
</Switch651>
<Switch652>
18
</Switch652>
<Switch653>
13
</Switch653>
<Switch654>
3
</Switch654>
<Switch655>
19
</Switch655>
<Switch656>
6
</Switch656>
<Switch657>
10
</Switch657>
<Switch658>
13
</Switch658>
<Switch659>
13
</Switch659>
<Switch660>
9
</Switch660>
<Switch661>
10
</Switch661>
<Switch662>
9
</Switch662>
<Switch663>
16
</Switch663>
<Switch664>
2
</Switch664>
<Switch665>
10
</Switch665>
<Switch666>
5
</Switch666>
<Switch667>
10
</Switch667>
<Switch668>
0
</Switch668>
<Switch669>
5
</Switch669>
<Switch670>
6
</Switch670>
<Switch671>
10
</Switch671>
<Switch672>
10
</Switch672>
<Switch673>
0
</Switch673>
<Switch674>
11
</Switch674>
<Switch675>
0
</Switch675>
<Switch676>
2
</Switch676>
<Switch677>
19
</Switch677>
<Switch678>
16
</Switch678>
<Switch679>
11
</Switch679>
<Switch680>
8
</Switch680>
<Switch681>
6
</Switch681>
<Switch682>
18
</Switch682>
<Switch683>
4
</Switch683>
<Switch684>
6
</Switch684>
<Switch685>
3
</Switch685>
<Switch686>
11
</Switch686>
<Switch687>
1
</Switch687>
<Switch688>
13
</Switch688>
<Switch689>
13
</Switch689>
<Switch690>
14
</Switch690>
<Switch691>
10
</Switch691>
<Switch692>
18
</Switch692>
<Switch693>
19
</Switch693>
<Switch694>
9
</Switch694>
<Switch695>
0
</Switch695>
<Switch696>
6
</Switch696>
<Switch697>
15
</Switch697>
<Switch698>
15
</Switch698>
<Switch699>
16
</Switch699>
<Switch700>
19
</Switch700>
<Switch701>
0
</Switch701>
<Switch702>
13
</Switch702>
<Switch703>
2
</Switch703>
<Switch704>
13
</Switch704>
<Switch705>
3
</Switch705>
<Switch706>
4
</Switch706>
<Switch707>
14
</Switch707>
<Switch708>
10
</Switch708>
<Switch709>
9
</Switch709>
<Switch710>
19
</Switch710>
<Switch711>
17
</Switch711>
<Switch712>
11
</Switch712>
<Switch713>
4
</Switch713>
<Switch714>
7
</Switch714>
<Switch715>
5
</Switch715>
<Switch716>
19
</Switch716>
<Switch717>
17
</Switch717>
<Switch718>
3
</Switch718>
<Switch719>
12
</Switch719>
<Switch720>
5
</Switch720>
<Switch721>
14
</Switch721>
<Switch722>
1
</Switch722>
<Switch723>
11
</Switch723>
<Switch724>
10
</Switch724>
<Switch725>
16
</Switch725>
<Switch726>
15
</Switch726>
<Switch727>
6
</Switch727>
<Switch728>
16
</Switch728>
<Switch729>
10
</Switch729>
<Switch730>
12
</Switch730>
<Switch731>
13
</Switch731>
<Switch732>
11
</Switch732>
<Switch733>
2
</Switch733>
<Switch734>
15
</Switch734>
<Switch735>
1
</Switch735>
<Switch736>
3
</Switch736>
<Switch737>
13
</Switch737>
<Switch738>
3
</Switch738>
<Switch739>
0
</Switch739>
<Switch740>
15
</Switch740>
<Switch741>
7
</Switch741>
<Switch742>
12
</Switch742>
<Switch743>
16
</Switch743>
<Switch744>
1
</Switch744>
<Switch745>
17
</Switch745>
<Switch746>
2
</Switch746>
<Switch747>
15
</Switch747>
<Switch748>
10
</Switch748>
<Switch749>
3
</Switch749>
<Switch750>
11
</Switch750>
<Switch751>
8
</Switch751>
<Switch752>
13
</Switch752>
<Switch753>
6
</Switch753>
<Switch754>
12
</Switch754>
<Switch755>
18
</Switch755>
<Switch756>
4
</Switch756>
<Switch757>
18
</Switch757>
<Switch758>
1
</Switch758>
<Switch759>
18
</Switch759>
<Switch760>
16
</Switch760>
<Switch761>
6
</Switch761>
<Switch762>
6
</Switch762>
<Switch763>
0
</Switch763>
<Switch764>
3
</Switch764>
<Switch765>
17
</Switch765>
<Switch766>
19
</Switch766>
<Switch767>
19
</Switch767>
<Switch768>
19
</Switch768>
<Switch769>
5
</Switch769>
<Switch770>
2
</Switch770>
<Switch771>
6
</Switch771>
<Switch772>
9
</Switch772>
<Switch773>
7
</Switch773>
<Switch774>
0
</Switch774>
<Switch775>
18
</Switch775>
<Switch776>
19
</Switch776>
<Switch777>
5
</Switch777>
<Switch778>
2
</Switch778>
<Switch779>
9
</Switch779>
<Switch780>
3
</Switch780>
<Switch781>
8
</Switch781>
<Switch782>
12
</Switch782>
<Switch783>
9
</Switch783>
<Switch784>
18
</Switch784>
<Switch785>
7
</Switch785>
<Switch786>
13
</Switch786>
<Switch787>
19
</Switch787>
<Switch788>
2
</Switch788>
<Switch789>
9
</Switch789>
<Switch790>
13
</Switch790>
<Switch791>
16
</Switch791>
<Switch792>
1
</Switch792>
<Switch793>
15
</Switch793>
<Switch794>
15
</Switch794>
<Switch795>
6
</Switch795>
<Switch796>
2
</Switch796>
<Switch797>
1
</Switch797>
<Switch798>
13
</Switch798>
<Switch799>
0
</Switch799>
<Switch800>
13
</Switch800>
<Switch801>
19
</Switch801>
<Switch802>
2
</Switch802>
<Switch803>
15
</Switch803>
<Switch804>
3
</Switch804>
<Switch805>
6
</Switch805>
<Switch806>
12
</Switch806>
<Switch807>
13
</Switch807>
<Switch808>
16
</Switch808>
<Switch809>
13
</Switch809>
<Switch810>
1
</Switch810>
<Switch811>
15
</Switch811>
<Switch812>
6
</Switch812>
<Switch813>
5
</Switch813>
<Switch814>
8
</Switch814>
<Switch815>
7
</Switch815>
<Switch816>
15
</Switch816>
<Switch817>
15
</Switch817>
<Switch818>
17
</Switch818>
<Switch819>
9
</Switch819>
<Switch820>
7
</Switch820>
<Switch821>
13
</Switch821>
<Switch822>
17
</Switch822>
<Switch823>
0
</Switch823>
<Switch824>
11
</Switch824>
<Switch825>
2
</Switch825>
<Switch826>
19
</Switch826>
<Switch827>
14
</Switch827>
<Switch828>
2
</Switch828>
<Switch829>
0
</Switch829>
<Switch830>
1
</Switch830>
<Switch831>
12
</Switch831>
<Switch832>
10
</Switch832>
<Switch833>
0
</Switch833>
<Switch834>
7
</Switch834>
<Switch835>
15
</Switch835>
<Switch836>
15
</Switch836>
<Switch837>
15
</Switch837>
</BaseID:1171>
