<?xml version="1.0"?>

<BaseID:1172>
<Switch1>
3
</Switch1>
<Switch2>
2
</Switch2>
<Switch3>
9
</Switch3>
<Switch4>
1
</Switch4>
<Switch5>
8
</Switch5>
<Switch6>
19
</Switch6>
<Switch7>
16
</Switch7>
<Switch8>
13
</Switch8>
<Switch9>
18
</Switch9>
<Switch10>
10
</Switch10>
<Switch11>
10
</Switch11>
<Switch12>
0
</Switch12>
<Switch13>
1
</Switch13>
<Switch14>
19
</Switch14>
<Switch15>
0
</Switch15>
<Switch16>
1
</Switch16>
<Switch17>
6
</Switch17>
<Switch18>
10
</Switch18>
<Switch19>
18
</Switch19>
<Switch20>
9
</Switch20>
<Switch21>
6
</Switch21>
<Switch22>
2
</Switch22>
<Switch23>
14
</Switch23>
<Switch24>
11
</Switch24>
<Switch25>
9
</Switch25>
<Switch26>
19
</Switch26>
<Switch27>
4
</Switch27>
<Switch28>
6
</Switch28>
<Switch29>
8
</Switch29>
<Switch30>
1
</Switch30>
<Switch31>
3
</Switch31>
<Switch32>
10
</Switch32>
<Switch33>
17
</Switch33>
<Switch34>
19
</Switch34>
<Switch35>
11
</Switch35>
<Switch36>
4
</Switch36>
<Switch37>
6
</Switch37>
<Switch38>
10
</Switch38>
<Switch39>
19
</Switch39>
<Switch40>
4
</Switch40>
<Switch41>
6
</Switch41>
<Switch42>
4
</Switch42>
<Switch43>
3
</Switch43>
<Switch44>
10
</Switch44>
<Switch45>
15
</Switch45>
<Switch46>
2
</Switch46>
<Switch47>
2
</Switch47>
<Switch48>
5
</Switch48>
<Switch49>
9
</Switch49>
<Switch50>
2
</Switch50>
<Switch51>
1
</Switch51>
<Switch52>
13
</Switch52>
<Switch53>
3
</Switch53>
<Switch54>
12
</Switch54>
<Switch55>
12
</Switch55>
<Switch56>
3
</Switch56>
<Switch57>
0
</Switch57>
<Switch58>
15
</Switch58>
<Switch59>
7
</Switch59>
<Switch60>
15
</Switch60>
<Switch61>
18
</Switch61>
<Switch62>
4
</Switch62>
<Switch63>
17
</Switch63>
<Switch64>
5
</Switch64>
<Switch65>
16
</Switch65>
<Switch66>
16
</Switch66>
<Switch67>
5
</Switch67>
<Switch68>
18
</Switch68>
<Switch69>
12
</Switch69>
<Switch70>
0
</Switch70>
<Switch71>
9
</Switch71>
<Switch72>
10
</Switch72>
<Switch73>
14
</Switch73>
<Switch74>
3
</Switch74>
<Switch75>
0
</Switch75>
<Switch76>
7
</Switch76>
<Switch77>
10
</Switch77>
<Switch78>
11
</Switch78>
<Switch79>
9
</Switch79>
<Switch80>
2
</Switch80>
<Switch81>
13
</Switch81>
<Switch82>
0
</Switch82>
<Switch83>
2
</Switch83>
<Switch84>
13
</Switch84>
<Switch85>
11
</Switch85>
<Switch86>
14
</Switch86>
<Switch87>
3
</Switch87>
<Switch88>
1
</Switch88>
<Switch89>
11
</Switch89>
<Switch90>
2
</Switch90>
<Switch91>
11
</Switch91>
<Switch92>
17
</Switch92>
<Switch93>
8
</Switch93>
<Switch94>
16
</Switch94>
<Switch95>
5
</Switch95>
<Switch96>
16
</Switch96>
<Switch97>
11
</Switch97>
<Switch98>
12
</Switch98>
<Switch99>
5
</Switch99>
<Switch100>
9
</Switch100>
<Switch101>
10
</Switch101>
<Switch102>
8
</Switch102>
<Switch103>
3
</Switch103>
<Switch104>
13
</Switch104>
<Switch105>
12
</Switch105>
<Switch106>
2
</Switch106>
<Switch107>
1
</Switch107>
<Switch108>
7
</Switch108>
<Switch109>
16
</Switch109>
<Switch110>
15
</Switch110>
<Switch111>
4
</Switch111>
<Switch112>
16
</Switch112>
<Switch113>
4
</Switch113>
<Switch114>
12
</Switch114>
<Switch115>
4
</Switch115>
<Switch116>
12
</Switch116>
<Switch117>
13
</Switch117>
<Switch118>
8
</Switch118>
<Switch119>
16
</Switch119>
<Switch120>
10
</Switch120>
<Switch121>
17
</Switch121>
<Switch122>
3
</Switch122>
<Switch123>
14
</Switch123>
<Switch124>
3
</Switch124>
<Switch125>
18
</Switch125>
<Switch126>
5
</Switch126>
<Switch127>
9
</Switch127>
<Switch128>
11
</Switch128>
<Switch129>
18
</Switch129>
<Switch130>
4
</Switch130>
<Switch131>
9
</Switch131>
<Switch132>
1
</Switch132>
<Switch133>
17
</Switch133>
<Switch134>
1
</Switch134>
<Switch135>
12
</Switch135>
<Switch136>
4
</Switch136>
<Switch137>
10
</Switch137>
<Switch138>
2
</Switch138>
<Switch139>
18
</Switch139>
<Switch140>
17
</Switch140>
<Switch141>
10
</Switch141>
<Switch142>
18
</Switch142>
<Switch143>
16
</Switch143>
<Switch144>
3
</Switch144>
<Switch145>
4
</Switch145>
<Switch146>
12
</Switch146>
<Switch147>
7
</Switch147>
<Switch148>
11
</Switch148>
<Switch149>
18
</Switch149>
<Switch150>
2
</Switch150>
<Switch151>
3
</Switch151>
<Switch152>
8
</Switch152>
<Switch153>
5
</Switch153>
<Switch154>
18
</Switch154>
<Switch155>
15
</Switch155>
<Switch156>
2
</Switch156>
<Switch157>
7
</Switch157>
<Switch158>
19
</Switch158>
<Switch159>
15
</Switch159>
<Switch160>
16
</Switch160>
<Switch161>
17
</Switch161>
<Switch162>
19
</Switch162>
<Switch163>
13
</Switch163>
<Switch164>
0
</Switch164>
<Switch165>
5
</Switch165>
<Switch166>
12
</Switch166>
<Switch167>
10
</Switch167>
<Switch168>
0
</Switch168>
<Switch169>
10
</Switch169>
<Switch170>
18
</Switch170>
<Switch171>
8
</Switch171>
<Switch172>
14
</Switch172>
<Switch173>
19
</Switch173>
<Switch174>
0
</Switch174>
<Switch175>
9
</Switch175>
<Switch176>
19
</Switch176>
<Switch177>
19
</Switch177>
<Switch178>
15
</Switch178>
<Switch179>
19
</Switch179>
<Switch180>
6
</Switch180>
<Switch181>
1
</Switch181>
<Switch182>
16
</Switch182>
<Switch183>
0
</Switch183>
<Switch184>
13
</Switch184>
<Switch185>
17
</Switch185>
<Switch186>
0
</Switch186>
<Switch187>
10
</Switch187>
<Switch188>
6
</Switch188>
<Switch189>
11
</Switch189>
<Switch190>
2
</Switch190>
<Switch191>
4
</Switch191>
<Switch192>
12
</Switch192>
<Switch193>
16
</Switch193>
<Switch194>
6
</Switch194>
<Switch195>
19
</Switch195>
<Switch196>
12
</Switch196>
<Switch197>
9
</Switch197>
<Switch198>
14
</Switch198>
<Switch199>
7
</Switch199>
<Switch200>
11
</Switch200>
<Switch201>
11
</Switch201>
<Switch202>
10
</Switch202>
<Switch203>
10
</Switch203>
<Switch204>
17
</Switch204>
<Switch205>
17
</Switch205>
<Switch206>
5
</Switch206>
<Switch207>
15
</Switch207>
<Switch208>
5
</Switch208>
<Switch209>
11
</Switch209>
<Switch210>
6
</Switch210>
<Switch211>
17
</Switch211>
<Switch212>
8
</Switch212>
<Switch213>
11
</Switch213>
<Switch214>
5
</Switch214>
<Switch215>
11
</Switch215>
<Switch216>
8
</Switch216>
<Switch217>
16
</Switch217>
<Switch218>
8
</Switch218>
<Switch219>
4
</Switch219>
<Switch220>
7
</Switch220>
<Switch221>
11
</Switch221>
<Switch222>
2
</Switch222>
<Switch223>
16
</Switch223>
<Switch224>
16
</Switch224>
<Switch225>
15
</Switch225>
<Switch226>
3
</Switch226>
<Switch227>
9
</Switch227>
<Switch228>
9
</Switch228>
<Switch229>
1
</Switch229>
<Switch230>
5
</Switch230>
<Switch231>
0
</Switch231>
<Switch232>
7
</Switch232>
<Switch233>
12
</Switch233>
<Switch234>
19
</Switch234>
<Switch235>
8
</Switch235>
<Switch236>
16
</Switch236>
<Switch237>
0
</Switch237>
<Switch238>
5
</Switch238>
<Switch239>
10
</Switch239>
<Switch240>
16
</Switch240>
<Switch241>
6
</Switch241>
<Switch242>
11
</Switch242>
<Switch243>
4
</Switch243>
<Switch244>
6
</Switch244>
<Switch245>
8
</Switch245>
<Switch246>
11
</Switch246>
<Switch247>
19
</Switch247>
<Switch248>
9
</Switch248>
<Switch249>
5
</Switch249>
<Switch250>
18
</Switch250>
<Switch251>
4
</Switch251>
<Switch252>
4
</Switch252>
<Switch253>
3
</Switch253>
<Switch254>
15
</Switch254>
<Switch255>
18
</Switch255>
<Switch256>
19
</Switch256>
<Switch257>
3
</Switch257>
<Switch258>
9
</Switch258>
<Switch259>
2
</Switch259>
<Switch260>
17
</Switch260>
<Switch261>
2
</Switch261>
<Switch262>
6
</Switch262>
<Switch263>
5
</Switch263>
<Switch264>
14
</Switch264>
<Switch265>
3
</Switch265>
<Switch266>
12
</Switch266>
<Switch267>
7
</Switch267>
<Switch268>
1
</Switch268>
<Switch269>
9
</Switch269>
<Switch270>
15
</Switch270>
<Switch271>
5
</Switch271>
<Switch272>
16
</Switch272>
<Switch273>
2
</Switch273>
<Switch274>
6
</Switch274>
<Switch275>
8
</Switch275>
<Switch276>
12
</Switch276>
<Switch277>
6
</Switch277>
<Switch278>
4
</Switch278>
<Switch279>
18
</Switch279>
<Switch280>
0
</Switch280>
<Switch281>
14
</Switch281>
<Switch282>
15
</Switch282>
<Switch283>
14
</Switch283>
<Switch284>
9
</Switch284>
<Switch285>
2
</Switch285>
<Switch286>
9
</Switch286>
<Switch287>
19
</Switch287>
<Switch288>
1
</Switch288>
<Switch289>
18
</Switch289>
<Switch290>
17
</Switch290>
<Switch291>
6
</Switch291>
<Switch292>
18
</Switch292>
<Switch293>
12
</Switch293>
<Switch294>
13
</Switch294>
<Switch295>
10
</Switch295>
<Switch296>
2
</Switch296>
<Switch297>
15
</Switch297>
<Switch298>
2
</Switch298>
<Switch299>
14
</Switch299>
<Switch300>
4
</Switch300>
<Switch301>
19
</Switch301>
<Switch302>
9
</Switch302>
<Switch303>
5
</Switch303>
<Switch304>
5
</Switch304>
<Switch305>
1
</Switch305>
<Switch306>
18
</Switch306>
<Switch307>
10
</Switch307>
<Switch308>
5
</Switch308>
<Switch309>
12
</Switch309>
<Switch310>
18
</Switch310>
<Switch311>
14
</Switch311>
<Switch312>
14
</Switch312>
<Switch313>
2
</Switch313>
<Switch314>
7
</Switch314>
<Switch315>
10
</Switch315>
<Switch316>
16
</Switch316>
<Switch317>
9
</Switch317>
<Switch318>
19
</Switch318>
<Switch319>
11
</Switch319>
<Switch320>
2
</Switch320>
<Switch321>
9
</Switch321>
<Switch322>
17
</Switch322>
<Switch323>
14
</Switch323>
<Switch324>
4
</Switch324>
<Switch325>
18
</Switch325>
<Switch326>
18
</Switch326>
<Switch327>
6
</Switch327>
<Switch328>
10
</Switch328>
<Switch329>
8
</Switch329>
<Switch330>
0
</Switch330>
<Switch331>
17
</Switch331>
<Switch332>
2
</Switch332>
<Switch333>
19
</Switch333>
<Switch334>
9
</Switch334>
<Switch335>
6
</Switch335>
<Switch336>
3
</Switch336>
<Switch337>
10
</Switch337>
<Switch338>
3
</Switch338>
<Switch339>
16
</Switch339>
<Switch340>
2
</Switch340>
<Switch341>
16
</Switch341>
<Switch342>
15
</Switch342>
<Switch343>
7
</Switch343>
<Switch344>
5
</Switch344>
<Switch345>
1
</Switch345>
<Switch346>
13
</Switch346>
<Switch347>
13
</Switch347>
<Switch348>
11
</Switch348>
<Switch349>
15
</Switch349>
<Switch350>
11
</Switch350>
<Switch351>
6
</Switch351>
<Switch352>
6
</Switch352>
<Switch353>
12
</Switch353>
<Switch354>
1
</Switch354>
<Switch355>
9
</Switch355>
<Switch356>
1
</Switch356>
<Switch357>
5
</Switch357>
<Switch358>
13
</Switch358>
<Switch359>
2
</Switch359>
<Switch360>
2
</Switch360>
<Switch361>
5
</Switch361>
<Switch362>
11
</Switch362>
<Switch363>
12
</Switch363>
<Switch364>
7
</Switch364>
<Switch365>
17
</Switch365>
<Switch366>
5
</Switch366>
<Switch367>
8
</Switch367>
<Switch368>
14
</Switch368>
<Switch369>
16
</Switch369>
<Switch370>
14
</Switch370>
<Switch371>
13
</Switch371>
<Switch372>
19
</Switch372>
<Switch373>
14
</Switch373>
<Switch374>
13
</Switch374>
<Switch375>
11
</Switch375>
<Switch376>
19
</Switch376>
<Switch377>
18
</Switch377>
<Switch378>
1
</Switch378>
<Switch379>
14
</Switch379>
<Switch380>
6
</Switch380>
<Switch381>
1
</Switch381>
<Switch382>
15
</Switch382>
<Switch383>
16
</Switch383>
<Switch384>
13
</Switch384>
<Switch385>
7
</Switch385>
<Switch386>
4
</Switch386>
<Switch387>
19
</Switch387>
<Switch388>
15
</Switch388>
<Switch389>
4
</Switch389>
<Switch390>
13
</Switch390>
<Switch391>
14
</Switch391>
<Switch392>
11
</Switch392>
<Switch393>
4
</Switch393>
<Switch394>
17
</Switch394>
<Switch395>
16
</Switch395>
<Switch396>
7
</Switch396>
<Switch397>
8
</Switch397>
<Switch398>
3
</Switch398>
<Switch399>
10
</Switch399>
<Switch400>
3
</Switch400>
<Switch401>
17
</Switch401>
<Switch402>
6
</Switch402>
<Switch403>
2
</Switch403>
<Switch404>
3
</Switch404>
<Switch405>
11
</Switch405>
<Switch406>
10
</Switch406>
<Switch407>
8
</Switch407>
<Switch408>
19
</Switch408>
<Switch409>
7
</Switch409>
<Switch410>
19
</Switch410>
<Switch411>
18
</Switch411>
<Switch412>
3
</Switch412>
<Switch413>
6
</Switch413>
<Switch414>
4
</Switch414>
<Switch415>
4
</Switch415>
<Switch416>
0
</Switch416>
<Switch417>
11
</Switch417>
<Switch418>
14
</Switch418>
<Switch419>
1
</Switch419>
<Switch420>
6
</Switch420>
<Switch421>
0
</Switch421>
<Switch422>
12
</Switch422>
<Switch423>
18
</Switch423>
<Switch424>
19
</Switch424>
<Switch425>
0
</Switch425>
<Switch426>
13
</Switch426>
<Switch427>
16
</Switch427>
<Switch428>
13
</Switch428>
<Switch429>
0
</Switch429>
<Switch430>
0
</Switch430>
<Switch431>
10
</Switch431>
<Switch432>
8
</Switch432>
<Switch433>
8
</Switch433>
<Switch434>
11
</Switch434>
<Switch435>
1
</Switch435>
<Switch436>
19
</Switch436>
<Switch437>
15
</Switch437>
<Switch438>
11
</Switch438>
<Switch439>
11
</Switch439>
<Switch440>
17
</Switch440>
<Switch441>
19
</Switch441>
<Switch442>
4
</Switch442>
<Switch443>
19
</Switch443>
<Switch444>
12
</Switch444>
<Switch445>
3
</Switch445>
<Switch446>
18
</Switch446>
<Switch447>
7
</Switch447>
<Switch448>
10
</Switch448>
<Switch449>
10
</Switch449>
<Switch450>
16
</Switch450>
<Switch451>
14
</Switch451>
<Switch452>
7
</Switch452>
<Switch453>
12
</Switch453>
<Switch454>
9
</Switch454>
<Switch455>
1
</Switch455>
<Switch456>
4
</Switch456>
<Switch457>
9
</Switch457>
<Switch458>
4
</Switch458>
<Switch459>
12
</Switch459>
<Switch460>
18
</Switch460>
<Switch461>
18
</Switch461>
<Switch462>
9
</Switch462>
<Switch463>
14
</Switch463>
<Switch464>
19
</Switch464>
<Switch465>
5
</Switch465>
<Switch466>
10
</Switch466>
<Switch467>
9
</Switch467>
<Switch468>
6
</Switch468>
<Switch469>
9
</Switch469>
<Switch470>
4
</Switch470>
<Switch471>
8
</Switch471>
<Switch472>
13
</Switch472>
<Switch473>
10
</Switch473>
<Switch474>
8
</Switch474>
<Switch475>
15
</Switch475>
<Switch476>
17
</Switch476>
<Switch477>
3
</Switch477>
<Switch478>
1
</Switch478>
<Switch479>
9
</Switch479>
<Switch480>
3
</Switch480>
<Switch481>
17
</Switch481>
<Switch482>
1
</Switch482>
<Switch483>
18
</Switch483>
<Switch484>
14
</Switch484>
<Switch485>
17
</Switch485>
<Switch486>
11
</Switch486>
<Switch487>
4
</Switch487>
<Switch488>
8
</Switch488>
<Switch489>
15
</Switch489>
<Switch490>
16
</Switch490>
<Switch491>
13
</Switch491>
<Switch492>
13
</Switch492>
<Switch493>
2
</Switch493>
<Switch494>
12
</Switch494>
<Switch495>
3
</Switch495>
<Switch496>
7
</Switch496>
<Switch497>
8
</Switch497>
<Switch498>
6
</Switch498>
<Switch499>
2
</Switch499>
<Switch500>
10
</Switch500>
<Switch501>
14
</Switch501>
<Switch502>
5
</Switch502>
<Switch503>
7
</Switch503>
<Switch504>
16
</Switch504>
<Switch505>
8
</Switch505>
<Switch506>
5
</Switch506>
<Switch507>
17
</Switch507>
<Switch508>
3
</Switch508>
<Switch509>
11
</Switch509>
<Switch510>
1
</Switch510>
<Switch511>
2
</Switch511>
<Switch512>
15
</Switch512>
<Switch513>
0
</Switch513>
<Switch514>
17
</Switch514>
<Switch515>
13
</Switch515>
<Switch516>
3
</Switch516>
<Switch517>
19
</Switch517>
<Switch518>
15
</Switch518>
<Switch519>
19
</Switch519>
<Switch520>
9
</Switch520>
<Switch521>
2
</Switch521>
<Switch522>
13
</Switch522>
<Switch523>
1
</Switch523>
<Switch524>
19
</Switch524>
<Switch525>
7
</Switch525>
<Switch526>
2
</Switch526>
<Switch527>
12
</Switch527>
<Switch528>
0
</Switch528>
<Switch529>
8
</Switch529>
<Switch530>
8
</Switch530>
<Switch531>
0
</Switch531>
<Switch532>
17
</Switch532>
<Switch533>
13
</Switch533>
<Switch534>
5
</Switch534>
<Switch535>
11
</Switch535>
<Switch536>
0
</Switch536>
<Switch537>
17
</Switch537>
<Switch538>
18
</Switch538>
<Switch539>
14
</Switch539>
<Switch540>
18
</Switch540>
<Switch541>
2
</Switch541>
<Switch542>
6
</Switch542>
<Switch543>
18
</Switch543>
<Switch544>
2
</Switch544>
<Switch545>
0
</Switch545>
<Switch546>
5
</Switch546>
<Switch547>
8
</Switch547>
<Switch548>
5
</Switch548>
<Switch549>
17
</Switch549>
<Switch550>
18
</Switch550>
<Switch551>
6
</Switch551>
<Switch552>
14
</Switch552>
<Switch553>
10
</Switch553>
<Switch554>
2
</Switch554>
<Switch555>
19
</Switch555>
<Switch556>
12
</Switch556>
<Switch557>
14
</Switch557>
<Switch558>
2
</Switch558>
<Switch559>
19
</Switch559>
<Switch560>
6
</Switch560>
<Switch561>
11
</Switch561>
<Switch562>
3
</Switch562>
<Switch563>
4
</Switch563>
<Switch564>
15
</Switch564>
<Switch565>
6
</Switch565>
<Switch566>
6
</Switch566>
<Switch567>
5
</Switch567>
<Switch568>
7
</Switch568>
<Switch569>
13
</Switch569>
<Switch570>
0
</Switch570>
<Switch571>
0
</Switch571>
<Switch572>
14
</Switch572>
<Switch573>
9
</Switch573>
<Switch574>
8
</Switch574>
<Switch575>
4
</Switch575>
<Switch576>
16
</Switch576>
<Switch577>
7
</Switch577>
<Switch578>
1
</Switch578>
<Switch579>
6
</Switch579>
<Switch580>
17
</Switch580>
<Switch581>
7
</Switch581>
<Switch582>
2
</Switch582>
<Switch583>
9
</Switch583>
<Switch584>
0
</Switch584>
<Switch585>
19
</Switch585>
<Switch586>
3
</Switch586>
<Switch587>
0
</Switch587>
<Switch588>
19
</Switch588>
<Switch589>
2
</Switch589>
<Switch590>
2
</Switch590>
<Switch591>
10
</Switch591>
<Switch592>
14
</Switch592>
<Switch593>
4
</Switch593>
<Switch594>
16
</Switch594>
<Switch595>
17
</Switch595>
<Switch596>
13
</Switch596>
<Switch597>
7
</Switch597>
<Switch598>
19
</Switch598>
<Switch599>
9
</Switch599>
<Switch600>
4
</Switch600>
<Switch601>
0
</Switch601>
<Switch602>
1
</Switch602>
<Switch603>
13
</Switch603>
<Switch604>
2
</Switch604>
<Switch605>
4
</Switch605>
<Switch606>
3
</Switch606>
<Switch607>
1
</Switch607>
<Switch608>
18
</Switch608>
<Switch609>
7
</Switch609>
<Switch610>
15
</Switch610>
<Switch611>
15
</Switch611>
<Switch612>
19
</Switch612>
<Switch613>
2
</Switch613>
<Switch614>
4
</Switch614>
<Switch615>
15
</Switch615>
<Switch616>
5
</Switch616>
<Switch617>
17
</Switch617>
<Switch618>
13
</Switch618>
<Switch619>
18
</Switch619>
<Switch620>
13
</Switch620>
<Switch621>
0
</Switch621>
<Switch622>
17
</Switch622>
<Switch623>
2
</Switch623>
<Switch624>
6
</Switch624>
<Switch625>
7
</Switch625>
<Switch626>
6
</Switch626>
<Switch627>
3
</Switch627>
<Switch628>
15
</Switch628>
<Switch629>
17
</Switch629>
<Switch630>
7
</Switch630>
<Switch631>
7
</Switch631>
<Switch632>
15
</Switch632>
<Switch633>
14
</Switch633>
<Switch634>
9
</Switch634>
<Switch635>
13
</Switch635>
<Switch636>
7
</Switch636>
<Switch637>
10
</Switch637>
<Switch638>
14
</Switch638>
<Switch639>
9
</Switch639>
<Switch640>
14
</Switch640>
<Switch641>
2
</Switch641>
<Switch642>
18
</Switch642>
<Switch643>
19
</Switch643>
<Switch644>
14
</Switch644>
<Switch645>
14
</Switch645>
<Switch646>
8
</Switch646>
<Switch647>
2
</Switch647>
<Switch648>
3
</Switch648>
<Switch649>
0
</Switch649>
<Switch650>
19
</Switch650>
<Switch651>
19
</Switch651>
<Switch652>
2
</Switch652>
<Switch653>
11
</Switch653>
<Switch654>
2
</Switch654>
<Switch655>
14
</Switch655>
<Switch656>
0
</Switch656>
<Switch657>
0
</Switch657>
<Switch658>
5
</Switch658>
<Switch659>
11
</Switch659>
<Switch660>
1
</Switch660>
<Switch661>
11
</Switch661>
<Switch662>
8
</Switch662>
<Switch663>
19
</Switch663>
<Switch664>
4
</Switch664>
<Switch665>
3
</Switch665>
<Switch666>
14
</Switch666>
<Switch667>
2
</Switch667>
<Switch668>
1
</Switch668>
<Switch669>
11
</Switch669>
<Switch670>
19
</Switch670>
<Switch671>
19
</Switch671>
<Switch672>
2
</Switch672>
<Switch673>
14
</Switch673>
<Switch674>
15
</Switch674>
<Switch675>
7
</Switch675>
<Switch676>
19
</Switch676>
<Switch677>
2
</Switch677>
<Switch678>
10
</Switch678>
<Switch679>
15
</Switch679>
<Switch680>
12
</Switch680>
<Switch681>
16
</Switch681>
<Switch682>
5
</Switch682>
<Switch683>
2
</Switch683>
<Switch684>
1
</Switch684>
<Switch685>
12
</Switch685>
<Switch686>
11
</Switch686>
<Switch687>
0
</Switch687>
<Switch688>
15
</Switch688>
<Switch689>
3
</Switch689>
<Switch690>
18
</Switch690>
<Switch691>
16
</Switch691>
<Switch692>
6
</Switch692>
<Switch693>
15
</Switch693>
<Switch694>
4
</Switch694>
<Switch695>
12
</Switch695>
<Switch696>
3
</Switch696>
<Switch697>
8
</Switch697>
<Switch698>
15
</Switch698>
<Switch699>
6
</Switch699>
<Switch700>
11
</Switch700>
<Switch701>
0
</Switch701>
<Switch702>
16
</Switch702>
</BaseID:1172>
