<?xml version="1.0"?>

<BaseID:1177>
<Switch1>
19
</Switch1>
<Switch2>
3
</Switch2>
<Switch3>
3
</Switch3>
<Switch4>
17
</Switch4>
<Switch5>
8
</Switch5>
<Switch6>
18
</Switch6>
<Switch7>
17
</Switch7>
<Switch8>
17
</Switch8>
<Switch9>
15
</Switch9>
<Switch10>
1
</Switch10>
<Switch11>
2
</Switch11>
<Switch12>
12
</Switch12>
<Switch13>
8
</Switch13>
<Switch14>
13
</Switch14>
<Switch15>
14
</Switch15>
<Switch16>
4
</Switch16>
<Switch17>
3
</Switch17>
<Switch18>
11
</Switch18>
<Switch19>
17
</Switch19>
<Switch20>
0
</Switch20>
<Switch21>
14
</Switch21>
<Switch22>
14
</Switch22>
<Switch23>
17
</Switch23>
<Switch24>
12
</Switch24>
<Switch25>
6
</Switch25>
<Switch26>
19
</Switch26>
<Switch27>
18
</Switch27>
<Switch28>
5
</Switch28>
<Switch29>
19
</Switch29>
<Switch30>
12
</Switch30>
<Switch31>
10
</Switch31>
<Switch32>
14
</Switch32>
<Switch33>
18
</Switch33>
<Switch34>
15
</Switch34>
<Switch35>
18
</Switch35>
<Switch36>
4
</Switch36>
<Switch37>
9
</Switch37>
<Switch38>
10
</Switch38>
<Switch39>
13
</Switch39>
<Switch40>
3
</Switch40>
<Switch41>
15
</Switch41>
<Switch42>
1
</Switch42>
<Switch43>
12
</Switch43>
<Switch44>
10
</Switch44>
<Switch45>
17
</Switch45>
<Switch46>
4
</Switch46>
<Switch47>
14
</Switch47>
<Switch48>
14
</Switch48>
<Switch49>
5
</Switch49>
<Switch50>
15
</Switch50>
<Switch51>
3
</Switch51>
<Switch52>
12
</Switch52>
<Switch53>
13
</Switch53>
<Switch54>
16
</Switch54>
<Switch55>
13
</Switch55>
<Switch56>
8
</Switch56>
<Switch57>
0
</Switch57>
<Switch58>
15
</Switch58>
<Switch59>
2
</Switch59>
<Switch60>
5
</Switch60>
<Switch61>
10
</Switch61>
<Switch62>
14
</Switch62>
<Switch63>
17
</Switch63>
<Switch64>
5
</Switch64>
<Switch65>
13
</Switch65>
<Switch66>
16
</Switch66>
<Switch67>
11
</Switch67>
<Switch68>
3
</Switch68>
<Switch69>
9
</Switch69>
<Switch70>
5
</Switch70>
<Switch71>
6
</Switch71>
<Switch72>
13
</Switch72>
<Switch73>
0
</Switch73>
<Switch74>
19
</Switch74>
<Switch75>
18
</Switch75>
<Switch76>
9
</Switch76>
<Switch77>
10
</Switch77>
<Switch78>
18
</Switch78>
<Switch79>
16
</Switch79>
<Switch80>
4
</Switch80>
<Switch81>
13
</Switch81>
<Switch82>
3
</Switch82>
<Switch83>
17
</Switch83>
<Switch84>
9
</Switch84>
<Switch85>
1
</Switch85>
<Switch86>
19
</Switch86>
<Switch87>
19
</Switch87>
<Switch88>
17
</Switch88>
<Switch89>
1
</Switch89>
<Switch90>
16
</Switch90>
<Switch91>
15
</Switch91>
<Switch92>
19
</Switch92>
<Switch93>
18
</Switch93>
<Switch94>
17
</Switch94>
<Switch95>
7
</Switch95>
<Switch96>
7
</Switch96>
<Switch97>
8
</Switch97>
<Switch98>
19
</Switch98>
<Switch99>
14
</Switch99>
<Switch100>
0
</Switch100>
<Switch101>
6
</Switch101>
<Switch102>
9
</Switch102>
<Switch103>
11
</Switch103>
<Switch104>
10
</Switch104>
<Switch105>
2
</Switch105>
<Switch106>
8
</Switch106>
<Switch107>
7
</Switch107>
<Switch108>
4
</Switch108>
<Switch109>
19
</Switch109>
<Switch110>
12
</Switch110>
<Switch111>
4
</Switch111>
<Switch112>
11
</Switch112>
<Switch113>
15
</Switch113>
<Switch114>
14
</Switch114>
<Switch115>
14
</Switch115>
<Switch116>
0
</Switch116>
<Switch117>
14
</Switch117>
<Switch118>
10
</Switch118>
<Switch119>
16
</Switch119>
<Switch120>
15
</Switch120>
<Switch121>
1
</Switch121>
<Switch122>
6
</Switch122>
<Switch123>
1
</Switch123>
<Switch124>
11
</Switch124>
<Switch125>
7
</Switch125>
<Switch126>
18
</Switch126>
<Switch127>
9
</Switch127>
<Switch128>
16
</Switch128>
<Switch129>
7
</Switch129>
<Switch130>
4
</Switch130>
<Switch131>
8
</Switch131>
<Switch132>
1
</Switch132>
<Switch133>
18
</Switch133>
<Switch134>
0
</Switch134>
<Switch135>
9
</Switch135>
<Switch136>
7
</Switch136>
<Switch137>
8
</Switch137>
<Switch138>
8
</Switch138>
<Switch139>
7
</Switch139>
<Switch140>
11
</Switch140>
<Switch141>
10
</Switch141>
<Switch142>
1
</Switch142>
<Switch143>
17
</Switch143>
<Switch144>
14
</Switch144>
<Switch145>
4
</Switch145>
<Switch146>
1
</Switch146>
<Switch147>
4
</Switch147>
<Switch148>
7
</Switch148>
<Switch149>
10
</Switch149>
<Switch150>
10
</Switch150>
<Switch151>
12
</Switch151>
<Switch152>
7
</Switch152>
<Switch153>
15
</Switch153>
<Switch154>
1
</Switch154>
<Switch155>
4
</Switch155>
<Switch156>
18
</Switch156>
<Switch157>
10
</Switch157>
<Switch158>
17
</Switch158>
<Switch159>
2
</Switch159>
<Switch160>
7
</Switch160>
<Switch161>
1
</Switch161>
<Switch162>
7
</Switch162>
<Switch163>
11
</Switch163>
<Switch164>
4
</Switch164>
<Switch165>
17
</Switch165>
<Switch166>
9
</Switch166>
<Switch167>
7
</Switch167>
<Switch168>
15
</Switch168>
<Switch169>
16
</Switch169>
<Switch170>
7
</Switch170>
<Switch171>
2
</Switch171>
<Switch172>
17
</Switch172>
<Switch173>
2
</Switch173>
<Switch174>
9
</Switch174>
<Switch175>
0
</Switch175>
<Switch176>
6
</Switch176>
<Switch177>
18
</Switch177>
<Switch178>
0
</Switch178>
<Switch179>
14
</Switch179>
<Switch180>
0
</Switch180>
<Switch181>
12
</Switch181>
<Switch182>
10
</Switch182>
<Switch183>
14
</Switch183>
<Switch184>
5
</Switch184>
<Switch185>
1
</Switch185>
<Switch186>
17
</Switch186>
<Switch187>
8
</Switch187>
<Switch188>
6
</Switch188>
<Switch189>
7
</Switch189>
<Switch190>
16
</Switch190>
<Switch191>
15
</Switch191>
<Switch192>
8
</Switch192>
<Switch193>
8
</Switch193>
<Switch194>
11
</Switch194>
<Switch195>
1
</Switch195>
<Switch196>
2
</Switch196>
<Switch197>
6
</Switch197>
<Switch198>
4
</Switch198>
<Switch199>
6
</Switch199>
<Switch200>
11
</Switch200>
<Switch201>
17
</Switch201>
<Switch202>
8
</Switch202>
<Switch203>
4
</Switch203>
<Switch204>
8
</Switch204>
<Switch205>
16
</Switch205>
<Switch206>
1
</Switch206>
<Switch207>
16
</Switch207>
<Switch208>
14
</Switch208>
<Switch209>
2
</Switch209>
<Switch210>
11
</Switch210>
<Switch211>
9
</Switch211>
<Switch212>
1
</Switch212>
<Switch213>
5
</Switch213>
<Switch214>
2
</Switch214>
<Switch215>
15
</Switch215>
<Switch216>
0
</Switch216>
<Switch217>
14
</Switch217>
<Switch218>
17
</Switch218>
<Switch219>
6
</Switch219>
<Switch220>
0
</Switch220>
<Switch221>
13
</Switch221>
<Switch222>
1
</Switch222>
<Switch223>
0
</Switch223>
<Switch224>
0
</Switch224>
<Switch225>
18
</Switch225>
<Switch226>
1
</Switch226>
<Switch227>
1
</Switch227>
<Switch228>
12
</Switch228>
<Switch229>
9
</Switch229>
<Switch230>
6
</Switch230>
<Switch231>
2
</Switch231>
<Switch232>
15
</Switch232>
<Switch233>
2
</Switch233>
<Switch234>
8
</Switch234>
<Switch235>
6
</Switch235>
<Switch236>
7
</Switch236>
<Switch237>
6
</Switch237>
<Switch238>
0
</Switch238>
<Switch239>
18
</Switch239>
<Switch240>
11
</Switch240>
<Switch241>
15
</Switch241>
<Switch242>
6
</Switch242>
<Switch243>
15
</Switch243>
<Switch244>
11
</Switch244>
<Switch245>
3
</Switch245>
<Switch246>
18
</Switch246>
<Switch247>
11
</Switch247>
<Switch248>
4
</Switch248>
<Switch249>
17
</Switch249>
<Switch250>
6
</Switch250>
<Switch251>
12
</Switch251>
<Switch252>
13
</Switch252>
<Switch253>
4
</Switch253>
<Switch254>
19
</Switch254>
<Switch255>
8
</Switch255>
<Switch256>
19
</Switch256>
<Switch257>
16
</Switch257>
<Switch258>
9
</Switch258>
<Switch259>
19
</Switch259>
<Switch260>
12
</Switch260>
<Switch261>
7
</Switch261>
<Switch262>
6
</Switch262>
<Switch263>
3
</Switch263>
<Switch264>
10
</Switch264>
<Switch265>
9
</Switch265>
<Switch266>
15
</Switch266>
<Switch267>
7
</Switch267>
<Switch268>
10
</Switch268>
<Switch269>
8
</Switch269>
<Switch270>
18
</Switch270>
<Switch271>
10
</Switch271>
<Switch272>
5
</Switch272>
<Switch273>
19
</Switch273>
<Switch274>
4
</Switch274>
<Switch275>
2
</Switch275>
<Switch276>
3
</Switch276>
<Switch277>
18
</Switch277>
<Switch278>
19
</Switch278>
<Switch279>
9
</Switch279>
<Switch280>
11
</Switch280>
<Switch281>
15
</Switch281>
<Switch282>
12
</Switch282>
<Switch283>
16
</Switch283>
<Switch284>
15
</Switch284>
<Switch285>
16
</Switch285>
<Switch286>
6
</Switch286>
<Switch287>
5
</Switch287>
<Switch288>
16
</Switch288>
<Switch289>
2
</Switch289>
<Switch290>
7
</Switch290>
<Switch291>
7
</Switch291>
<Switch292>
4
</Switch292>
<Switch293>
19
</Switch293>
<Switch294>
12
</Switch294>
<Switch295>
12
</Switch295>
<Switch296>
12
</Switch296>
<Switch297>
8
</Switch297>
<Switch298>
17
</Switch298>
<Switch299>
6
</Switch299>
<Switch300>
1
</Switch300>
<Switch301>
13
</Switch301>
<Switch302>
15
</Switch302>
<Switch303>
15
</Switch303>
<Switch304>
7
</Switch304>
<Switch305>
5
</Switch305>
<Switch306>
14
</Switch306>
<Switch307>
9
</Switch307>
<Switch308>
12
</Switch308>
<Switch309>
12
</Switch309>
<Switch310>
7
</Switch310>
<Switch311>
6
</Switch311>
<Switch312>
14
</Switch312>
<Switch313>
1
</Switch313>
<Switch314>
11
</Switch314>
<Switch315>
17
</Switch315>
<Switch316>
4
</Switch316>
<Switch317>
14
</Switch317>
<Switch318>
19
</Switch318>
<Switch319>
12
</Switch319>
<Switch320>
12
</Switch320>
<Switch321>
17
</Switch321>
<Switch322>
2
</Switch322>
<Switch323>
17
</Switch323>
<Switch324>
14
</Switch324>
<Switch325>
9
</Switch325>
<Switch326>
13
</Switch326>
<Switch327>
5
</Switch327>
<Switch328>
6
</Switch328>
<Switch329>
8
</Switch329>
<Switch330>
10
</Switch330>
<Switch331>
17
</Switch331>
<Switch332>
4
</Switch332>
<Switch333>
5
</Switch333>
<Switch334>
12
</Switch334>
<Switch335>
6
</Switch335>
<Switch336>
1
</Switch336>
<Switch337>
12
</Switch337>
<Switch338>
4
</Switch338>
<Switch339>
15
</Switch339>
<Switch340>
9
</Switch340>
<Switch341>
0
</Switch341>
<Switch342>
13
</Switch342>
<Switch343>
9
</Switch343>
<Switch344>
16
</Switch344>
<Switch345>
13
</Switch345>
<Switch346>
10
</Switch346>
<Switch347>
7
</Switch347>
<Switch348>
18
</Switch348>
<Switch349>
14
</Switch349>
<Switch350>
8
</Switch350>
<Switch351>
12
</Switch351>
<Switch352>
6
</Switch352>
<Switch353>
15
</Switch353>
<Switch354>
4
</Switch354>
<Switch355>
14
</Switch355>
<Switch356>
8
</Switch356>
<Switch357>
6
</Switch357>
<Switch358>
19
</Switch358>
<Switch359>
16
</Switch359>
<Switch360>
7
</Switch360>
<Switch361>
9
</Switch361>
<Switch362>
17
</Switch362>
<Switch363>
12
</Switch363>
<Switch364>
15
</Switch364>
<Switch365>
12
</Switch365>
<Switch366>
8
</Switch366>
<Switch367>
15
</Switch367>
<Switch368>
16
</Switch368>
<Switch369>
6
</Switch369>
<Switch370>
2
</Switch370>
<Switch371>
10
</Switch371>
<Switch372>
8
</Switch372>
<Switch373>
7
</Switch373>
<Switch374>
6
</Switch374>
<Switch375>
0
</Switch375>
<Switch376>
2
</Switch376>
<Switch377>
16
</Switch377>
<Switch378>
10
</Switch378>
<Switch379>
18
</Switch379>
<Switch380>
10
</Switch380>
<Switch381>
15
</Switch381>
<Switch382>
15
</Switch382>
<Switch383>
19
</Switch383>
<Switch384>
7
</Switch384>
<Switch385>
13
</Switch385>
<Switch386>
7
</Switch386>
<Switch387>
8
</Switch387>
<Switch388>
1
</Switch388>
<Switch389>
5
</Switch389>
<Switch390>
9
</Switch390>
<Switch391>
11
</Switch391>
<Switch392>
1
</Switch392>
<Switch393>
3
</Switch393>
<Switch394>
19
</Switch394>
<Switch395>
13
</Switch395>
<Switch396>
14
</Switch396>
<Switch397>
3
</Switch397>
<Switch398>
19
</Switch398>
<Switch399>
9
</Switch399>
<Switch400>
4
</Switch400>
<Switch401>
5
</Switch401>
<Switch402>
19
</Switch402>
<Switch403>
10
</Switch403>
<Switch404>
19
</Switch404>
<Switch405>
11
</Switch405>
<Switch406>
16
</Switch406>
<Switch407>
12
</Switch407>
<Switch408>
3
</Switch408>
<Switch409>
14
</Switch409>
<Switch410>
11
</Switch410>
<Switch411>
7
</Switch411>
<Switch412>
5
</Switch412>
<Switch413>
9
</Switch413>
<Switch414>
0
</Switch414>
<Switch415>
13
</Switch415>
<Switch416>
14
</Switch416>
<Switch417>
14
</Switch417>
<Switch418>
7
</Switch418>
<Switch419>
13
</Switch419>
<Switch420>
16
</Switch420>
<Switch421>
19
</Switch421>
<Switch422>
0
</Switch422>
<Switch423>
15
</Switch423>
<Switch424>
13
</Switch424>
<Switch425>
14
</Switch425>
<Switch426>
8
</Switch426>
<Switch427>
17
</Switch427>
<Switch428>
13
</Switch428>
<Switch429>
2
</Switch429>
<Switch430>
14
</Switch430>
<Switch431>
13
</Switch431>
<Switch432>
16
</Switch432>
<Switch433>
10
</Switch433>
<Switch434>
16
</Switch434>
<Switch435>
17
</Switch435>
<Switch436>
0
</Switch436>
<Switch437>
16
</Switch437>
<Switch438>
18
</Switch438>
<Switch439>
4
</Switch439>
<Switch440>
4
</Switch440>
<Switch441>
3
</Switch441>
<Switch442>
5
</Switch442>
<Switch443>
8
</Switch443>
<Switch444>
6
</Switch444>
<Switch445>
1
</Switch445>
<Switch446>
14
</Switch446>
<Switch447>
12
</Switch447>
<Switch448>
0
</Switch448>
<Switch449>
8
</Switch449>
<Switch450>
6
</Switch450>
<Switch451>
0
</Switch451>
<Switch452>
19
</Switch452>
<Switch453>
15
</Switch453>
<Switch454>
2
</Switch454>
<Switch455>
15
</Switch455>
<Switch456>
5
</Switch456>
<Switch457>
2
</Switch457>
<Switch458>
0
</Switch458>
<Switch459>
17
</Switch459>
<Switch460>
16
</Switch460>
<Switch461>
16
</Switch461>
<Switch462>
4
</Switch462>
<Switch463>
7
</Switch463>
<Switch464>
0
</Switch464>
<Switch465>
10
</Switch465>
<Switch466>
1
</Switch466>
<Switch467>
1
</Switch467>
<Switch468>
2
</Switch468>
<Switch469>
0
</Switch469>
<Switch470>
12
</Switch470>
<Switch471>
2
</Switch471>
<Switch472>
8
</Switch472>
<Switch473>
6
</Switch473>
<Switch474>
4
</Switch474>
<Switch475>
7
</Switch475>
<Switch476>
16
</Switch476>
<Switch477>
6
</Switch477>
<Switch478>
1
</Switch478>
<Switch479>
10
</Switch479>
<Switch480>
0
</Switch480>
<Switch481>
6
</Switch481>
<Switch482>
10
</Switch482>
<Switch483>
1
</Switch483>
<Switch484>
5
</Switch484>
<Switch485>
6
</Switch485>
<Switch486>
17
</Switch486>
<Switch487>
0
</Switch487>
<Switch488>
9
</Switch488>
<Switch489>
19
</Switch489>
<Switch490>
6
</Switch490>
<Switch491>
4
</Switch491>
<Switch492>
15
</Switch492>
<Switch493>
1
</Switch493>
<Switch494>
5
</Switch494>
<Switch495>
14
</Switch495>
<Switch496>
13
</Switch496>
<Switch497>
15
</Switch497>
<Switch498>
18
</Switch498>
<Switch499>
12
</Switch499>
<Switch500>
4
</Switch500>
<Switch501>
6
</Switch501>
<Switch502>
11
</Switch502>
<Switch503>
3
</Switch503>
<Switch504>
1
</Switch504>
<Switch505>
13
</Switch505>
<Switch506>
19
</Switch506>
<Switch507>
3
</Switch507>
<Switch508>
5
</Switch508>
<Switch509>
12
</Switch509>
<Switch510>
17
</Switch510>
<Switch511>
7
</Switch511>
<Switch512>
3
</Switch512>
<Switch513>
7
</Switch513>
<Switch514>
1
</Switch514>
<Switch515>
4
</Switch515>
<Switch516>
17
</Switch516>
<Switch517>
11
</Switch517>
<Switch518>
8
</Switch518>
<Switch519>
6
</Switch519>
<Switch520>
0
</Switch520>
<Switch521>
8
</Switch521>
<Switch522>
19
</Switch522>
<Switch523>
10
</Switch523>
<Switch524>
18
</Switch524>
<Switch525>
14
</Switch525>
<Switch526>
9
</Switch526>
<Switch527>
11
</Switch527>
<Switch528>
19
</Switch528>
<Switch529>
10
</Switch529>
<Switch530>
15
</Switch530>
<Switch531>
4
</Switch531>
<Switch532>
16
</Switch532>
<Switch533>
15
</Switch533>
<Switch534>
5
</Switch534>
<Switch535>
15
</Switch535>
<Switch536>
15
</Switch536>
<Switch537>
19
</Switch537>
<Switch538>
3
</Switch538>
<Switch539>
8
</Switch539>
<Switch540>
7
</Switch540>
<Switch541>
8
</Switch541>
<Switch542>
10
</Switch542>
<Switch543>
1
</Switch543>
<Switch544>
13
</Switch544>
<Switch545>
1
</Switch545>
<Switch546>
1
</Switch546>
<Switch547>
2
</Switch547>
<Switch548>
5
</Switch548>
<Switch549>
10
</Switch549>
<Switch550>
16
</Switch550>
<Switch551>
0
</Switch551>
<Switch552>
19
</Switch552>
<Switch553>
7
</Switch553>
<Switch554>
8
</Switch554>
<Switch555>
3
</Switch555>
<Switch556>
17
</Switch556>
<Switch557>
10
</Switch557>
<Switch558>
13
</Switch558>
<Switch559>
14
</Switch559>
<Switch560>
1
</Switch560>
<Switch561>
19
</Switch561>
<Switch562>
3
</Switch562>
<Switch563>
0
</Switch563>
<Switch564>
1
</Switch564>
<Switch565>
17
</Switch565>
<Switch566>
16
</Switch566>
<Switch567>
13
</Switch567>
<Switch568>
7
</Switch568>
<Switch569>
11
</Switch569>
<Switch570>
4
</Switch570>
<Switch571>
6
</Switch571>
<Switch572>
8
</Switch572>
<Switch573>
17
</Switch573>
<Switch574>
17
</Switch574>
<Switch575>
18
</Switch575>
<Switch576>
13
</Switch576>
<Switch577>
18
</Switch577>
<Switch578>
18
</Switch578>
<Switch579>
1
</Switch579>
<Switch580>
16
</Switch580>
<Switch581>
4
</Switch581>
<Switch582>
11
</Switch582>
<Switch583>
11
</Switch583>
<Switch584>
1
</Switch584>
<Switch585>
14
</Switch585>
<Switch586>
6
</Switch586>
<Switch587>
11
</Switch587>
<Switch588>
8
</Switch588>
<Switch589>
17
</Switch589>
<Switch590>
8
</Switch590>
<Switch591>
6
</Switch591>
<Switch592>
0
</Switch592>
<Switch593>
1
</Switch593>
<Switch594>
19
</Switch594>
<Switch595>
16
</Switch595>
<Switch596>
7
</Switch596>
<Switch597>
16
</Switch597>
<Switch598>
4
</Switch598>
<Switch599>
14
</Switch599>
<Switch600>
17
</Switch600>
<Switch601>
11
</Switch601>
<Switch602>
2
</Switch602>
<Switch603>
9
</Switch603>
<Switch604>
15
</Switch604>
<Switch605>
8
</Switch605>
<Switch606>
5
</Switch606>
<Switch607>
18
</Switch607>
<Switch608>
19
</Switch608>
<Switch609>
7
</Switch609>
<Switch610>
10
</Switch610>
<Switch611>
3
</Switch611>
<Switch612>
2
</Switch612>
<Switch613>
8
</Switch613>
<Switch614>
0
</Switch614>
<Switch615>
19
</Switch615>
<Switch616>
11
</Switch616>
<Switch617>
3
</Switch617>
<Switch618>
16
</Switch618>
<Switch619>
14
</Switch619>
<Switch620>
0
</Switch620>
<Switch621>
0
</Switch621>
<Switch622>
10
</Switch622>
<Switch623>
16
</Switch623>
<Switch624>
3
</Switch624>
<Switch625>
14
</Switch625>
<Switch626>
11
</Switch626>
<Switch627>
17
</Switch627>
<Switch628>
18
</Switch628>
<Switch629>
7
</Switch629>
<Switch630>
0
</Switch630>
<Switch631>
17
</Switch631>
<Switch632>
8
</Switch632>
<Switch633>
5
</Switch633>
<Switch634>
5
</Switch634>
<Switch635>
10
</Switch635>
<Switch636>
16
</Switch636>
<Switch637>
16
</Switch637>
<Switch638>
3
</Switch638>
<Switch639>
6
</Switch639>
<Switch640>
12
</Switch640>
<Switch641>
9
</Switch641>
<Switch642>
7
</Switch642>
<Switch643>
3
</Switch643>
<Switch644>
11
</Switch644>
<Switch645>
11
</Switch645>
<Switch646>
15
</Switch646>
<Switch647>
7
</Switch647>
<Switch648>
16
</Switch648>
<Switch649>
8
</Switch649>
<Switch650>
16
</Switch650>
<Switch651>
13
</Switch651>
<Switch652>
15
</Switch652>
<Switch653>
2
</Switch653>
<Switch654>
12
</Switch654>
<Switch655>
12
</Switch655>
<Switch656>
11
</Switch656>
<Switch657>
5
</Switch657>
<Switch658>
3
</Switch658>
<Switch659>
5
</Switch659>
<Switch660>
18
</Switch660>
<Switch661>
2
</Switch661>
<Switch662>
4
</Switch662>
<Switch663>
3
</Switch663>
<Switch664>
4
</Switch664>
<Switch665>
10
</Switch665>
<Switch666>
16
</Switch666>
<Switch667>
3
</Switch667>
<Switch668>
14
</Switch668>
<Switch669>
10
</Switch669>
<Switch670>
5
</Switch670>
<Switch671>
18
</Switch671>
<Switch672>
4
</Switch672>
<Switch673>
6
</Switch673>
<Switch674>
6
</Switch674>
<Switch675>
17
</Switch675>
<Switch676>
15
</Switch676>
<Switch677>
3
</Switch677>
<Switch678>
13
</Switch678>
<Switch679>
16
</Switch679>
<Switch680>
13
</Switch680>
<Switch681>
10
</Switch681>
<Switch682>
8
</Switch682>
<Switch683>
19
</Switch683>
<Switch684>
14
</Switch684>
<Switch685>
8
</Switch685>
<Switch686>
4
</Switch686>
<Switch687>
9
</Switch687>
<Switch688>
7
</Switch688>
<Switch689>
9
</Switch689>
<Switch690>
10
</Switch690>
<Switch691>
14
</Switch691>
<Switch692>
10
</Switch692>
<Switch693>
10
</Switch693>
<Switch694>
16
</Switch694>
<Switch695>
4
</Switch695>
<Switch696>
6
</Switch696>
<Switch697>
10
</Switch697>
<Switch698>
8
</Switch698>
<Switch699>
2
</Switch699>
<Switch700>
19
</Switch700>
<Switch701>
4
</Switch701>
<Switch702>
17
</Switch702>
<Switch703>
10
</Switch703>
<Switch704>
2
</Switch704>
<Switch705>
19
</Switch705>
<Switch706>
7
</Switch706>
<Switch707>
17
</Switch707>
<Switch708>
6
</Switch708>
<Switch709>
7
</Switch709>
<Switch710>
9
</Switch710>
<Switch711>
10
</Switch711>
<Switch712>
1
</Switch712>
<Switch713>
1
</Switch713>
<Switch714>
1
</Switch714>
<Switch715>
8
</Switch715>
<Switch716>
10
</Switch716>
<Switch717>
9
</Switch717>
<Switch718>
12
</Switch718>
<Switch719>
0
</Switch719>
<Switch720>
8
</Switch720>
<Switch721>
8
</Switch721>
<Switch722>
10
</Switch722>
<Switch723>
18
</Switch723>
<Switch724>
4
</Switch724>
<Switch725>
18
</Switch725>
<Switch726>
16
</Switch726>
<Switch727>
4
</Switch727>
<Switch728>
6
</Switch728>
<Switch729>
9
</Switch729>
<Switch730>
13
</Switch730>
<Switch731>
2
</Switch731>
<Switch732>
2
</Switch732>
<Switch733>
5
</Switch733>
<Switch734>
6
</Switch734>
<Switch735>
1
</Switch735>
<Switch736>
11
</Switch736>
<Switch737>
11
</Switch737>
<Switch738>
10
</Switch738>
<Switch739>
16
</Switch739>
<Switch740>
8
</Switch740>
<Switch741>
9
</Switch741>
<Switch742>
15
</Switch742>
<Switch743>
16
</Switch743>
<Switch744>
9
</Switch744>
<Switch745>
1
</Switch745>
<Switch746>
14
</Switch746>
<Switch747>
0
</Switch747>
<Switch748>
1
</Switch748>
<Switch749>
18
</Switch749>
<Switch750>
8
</Switch750>
<Switch751>
9
</Switch751>
<Switch752>
2
</Switch752>
<Switch753>
12
</Switch753>
<Switch754>
17
</Switch754>
<Switch755>
3
</Switch755>
<Switch756>
11
</Switch756>
<Switch757>
14
</Switch757>
<Switch758>
17
</Switch758>
<Switch759>
2
</Switch759>
<Switch760>
15
</Switch760>
<Switch761>
15
</Switch761>
<Switch762>
18
</Switch762>
<Switch763>
15
</Switch763>
<Switch764>
11
</Switch764>
<Switch765>
14
</Switch765>
<Switch766>
9
</Switch766>
<Switch767>
4
</Switch767>
<Switch768>
6
</Switch768>
<Switch769>
12
</Switch769>
<Switch770>
6
</Switch770>
<Switch771>
12
</Switch771>
<Switch772>
13
</Switch772>
<Switch773>
1
</Switch773>
<Switch774>
15
</Switch774>
<Switch775>
3
</Switch775>
<Switch776>
4
</Switch776>
<Switch777>
10
</Switch777>
<Switch778>
10
</Switch778>
<Switch779>
7
</Switch779>
<Switch780>
16
</Switch780>
<Switch781>
6
</Switch781>
<Switch782>
10
</Switch782>
<Switch783>
15
</Switch783>
<Switch784>
15
</Switch784>
<Switch785>
10
</Switch785>
<Switch786>
11
</Switch786>
<Switch787>
9
</Switch787>
<Switch788>
11
</Switch788>
<Switch789>
19
</Switch789>
<Switch790>
18
</Switch790>
<Switch791>
6
</Switch791>
<Switch792>
6
</Switch792>
<Switch793>
0
</Switch793>
<Switch794>
17
</Switch794>
<Switch795>
9
</Switch795>
<Switch796>
10
</Switch796>
<Switch797>
10
</Switch797>
<Switch798>
9
</Switch798>
<Switch799>
3
</Switch799>
<Switch800>
11
</Switch800>
<Switch801>
17
</Switch801>
<Switch802>
17
</Switch802>
<Switch803>
11
</Switch803>
<Switch804>
17
</Switch804>
<Switch805>
7
</Switch805>
<Switch806>
14
</Switch806>
<Switch807>
19
</Switch807>
<Switch808>
11
</Switch808>
<Switch809>
4
</Switch809>
<Switch810>
4
</Switch810>
<Switch811>
13
</Switch811>
<Switch812>
0
</Switch812>
<Switch813>
1
</Switch813>
<Switch814>
8
</Switch814>
<Switch815>
15
</Switch815>
<Switch816>
2
</Switch816>
<Switch817>
19
</Switch817>
<Switch818>
10
</Switch818>
<Switch819>
18
</Switch819>
<Switch820>
4
</Switch820>
<Switch821>
0
</Switch821>
<Switch822>
12
</Switch822>
<Switch823>
10
</Switch823>
<Switch824>
18
</Switch824>
<Switch825>
4
</Switch825>
<Switch826>
4
</Switch826>
<Switch827>
13
</Switch827>
<Switch828>
3
</Switch828>
<Switch829>
10
</Switch829>
<Switch830>
2
</Switch830>
<Switch831>
1
</Switch831>
<Switch832>
12
</Switch832>
<Switch833>
14
</Switch833>
<Switch834>
13
</Switch834>
<Switch835>
12
</Switch835>
<Switch836>
4
</Switch836>
<Switch837>
12
</Switch837>
<Switch838>
19
</Switch838>
<Switch839>
15
</Switch839>
<Switch840>
18
</Switch840>
<Switch841>
15
</Switch841>
<Switch842>
5
</Switch842>
<Switch843>
19
</Switch843>
<Switch844>
7
</Switch844>
<Switch845>
4
</Switch845>
<Switch846>
6
</Switch846>
<Switch847>
12
</Switch847>
<Switch848>
9
</Switch848>
<Switch849>
5
</Switch849>
<Switch850>
0
</Switch850>
<Switch851>
11
</Switch851>
<Switch852>
15
</Switch852>
<Switch853>
2
</Switch853>
<Switch854>
9
</Switch854>
<Switch855>
16
</Switch855>
<Switch856>
8
</Switch856>
<Switch857>
7
</Switch857>
<Switch858>
8
</Switch858>
<Switch859>
1
</Switch859>
<Switch860>
18
</Switch860>
<Switch861>
16
</Switch861>
<Switch862>
0
</Switch862>
<Switch863>
19
</Switch863>
<Switch864>
18
</Switch864>
<Switch865>
14
</Switch865>
</BaseID:1177>
