<?xml version="1.0"?>

<BaseID:1180>
<Switch1>
6
</Switch1>
<Switch2>
18
</Switch2>
<Switch3>
1
</Switch3>
<Switch4>
15
</Switch4>
<Switch5>
9
</Switch5>
<Switch6>
4
</Switch6>
<Switch7>
19
</Switch7>
<Switch8>
16
</Switch8>
<Switch9>
18
</Switch9>
<Switch10>
7
</Switch10>
<Switch11>
13
</Switch11>
<Switch12>
19
</Switch12>
<Switch13>
9
</Switch13>
<Switch14>
15
</Switch14>
<Switch15>
17
</Switch15>
<Switch16>
16
</Switch16>
<Switch17>
1
</Switch17>
<Switch18>
11
</Switch18>
<Switch19>
14
</Switch19>
<Switch20>
9
</Switch20>
<Switch21>
19
</Switch21>
<Switch22>
11
</Switch22>
<Switch23>
6
</Switch23>
<Switch24>
16
</Switch24>
<Switch25>
16
</Switch25>
<Switch26>
13
</Switch26>
<Switch27>
0
</Switch27>
<Switch28>
14
</Switch28>
<Switch29>
7
</Switch29>
<Switch30>
5
</Switch30>
<Switch31>
17
</Switch31>
<Switch32>
17
</Switch32>
<Switch33>
7
</Switch33>
<Switch34>
8
</Switch34>
<Switch35>
5
</Switch35>
<Switch36>
13
</Switch36>
<Switch37>
10
</Switch37>
<Switch38>
18
</Switch38>
<Switch39>
11
</Switch39>
<Switch40>
8
</Switch40>
<Switch41>
6
</Switch41>
<Switch42>
16
</Switch42>
<Switch43>
0
</Switch43>
<Switch44>
4
</Switch44>
<Switch45>
3
</Switch45>
<Switch46>
1
</Switch46>
<Switch47>
2
</Switch47>
<Switch48>
6
</Switch48>
<Switch49>
16
</Switch49>
<Switch50>
0
</Switch50>
<Switch51>
18
</Switch51>
<Switch52>
4
</Switch52>
<Switch53>
11
</Switch53>
<Switch54>
7
</Switch54>
<Switch55>
12
</Switch55>
<Switch56>
6
</Switch56>
<Switch57>
2
</Switch57>
<Switch58>
3
</Switch58>
<Switch59>
11
</Switch59>
<Switch60>
14
</Switch60>
<Switch61>
15
</Switch61>
<Switch62>
13
</Switch62>
<Switch63>
4
</Switch63>
<Switch64>
0
</Switch64>
<Switch65>
16
</Switch65>
<Switch66>
13
</Switch66>
<Switch67>
1
</Switch67>
<Switch68>
10
</Switch68>
<Switch69>
1
</Switch69>
<Switch70>
6
</Switch70>
<Switch71>
19
</Switch71>
<Switch72>
13
</Switch72>
<Switch73>
12
</Switch73>
<Switch74>
6
</Switch74>
<Switch75>
9
</Switch75>
<Switch76>
8
</Switch76>
<Switch77>
19
</Switch77>
<Switch78>
12
</Switch78>
<Switch79>
8
</Switch79>
<Switch80>
5
</Switch80>
<Switch81>
9
</Switch81>
<Switch82>
11
</Switch82>
<Switch83>
3
</Switch83>
<Switch84>
15
</Switch84>
<Switch85>
2
</Switch85>
<Switch86>
13
</Switch86>
<Switch87>
8
</Switch87>
<Switch88>
4
</Switch88>
<Switch89>
9
</Switch89>
<Switch90>
5
</Switch90>
<Switch91>
10
</Switch91>
<Switch92>
16
</Switch92>
<Switch93>
12
</Switch93>
<Switch94>
7
</Switch94>
<Switch95>
18
</Switch95>
<Switch96>
14
</Switch96>
<Switch97>
15
</Switch97>
<Switch98>
7
</Switch98>
<Switch99>
5
</Switch99>
<Switch100>
6
</Switch100>
<Switch101>
6
</Switch101>
<Switch102>
6
</Switch102>
<Switch103>
12
</Switch103>
<Switch104>
12
</Switch104>
<Switch105>
13
</Switch105>
<Switch106>
17
</Switch106>
<Switch107>
11
</Switch107>
<Switch108>
5
</Switch108>
<Switch109>
6
</Switch109>
<Switch110>
6
</Switch110>
<Switch111>
4
</Switch111>
<Switch112>
11
</Switch112>
<Switch113>
1
</Switch113>
<Switch114>
17
</Switch114>
<Switch115>
15
</Switch115>
<Switch116>
4
</Switch116>
<Switch117>
1
</Switch117>
<Switch118>
3
</Switch118>
<Switch119>
3
</Switch119>
<Switch120>
16
</Switch120>
<Switch121>
0
</Switch121>
<Switch122>
19
</Switch122>
<Switch123>
12
</Switch123>
<Switch124>
8
</Switch124>
<Switch125>
9
</Switch125>
<Switch126>
19
</Switch126>
<Switch127>
17
</Switch127>
<Switch128>
1
</Switch128>
<Switch129>
14
</Switch129>
<Switch130>
6
</Switch130>
<Switch131>
10
</Switch131>
<Switch132>
4
</Switch132>
<Switch133>
12
</Switch133>
<Switch134>
8
</Switch134>
<Switch135>
2
</Switch135>
<Switch136>
0
</Switch136>
<Switch137>
7
</Switch137>
<Switch138>
1
</Switch138>
<Switch139>
2
</Switch139>
<Switch140>
17
</Switch140>
<Switch141>
15
</Switch141>
<Switch142>
0
</Switch142>
<Switch143>
6
</Switch143>
<Switch144>
0
</Switch144>
<Switch145>
1
</Switch145>
<Switch146>
17
</Switch146>
<Switch147>
18
</Switch147>
<Switch148>
9
</Switch148>
<Switch149>
4
</Switch149>
<Switch150>
2
</Switch150>
<Switch151>
5
</Switch151>
<Switch152>
4
</Switch152>
<Switch153>
11
</Switch153>
<Switch154>
4
</Switch154>
<Switch155>
14
</Switch155>
<Switch156>
13
</Switch156>
<Switch157>
3
</Switch157>
<Switch158>
8
</Switch158>
<Switch159>
7
</Switch159>
<Switch160>
11
</Switch160>
<Switch161>
7
</Switch161>
<Switch162>
12
</Switch162>
<Switch163>
15
</Switch163>
<Switch164>
9
</Switch164>
<Switch165>
12
</Switch165>
<Switch166>
1
</Switch166>
<Switch167>
9
</Switch167>
<Switch168>
1
</Switch168>
<Switch169>
4
</Switch169>
<Switch170>
16
</Switch170>
<Switch171>
15
</Switch171>
<Switch172>
9
</Switch172>
<Switch173>
15
</Switch173>
<Switch174>
14
</Switch174>
<Switch175>
1
</Switch175>
<Switch176>
18
</Switch176>
<Switch177>
0
</Switch177>
<Switch178>
3
</Switch178>
<Switch179>
6
</Switch179>
<Switch180>
19
</Switch180>
<Switch181>
18
</Switch181>
<Switch182>
11
</Switch182>
<Switch183>
18
</Switch183>
<Switch184>
19
</Switch184>
<Switch185>
14
</Switch185>
<Switch186>
0
</Switch186>
<Switch187>
14
</Switch187>
<Switch188>
13
</Switch188>
<Switch189>
10
</Switch189>
<Switch190>
4
</Switch190>
<Switch191>
1
</Switch191>
<Switch192>
2
</Switch192>
<Switch193>
8
</Switch193>
<Switch194>
16
</Switch194>
<Switch195>
0
</Switch195>
<Switch196>
1
</Switch196>
<Switch197>
9
</Switch197>
<Switch198>
13
</Switch198>
<Switch199>
16
</Switch199>
<Switch200>
3
</Switch200>
<Switch201>
18
</Switch201>
<Switch202>
15
</Switch202>
<Switch203>
17
</Switch203>
<Switch204>
0
</Switch204>
<Switch205>
5
</Switch205>
<Switch206>
16
</Switch206>
<Switch207>
14
</Switch207>
<Switch208>
18
</Switch208>
<Switch209>
13
</Switch209>
<Switch210>
16
</Switch210>
<Switch211>
5
</Switch211>
<Switch212>
5
</Switch212>
<Switch213>
19
</Switch213>
<Switch214>
0
</Switch214>
<Switch215>
1
</Switch215>
<Switch216>
13
</Switch216>
<Switch217>
13
</Switch217>
<Switch218>
19
</Switch218>
<Switch219>
14
</Switch219>
<Switch220>
1
</Switch220>
<Switch221>
5
</Switch221>
<Switch222>
5
</Switch222>
<Switch223>
15
</Switch223>
<Switch224>
5
</Switch224>
<Switch225>
19
</Switch225>
<Switch226>
15
</Switch226>
<Switch227>
5
</Switch227>
<Switch228>
15
</Switch228>
<Switch229>
12
</Switch229>
<Switch230>
0
</Switch230>
<Switch231>
4
</Switch231>
<Switch232>
10
</Switch232>
<Switch233>
15
</Switch233>
<Switch234>
8
</Switch234>
<Switch235>
0
</Switch235>
<Switch236>
11
</Switch236>
<Switch237>
14
</Switch237>
<Switch238>
10
</Switch238>
<Switch239>
10
</Switch239>
<Switch240>
1
</Switch240>
<Switch241>
6
</Switch241>
<Switch242>
11
</Switch242>
<Switch243>
10
</Switch243>
<Switch244>
16
</Switch244>
<Switch245>
0
</Switch245>
<Switch246>
14
</Switch246>
<Switch247>
19
</Switch247>
<Switch248>
7
</Switch248>
<Switch249>
16
</Switch249>
<Switch250>
10
</Switch250>
<Switch251>
6
</Switch251>
<Switch252>
16
</Switch252>
<Switch253>
12
</Switch253>
<Switch254>
1
</Switch254>
<Switch255>
16
</Switch255>
<Switch256>
12
</Switch256>
<Switch257>
6
</Switch257>
<Switch258>
19
</Switch258>
<Switch259>
15
</Switch259>
<Switch260>
0
</Switch260>
<Switch261>
4
</Switch261>
<Switch262>
6
</Switch262>
<Switch263>
5
</Switch263>
<Switch264>
10
</Switch264>
<Switch265>
17
</Switch265>
<Switch266>
6
</Switch266>
<Switch267>
0
</Switch267>
<Switch268>
10
</Switch268>
<Switch269>
5
</Switch269>
<Switch270>
16
</Switch270>
<Switch271>
6
</Switch271>
<Switch272>
6
</Switch272>
<Switch273>
5
</Switch273>
<Switch274>
5
</Switch274>
<Switch275>
1
</Switch275>
<Switch276>
16
</Switch276>
<Switch277>
9
</Switch277>
<Switch278>
13
</Switch278>
<Switch279>
16
</Switch279>
<Switch280>
15
</Switch280>
<Switch281>
15
</Switch281>
<Switch282>
5
</Switch282>
<Switch283>
4
</Switch283>
<Switch284>
4
</Switch284>
<Switch285>
16
</Switch285>
<Switch286>
10
</Switch286>
<Switch287>
13
</Switch287>
<Switch288>
0
</Switch288>
<Switch289>
7
</Switch289>
<Switch290>
4
</Switch290>
<Switch291>
5
</Switch291>
<Switch292>
19
</Switch292>
<Switch293>
14
</Switch293>
<Switch294>
7
</Switch294>
<Switch295>
11
</Switch295>
<Switch296>
8
</Switch296>
<Switch297>
14
</Switch297>
<Switch298>
2
</Switch298>
<Switch299>
10
</Switch299>
<Switch300>
12
</Switch300>
<Switch301>
19
</Switch301>
<Switch302>
6
</Switch302>
<Switch303>
1
</Switch303>
<Switch304>
5
</Switch304>
<Switch305>
0
</Switch305>
<Switch306>
1
</Switch306>
<Switch307>
11
</Switch307>
<Switch308>
0
</Switch308>
<Switch309>
1
</Switch309>
<Switch310>
16
</Switch310>
<Switch311>
8
</Switch311>
<Switch312>
19
</Switch312>
<Switch313>
2
</Switch313>
<Switch314>
3
</Switch314>
<Switch315>
6
</Switch315>
<Switch316>
9
</Switch316>
<Switch317>
17
</Switch317>
<Switch318>
9
</Switch318>
<Switch319>
2
</Switch319>
<Switch320>
3
</Switch320>
<Switch321>
5
</Switch321>
<Switch322>
16
</Switch322>
<Switch323>
3
</Switch323>
<Switch324>
10
</Switch324>
<Switch325>
9
</Switch325>
<Switch326>
19
</Switch326>
<Switch327>
10
</Switch327>
<Switch328>
3
</Switch328>
<Switch329>
8
</Switch329>
<Switch330>
7
</Switch330>
<Switch331>
9
</Switch331>
<Switch332>
6
</Switch332>
<Switch333>
11
</Switch333>
<Switch334>
3
</Switch334>
<Switch335>
13
</Switch335>
<Switch336>
10
</Switch336>
<Switch337>
18
</Switch337>
<Switch338>
16
</Switch338>
<Switch339>
19
</Switch339>
<Switch340>
9
</Switch340>
<Switch341>
8
</Switch341>
<Switch342>
9
</Switch342>
<Switch343>
6
</Switch343>
<Switch344>
10
</Switch344>
<Switch345>
9
</Switch345>
<Switch346>
8
</Switch346>
<Switch347>
3
</Switch347>
<Switch348>
13
</Switch348>
<Switch349>
18
</Switch349>
<Switch350>
14
</Switch350>
<Switch351>
3
</Switch351>
<Switch352>
7
</Switch352>
<Switch353>
4
</Switch353>
<Switch354>
14
</Switch354>
<Switch355>
2
</Switch355>
<Switch356>
14
</Switch356>
<Switch357>
2
</Switch357>
<Switch358>
10
</Switch358>
<Switch359>
9
</Switch359>
<Switch360>
18
</Switch360>
<Switch361>
17
</Switch361>
<Switch362>
1
</Switch362>
<Switch363>
17
</Switch363>
<Switch364>
4
</Switch364>
<Switch365>
2
</Switch365>
<Switch366>
9
</Switch366>
<Switch367>
0
</Switch367>
<Switch368>
17
</Switch368>
<Switch369>
15
</Switch369>
<Switch370>
5
</Switch370>
<Switch371>
1
</Switch371>
<Switch372>
19
</Switch372>
<Switch373>
8
</Switch373>
<Switch374>
15
</Switch374>
<Switch375>
19
</Switch375>
<Switch376>
7
</Switch376>
<Switch377>
8
</Switch377>
<Switch378>
9
</Switch378>
<Switch379>
16
</Switch379>
<Switch380>
18
</Switch380>
<Switch381>
0
</Switch381>
<Switch382>
13
</Switch382>
<Switch383>
8
</Switch383>
<Switch384>
15
</Switch384>
<Switch385>
3
</Switch385>
<Switch386>
7
</Switch386>
<Switch387>
9
</Switch387>
<Switch388>
18
</Switch388>
<Switch389>
17
</Switch389>
<Switch390>
15
</Switch390>
<Switch391>
17
</Switch391>
<Switch392>
19
</Switch392>
<Switch393>
4
</Switch393>
<Switch394>
17
</Switch394>
<Switch395>
15
</Switch395>
<Switch396>
17
</Switch396>
<Switch397>
11
</Switch397>
<Switch398>
14
</Switch398>
<Switch399>
8
</Switch399>
<Switch400>
11
</Switch400>
<Switch401>
14
</Switch401>
<Switch402>
0
</Switch402>
<Switch403>
6
</Switch403>
<Switch404>
5
</Switch404>
<Switch405>
6
</Switch405>
<Switch406>
5
</Switch406>
<Switch407>
15
</Switch407>
<Switch408>
1
</Switch408>
<Switch409>
15
</Switch409>
<Switch410>
1
</Switch410>
<Switch411>
11
</Switch411>
<Switch412>
8
</Switch412>
<Switch413>
6
</Switch413>
<Switch414>
18
</Switch414>
<Switch415>
0
</Switch415>
<Switch416>
3
</Switch416>
<Switch417>
16
</Switch417>
<Switch418>
9
</Switch418>
<Switch419>
12
</Switch419>
<Switch420>
4
</Switch420>
<Switch421>
1
</Switch421>
<Switch422>
0
</Switch422>
<Switch423>
10
</Switch423>
<Switch424>
18
</Switch424>
<Switch425>
12
</Switch425>
<Switch426>
14
</Switch426>
<Switch427>
2
</Switch427>
<Switch428>
18
</Switch428>
<Switch429>
7
</Switch429>
<Switch430>
0
</Switch430>
<Switch431>
9
</Switch431>
<Switch432>
2
</Switch432>
<Switch433>
13
</Switch433>
<Switch434>
14
</Switch434>
<Switch435>
0
</Switch435>
<Switch436>
4
</Switch436>
<Switch437>
5
</Switch437>
<Switch438>
13
</Switch438>
<Switch439>
2
</Switch439>
<Switch440>
17
</Switch440>
<Switch441>
3
</Switch441>
<Switch442>
16
</Switch442>
<Switch443>
6
</Switch443>
<Switch444>
4
</Switch444>
<Switch445>
9
</Switch445>
<Switch446>
17
</Switch446>
<Switch447>
16
</Switch447>
<Switch448>
19
</Switch448>
<Switch449>
14
</Switch449>
<Switch450>
4
</Switch450>
<Switch451>
3
</Switch451>
<Switch452>
17
</Switch452>
<Switch453>
14
</Switch453>
<Switch454>
19
</Switch454>
<Switch455>
8
</Switch455>
<Switch456>
5
</Switch456>
<Switch457>
3
</Switch457>
<Switch458>
13
</Switch458>
<Switch459>
18
</Switch459>
<Switch460>
14
</Switch460>
<Switch461>
14
</Switch461>
<Switch462>
5
</Switch462>
<Switch463>
9
</Switch463>
<Switch464>
0
</Switch464>
<Switch465>
19
</Switch465>
<Switch466>
2
</Switch466>
<Switch467>
9
</Switch467>
<Switch468>
4
</Switch468>
<Switch469>
14
</Switch469>
<Switch470>
17
</Switch470>
<Switch471>
0
</Switch471>
<Switch472>
12
</Switch472>
<Switch473>
14
</Switch473>
<Switch474>
7
</Switch474>
<Switch475>
16
</Switch475>
<Switch476>
2
</Switch476>
<Switch477>
12
</Switch477>
<Switch478>
10
</Switch478>
<Switch479>
8
</Switch479>
<Switch480>
19
</Switch480>
<Switch481>
9
</Switch481>
<Switch482>
3
</Switch482>
<Switch483>
7
</Switch483>
<Switch484>
8
</Switch484>
<Switch485>
9
</Switch485>
<Switch486>
10
</Switch486>
<Switch487>
10
</Switch487>
<Switch488>
5
</Switch488>
<Switch489>
16
</Switch489>
<Switch490>
13
</Switch490>
<Switch491>
11
</Switch491>
<Switch492>
15
</Switch492>
<Switch493>
19
</Switch493>
<Switch494>
10
</Switch494>
<Switch495>
2
</Switch495>
<Switch496>
8
</Switch496>
<Switch497>
16
</Switch497>
<Switch498>
9
</Switch498>
<Switch499>
13
</Switch499>
<Switch500>
0
</Switch500>
<Switch501>
0
</Switch501>
<Switch502>
7
</Switch502>
<Switch503>
0
</Switch503>
<Switch504>
15
</Switch504>
<Switch505>
17
</Switch505>
<Switch506>
5
</Switch506>
<Switch507>
18
</Switch507>
<Switch508>
6
</Switch508>
<Switch509>
8
</Switch509>
<Switch510>
16
</Switch510>
<Switch511>
4
</Switch511>
<Switch512>
0
</Switch512>
<Switch513>
9
</Switch513>
<Switch514>
14
</Switch514>
<Switch515>
7
</Switch515>
<Switch516>
11
</Switch516>
<Switch517>
2
</Switch517>
<Switch518>
7
</Switch518>
<Switch519>
10
</Switch519>
<Switch520>
15
</Switch520>
<Switch521>
6
</Switch521>
<Switch522>
15
</Switch522>
<Switch523>
6
</Switch523>
<Switch524>
15
</Switch524>
<Switch525>
19
</Switch525>
<Switch526>
19
</Switch526>
<Switch527>
17
</Switch527>
<Switch528>
18
</Switch528>
<Switch529>
0
</Switch529>
<Switch530>
10
</Switch530>
<Switch531>
6
</Switch531>
<Switch532>
17
</Switch532>
<Switch533>
8
</Switch533>
<Switch534>
17
</Switch534>
<Switch535>
11
</Switch535>
<Switch536>
0
</Switch536>
<Switch537>
8
</Switch537>
<Switch538>
15
</Switch538>
<Switch539>
19
</Switch539>
<Switch540>
19
</Switch540>
<Switch541>
0
</Switch541>
<Switch542>
1
</Switch542>
<Switch543>
7
</Switch543>
<Switch544>
0
</Switch544>
<Switch545>
2
</Switch545>
<Switch546>
2
</Switch546>
<Switch547>
15
</Switch547>
<Switch548>
3
</Switch548>
<Switch549>
12
</Switch549>
<Switch550>
19
</Switch550>
<Switch551>
18
</Switch551>
<Switch552>
2
</Switch552>
<Switch553>
7
</Switch553>
<Switch554>
5
</Switch554>
<Switch555>
6
</Switch555>
<Switch556>
18
</Switch556>
<Switch557>
17
</Switch557>
<Switch558>
4
</Switch558>
<Switch559>
18
</Switch559>
<Switch560>
2
</Switch560>
<Switch561>
15
</Switch561>
<Switch562>
1
</Switch562>
<Switch563>
10
</Switch563>
<Switch564>
3
</Switch564>
<Switch565>
13
</Switch565>
<Switch566>
0
</Switch566>
<Switch567>
13
</Switch567>
<Switch568>
13
</Switch568>
<Switch569>
4
</Switch569>
<Switch570>
4
</Switch570>
<Switch571>
19
</Switch571>
<Switch572>
6
</Switch572>
<Switch573>
13
</Switch573>
<Switch574>
3
</Switch574>
</BaseID:1180>
