<?xml version="1.0"?>

<BaseID:1182>
<Switch1>
14
</Switch1>
<Switch2>
13
</Switch2>
<Switch3>
12
</Switch3>
<Switch4>
1
</Switch4>
<Switch5>
13
</Switch5>
<Switch6>
8
</Switch6>
<Switch7>
5
</Switch7>
<Switch8>
1
</Switch8>
<Switch9>
3
</Switch9>
<Switch10>
7
</Switch10>
<Switch11>
0
</Switch11>
<Switch12>
13
</Switch12>
<Switch13>
1
</Switch13>
<Switch14>
15
</Switch14>
<Switch15>
13
</Switch15>
<Switch16>
1
</Switch16>
<Switch17>
19
</Switch17>
<Switch18>
5
</Switch18>
<Switch19>
18
</Switch19>
<Switch20>
16
</Switch20>
<Switch21>
15
</Switch21>
<Switch22>
10
</Switch22>
<Switch23>
14
</Switch23>
<Switch24>
5
</Switch24>
<Switch25>
8
</Switch25>
<Switch26>
3
</Switch26>
<Switch27>
14
</Switch27>
<Switch28>
3
</Switch28>
<Switch29>
12
</Switch29>
<Switch30>
2
</Switch30>
<Switch31>
7
</Switch31>
<Switch32>
17
</Switch32>
<Switch33>
12
</Switch33>
<Switch34>
17
</Switch34>
<Switch35>
3
</Switch35>
<Switch36>
19
</Switch36>
<Switch37>
2
</Switch37>
<Switch38>
14
</Switch38>
<Switch39>
13
</Switch39>
<Switch40>
7
</Switch40>
<Switch41>
2
</Switch41>
<Switch42>
12
</Switch42>
<Switch43>
10
</Switch43>
<Switch44>
9
</Switch44>
<Switch45>
10
</Switch45>
<Switch46>
10
</Switch46>
<Switch47>
1
</Switch47>
<Switch48>
6
</Switch48>
<Switch49>
19
</Switch49>
<Switch50>
10
</Switch50>
<Switch51>
11
</Switch51>
<Switch52>
11
</Switch52>
<Switch53>
0
</Switch53>
<Switch54>
6
</Switch54>
<Switch55>
17
</Switch55>
<Switch56>
18
</Switch56>
<Switch57>
18
</Switch57>
<Switch58>
15
</Switch58>
<Switch59>
0
</Switch59>
<Switch60>
13
</Switch60>
<Switch61>
3
</Switch61>
<Switch62>
18
</Switch62>
<Switch63>
11
</Switch63>
<Switch64>
9
</Switch64>
<Switch65>
12
</Switch65>
<Switch66>
0
</Switch66>
<Switch67>
0
</Switch67>
<Switch68>
15
</Switch68>
<Switch69>
6
</Switch69>
<Switch70>
8
</Switch70>
<Switch71>
0
</Switch71>
<Switch72>
13
</Switch72>
<Switch73>
0
</Switch73>
<Switch74>
5
</Switch74>
<Switch75>
13
</Switch75>
<Switch76>
3
</Switch76>
<Switch77>
3
</Switch77>
<Switch78>
11
</Switch78>
<Switch79>
1
</Switch79>
<Switch80>
0
</Switch80>
<Switch81>
4
</Switch81>
<Switch82>
0
</Switch82>
<Switch83>
17
</Switch83>
<Switch84>
5
</Switch84>
<Switch85>
11
</Switch85>
<Switch86>
16
</Switch86>
<Switch87>
18
</Switch87>
<Switch88>
18
</Switch88>
<Switch89>
1
</Switch89>
<Switch90>
4
</Switch90>
<Switch91>
1
</Switch91>
<Switch92>
13
</Switch92>
<Switch93>
3
</Switch93>
<Switch94>
13
</Switch94>
<Switch95>
1
</Switch95>
<Switch96>
0
</Switch96>
<Switch97>
10
</Switch97>
<Switch98>
12
</Switch98>
<Switch99>
4
</Switch99>
<Switch100>
5
</Switch100>
<Switch101>
19
</Switch101>
<Switch102>
4
</Switch102>
<Switch103>
3
</Switch103>
<Switch104>
4
</Switch104>
<Switch105>
5
</Switch105>
<Switch106>
16
</Switch106>
<Switch107>
8
</Switch107>
<Switch108>
18
</Switch108>
<Switch109>
11
</Switch109>
<Switch110>
1
</Switch110>
<Switch111>
19
</Switch111>
<Switch112>
5
</Switch112>
<Switch113>
0
</Switch113>
<Switch114>
13
</Switch114>
<Switch115>
5
</Switch115>
<Switch116>
17
</Switch116>
<Switch117>
1
</Switch117>
<Switch118>
13
</Switch118>
<Switch119>
7
</Switch119>
<Switch120>
17
</Switch120>
<Switch121>
0
</Switch121>
<Switch122>
11
</Switch122>
<Switch123>
15
</Switch123>
<Switch124>
15
</Switch124>
<Switch125>
0
</Switch125>
<Switch126>
11
</Switch126>
<Switch127>
6
</Switch127>
<Switch128>
7
</Switch128>
<Switch129>
2
</Switch129>
<Switch130>
15
</Switch130>
<Switch131>
7
</Switch131>
<Switch132>
10
</Switch132>
<Switch133>
19
</Switch133>
<Switch134>
19
</Switch134>
<Switch135>
5
</Switch135>
<Switch136>
12
</Switch136>
<Switch137>
4
</Switch137>
<Switch138>
7
</Switch138>
<Switch139>
14
</Switch139>
<Switch140>
19
</Switch140>
<Switch141>
14
</Switch141>
<Switch142>
14
</Switch142>
<Switch143>
0
</Switch143>
<Switch144>
11
</Switch144>
<Switch145>
16
</Switch145>
<Switch146>
14
</Switch146>
<Switch147>
5
</Switch147>
<Switch148>
12
</Switch148>
<Switch149>
15
</Switch149>
<Switch150>
1
</Switch150>
<Switch151>
3
</Switch151>
<Switch152>
7
</Switch152>
<Switch153>
13
</Switch153>
<Switch154>
2
</Switch154>
<Switch155>
7
</Switch155>
<Switch156>
17
</Switch156>
<Switch157>
2
</Switch157>
<Switch158>
10
</Switch158>
<Switch159>
10
</Switch159>
<Switch160>
17
</Switch160>
<Switch161>
15
</Switch161>
<Switch162>
16
</Switch162>
<Switch163>
10
</Switch163>
<Switch164>
9
</Switch164>
<Switch165>
6
</Switch165>
<Switch166>
12
</Switch166>
<Switch167>
10
</Switch167>
<Switch168>
1
</Switch168>
<Switch169>
7
</Switch169>
<Switch170>
4
</Switch170>
<Switch171>
5
</Switch171>
<Switch172>
4
</Switch172>
<Switch173>
12
</Switch173>
<Switch174>
3
</Switch174>
<Switch175>
10
</Switch175>
<Switch176>
12
</Switch176>
<Switch177>
19
</Switch177>
<Switch178>
16
</Switch178>
<Switch179>
6
</Switch179>
<Switch180>
16
</Switch180>
<Switch181>
14
</Switch181>
<Switch182>
7
</Switch182>
<Switch183>
4
</Switch183>
<Switch184>
8
</Switch184>
<Switch185>
2
</Switch185>
<Switch186>
19
</Switch186>
<Switch187>
9
</Switch187>
<Switch188>
10
</Switch188>
<Switch189>
2
</Switch189>
<Switch190>
16
</Switch190>
<Switch191>
16
</Switch191>
<Switch192>
16
</Switch192>
<Switch193>
6
</Switch193>
<Switch194>
8
</Switch194>
<Switch195>
15
</Switch195>
<Switch196>
15
</Switch196>
<Switch197>
2
</Switch197>
<Switch198>
13
</Switch198>
<Switch199>
16
</Switch199>
<Switch200>
3
</Switch200>
<Switch201>
0
</Switch201>
<Switch202>
17
</Switch202>
<Switch203>
8
</Switch203>
<Switch204>
8
</Switch204>
<Switch205>
18
</Switch205>
<Switch206>
19
</Switch206>
<Switch207>
17
</Switch207>
<Switch208>
2
</Switch208>
<Switch209>
15
</Switch209>
<Switch210>
2
</Switch210>
<Switch211>
17
</Switch211>
<Switch212>
0
</Switch212>
<Switch213>
10
</Switch213>
<Switch214>
12
</Switch214>
<Switch215>
14
</Switch215>
<Switch216>
12
</Switch216>
<Switch217>
0
</Switch217>
<Switch218>
1
</Switch218>
<Switch219>
9
</Switch219>
<Switch220>
15
</Switch220>
<Switch221>
3
</Switch221>
<Switch222>
10
</Switch222>
<Switch223>
16
</Switch223>
<Switch224>
15
</Switch224>
<Switch225>
3
</Switch225>
<Switch226>
9
</Switch226>
<Switch227>
3
</Switch227>
<Switch228>
11
</Switch228>
<Switch229>
1
</Switch229>
<Switch230>
15
</Switch230>
<Switch231>
17
</Switch231>
<Switch232>
10
</Switch232>
<Switch233>
16
</Switch233>
<Switch234>
1
</Switch234>
<Switch235>
10
</Switch235>
<Switch236>
8
</Switch236>
<Switch237>
15
</Switch237>
<Switch238>
0
</Switch238>
<Switch239>
8
</Switch239>
<Switch240>
18
</Switch240>
<Switch241>
10
</Switch241>
<Switch242>
0
</Switch242>
<Switch243>
12
</Switch243>
<Switch244>
17
</Switch244>
<Switch245>
9
</Switch245>
<Switch246>
0
</Switch246>
<Switch247>
6
</Switch247>
<Switch248>
7
</Switch248>
<Switch249>
19
</Switch249>
<Switch250>
16
</Switch250>
<Switch251>
8
</Switch251>
<Switch252>
10
</Switch252>
<Switch253>
1
</Switch253>
<Switch254>
3
</Switch254>
<Switch255>
19
</Switch255>
<Switch256>
9
</Switch256>
<Switch257>
1
</Switch257>
<Switch258>
13
</Switch258>
<Switch259>
3
</Switch259>
<Switch260>
2
</Switch260>
<Switch261>
10
</Switch261>
<Switch262>
9
</Switch262>
<Switch263>
13
</Switch263>
<Switch264>
9
</Switch264>
<Switch265>
6
</Switch265>
<Switch266>
17
</Switch266>
<Switch267>
9
</Switch267>
<Switch268>
15
</Switch268>
<Switch269>
3
</Switch269>
<Switch270>
7
</Switch270>
<Switch271>
8
</Switch271>
<Switch272>
4
</Switch272>
<Switch273>
9
</Switch273>
<Switch274>
18
</Switch274>
<Switch275>
8
</Switch275>
<Switch276>
18
</Switch276>
<Switch277>
5
</Switch277>
<Switch278>
2
</Switch278>
<Switch279>
16
</Switch279>
<Switch280>
0
</Switch280>
<Switch281>
6
</Switch281>
<Switch282>
5
</Switch282>
<Switch283>
12
</Switch283>
<Switch284>
3
</Switch284>
<Switch285>
4
</Switch285>
<Switch286>
16
</Switch286>
<Switch287>
17
</Switch287>
<Switch288>
12
</Switch288>
<Switch289>
6
</Switch289>
<Switch290>
18
</Switch290>
<Switch291>
9
</Switch291>
<Switch292>
6
</Switch292>
<Switch293>
18
</Switch293>
<Switch294>
12
</Switch294>
<Switch295>
1
</Switch295>
<Switch296>
10
</Switch296>
<Switch297>
8
</Switch297>
<Switch298>
19
</Switch298>
<Switch299>
4
</Switch299>
<Switch300>
18
</Switch300>
<Switch301>
15
</Switch301>
<Switch302>
11
</Switch302>
<Switch303>
1
</Switch303>
<Switch304>
12
</Switch304>
<Switch305>
0
</Switch305>
<Switch306>
4
</Switch306>
<Switch307>
6
</Switch307>
<Switch308>
8
</Switch308>
<Switch309>
5
</Switch309>
<Switch310>
11
</Switch310>
<Switch311>
3
</Switch311>
<Switch312>
17
</Switch312>
<Switch313>
11
</Switch313>
<Switch314>
2
</Switch314>
<Switch315>
2
</Switch315>
<Switch316>
16
</Switch316>
<Switch317>
17
</Switch317>
<Switch318>
13
</Switch318>
<Switch319>
9
</Switch319>
<Switch320>
2
</Switch320>
<Switch321>
12
</Switch321>
<Switch322>
10
</Switch322>
<Switch323>
11
</Switch323>
<Switch324>
18
</Switch324>
<Switch325>
19
</Switch325>
<Switch326>
0
</Switch326>
<Switch327>
8
</Switch327>
<Switch328>
3
</Switch328>
<Switch329>
0
</Switch329>
<Switch330>
16
</Switch330>
<Switch331>
7
</Switch331>
<Switch332>
16
</Switch332>
<Switch333>
6
</Switch333>
<Switch334>
5
</Switch334>
<Switch335>
14
</Switch335>
<Switch336>
14
</Switch336>
<Switch337>
18
</Switch337>
<Switch338>
11
</Switch338>
<Switch339>
16
</Switch339>
<Switch340>
6
</Switch340>
<Switch341>
1
</Switch341>
<Switch342>
11
</Switch342>
<Switch343>
16
</Switch343>
<Switch344>
12
</Switch344>
<Switch345>
0
</Switch345>
<Switch346>
5
</Switch346>
<Switch347>
7
</Switch347>
<Switch348>
12
</Switch348>
<Switch349>
11
</Switch349>
<Switch350>
14
</Switch350>
<Switch351>
11
</Switch351>
<Switch352>
5
</Switch352>
<Switch353>
16
</Switch353>
<Switch354>
16
</Switch354>
<Switch355>
11
</Switch355>
<Switch356>
15
</Switch356>
<Switch357>
3
</Switch357>
<Switch358>
13
</Switch358>
<Switch359>
19
</Switch359>
<Switch360>
6
</Switch360>
<Switch361>
19
</Switch361>
<Switch362>
1
</Switch362>
<Switch363>
2
</Switch363>
<Switch364>
2
</Switch364>
<Switch365>
16
</Switch365>
<Switch366>
17
</Switch366>
<Switch367>
7
</Switch367>
<Switch368>
17
</Switch368>
<Switch369>
9
</Switch369>
<Switch370>
13
</Switch370>
<Switch371>
0
</Switch371>
<Switch372>
16
</Switch372>
<Switch373>
6
</Switch373>
<Switch374>
5
</Switch374>
<Switch375>
10
</Switch375>
<Switch376>
19
</Switch376>
<Switch377>
2
</Switch377>
<Switch378>
0
</Switch378>
<Switch379>
13
</Switch379>
<Switch380>
16
</Switch380>
<Switch381>
10
</Switch381>
<Switch382>
18
</Switch382>
<Switch383>
9
</Switch383>
<Switch384>
15
</Switch384>
<Switch385>
1
</Switch385>
<Switch386>
0
</Switch386>
<Switch387>
11
</Switch387>
<Switch388>
15
</Switch388>
<Switch389>
5
</Switch389>
<Switch390>
14
</Switch390>
<Switch391>
13
</Switch391>
<Switch392>
9
</Switch392>
<Switch393>
9
</Switch393>
<Switch394>
5
</Switch394>
<Switch395>
17
</Switch395>
<Switch396>
2
</Switch396>
<Switch397>
9
</Switch397>
<Switch398>
18
</Switch398>
<Switch399>
1
</Switch399>
<Switch400>
15
</Switch400>
<Switch401>
3
</Switch401>
<Switch402>
0
</Switch402>
<Switch403>
4
</Switch403>
<Switch404>
11
</Switch404>
<Switch405>
11
</Switch405>
<Switch406>
2
</Switch406>
<Switch407>
2
</Switch407>
<Switch408>
16
</Switch408>
<Switch409>
12
</Switch409>
<Switch410>
5
</Switch410>
<Switch411>
13
</Switch411>
<Switch412>
14
</Switch412>
<Switch413>
19
</Switch413>
<Switch414>
1
</Switch414>
<Switch415>
0
</Switch415>
<Switch416>
5
</Switch416>
<Switch417>
9
</Switch417>
<Switch418>
7
</Switch418>
<Switch419>
9
</Switch419>
<Switch420>
6
</Switch420>
<Switch421>
6
</Switch421>
<Switch422>
12
</Switch422>
<Switch423>
15
</Switch423>
<Switch424>
9
</Switch424>
<Switch425>
13
</Switch425>
<Switch426>
12
</Switch426>
<Switch427>
8
</Switch427>
<Switch428>
3
</Switch428>
<Switch429>
10
</Switch429>
<Switch430>
13
</Switch430>
<Switch431>
7
</Switch431>
<Switch432>
19
</Switch432>
<Switch433>
13
</Switch433>
<Switch434>
15
</Switch434>
<Switch435>
10
</Switch435>
<Switch436>
6
</Switch436>
<Switch437>
0
</Switch437>
<Switch438>
5
</Switch438>
<Switch439>
7
</Switch439>
<Switch440>
8
</Switch440>
<Switch441>
8
</Switch441>
<Switch442>
19
</Switch442>
<Switch443>
16
</Switch443>
<Switch444>
2
</Switch444>
<Switch445>
9
</Switch445>
<Switch446>
17
</Switch446>
<Switch447>
7
</Switch447>
<Switch448>
7
</Switch448>
<Switch449>
14
</Switch449>
<Switch450>
11
</Switch450>
<Switch451>
15
</Switch451>
<Switch452>
3
</Switch452>
<Switch453>
17
</Switch453>
<Switch454>
6
</Switch454>
<Switch455>
1
</Switch455>
<Switch456>
10
</Switch456>
<Switch457>
5
</Switch457>
<Switch458>
14
</Switch458>
<Switch459>
11
</Switch459>
<Switch460>
6
</Switch460>
<Switch461>
2
</Switch461>
<Switch462>
10
</Switch462>
<Switch463>
10
</Switch463>
<Switch464>
8
</Switch464>
<Switch465>
14
</Switch465>
<Switch466>
14
</Switch466>
<Switch467>
5
</Switch467>
<Switch468>
6
</Switch468>
<Switch469>
17
</Switch469>
<Switch470>
12
</Switch470>
<Switch471>
14
</Switch471>
<Switch472>
11
</Switch472>
<Switch473>
12
</Switch473>
<Switch474>
7
</Switch474>
<Switch475>
4
</Switch475>
<Switch476>
11
</Switch476>
<Switch477>
16
</Switch477>
<Switch478>
8
</Switch478>
<Switch479>
3
</Switch479>
<Switch480>
5
</Switch480>
<Switch481>
1
</Switch481>
<Switch482>
14
</Switch482>
<Switch483>
0
</Switch483>
<Switch484>
14
</Switch484>
<Switch485>
6
</Switch485>
<Switch486>
5
</Switch486>
<Switch487>
2
</Switch487>
<Switch488>
16
</Switch488>
<Switch489>
11
</Switch489>
<Switch490>
11
</Switch490>
<Switch491>
6
</Switch491>
<Switch492>
17
</Switch492>
<Switch493>
1
</Switch493>
<Switch494>
12
</Switch494>
<Switch495>
18
</Switch495>
<Switch496>
3
</Switch496>
<Switch497>
4
</Switch497>
<Switch498>
1
</Switch498>
<Switch499>
12
</Switch499>
<Switch500>
6
</Switch500>
<Switch501>
11
</Switch501>
<Switch502>
5
</Switch502>
<Switch503>
6
</Switch503>
<Switch504>
9
</Switch504>
<Switch505>
1
</Switch505>
<Switch506>
3
</Switch506>
<Switch507>
19
</Switch507>
<Switch508>
9
</Switch508>
<Switch509>
12
</Switch509>
<Switch510>
10
</Switch510>
<Switch511>
11
</Switch511>
<Switch512>
19
</Switch512>
<Switch513>
10
</Switch513>
<Switch514>
19
</Switch514>
<Switch515>
15
</Switch515>
<Switch516>
4
</Switch516>
<Switch517>
17
</Switch517>
<Switch518>
1
</Switch518>
<Switch519>
18
</Switch519>
<Switch520>
7
</Switch520>
<Switch521>
16
</Switch521>
<Switch522>
16
</Switch522>
<Switch523>
9
</Switch523>
<Switch524>
0
</Switch524>
<Switch525>
0
</Switch525>
<Switch526>
16
</Switch526>
<Switch527>
10
</Switch527>
<Switch528>
13
</Switch528>
<Switch529>
9
</Switch529>
<Switch530>
1
</Switch530>
<Switch531>
13
</Switch531>
<Switch532>
14
</Switch532>
<Switch533>
17
</Switch533>
<Switch534>
12
</Switch534>
<Switch535>
0
</Switch535>
<Switch536>
14
</Switch536>
<Switch537>
3
</Switch537>
<Switch538>
9
</Switch538>
<Switch539>
15
</Switch539>
<Switch540>
12
</Switch540>
<Switch541>
6
</Switch541>
<Switch542>
1
</Switch542>
<Switch543>
17
</Switch543>
<Switch544>
4
</Switch544>
<Switch545>
17
</Switch545>
<Switch546>
6
</Switch546>
<Switch547>
18
</Switch547>
<Switch548>
12
</Switch548>
<Switch549>
3
</Switch549>
<Switch550>
17
</Switch550>
<Switch551>
15
</Switch551>
<Switch552>
15
</Switch552>
<Switch553>
3
</Switch553>
<Switch554>
0
</Switch554>
<Switch555>
4
</Switch555>
<Switch556>
18
</Switch556>
<Switch557>
18
</Switch557>
<Switch558>
10
</Switch558>
<Switch559>
15
</Switch559>
<Switch560>
16
</Switch560>
<Switch561>
18
</Switch561>
<Switch562>
0
</Switch562>
<Switch563>
7
</Switch563>
<Switch564>
3
</Switch564>
<Switch565>
19
</Switch565>
<Switch566>
14
</Switch566>
<Switch567>
3
</Switch567>
<Switch568>
10
</Switch568>
<Switch569>
18
</Switch569>
<Switch570>
15
</Switch570>
<Switch571>
2
</Switch571>
<Switch572>
1
</Switch572>
<Switch573>
5
</Switch573>
<Switch574>
7
</Switch574>
<Switch575>
9
</Switch575>
<Switch576>
14
</Switch576>
<Switch577>
1
</Switch577>
<Switch578>
7
</Switch578>
<Switch579>
4
</Switch579>
<Switch580>
3
</Switch580>
<Switch581>
7
</Switch581>
<Switch582>
18
</Switch582>
<Switch583>
10
</Switch583>
<Switch584>
4
</Switch584>
<Switch585>
18
</Switch585>
<Switch586>
6
</Switch586>
<Switch587>
7
</Switch587>
<Switch588>
15
</Switch588>
<Switch589>
7
</Switch589>
</BaseID:1182>
