<?xml version="1.0"?>

<BaseID:1189>
<Switch1>
5
</Switch1>
<Switch2>
14
</Switch2>
<Switch3>
10
</Switch3>
<Switch4>
13
</Switch4>
<Switch5>
14
</Switch5>
<Switch6>
19
</Switch6>
<Switch7>
10
</Switch7>
<Switch8>
18
</Switch8>
<Switch9>
8
</Switch9>
<Switch10>
4
</Switch10>
<Switch11>
13
</Switch11>
<Switch12>
0
</Switch12>
<Switch13>
14
</Switch13>
<Switch14>
9
</Switch14>
<Switch15>
3
</Switch15>
<Switch16>
17
</Switch16>
<Switch17>
3
</Switch17>
<Switch18>
6
</Switch18>
<Switch19>
9
</Switch19>
<Switch20>
5
</Switch20>
<Switch21>
10
</Switch21>
<Switch22>
8
</Switch22>
<Switch23>
15
</Switch23>
<Switch24>
1
</Switch24>
<Switch25>
11
</Switch25>
<Switch26>
1
</Switch26>
<Switch27>
18
</Switch27>
<Switch28>
0
</Switch28>
<Switch29>
15
</Switch29>
<Switch30>
7
</Switch30>
<Switch31>
4
</Switch31>
<Switch32>
16
</Switch32>
<Switch33>
1
</Switch33>
<Switch34>
16
</Switch34>
<Switch35>
2
</Switch35>
<Switch36>
13
</Switch36>
<Switch37>
19
</Switch37>
<Switch38>
4
</Switch38>
<Switch39>
12
</Switch39>
<Switch40>
18
</Switch40>
<Switch41>
0
</Switch41>
<Switch42>
7
</Switch42>
<Switch43>
14
</Switch43>
<Switch44>
13
</Switch44>
<Switch45>
19
</Switch45>
<Switch46>
14
</Switch46>
<Switch47>
7
</Switch47>
<Switch48>
4
</Switch48>
<Switch49>
18
</Switch49>
<Switch50>
8
</Switch50>
<Switch51>
14
</Switch51>
<Switch52>
14
</Switch52>
<Switch53>
14
</Switch53>
<Switch54>
14
</Switch54>
<Switch55>
16
</Switch55>
<Switch56>
15
</Switch56>
<Switch57>
10
</Switch57>
<Switch58>
8
</Switch58>
<Switch59>
4
</Switch59>
<Switch60>
6
</Switch60>
<Switch61>
16
</Switch61>
<Switch62>
11
</Switch62>
<Switch63>
19
</Switch63>
<Switch64>
5
</Switch64>
<Switch65>
11
</Switch65>
<Switch66>
13
</Switch66>
<Switch67>
9
</Switch67>
<Switch68>
2
</Switch68>
<Switch69>
16
</Switch69>
<Switch70>
15
</Switch70>
<Switch71>
2
</Switch71>
<Switch72>
8
</Switch72>
<Switch73>
11
</Switch73>
<Switch74>
10
</Switch74>
<Switch75>
14
</Switch75>
<Switch76>
4
</Switch76>
<Switch77>
13
</Switch77>
<Switch78>
16
</Switch78>
<Switch79>
18
</Switch79>
<Switch80>
12
</Switch80>
<Switch81>
5
</Switch81>
<Switch82>
19
</Switch82>
<Switch83>
7
</Switch83>
<Switch84>
7
</Switch84>
<Switch85>
16
</Switch85>
<Switch86>
2
</Switch86>
<Switch87>
6
</Switch87>
<Switch88>
19
</Switch88>
<Switch89>
8
</Switch89>
<Switch90>
16
</Switch90>
<Switch91>
15
</Switch91>
<Switch92>
11
</Switch92>
<Switch93>
8
</Switch93>
<Switch94>
18
</Switch94>
<Switch95>
0
</Switch95>
<Switch96>
16
</Switch96>
<Switch97>
1
</Switch97>
<Switch98>
15
</Switch98>
<Switch99>
2
</Switch99>
<Switch100>
16
</Switch100>
<Switch101>
15
</Switch101>
<Switch102>
6
</Switch102>
<Switch103>
18
</Switch103>
<Switch104>
10
</Switch104>
<Switch105>
19
</Switch105>
<Switch106>
5
</Switch106>
<Switch107>
9
</Switch107>
<Switch108>
17
</Switch108>
<Switch109>
16
</Switch109>
<Switch110>
9
</Switch110>
<Switch111>
14
</Switch111>
<Switch112>
11
</Switch112>
<Switch113>
14
</Switch113>
<Switch114>
7
</Switch114>
<Switch115>
13
</Switch115>
<Switch116>
6
</Switch116>
<Switch117>
19
</Switch117>
<Switch118>
14
</Switch118>
<Switch119>
1
</Switch119>
<Switch120>
16
</Switch120>
<Switch121>
19
</Switch121>
<Switch122>
2
</Switch122>
<Switch123>
19
</Switch123>
<Switch124>
0
</Switch124>
<Switch125>
6
</Switch125>
<Switch126>
5
</Switch126>
<Switch127>
15
</Switch127>
<Switch128>
9
</Switch128>
<Switch129>
1
</Switch129>
<Switch130>
16
</Switch130>
<Switch131>
13
</Switch131>
<Switch132>
14
</Switch132>
<Switch133>
7
</Switch133>
<Switch134>
3
</Switch134>
<Switch135>
4
</Switch135>
<Switch136>
7
</Switch136>
<Switch137>
7
</Switch137>
<Switch138>
14
</Switch138>
<Switch139>
3
</Switch139>
<Switch140>
11
</Switch140>
<Switch141>
11
</Switch141>
<Switch142>
8
</Switch142>
<Switch143>
9
</Switch143>
<Switch144>
3
</Switch144>
<Switch145>
11
</Switch145>
<Switch146>
3
</Switch146>
<Switch147>
3
</Switch147>
<Switch148>
12
</Switch148>
<Switch149>
0
</Switch149>
<Switch150>
12
</Switch150>
<Switch151>
9
</Switch151>
<Switch152>
13
</Switch152>
<Switch153>
9
</Switch153>
<Switch154>
9
</Switch154>
<Switch155>
1
</Switch155>
<Switch156>
1
</Switch156>
<Switch157>
3
</Switch157>
<Switch158>
8
</Switch158>
<Switch159>
7
</Switch159>
<Switch160>
8
</Switch160>
<Switch161>
1
</Switch161>
<Switch162>
4
</Switch162>
<Switch163>
2
</Switch163>
<Switch164>
12
</Switch164>
<Switch165>
10
</Switch165>
<Switch166>
12
</Switch166>
<Switch167>
6
</Switch167>
<Switch168>
7
</Switch168>
<Switch169>
7
</Switch169>
<Switch170>
4
</Switch170>
<Switch171>
13
</Switch171>
<Switch172>
19
</Switch172>
<Switch173>
6
</Switch173>
<Switch174>
12
</Switch174>
<Switch175>
12
</Switch175>
<Switch176>
19
</Switch176>
<Switch177>
18
</Switch177>
<Switch178>
3
</Switch178>
<Switch179>
5
</Switch179>
<Switch180>
5
</Switch180>
<Switch181>
18
</Switch181>
<Switch182>
17
</Switch182>
<Switch183>
5
</Switch183>
<Switch184>
5
</Switch184>
<Switch185>
16
</Switch185>
<Switch186>
9
</Switch186>
<Switch187>
4
</Switch187>
<Switch188>
9
</Switch188>
<Switch189>
18
</Switch189>
<Switch190>
15
</Switch190>
<Switch191>
18
</Switch191>
<Switch192>
2
</Switch192>
<Switch193>
15
</Switch193>
<Switch194>
18
</Switch194>
<Switch195>
10
</Switch195>
<Switch196>
16
</Switch196>
<Switch197>
16
</Switch197>
<Switch198>
14
</Switch198>
<Switch199>
18
</Switch199>
<Switch200>
10
</Switch200>
<Switch201>
7
</Switch201>
<Switch202>
4
</Switch202>
<Switch203>
6
</Switch203>
<Switch204>
13
</Switch204>
<Switch205>
14
</Switch205>
<Switch206>
19
</Switch206>
<Switch207>
14
</Switch207>
<Switch208>
3
</Switch208>
<Switch209>
13
</Switch209>
<Switch210>
3
</Switch210>
<Switch211>
11
</Switch211>
<Switch212>
12
</Switch212>
<Switch213>
6
</Switch213>
<Switch214>
5
</Switch214>
<Switch215>
10
</Switch215>
<Switch216>
1
</Switch216>
<Switch217>
9
</Switch217>
<Switch218>
7
</Switch218>
<Switch219>
4
</Switch219>
<Switch220>
1
</Switch220>
<Switch221>
0
</Switch221>
<Switch222>
2
</Switch222>
<Switch223>
10
</Switch223>
<Switch224>
9
</Switch224>
<Switch225>
9
</Switch225>
<Switch226>
10
</Switch226>
<Switch227>
12
</Switch227>
<Switch228>
0
</Switch228>
<Switch229>
18
</Switch229>
<Switch230>
5
</Switch230>
<Switch231>
10
</Switch231>
<Switch232>
0
</Switch232>
<Switch233>
7
</Switch233>
<Switch234>
12
</Switch234>
<Switch235>
2
</Switch235>
<Switch236>
1
</Switch236>
<Switch237>
19
</Switch237>
<Switch238>
3
</Switch238>
<Switch239>
17
</Switch239>
<Switch240>
15
</Switch240>
<Switch241>
18
</Switch241>
<Switch242>
8
</Switch242>
<Switch243>
2
</Switch243>
<Switch244>
2
</Switch244>
<Switch245>
7
</Switch245>
<Switch246>
4
</Switch246>
<Switch247>
8
</Switch247>
<Switch248>
2
</Switch248>
<Switch249>
1
</Switch249>
<Switch250>
18
</Switch250>
<Switch251>
1
</Switch251>
<Switch252>
13
</Switch252>
<Switch253>
0
</Switch253>
<Switch254>
1
</Switch254>
<Switch255>
0
</Switch255>
<Switch256>
7
</Switch256>
<Switch257>
2
</Switch257>
<Switch258>
1
</Switch258>
<Switch259>
1
</Switch259>
<Switch260>
1
</Switch260>
<Switch261>
4
</Switch261>
<Switch262>
13
</Switch262>
<Switch263>
7
</Switch263>
<Switch264>
18
</Switch264>
<Switch265>
19
</Switch265>
<Switch266>
4
</Switch266>
<Switch267>
18
</Switch267>
<Switch268>
10
</Switch268>
<Switch269>
0
</Switch269>
<Switch270>
14
</Switch270>
<Switch271>
15
</Switch271>
<Switch272>
11
</Switch272>
<Switch273>
16
</Switch273>
<Switch274>
18
</Switch274>
<Switch275>
1
</Switch275>
<Switch276>
11
</Switch276>
<Switch277>
14
</Switch277>
<Switch278>
14
</Switch278>
<Switch279>
7
</Switch279>
<Switch280>
13
</Switch280>
<Switch281>
15
</Switch281>
<Switch282>
19
</Switch282>
<Switch283>
0
</Switch283>
<Switch284>
12
</Switch284>
<Switch285>
3
</Switch285>
<Switch286>
16
</Switch286>
<Switch287>
15
</Switch287>
<Switch288>
11
</Switch288>
<Switch289>
17
</Switch289>
<Switch290>
2
</Switch290>
<Switch291>
15
</Switch291>
<Switch292>
10
</Switch292>
<Switch293>
1
</Switch293>
<Switch294>
14
</Switch294>
<Switch295>
0
</Switch295>
<Switch296>
2
</Switch296>
<Switch297>
15
</Switch297>
<Switch298>
11
</Switch298>
<Switch299>
1
</Switch299>
<Switch300>
16
</Switch300>
<Switch301>
17
</Switch301>
</BaseID:1189>
