<?xml version="1.0"?>

<BaseID:1192>
<Switch1>
8
</Switch1>
<Switch2>
5
</Switch2>
<Switch3>
6
</Switch3>
<Switch4>
4
</Switch4>
<Switch5>
17
</Switch5>
<Switch6>
4
</Switch6>
<Switch7>
1
</Switch7>
<Switch8>
1
</Switch8>
<Switch9>
4
</Switch9>
<Switch10>
5
</Switch10>
<Switch11>
0
</Switch11>
<Switch12>
17
</Switch12>
<Switch13>
2
</Switch13>
<Switch14>
6
</Switch14>
<Switch15>
4
</Switch15>
<Switch16>
0
</Switch16>
<Switch17>
17
</Switch17>
<Switch18>
12
</Switch18>
<Switch19>
9
</Switch19>
<Switch20>
14
</Switch20>
<Switch21>
10
</Switch21>
<Switch22>
15
</Switch22>
<Switch23>
12
</Switch23>
<Switch24>
4
</Switch24>
<Switch25>
17
</Switch25>
<Switch26>
14
</Switch26>
<Switch27>
8
</Switch27>
<Switch28>
18
</Switch28>
<Switch29>
17
</Switch29>
<Switch30>
18
</Switch30>
<Switch31>
0
</Switch31>
<Switch32>
10
</Switch32>
<Switch33>
19
</Switch33>
<Switch34>
15
</Switch34>
<Switch35>
0
</Switch35>
<Switch36>
9
</Switch36>
<Switch37>
12
</Switch37>
<Switch38>
15
</Switch38>
<Switch39>
16
</Switch39>
<Switch40>
13
</Switch40>
<Switch41>
2
</Switch41>
<Switch42>
4
</Switch42>
<Switch43>
2
</Switch43>
<Switch44>
7
</Switch44>
<Switch45>
11
</Switch45>
<Switch46>
13
</Switch46>
<Switch47>
3
</Switch47>
<Switch48>
2
</Switch48>
<Switch49>
6
</Switch49>
</BaseID:1192>
