<?xml version="1.0"?>

<BaseID:1201>
<Switch1>
14
</Switch1>
<Switch2>
11
</Switch2>
<Switch3>
11
</Switch3>
<Switch4>
18
</Switch4>
<Switch5>
19
</Switch5>
<Switch6>
18
</Switch6>
<Switch7>
17
</Switch7>
<Switch8>
5
</Switch8>
<Switch9>
10
</Switch9>
<Switch10>
19
</Switch10>
<Switch11>
5
</Switch11>
<Switch12>
0
</Switch12>
<Switch13>
5
</Switch13>
<Switch14>
8
</Switch14>
<Switch15>
18
</Switch15>
<Switch16>
6
</Switch16>
<Switch17>
15
</Switch17>
<Switch18>
17
</Switch18>
<Switch19>
18
</Switch19>
<Switch20>
13
</Switch20>
<Switch21>
5
</Switch21>
<Switch22>
12
</Switch22>
<Switch23>
4
</Switch23>
<Switch24>
6
</Switch24>
<Switch25>
5
</Switch25>
<Switch26>
17
</Switch26>
<Switch27>
7
</Switch27>
<Switch28>
2
</Switch28>
<Switch29>
11
</Switch29>
<Switch30>
5
</Switch30>
<Switch31>
17
</Switch31>
<Switch32>
17
</Switch32>
<Switch33>
15
</Switch33>
<Switch34>
15
</Switch34>
<Switch35>
11
</Switch35>
<Switch36>
5
</Switch36>
<Switch37>
8
</Switch37>
<Switch38>
18
</Switch38>
<Switch39>
12
</Switch39>
<Switch40>
18
</Switch40>
<Switch41>
19
</Switch41>
<Switch42>
7
</Switch42>
<Switch43>
14
</Switch43>
<Switch44>
13
</Switch44>
<Switch45>
3
</Switch45>
<Switch46>
6
</Switch46>
<Switch47>
12
</Switch47>
<Switch48>
15
</Switch48>
<Switch49>
17
</Switch49>
<Switch50>
19
</Switch50>
<Switch51>
2
</Switch51>
<Switch52>
13
</Switch52>
<Switch53>
10
</Switch53>
<Switch54>
4
</Switch54>
<Switch55>
11
</Switch55>
<Switch56>
15
</Switch56>
<Switch57>
8
</Switch57>
<Switch58>
2
</Switch58>
<Switch59>
1
</Switch59>
<Switch60>
6
</Switch60>
<Switch61>
10
</Switch61>
<Switch62>
14
</Switch62>
<Switch63>
7
</Switch63>
<Switch64>
1
</Switch64>
<Switch65>
16
</Switch65>
<Switch66>
13
</Switch66>
<Switch67>
4
</Switch67>
<Switch68>
3
</Switch68>
<Switch69>
18
</Switch69>
<Switch70>
19
</Switch70>
<Switch71>
17
</Switch71>
<Switch72>
11
</Switch72>
<Switch73>
13
</Switch73>
<Switch74>
9
</Switch74>
<Switch75>
1
</Switch75>
<Switch76>
6
</Switch76>
<Switch77>
4
</Switch77>
<Switch78>
19
</Switch78>
<Switch79>
9
</Switch79>
<Switch80>
4
</Switch80>
<Switch81>
2
</Switch81>
<Switch82>
18
</Switch82>
<Switch83>
9
</Switch83>
<Switch84>
18
</Switch84>
<Switch85>
1
</Switch85>
<Switch86>
3
</Switch86>
<Switch87>
2
</Switch87>
<Switch88>
6
</Switch88>
<Switch89>
7
</Switch89>
<Switch90>
8
</Switch90>
<Switch91>
19
</Switch91>
<Switch92>
0
</Switch92>
<Switch93>
9
</Switch93>
<Switch94>
15
</Switch94>
<Switch95>
0
</Switch95>
<Switch96>
6
</Switch96>
<Switch97>
13
</Switch97>
<Switch98>
18
</Switch98>
<Switch99>
7
</Switch99>
<Switch100>
12
</Switch100>
<Switch101>
12
</Switch101>
<Switch102>
10
</Switch102>
<Switch103>
4
</Switch103>
<Switch104>
10
</Switch104>
<Switch105>
1
</Switch105>
<Switch106>
12
</Switch106>
<Switch107>
18
</Switch107>
<Switch108>
7
</Switch108>
<Switch109>
6
</Switch109>
<Switch110>
13
</Switch110>
<Switch111>
5
</Switch111>
<Switch112>
2
</Switch112>
<Switch113>
13
</Switch113>
<Switch114>
6
</Switch114>
<Switch115>
8
</Switch115>
<Switch116>
4
</Switch116>
<Switch117>
0
</Switch117>
<Switch118>
17
</Switch118>
<Switch119>
18
</Switch119>
<Switch120>
18
</Switch120>
<Switch121>
5
</Switch121>
<Switch122>
12
</Switch122>
<Switch123>
5
</Switch123>
<Switch124>
16
</Switch124>
<Switch125>
0
</Switch125>
<Switch126>
16
</Switch126>
<Switch127>
13
</Switch127>
<Switch128>
3
</Switch128>
<Switch129>
10
</Switch129>
<Switch130>
1
</Switch130>
<Switch131>
3
</Switch131>
<Switch132>
8
</Switch132>
<Switch133>
12
</Switch133>
<Switch134>
5
</Switch134>
<Switch135>
1
</Switch135>
<Switch136>
11
</Switch136>
<Switch137>
2
</Switch137>
<Switch138>
6
</Switch138>
<Switch139>
3
</Switch139>
<Switch140>
15
</Switch140>
<Switch141>
6
</Switch141>
<Switch142>
10
</Switch142>
<Switch143>
4
</Switch143>
<Switch144>
3
</Switch144>
<Switch145>
6
</Switch145>
<Switch146>
10
</Switch146>
<Switch147>
11
</Switch147>
<Switch148>
2
</Switch148>
<Switch149>
9
</Switch149>
<Switch150>
11
</Switch150>
<Switch151>
9
</Switch151>
<Switch152>
12
</Switch152>
<Switch153>
6
</Switch153>
<Switch154>
17
</Switch154>
<Switch155>
16
</Switch155>
<Switch156>
14
</Switch156>
<Switch157>
6
</Switch157>
<Switch158>
17
</Switch158>
<Switch159>
7
</Switch159>
<Switch160>
9
</Switch160>
<Switch161>
0
</Switch161>
<Switch162>
3
</Switch162>
<Switch163>
17
</Switch163>
<Switch164>
18
</Switch164>
<Switch165>
3
</Switch165>
<Switch166>
10
</Switch166>
<Switch167>
4
</Switch167>
<Switch168>
5
</Switch168>
<Switch169>
17
</Switch169>
<Switch170>
12
</Switch170>
<Switch171>
1
</Switch171>
<Switch172>
12
</Switch172>
<Switch173>
16
</Switch173>
<Switch174>
9
</Switch174>
<Switch175>
14
</Switch175>
<Switch176>
19
</Switch176>
<Switch177>
5
</Switch177>
<Switch178>
19
</Switch178>
<Switch179>
17
</Switch179>
<Switch180>
6
</Switch180>
<Switch181>
12
</Switch181>
<Switch182>
0
</Switch182>
<Switch183>
1
</Switch183>
<Switch184>
19
</Switch184>
<Switch185>
15
</Switch185>
<Switch186>
17
</Switch186>
<Switch187>
15
</Switch187>
<Switch188>
6
</Switch188>
<Switch189>
4
</Switch189>
<Switch190>
11
</Switch190>
<Switch191>
10
</Switch191>
<Switch192>
19
</Switch192>
<Switch193>
2
</Switch193>
<Switch194>
4
</Switch194>
<Switch195>
0
</Switch195>
<Switch196>
16
</Switch196>
<Switch197>
12
</Switch197>
<Switch198>
7
</Switch198>
<Switch199>
9
</Switch199>
<Switch200>
12
</Switch200>
<Switch201>
16
</Switch201>
<Switch202>
6
</Switch202>
<Switch203>
19
</Switch203>
<Switch204>
4
</Switch204>
<Switch205>
7
</Switch205>
<Switch206>
18
</Switch206>
<Switch207>
19
</Switch207>
<Switch208>
16
</Switch208>
<Switch209>
14
</Switch209>
<Switch210>
1
</Switch210>
<Switch211>
6
</Switch211>
<Switch212>
11
</Switch212>
<Switch213>
7
</Switch213>
<Switch214>
7
</Switch214>
<Switch215>
16
</Switch215>
<Switch216>
12
</Switch216>
<Switch217>
10
</Switch217>
<Switch218>
6
</Switch218>
<Switch219>
16
</Switch219>
<Switch220>
12
</Switch220>
<Switch221>
14
</Switch221>
<Switch222>
13
</Switch222>
<Switch223>
2
</Switch223>
<Switch224>
2
</Switch224>
<Switch225>
4
</Switch225>
<Switch226>
15
</Switch226>
<Switch227>
9
</Switch227>
<Switch228>
4
</Switch228>
<Switch229>
14
</Switch229>
<Switch230>
2
</Switch230>
<Switch231>
4
</Switch231>
<Switch232>
5
</Switch232>
<Switch233>
9
</Switch233>
<Switch234>
19
</Switch234>
<Switch235>
14
</Switch235>
<Switch236>
5
</Switch236>
<Switch237>
13
</Switch237>
<Switch238>
13
</Switch238>
<Switch239>
3
</Switch239>
<Switch240>
13
</Switch240>
<Switch241>
2
</Switch241>
<Switch242>
11
</Switch242>
<Switch243>
15
</Switch243>
<Switch244>
8
</Switch244>
<Switch245>
9
</Switch245>
<Switch246>
2
</Switch246>
<Switch247>
4
</Switch247>
<Switch248>
9
</Switch248>
<Switch249>
9
</Switch249>
<Switch250>
12
</Switch250>
<Switch251>
16
</Switch251>
<Switch252>
4
</Switch252>
<Switch253>
4
</Switch253>
<Switch254>
15
</Switch254>
<Switch255>
7
</Switch255>
<Switch256>
4
</Switch256>
<Switch257>
6
</Switch257>
<Switch258>
13
</Switch258>
<Switch259>
7
</Switch259>
<Switch260>
0
</Switch260>
<Switch261>
0
</Switch261>
<Switch262>
2
</Switch262>
<Switch263>
13
</Switch263>
<Switch264>
19
</Switch264>
<Switch265>
11
</Switch265>
<Switch266>
16
</Switch266>
<Switch267>
17
</Switch267>
<Switch268>
1
</Switch268>
<Switch269>
12
</Switch269>
<Switch270>
11
</Switch270>
<Switch271>
2
</Switch271>
<Switch272>
15
</Switch272>
<Switch273>
12
</Switch273>
<Switch274>
2
</Switch274>
<Switch275>
8
</Switch275>
<Switch276>
14
</Switch276>
<Switch277>
5
</Switch277>
<Switch278>
16
</Switch278>
<Switch279>
19
</Switch279>
<Switch280>
13
</Switch280>
<Switch281>
4
</Switch281>
<Switch282>
16
</Switch282>
<Switch283>
5
</Switch283>
<Switch284>
10
</Switch284>
<Switch285>
17
</Switch285>
<Switch286>
1
</Switch286>
<Switch287>
5
</Switch287>
<Switch288>
16
</Switch288>
<Switch289>
9
</Switch289>
<Switch290>
18
</Switch290>
<Switch291>
15
</Switch291>
<Switch292>
10
</Switch292>
<Switch293>
19
</Switch293>
<Switch294>
3
</Switch294>
<Switch295>
12
</Switch295>
<Switch296>
7
</Switch296>
<Switch297>
7
</Switch297>
<Switch298>
0
</Switch298>
<Switch299>
10
</Switch299>
<Switch300>
9
</Switch300>
<Switch301>
1
</Switch301>
<Switch302>
10
</Switch302>
<Switch303>
0
</Switch303>
<Switch304>
8
</Switch304>
<Switch305>
1
</Switch305>
<Switch306>
1
</Switch306>
<Switch307>
4
</Switch307>
<Switch308>
10
</Switch308>
<Switch309>
16
</Switch309>
<Switch310>
14
</Switch310>
<Switch311>
11
</Switch311>
<Switch312>
9
</Switch312>
<Switch313>
5
</Switch313>
<Switch314>
14
</Switch314>
<Switch315>
19
</Switch315>
<Switch316>
1
</Switch316>
<Switch317>
19
</Switch317>
<Switch318>
7
</Switch318>
<Switch319>
4
</Switch319>
<Switch320>
0
</Switch320>
<Switch321>
16
</Switch321>
<Switch322>
1
</Switch322>
<Switch323>
0
</Switch323>
<Switch324>
15
</Switch324>
<Switch325>
3
</Switch325>
<Switch326>
6
</Switch326>
<Switch327>
9
</Switch327>
<Switch328>
12
</Switch328>
<Switch329>
16
</Switch329>
<Switch330>
0
</Switch330>
<Switch331>
1
</Switch331>
<Switch332>
13
</Switch332>
<Switch333>
16
</Switch333>
<Switch334>
8
</Switch334>
<Switch335>
2
</Switch335>
<Switch336>
16
</Switch336>
<Switch337>
12
</Switch337>
<Switch338>
9
</Switch338>
<Switch339>
0
</Switch339>
<Switch340>
6
</Switch340>
<Switch341>
5
</Switch341>
<Switch342>
2
</Switch342>
<Switch343>
6
</Switch343>
<Switch344>
0
</Switch344>
<Switch345>
10
</Switch345>
<Switch346>
2
</Switch346>
<Switch347>
5
</Switch347>
<Switch348>
7
</Switch348>
<Switch349>
4
</Switch349>
<Switch350>
5
</Switch350>
<Switch351>
9
</Switch351>
<Switch352>
16
</Switch352>
<Switch353>
16
</Switch353>
<Switch354>
3
</Switch354>
<Switch355>
3
</Switch355>
<Switch356>
15
</Switch356>
<Switch357>
12
</Switch357>
<Switch358>
13
</Switch358>
<Switch359>
12
</Switch359>
<Switch360>
14
</Switch360>
<Switch361>
14
</Switch361>
<Switch362>
16
</Switch362>
<Switch363>
15
</Switch363>
<Switch364>
1
</Switch364>
<Switch365>
0
</Switch365>
<Switch366>
4
</Switch366>
<Switch367>
18
</Switch367>
<Switch368>
18
</Switch368>
<Switch369>
9
</Switch369>
<Switch370>
14
</Switch370>
<Switch371>
19
</Switch371>
<Switch372>
3
</Switch372>
<Switch373>
14
</Switch373>
<Switch374>
6
</Switch374>
<Switch375>
6
</Switch375>
<Switch376>
7
</Switch376>
<Switch377>
2
</Switch377>
<Switch378>
3
</Switch378>
<Switch379>
4
</Switch379>
<Switch380>
10
</Switch380>
<Switch381>
9
</Switch381>
<Switch382>
12
</Switch382>
<Switch383>
10
</Switch383>
<Switch384>
8
</Switch384>
<Switch385>
3
</Switch385>
<Switch386>
8
</Switch386>
<Switch387>
8
</Switch387>
<Switch388>
2
</Switch388>
<Switch389>
17
</Switch389>
<Switch390>
18
</Switch390>
<Switch391>
17
</Switch391>
<Switch392>
14
</Switch392>
<Switch393>
1
</Switch393>
<Switch394>
4
</Switch394>
<Switch395>
11
</Switch395>
<Switch396>
17
</Switch396>
<Switch397>
6
</Switch397>
<Switch398>
18
</Switch398>
<Switch399>
17
</Switch399>
<Switch400>
2
</Switch400>
<Switch401>
12
</Switch401>
<Switch402>
0
</Switch402>
<Switch403>
6
</Switch403>
<Switch404>
1
</Switch404>
<Switch405>
1
</Switch405>
<Switch406>
12
</Switch406>
<Switch407>
10
</Switch407>
<Switch408>
9
</Switch408>
<Switch409>
14
</Switch409>
<Switch410>
13
</Switch410>
<Switch411>
11
</Switch411>
<Switch412>
15
</Switch412>
<Switch413>
9
</Switch413>
<Switch414>
10
</Switch414>
<Switch415>
0
</Switch415>
<Switch416>
1
</Switch416>
<Switch417>
19
</Switch417>
<Switch418>
15
</Switch418>
<Switch419>
6
</Switch419>
<Switch420>
0
</Switch420>
<Switch421>
7
</Switch421>
<Switch422>
12
</Switch422>
<Switch423>
4
</Switch423>
<Switch424>
15
</Switch424>
<Switch425>
2
</Switch425>
<Switch426>
19
</Switch426>
<Switch427>
2
</Switch427>
<Switch428>
9
</Switch428>
<Switch429>
6
</Switch429>
<Switch430>
14
</Switch430>
<Switch431>
8
</Switch431>
<Switch432>
5
</Switch432>
<Switch433>
9
</Switch433>
<Switch434>
18
</Switch434>
<Switch435>
16
</Switch435>
<Switch436>
4
</Switch436>
<Switch437>
3
</Switch437>
<Switch438>
6
</Switch438>
<Switch439>
2
</Switch439>
<Switch440>
10
</Switch440>
<Switch441>
13
</Switch441>
<Switch442>
10
</Switch442>
<Switch443>
15
</Switch443>
<Switch444>
3
</Switch444>
<Switch445>
6
</Switch445>
<Switch446>
5
</Switch446>
<Switch447>
8
</Switch447>
<Switch448>
19
</Switch448>
<Switch449>
11
</Switch449>
<Switch450>
5
</Switch450>
<Switch451>
5
</Switch451>
<Switch452>
5
</Switch452>
<Switch453>
6
</Switch453>
<Switch454>
7
</Switch454>
<Switch455>
18
</Switch455>
<Switch456>
18
</Switch456>
<Switch457>
3
</Switch457>
<Switch458>
13
</Switch458>
<Switch459>
0
</Switch459>
<Switch460>
16
</Switch460>
<Switch461>
8
</Switch461>
<Switch462>
9
</Switch462>
<Switch463>
13
</Switch463>
<Switch464>
2
</Switch464>
<Switch465>
9
</Switch465>
<Switch466>
5
</Switch466>
<Switch467>
6
</Switch467>
<Switch468>
11
</Switch468>
<Switch469>
4
</Switch469>
<Switch470>
3
</Switch470>
<Switch471>
5
</Switch471>
<Switch472>
3
</Switch472>
<Switch473>
3
</Switch473>
<Switch474>
0
</Switch474>
<Switch475>
15
</Switch475>
<Switch476>
0
</Switch476>
<Switch477>
6
</Switch477>
<Switch478>
16
</Switch478>
<Switch479>
4
</Switch479>
<Switch480>
4
</Switch480>
<Switch481>
16
</Switch481>
<Switch482>
18
</Switch482>
<Switch483>
6
</Switch483>
<Switch484>
5
</Switch484>
<Switch485>
6
</Switch485>
<Switch486>
11
</Switch486>
<Switch487>
5
</Switch487>
<Switch488>
6
</Switch488>
<Switch489>
11
</Switch489>
<Switch490>
0
</Switch490>
<Switch491>
4
</Switch491>
<Switch492>
4
</Switch492>
<Switch493>
0
</Switch493>
<Switch494>
13
</Switch494>
<Switch495>
13
</Switch495>
<Switch496>
13
</Switch496>
<Switch497>
7
</Switch497>
<Switch498>
4
</Switch498>
<Switch499>
3
</Switch499>
<Switch500>
12
</Switch500>
<Switch501>
0
</Switch501>
<Switch502>
12
</Switch502>
<Switch503>
5
</Switch503>
<Switch504>
15
</Switch504>
<Switch505>
8
</Switch505>
<Switch506>
12
</Switch506>
<Switch507>
8
</Switch507>
<Switch508>
3
</Switch508>
<Switch509>
2
</Switch509>
<Switch510>
3
</Switch510>
<Switch511>
18
</Switch511>
<Switch512>
6
</Switch512>
<Switch513>
4
</Switch513>
<Switch514>
1
</Switch514>
<Switch515>
13
</Switch515>
<Switch516>
15
</Switch516>
<Switch517>
19
</Switch517>
<Switch518>
16
</Switch518>
<Switch519>
10
</Switch519>
<Switch520>
3
</Switch520>
<Switch521>
7
</Switch521>
<Switch522>
18
</Switch522>
<Switch523>
11
</Switch523>
<Switch524>
15
</Switch524>
<Switch525>
13
</Switch525>
<Switch526>
16
</Switch526>
<Switch527>
1
</Switch527>
<Switch528>
11
</Switch528>
<Switch529>
4
</Switch529>
<Switch530>
8
</Switch530>
<Switch531>
16
</Switch531>
<Switch532>
10
</Switch532>
<Switch533>
14
</Switch533>
<Switch534>
3
</Switch534>
<Switch535>
1
</Switch535>
<Switch536>
11
</Switch536>
<Switch537>
8
</Switch537>
<Switch538>
9
</Switch538>
<Switch539>
5
</Switch539>
<Switch540>
16
</Switch540>
<Switch541>
6
</Switch541>
<Switch542>
19
</Switch542>
<Switch543>
16
</Switch543>
<Switch544>
1
</Switch544>
<Switch545>
17
</Switch545>
<Switch546>
15
</Switch546>
<Switch547>
1
</Switch547>
<Switch548>
9
</Switch548>
<Switch549>
16
</Switch549>
<Switch550>
7
</Switch550>
<Switch551>
2
</Switch551>
<Switch552>
2
</Switch552>
<Switch553>
1
</Switch553>
<Switch554>
0
</Switch554>
<Switch555>
4
</Switch555>
<Switch556>
19
</Switch556>
<Switch557>
0
</Switch557>
<Switch558>
13
</Switch558>
<Switch559>
7
</Switch559>
<Switch560>
11
</Switch560>
<Switch561>
14
</Switch561>
</BaseID:1201>
