<?xml version="1.0"?>

<BaseID:1205>
<Switch1>
2
</Switch1>
<Switch2>
19
</Switch2>
<Switch3>
1
</Switch3>
<Switch4>
10
</Switch4>
<Switch5>
17
</Switch5>
<Switch6>
19
</Switch6>
<Switch7>
0
</Switch7>
<Switch8>
13
</Switch8>
<Switch9>
6
</Switch9>
<Switch10>
2
</Switch10>
<Switch11>
11
</Switch11>
<Switch12>
6
</Switch12>
<Switch13>
3
</Switch13>
<Switch14>
0
</Switch14>
<Switch15>
12
</Switch15>
<Switch16>
18
</Switch16>
<Switch17>
7
</Switch17>
<Switch18>
14
</Switch18>
<Switch19>
2
</Switch19>
<Switch20>
8
</Switch20>
<Switch21>
9
</Switch21>
<Switch22>
5
</Switch22>
<Switch23>
6
</Switch23>
<Switch24>
10
</Switch24>
<Switch25>
14
</Switch25>
<Switch26>
17
</Switch26>
<Switch27>
15
</Switch27>
<Switch28>
9
</Switch28>
<Switch29>
7
</Switch29>
<Switch30>
5
</Switch30>
<Switch31>
1
</Switch31>
<Switch32>
10
</Switch32>
<Switch33>
8
</Switch33>
<Switch34>
13
</Switch34>
<Switch35>
15
</Switch35>
<Switch36>
9
</Switch36>
<Switch37>
0
</Switch37>
<Switch38>
14
</Switch38>
<Switch39>
19
</Switch39>
<Switch40>
0
</Switch40>
<Switch41>
13
</Switch41>
<Switch42>
4
</Switch42>
<Switch43>
6
</Switch43>
<Switch44>
10
</Switch44>
<Switch45>
19
</Switch45>
<Switch46>
14
</Switch46>
<Switch47>
9
</Switch47>
<Switch48>
10
</Switch48>
<Switch49>
1
</Switch49>
<Switch50>
3
</Switch50>
<Switch51>
14
</Switch51>
<Switch52>
2
</Switch52>
<Switch53>
3
</Switch53>
<Switch54>
17
</Switch54>
<Switch55>
17
</Switch55>
<Switch56>
13
</Switch56>
<Switch57>
16
</Switch57>
<Switch58>
10
</Switch58>
<Switch59>
4
</Switch59>
<Switch60>
5
</Switch60>
<Switch61>
13
</Switch61>
<Switch62>
12
</Switch62>
<Switch63>
9
</Switch63>
<Switch64>
7
</Switch64>
<Switch65>
19
</Switch65>
<Switch66>
10
</Switch66>
<Switch67>
19
</Switch67>
<Switch68>
0
</Switch68>
<Switch69>
10
</Switch69>
<Switch70>
17
</Switch70>
<Switch71>
11
</Switch71>
<Switch72>
0
</Switch72>
<Switch73>
18
</Switch73>
<Switch74>
9
</Switch74>
<Switch75>
10
</Switch75>
<Switch76>
14
</Switch76>
<Switch77>
11
</Switch77>
<Switch78>
16
</Switch78>
<Switch79>
4
</Switch79>
<Switch80>
12
</Switch80>
<Switch81>
14
</Switch81>
<Switch82>
17
</Switch82>
<Switch83>
12
</Switch83>
<Switch84>
11
</Switch84>
<Switch85>
15
</Switch85>
<Switch86>
11
</Switch86>
<Switch87>
15
</Switch87>
<Switch88>
7
</Switch88>
<Switch89>
14
</Switch89>
<Switch90>
5
</Switch90>
<Switch91>
3
</Switch91>
<Switch92>
3
</Switch92>
<Switch93>
17
</Switch93>
<Switch94>
10
</Switch94>
<Switch95>
13
</Switch95>
<Switch96>
15
</Switch96>
<Switch97>
3
</Switch97>
<Switch98>
17
</Switch98>
<Switch99>
15
</Switch99>
<Switch100>
15
</Switch100>
<Switch101>
4
</Switch101>
<Switch102>
15
</Switch102>
<Switch103>
8
</Switch103>
<Switch104>
5
</Switch104>
<Switch105>
2
</Switch105>
<Switch106>
18
</Switch106>
<Switch107>
13
</Switch107>
<Switch108>
16
</Switch108>
<Switch109>
12
</Switch109>
<Switch110>
10
</Switch110>
<Switch111>
18
</Switch111>
<Switch112>
12
</Switch112>
<Switch113>
17
</Switch113>
<Switch114>
7
</Switch114>
<Switch115>
18
</Switch115>
<Switch116>
5
</Switch116>
<Switch117>
16
</Switch117>
<Switch118>
14
</Switch118>
<Switch119>
9
</Switch119>
<Switch120>
7
</Switch120>
<Switch121>
12
</Switch121>
<Switch122>
1
</Switch122>
<Switch123>
0
</Switch123>
<Switch124>
1
</Switch124>
<Switch125>
7
</Switch125>
<Switch126>
14
</Switch126>
<Switch127>
14
</Switch127>
<Switch128>
11
</Switch128>
<Switch129>
4
</Switch129>
<Switch130>
0
</Switch130>
<Switch131>
9
</Switch131>
<Switch132>
6
</Switch132>
<Switch133>
5
</Switch133>
<Switch134>
12
</Switch134>
<Switch135>
8
</Switch135>
<Switch136>
18
</Switch136>
<Switch137>
3
</Switch137>
<Switch138>
11
</Switch138>
<Switch139>
13
</Switch139>
<Switch140>
11
</Switch140>
<Switch141>
5
</Switch141>
<Switch142>
9
</Switch142>
<Switch143>
7
</Switch143>
<Switch144>
13
</Switch144>
<Switch145>
12
</Switch145>
<Switch146>
3
</Switch146>
<Switch147>
18
</Switch147>
<Switch148>
6
</Switch148>
<Switch149>
3
</Switch149>
<Switch150>
10
</Switch150>
<Switch151>
11
</Switch151>
<Switch152>
6
</Switch152>
<Switch153>
13
</Switch153>
<Switch154>
7
</Switch154>
<Switch155>
11
</Switch155>
<Switch156>
10
</Switch156>
<Switch157>
4
</Switch157>
<Switch158>
8
</Switch158>
<Switch159>
0
</Switch159>
<Switch160>
18
</Switch160>
<Switch161>
9
</Switch161>
<Switch162>
17
</Switch162>
<Switch163>
3
</Switch163>
<Switch164>
1
</Switch164>
<Switch165>
14
</Switch165>
<Switch166>
16
</Switch166>
<Switch167>
8
</Switch167>
<Switch168>
16
</Switch168>
<Switch169>
14
</Switch169>
<Switch170>
7
</Switch170>
<Switch171>
17
</Switch171>
<Switch172>
19
</Switch172>
<Switch173>
3
</Switch173>
<Switch174>
3
</Switch174>
<Switch175>
3
</Switch175>
<Switch176>
3
</Switch176>
<Switch177>
6
</Switch177>
<Switch178>
19
</Switch178>
<Switch179>
11
</Switch179>
<Switch180>
1
</Switch180>
<Switch181>
2
</Switch181>
<Switch182>
7
</Switch182>
<Switch183>
12
</Switch183>
<Switch184>
4
</Switch184>
<Switch185>
19
</Switch185>
<Switch186>
3
</Switch186>
<Switch187>
1
</Switch187>
<Switch188>
14
</Switch188>
<Switch189>
12
</Switch189>
<Switch190>
0
</Switch190>
<Switch191>
18
</Switch191>
<Switch192>
16
</Switch192>
<Switch193>
12
</Switch193>
<Switch194>
5
</Switch194>
<Switch195>
9
</Switch195>
<Switch196>
9
</Switch196>
<Switch197>
6
</Switch197>
<Switch198>
4
</Switch198>
<Switch199>
3
</Switch199>
<Switch200>
14
</Switch200>
<Switch201>
19
</Switch201>
<Switch202>
16
</Switch202>
<Switch203>
9
</Switch203>
<Switch204>
11
</Switch204>
<Switch205>
9
</Switch205>
<Switch206>
11
</Switch206>
<Switch207>
5
</Switch207>
<Switch208>
11
</Switch208>
<Switch209>
14
</Switch209>
<Switch210>
16
</Switch210>
<Switch211>
13
</Switch211>
<Switch212>
13
</Switch212>
<Switch213>
12
</Switch213>
<Switch214>
10
</Switch214>
<Switch215>
17
</Switch215>
<Switch216>
12
</Switch216>
<Switch217>
4
</Switch217>
<Switch218>
9
</Switch218>
<Switch219>
12
</Switch219>
<Switch220>
0
</Switch220>
<Switch221>
17
</Switch221>
<Switch222>
7
</Switch222>
<Switch223>
13
</Switch223>
</BaseID:1205>
