<?xml version="1.0"?>

<BaseID:1208>
<Switch1>
6
</Switch1>
<Switch2>
6
</Switch2>
<Switch3>
0
</Switch3>
<Switch4>
2
</Switch4>
<Switch5>
19
</Switch5>
<Switch6>
11
</Switch6>
<Switch7>
9
</Switch7>
<Switch8>
19
</Switch8>
<Switch9>
3
</Switch9>
<Switch10>
2
</Switch10>
<Switch11>
7
</Switch11>
<Switch12>
1
</Switch12>
<Switch13>
18
</Switch13>
<Switch14>
12
</Switch14>
<Switch15>
12
</Switch15>
<Switch16>
11
</Switch16>
<Switch17>
12
</Switch17>
<Switch18>
5
</Switch18>
<Switch19>
9
</Switch19>
<Switch20>
17
</Switch20>
<Switch21>
0
</Switch21>
<Switch22>
6
</Switch22>
</BaseID:1208>
