<?xml version="1.0"?>

<BaseID:121>
<Switch1>
6
</Switch1>
<Switch2>
0
</Switch2>
<Switch3>
1
</Switch3>
<Switch4>
10
</Switch4>
<Switch5>
18
</Switch5>
<Switch6>
4
</Switch6>
<Switch7>
5
</Switch7>
<Switch8>
1
</Switch8>
<Switch9>
14
</Switch9>
<Switch10>
18
</Switch10>
<Switch11>
18
</Switch11>
<Switch12>
0
</Switch12>
<Switch13>
10
</Switch13>
<Switch14>
10
</Switch14>
<Switch15>
3
</Switch15>
<Switch16>
7
</Switch16>
<Switch17>
3
</Switch17>
<Switch18>
3
</Switch18>
<Switch19>
0
</Switch19>
<Switch20>
18
</Switch20>
<Switch21>
10
</Switch21>
<Switch22>
14
</Switch22>
<Switch23>
16
</Switch23>
<Switch24>
11
</Switch24>
<Switch25>
4
</Switch25>
<Switch26>
11
</Switch26>
<Switch27>
1
</Switch27>
<Switch28>
5
</Switch28>
<Switch29>
10
</Switch29>
<Switch30>
8
</Switch30>
<Switch31>
8
</Switch31>
<Switch32>
7
</Switch32>
<Switch33>
14
</Switch33>
<Switch34>
6
</Switch34>
<Switch35>
12
</Switch35>
<Switch36>
4
</Switch36>
<Switch37>
14
</Switch37>
<Switch38>
6
</Switch38>
<Switch39>
14
</Switch39>
<Switch40>
15
</Switch40>
<Switch41>
8
</Switch41>
<Switch42>
2
</Switch42>
<Switch43>
11
</Switch43>
<Switch44>
3
</Switch44>
<Switch45>
15
</Switch45>
<Switch46>
4
</Switch46>
<Switch47>
14
</Switch47>
<Switch48>
9
</Switch48>
<Switch49>
18
</Switch49>
<Switch50>
4
</Switch50>
<Switch51>
4
</Switch51>
<Switch52>
19
</Switch52>
<Switch53>
19
</Switch53>
<Switch54>
19
</Switch54>
<Switch55>
6
</Switch55>
<Switch56>
17
</Switch56>
<Switch57>
0
</Switch57>
<Switch58>
6
</Switch58>
<Switch59>
14
</Switch59>
<Switch60>
19
</Switch60>
<Switch61>
10
</Switch61>
<Switch62>
18
</Switch62>
<Switch63>
7
</Switch63>
<Switch64>
9
</Switch64>
<Switch65>
6
</Switch65>
<Switch66>
2
</Switch66>
<Switch67>
11
</Switch67>
<Switch68>
12
</Switch68>
<Switch69>
1
</Switch69>
<Switch70>
0
</Switch70>
<Switch71>
6
</Switch71>
<Switch72>
14
</Switch72>
<Switch73>
14
</Switch73>
<Switch74>
5
</Switch74>
<Switch75>
17
</Switch75>
<Switch76>
13
</Switch76>
<Switch77>
12
</Switch77>
<Switch78>
19
</Switch78>
<Switch79>
17
</Switch79>
<Switch80>
17
</Switch80>
<Switch81>
3
</Switch81>
<Switch82>
16
</Switch82>
<Switch83>
7
</Switch83>
<Switch84>
7
</Switch84>
<Switch85>
1
</Switch85>
<Switch86>
5
</Switch86>
<Switch87>
1
</Switch87>
<Switch88>
7
</Switch88>
<Switch89>
2
</Switch89>
<Switch90>
2
</Switch90>
<Switch91>
15
</Switch91>
<Switch92>
14
</Switch92>
<Switch93>
3
</Switch93>
<Switch94>
14
</Switch94>
<Switch95>
19
</Switch95>
<Switch96>
17
</Switch96>
<Switch97>
1
</Switch97>
<Switch98>
16
</Switch98>
<Switch99>
18
</Switch99>
<Switch100>
17
</Switch100>
<Switch101>
14
</Switch101>
<Switch102>
0
</Switch102>
<Switch103>
13
</Switch103>
<Switch104>
8
</Switch104>
<Switch105>
10
</Switch105>
<Switch106>
15
</Switch106>
<Switch107>
5
</Switch107>
<Switch108>
10
</Switch108>
<Switch109>
11
</Switch109>
<Switch110>
5
</Switch110>
<Switch111>
11
</Switch111>
<Switch112>
1
</Switch112>
<Switch113>
9
</Switch113>
<Switch114>
9
</Switch114>
<Switch115>
3
</Switch115>
<Switch116>
19
</Switch116>
<Switch117>
6
</Switch117>
<Switch118>
4
</Switch118>
<Switch119>
8
</Switch119>
<Switch120>
1
</Switch120>
<Switch121>
15
</Switch121>
<Switch122>
4
</Switch122>
<Switch123>
10
</Switch123>
<Switch124>
18
</Switch124>
<Switch125>
2
</Switch125>
<Switch126>
1
</Switch126>
<Switch127>
4
</Switch127>
<Switch128>
2
</Switch128>
<Switch129>
0
</Switch129>
<Switch130>
1
</Switch130>
<Switch131>
9
</Switch131>
<Switch132>
5
</Switch132>
<Switch133>
12
</Switch133>
<Switch134>
11
</Switch134>
<Switch135>
2
</Switch135>
<Switch136>
12
</Switch136>
<Switch137>
13
</Switch137>
<Switch138>
14
</Switch138>
<Switch139>
1
</Switch139>
<Switch140>
14
</Switch140>
<Switch141>
18
</Switch141>
<Switch142>
0
</Switch142>
<Switch143>
9
</Switch143>
<Switch144>
8
</Switch144>
<Switch145>
14
</Switch145>
<Switch146>
7
</Switch146>
<Switch147>
2
</Switch147>
<Switch148>
15
</Switch148>
<Switch149>
7
</Switch149>
<Switch150>
13
</Switch150>
<Switch151>
12
</Switch151>
<Switch152>
4
</Switch152>
<Switch153>
19
</Switch153>
<Switch154>
12
</Switch154>
<Switch155>
4
</Switch155>
<Switch156>
18
</Switch156>
<Switch157>
13
</Switch157>
<Switch158>
17
</Switch158>
<Switch159>
19
</Switch159>
<Switch160>
16
</Switch160>
<Switch161>
18
</Switch161>
<Switch162>
16
</Switch162>
<Switch163>
4
</Switch163>
<Switch164>
6
</Switch164>
<Switch165>
14
</Switch165>
<Switch166>
2
</Switch166>
<Switch167>
13
</Switch167>
<Switch168>
14
</Switch168>
<Switch169>
18
</Switch169>
<Switch170>
3
</Switch170>
<Switch171>
14
</Switch171>
<Switch172>
12
</Switch172>
<Switch173>
16
</Switch173>
<Switch174>
15
</Switch174>
<Switch175>
6
</Switch175>
<Switch176>
15
</Switch176>
<Switch177>
11
</Switch177>
<Switch178>
13
</Switch178>
<Switch179>
10
</Switch179>
<Switch180>
19
</Switch180>
<Switch181>
9
</Switch181>
<Switch182>
18
</Switch182>
<Switch183>
12
</Switch183>
<Switch184>
19
</Switch184>
<Switch185>
1
</Switch185>
<Switch186>
13
</Switch186>
<Switch187>
9
</Switch187>
<Switch188>
19
</Switch188>
<Switch189>
2
</Switch189>
<Switch190>
19
</Switch190>
<Switch191>
3
</Switch191>
<Switch192>
4
</Switch192>
<Switch193>
12
</Switch193>
<Switch194>
6
</Switch194>
<Switch195>
15
</Switch195>
<Switch196>
9
</Switch196>
<Switch197>
13
</Switch197>
<Switch198>
19
</Switch198>
<Switch199>
15
</Switch199>
<Switch200>
15
</Switch200>
<Switch201>
15
</Switch201>
<Switch202>
9
</Switch202>
<Switch203>
11
</Switch203>
<Switch204>
9
</Switch204>
<Switch205>
16
</Switch205>
<Switch206>
10
</Switch206>
<Switch207>
2
</Switch207>
<Switch208>
4
</Switch208>
<Switch209>
11
</Switch209>
<Switch210>
16
</Switch210>
<Switch211>
16
</Switch211>
<Switch212>
10
</Switch212>
<Switch213>
19
</Switch213>
<Switch214>
4
</Switch214>
<Switch215>
8
</Switch215>
<Switch216>
2
</Switch216>
<Switch217>
14
</Switch217>
<Switch218>
19
</Switch218>
<Switch219>
9
</Switch219>
<Switch220>
1
</Switch220>
<Switch221>
0
</Switch221>
<Switch222>
15
</Switch222>
<Switch223>
1
</Switch223>
<Switch224>
17
</Switch224>
<Switch225>
14
</Switch225>
<Switch226>
15
</Switch226>
<Switch227>
1
</Switch227>
<Switch228>
18
</Switch228>
<Switch229>
18
</Switch229>
<Switch230>
3
</Switch230>
<Switch231>
15
</Switch231>
<Switch232>
17
</Switch232>
<Switch233>
13
</Switch233>
<Switch234>
17
</Switch234>
<Switch235>
14
</Switch235>
<Switch236>
9
</Switch236>
<Switch237>
4
</Switch237>
<Switch238>
16
</Switch238>
<Switch239>
18
</Switch239>
<Switch240>
13
</Switch240>
<Switch241>
0
</Switch241>
<Switch242>
15
</Switch242>
<Switch243>
4
</Switch243>
<Switch244>
17
</Switch244>
<Switch245>
17
</Switch245>
<Switch246>
0
</Switch246>
<Switch247>
13
</Switch247>
<Switch248>
13
</Switch248>
<Switch249>
18
</Switch249>
<Switch250>
15
</Switch250>
<Switch251>
7
</Switch251>
<Switch252>
8
</Switch252>
<Switch253>
7
</Switch253>
<Switch254>
9
</Switch254>
<Switch255>
16
</Switch255>
<Switch256>
19
</Switch256>
<Switch257>
7
</Switch257>
<Switch258>
6
</Switch258>
<Switch259>
12
</Switch259>
<Switch260>
13
</Switch260>
<Switch261>
18
</Switch261>
<Switch262>
19
</Switch262>
<Switch263>
1
</Switch263>
<Switch264>
18
</Switch264>
<Switch265>
7
</Switch265>
<Switch266>
18
</Switch266>
<Switch267>
18
</Switch267>
<Switch268>
8
</Switch268>
<Switch269>
4
</Switch269>
<Switch270>
3
</Switch270>
<Switch271>
5
</Switch271>
<Switch272>
14
</Switch272>
<Switch273>
7
</Switch273>
<Switch274>
3
</Switch274>
<Switch275>
6
</Switch275>
<Switch276>
8
</Switch276>
<Switch277>
15
</Switch277>
<Switch278>
8
</Switch278>
<Switch279>
14
</Switch279>
<Switch280>
5
</Switch280>
<Switch281>
4
</Switch281>
<Switch282>
13
</Switch282>
<Switch283>
17
</Switch283>
<Switch284>
12
</Switch284>
<Switch285>
12
</Switch285>
<Switch286>
6
</Switch286>
<Switch287>
16
</Switch287>
<Switch288>
6
</Switch288>
<Switch289>
16
</Switch289>
<Switch290>
11
</Switch290>
<Switch291>
2
</Switch291>
<Switch292>
5
</Switch292>
<Switch293>
15
</Switch293>
<Switch294>
5
</Switch294>
<Switch295>
6
</Switch295>
<Switch296>
2
</Switch296>
<Switch297>
2
</Switch297>
<Switch298>
14
</Switch298>
<Switch299>
11
</Switch299>
<Switch300>
17
</Switch300>
<Switch301>
6
</Switch301>
<Switch302>
18
</Switch302>
<Switch303>
4
</Switch303>
<Switch304>
9
</Switch304>
<Switch305>
3
</Switch305>
<Switch306>
7
</Switch306>
<Switch307>
14
</Switch307>
<Switch308>
19
</Switch308>
<Switch309>
17
</Switch309>
<Switch310>
14
</Switch310>
<Switch311>
16
</Switch311>
<Switch312>
13
</Switch312>
<Switch313>
17
</Switch313>
<Switch314>
4
</Switch314>
<Switch315>
1
</Switch315>
<Switch316>
16
</Switch316>
<Switch317>
9
</Switch317>
<Switch318>
8
</Switch318>
<Switch319>
6
</Switch319>
<Switch320>
3
</Switch320>
<Switch321>
5
</Switch321>
<Switch322>
4
</Switch322>
<Switch323>
1
</Switch323>
<Switch324>
19
</Switch324>
<Switch325>
15
</Switch325>
<Switch326>
15
</Switch326>
<Switch327>
1
</Switch327>
<Switch328>
15
</Switch328>
<Switch329>
14
</Switch329>
<Switch330>
5
</Switch330>
<Switch331>
0
</Switch331>
<Switch332>
1
</Switch332>
<Switch333>
12
</Switch333>
<Switch334>
1
</Switch334>
<Switch335>
6
</Switch335>
<Switch336>
0
</Switch336>
<Switch337>
17
</Switch337>
<Switch338>
12
</Switch338>
<Switch339>
16
</Switch339>
<Switch340>
18
</Switch340>
<Switch341>
16
</Switch341>
<Switch342>
8
</Switch342>
<Switch343>
6
</Switch343>
<Switch344>
9
</Switch344>
<Switch345>
13
</Switch345>
<Switch346>
13
</Switch346>
<Switch347>
17
</Switch347>
<Switch348>
17
</Switch348>
<Switch349>
12
</Switch349>
<Switch350>
4
</Switch350>
<Switch351>
9
</Switch351>
<Switch352>
1
</Switch352>
<Switch353>
2
</Switch353>
<Switch354>
14
</Switch354>
<Switch355>
7
</Switch355>
<Switch356>
3
</Switch356>
<Switch357>
17
</Switch357>
<Switch358>
11
</Switch358>
<Switch359>
19
</Switch359>
<Switch360>
7
</Switch360>
<Switch361>
11
</Switch361>
<Switch362>
0
</Switch362>
<Switch363>
14
</Switch363>
<Switch364>
16
</Switch364>
<Switch365>
8
</Switch365>
<Switch366>
8
</Switch366>
<Switch367>
3
</Switch367>
<Switch368>
10
</Switch368>
<Switch369>
17
</Switch369>
<Switch370>
2
</Switch370>
<Switch371>
16
</Switch371>
<Switch372>
12
</Switch372>
<Switch373>
14
</Switch373>
<Switch374>
8
</Switch374>
<Switch375>
0
</Switch375>
<Switch376>
2
</Switch376>
<Switch377>
3
</Switch377>
<Switch378>
11
</Switch378>
<Switch379>
3
</Switch379>
<Switch380>
11
</Switch380>
<Switch381>
4
</Switch381>
<Switch382>
11
</Switch382>
<Switch383>
14
</Switch383>
<Switch384>
0
</Switch384>
<Switch385>
14
</Switch385>
<Switch386>
15
</Switch386>
<Switch387>
1
</Switch387>
<Switch388>
17
</Switch388>
<Switch389>
1
</Switch389>
<Switch390>
11
</Switch390>
<Switch391>
15
</Switch391>
<Switch392>
14
</Switch392>
<Switch393>
12
</Switch393>
<Switch394>
2
</Switch394>
<Switch395>
14
</Switch395>
<Switch396>
14
</Switch396>
<Switch397>
16
</Switch397>
<Switch398>
19
</Switch398>
<Switch399>
4
</Switch399>
<Switch400>
4
</Switch400>
<Switch401>
6
</Switch401>
<Switch402>
4
</Switch402>
<Switch403>
10
</Switch403>
<Switch404>
14
</Switch404>
<Switch405>
1
</Switch405>
<Switch406>
16
</Switch406>
<Switch407>
7
</Switch407>
<Switch408>
19
</Switch408>
<Switch409>
4
</Switch409>
<Switch410>
11
</Switch410>
<Switch411>
8
</Switch411>
<Switch412>
2
</Switch412>
<Switch413>
0
</Switch413>
<Switch414>
7
</Switch414>
<Switch415>
0
</Switch415>
<Switch416>
9
</Switch416>
<Switch417>
9
</Switch417>
<Switch418>
19
</Switch418>
<Switch419>
19
</Switch419>
<Switch420>
16
</Switch420>
<Switch421>
8
</Switch421>
<Switch422>
5
</Switch422>
<Switch423>
10
</Switch423>
<Switch424>
18
</Switch424>
<Switch425>
14
</Switch425>
<Switch426>
8
</Switch426>
<Switch427>
6
</Switch427>
<Switch428>
11
</Switch428>
<Switch429>
19
</Switch429>
<Switch430>
1
</Switch430>
<Switch431>
12
</Switch431>
<Switch432>
0
</Switch432>
<Switch433>
5
</Switch433>
<Switch434>
14
</Switch434>
<Switch435>
1
</Switch435>
<Switch436>
0
</Switch436>
<Switch437>
12
</Switch437>
<Switch438>
10
</Switch438>
<Switch439>
10
</Switch439>
<Switch440>
16
</Switch440>
<Switch441>
3
</Switch441>
<Switch442>
8
</Switch442>
<Switch443>
5
</Switch443>
<Switch444>
13
</Switch444>
<Switch445>
10
</Switch445>
<Switch446>
18
</Switch446>
<Switch447>
11
</Switch447>
<Switch448>
15
</Switch448>
<Switch449>
1
</Switch449>
<Switch450>
1
</Switch450>
<Switch451>
13
</Switch451>
<Switch452>
2
</Switch452>
<Switch453>
8
</Switch453>
<Switch454>
3
</Switch454>
<Switch455>
18
</Switch455>
<Switch456>
13
</Switch456>
<Switch457>
8
</Switch457>
<Switch458>
14
</Switch458>
<Switch459>
3
</Switch459>
<Switch460>
6
</Switch460>
<Switch461>
1
</Switch461>
<Switch462>
4
</Switch462>
<Switch463>
12
</Switch463>
<Switch464>
16
</Switch464>
<Switch465>
14
</Switch465>
<Switch466>
9
</Switch466>
<Switch467>
15
</Switch467>
<Switch468>
10
</Switch468>
<Switch469>
19
</Switch469>
<Switch470>
8
</Switch470>
<Switch471>
14
</Switch471>
<Switch472>
5
</Switch472>
<Switch473>
18
</Switch473>
<Switch474>
11
</Switch474>
<Switch475>
12
</Switch475>
<Switch476>
9
</Switch476>
<Switch477>
14
</Switch477>
<Switch478>
10
</Switch478>
<Switch479>
16
</Switch479>
<Switch480>
14
</Switch480>
<Switch481>
12
</Switch481>
<Switch482>
18
</Switch482>
<Switch483>
15
</Switch483>
<Switch484>
13
</Switch484>
<Switch485>
11
</Switch485>
<Switch486>
15
</Switch486>
<Switch487>
6
</Switch487>
<Switch488>
2
</Switch488>
<Switch489>
7
</Switch489>
<Switch490>
11
</Switch490>
<Switch491>
9
</Switch491>
<Switch492>
12
</Switch492>
<Switch493>
11
</Switch493>
<Switch494>
11
</Switch494>
<Switch495>
3
</Switch495>
<Switch496>
8
</Switch496>
<Switch497>
8
</Switch497>
<Switch498>
13
</Switch498>
<Switch499>
10
</Switch499>
<Switch500>
15
</Switch500>
<Switch501>
18
</Switch501>
<Switch502>
12
</Switch502>
<Switch503>
6
</Switch503>
<Switch504>
15
</Switch504>
<Switch505>
15
</Switch505>
<Switch506>
11
</Switch506>
<Switch507>
6
</Switch507>
<Switch508>
6
</Switch508>
<Switch509>
2
</Switch509>
<Switch510>
9
</Switch510>
<Switch511>
6
</Switch511>
<Switch512>
6
</Switch512>
<Switch513>
6
</Switch513>
<Switch514>
5
</Switch514>
<Switch515>
9
</Switch515>
<Switch516>
1
</Switch516>
<Switch517>
12
</Switch517>
<Switch518>
7
</Switch518>
<Switch519>
3
</Switch519>
<Switch520>
17
</Switch520>
<Switch521>
11
</Switch521>
</BaseID:121>
