<?xml version="1.0"?>

<BaseID:1210>
<Switch1>
16
</Switch1>
<Switch2>
11
</Switch2>
<Switch3>
4
</Switch3>
<Switch4>
14
</Switch4>
<Switch5>
8
</Switch5>
<Switch6>
14
</Switch6>
<Switch7>
4
</Switch7>
<Switch8>
14
</Switch8>
<Switch9>
8
</Switch9>
<Switch10>
18
</Switch10>
<Switch11>
7
</Switch11>
<Switch12>
9
</Switch12>
<Switch13>
14
</Switch13>
<Switch14>
14
</Switch14>
<Switch15>
0
</Switch15>
<Switch16>
2
</Switch16>
<Switch17>
17
</Switch17>
<Switch18>
18
</Switch18>
<Switch19>
4
</Switch19>
<Switch20>
15
</Switch20>
<Switch21>
12
</Switch21>
<Switch22>
9
</Switch22>
<Switch23>
2
</Switch23>
<Switch24>
16
</Switch24>
<Switch25>
7
</Switch25>
<Switch26>
13
</Switch26>
<Switch27>
15
</Switch27>
<Switch28>
10
</Switch28>
<Switch29>
13
</Switch29>
<Switch30>
7
</Switch30>
<Switch31>
8
</Switch31>
<Switch32>
0
</Switch32>
<Switch33>
2
</Switch33>
<Switch34>
13
</Switch34>
<Switch35>
10
</Switch35>
<Switch36>
13
</Switch36>
<Switch37>
13
</Switch37>
<Switch38>
18
</Switch38>
<Switch39>
9
</Switch39>
<Switch40>
10
</Switch40>
<Switch41>
15
</Switch41>
<Switch42>
16
</Switch42>
<Switch43>
17
</Switch43>
<Switch44>
3
</Switch44>
<Switch45>
8
</Switch45>
<Switch46>
5
</Switch46>
<Switch47>
5
</Switch47>
<Switch48>
1
</Switch48>
<Switch49>
14
</Switch49>
<Switch50>
4
</Switch50>
<Switch51>
5
</Switch51>
<Switch52>
2
</Switch52>
<Switch53>
12
</Switch53>
<Switch54>
12
</Switch54>
<Switch55>
3
</Switch55>
<Switch56>
9
</Switch56>
<Switch57>
3
</Switch57>
<Switch58>
3
</Switch58>
<Switch59>
6
</Switch59>
<Switch60>
9
</Switch60>
<Switch61>
5
</Switch61>
<Switch62>
5
</Switch62>
<Switch63>
1
</Switch63>
<Switch64>
17
</Switch64>
<Switch65>
19
</Switch65>
<Switch66>
4
</Switch66>
<Switch67>
19
</Switch67>
<Switch68>
2
</Switch68>
<Switch69>
9
</Switch69>
<Switch70>
16
</Switch70>
<Switch71>
19
</Switch71>
<Switch72>
1
</Switch72>
<Switch73>
18
</Switch73>
<Switch74>
4
</Switch74>
<Switch75>
2
</Switch75>
<Switch76>
1
</Switch76>
<Switch77>
14
</Switch77>
<Switch78>
16
</Switch78>
<Switch79>
5
</Switch79>
<Switch80>
12
</Switch80>
<Switch81>
13
</Switch81>
<Switch82>
18
</Switch82>
<Switch83>
10
</Switch83>
<Switch84>
2
</Switch84>
<Switch85>
8
</Switch85>
<Switch86>
15
</Switch86>
<Switch87>
11
</Switch87>
<Switch88>
19
</Switch88>
<Switch89>
3
</Switch89>
<Switch90>
7
</Switch90>
<Switch91>
7
</Switch91>
<Switch92>
11
</Switch92>
<Switch93>
2
</Switch93>
<Switch94>
9
</Switch94>
<Switch95>
12
</Switch95>
<Switch96>
0
</Switch96>
<Switch97>
13
</Switch97>
<Switch98>
6
</Switch98>
<Switch99>
14
</Switch99>
<Switch100>
19
</Switch100>
<Switch101>
0
</Switch101>
<Switch102>
9
</Switch102>
<Switch103>
18
</Switch103>
<Switch104>
19
</Switch104>
<Switch105>
19
</Switch105>
<Switch106>
8
</Switch106>
<Switch107>
11
</Switch107>
<Switch108>
11
</Switch108>
<Switch109>
7
</Switch109>
<Switch110>
1
</Switch110>
<Switch111>
10
</Switch111>
<Switch112>
0
</Switch112>
<Switch113>
14
</Switch113>
<Switch114>
12
</Switch114>
<Switch115>
16
</Switch115>
<Switch116>
16
</Switch116>
<Switch117>
5
</Switch117>
<Switch118>
18
</Switch118>
<Switch119>
18
</Switch119>
<Switch120>
14
</Switch120>
<Switch121>
13
</Switch121>
<Switch122>
19
</Switch122>
<Switch123>
0
</Switch123>
<Switch124>
14
</Switch124>
<Switch125>
8
</Switch125>
<Switch126>
14
</Switch126>
<Switch127>
0
</Switch127>
<Switch128>
6
</Switch128>
<Switch129>
2
</Switch129>
<Switch130>
17
</Switch130>
<Switch131>
7
</Switch131>
<Switch132>
10
</Switch132>
<Switch133>
8
</Switch133>
<Switch134>
8
</Switch134>
<Switch135>
18
</Switch135>
<Switch136>
1
</Switch136>
<Switch137>
12
</Switch137>
<Switch138>
18
</Switch138>
<Switch139>
10
</Switch139>
<Switch140>
1
</Switch140>
<Switch141>
3
</Switch141>
<Switch142>
7
</Switch142>
<Switch143>
4
</Switch143>
<Switch144>
13
</Switch144>
<Switch145>
17
</Switch145>
<Switch146>
1
</Switch146>
<Switch147>
17
</Switch147>
<Switch148>
6
</Switch148>
<Switch149>
7
</Switch149>
<Switch150>
14
</Switch150>
<Switch151>
19
</Switch151>
<Switch152>
19
</Switch152>
<Switch153>
6
</Switch153>
<Switch154>
0
</Switch154>
<Switch155>
15
</Switch155>
<Switch156>
15
</Switch156>
<Switch157>
19
</Switch157>
<Switch158>
16
</Switch158>
<Switch159>
3
</Switch159>
<Switch160>
18
</Switch160>
<Switch161>
7
</Switch161>
<Switch162>
13
</Switch162>
<Switch163>
6
</Switch163>
<Switch164>
13
</Switch164>
<Switch165>
11
</Switch165>
<Switch166>
5
</Switch166>
<Switch167>
10
</Switch167>
<Switch168>
10
</Switch168>
<Switch169>
6
</Switch169>
<Switch170>
10
</Switch170>
<Switch171>
9
</Switch171>
<Switch172>
19
</Switch172>
<Switch173>
11
</Switch173>
<Switch174>
3
</Switch174>
<Switch175>
13
</Switch175>
<Switch176>
14
</Switch176>
<Switch177>
9
</Switch177>
<Switch178>
6
</Switch178>
<Switch179>
11
</Switch179>
<Switch180>
18
</Switch180>
<Switch181>
13
</Switch181>
<Switch182>
2
</Switch182>
<Switch183>
3
</Switch183>
<Switch184>
6
</Switch184>
<Switch185>
11
</Switch185>
<Switch186>
18
</Switch186>
<Switch187>
19
</Switch187>
<Switch188>
15
</Switch188>
<Switch189>
16
</Switch189>
<Switch190>
0
</Switch190>
<Switch191>
9
</Switch191>
<Switch192>
17
</Switch192>
<Switch193>
0
</Switch193>
<Switch194>
4
</Switch194>
<Switch195>
7
</Switch195>
<Switch196>
10
</Switch196>
<Switch197>
9
</Switch197>
<Switch198>
13
</Switch198>
<Switch199>
18
</Switch199>
<Switch200>
3
</Switch200>
<Switch201>
14
</Switch201>
<Switch202>
18
</Switch202>
<Switch203>
11
</Switch203>
<Switch204>
16
</Switch204>
<Switch205>
2
</Switch205>
<Switch206>
15
</Switch206>
<Switch207>
15
</Switch207>
<Switch208>
11
</Switch208>
<Switch209>
16
</Switch209>
<Switch210>
19
</Switch210>
<Switch211>
5
</Switch211>
<Switch212>
19
</Switch212>
<Switch213>
7
</Switch213>
<Switch214>
2
</Switch214>
<Switch215>
14
</Switch215>
<Switch216>
10
</Switch216>
<Switch217>
10
</Switch217>
<Switch218>
16
</Switch218>
<Switch219>
0
</Switch219>
<Switch220>
4
</Switch220>
<Switch221>
7
</Switch221>
<Switch222>
9
</Switch222>
<Switch223>
8
</Switch223>
<Switch224>
14
</Switch224>
<Switch225>
1
</Switch225>
<Switch226>
8
</Switch226>
<Switch227>
11
</Switch227>
<Switch228>
3
</Switch228>
<Switch229>
17
</Switch229>
<Switch230>
6
</Switch230>
<Switch231>
8
</Switch231>
<Switch232>
4
</Switch232>
<Switch233>
18
</Switch233>
<Switch234>
0
</Switch234>
<Switch235>
16
</Switch235>
<Switch236>
10
</Switch236>
<Switch237>
9
</Switch237>
<Switch238>
10
</Switch238>
<Switch239>
11
</Switch239>
<Switch240>
9
</Switch240>
<Switch241>
16
</Switch241>
<Switch242>
8
</Switch242>
<Switch243>
11
</Switch243>
<Switch244>
12
</Switch244>
<Switch245>
9
</Switch245>
<Switch246>
14
</Switch246>
<Switch247>
11
</Switch247>
<Switch248>
4
</Switch248>
<Switch249>
8
</Switch249>
<Switch250>
7
</Switch250>
<Switch251>
6
</Switch251>
<Switch252>
8
</Switch252>
<Switch253>
7
</Switch253>
<Switch254>
15
</Switch254>
<Switch255>
10
</Switch255>
<Switch256>
18
</Switch256>
<Switch257>
6
</Switch257>
<Switch258>
6
</Switch258>
<Switch259>
0
</Switch259>
<Switch260>
15
</Switch260>
<Switch261>
3
</Switch261>
<Switch262>
14
</Switch262>
<Switch263>
18
</Switch263>
<Switch264>
4
</Switch264>
<Switch265>
7
</Switch265>
<Switch266>
5
</Switch266>
<Switch267>
1
</Switch267>
<Switch268>
12
</Switch268>
<Switch269>
19
</Switch269>
<Switch270>
0
</Switch270>
<Switch271>
8
</Switch271>
<Switch272>
0
</Switch272>
<Switch273>
15
</Switch273>
<Switch274>
8
</Switch274>
<Switch275>
5
</Switch275>
<Switch276>
11
</Switch276>
<Switch277>
4
</Switch277>
<Switch278>
11
</Switch278>
<Switch279>
19
</Switch279>
<Switch280>
3
</Switch280>
<Switch281>
17
</Switch281>
<Switch282>
7
</Switch282>
<Switch283>
6
</Switch283>
<Switch284>
9
</Switch284>
<Switch285>
0
</Switch285>
<Switch286>
2
</Switch286>
<Switch287>
12
</Switch287>
<Switch288>
4
</Switch288>
<Switch289>
3
</Switch289>
<Switch290>
6
</Switch290>
<Switch291>
16
</Switch291>
<Switch292>
5
</Switch292>
<Switch293>
0
</Switch293>
<Switch294>
17
</Switch294>
<Switch295>
13
</Switch295>
<Switch296>
3
</Switch296>
<Switch297>
9
</Switch297>
<Switch298>
5
</Switch298>
<Switch299>
12
</Switch299>
<Switch300>
6
</Switch300>
<Switch301>
4
</Switch301>
<Switch302>
17
</Switch302>
<Switch303>
3
</Switch303>
<Switch304>
11
</Switch304>
<Switch305>
15
</Switch305>
<Switch306>
16
</Switch306>
<Switch307>
16
</Switch307>
<Switch308>
18
</Switch308>
<Switch309>
8
</Switch309>
<Switch310>
16
</Switch310>
<Switch311>
1
</Switch311>
<Switch312>
16
</Switch312>
<Switch313>
17
</Switch313>
<Switch314>
4
</Switch314>
<Switch315>
18
</Switch315>
<Switch316>
17
</Switch316>
<Switch317>
19
</Switch317>
<Switch318>
7
</Switch318>
<Switch319>
1
</Switch319>
<Switch320>
9
</Switch320>
<Switch321>
12
</Switch321>
<Switch322>
16
</Switch322>
<Switch323>
6
</Switch323>
<Switch324>
19
</Switch324>
<Switch325>
7
</Switch325>
<Switch326>
13
</Switch326>
<Switch327>
16
</Switch327>
<Switch328>
3
</Switch328>
<Switch329>
4
</Switch329>
<Switch330>
8
</Switch330>
<Switch331>
11
</Switch331>
<Switch332>
17
</Switch332>
<Switch333>
1
</Switch333>
<Switch334>
18
</Switch334>
<Switch335>
16
</Switch335>
<Switch336>
10
</Switch336>
<Switch337>
5
</Switch337>
<Switch338>
8
</Switch338>
<Switch339>
6
</Switch339>
<Switch340>
3
</Switch340>
<Switch341>
12
</Switch341>
<Switch342>
17
</Switch342>
<Switch343>
11
</Switch343>
<Switch344>
7
</Switch344>
<Switch345>
8
</Switch345>
<Switch346>
14
</Switch346>
<Switch347>
4
</Switch347>
<Switch348>
10
</Switch348>
<Switch349>
7
</Switch349>
<Switch350>
9
</Switch350>
<Switch351>
14
</Switch351>
<Switch352>
0
</Switch352>
<Switch353>
13
</Switch353>
<Switch354>
11
</Switch354>
<Switch355>
14
</Switch355>
<Switch356>
12
</Switch356>
<Switch357>
5
</Switch357>
<Switch358>
12
</Switch358>
<Switch359>
0
</Switch359>
<Switch360>
1
</Switch360>
<Switch361>
3
</Switch361>
<Switch362>
5
</Switch362>
<Switch363>
5
</Switch363>
<Switch364>
19
</Switch364>
<Switch365>
5
</Switch365>
<Switch366>
18
</Switch366>
<Switch367>
10
</Switch367>
<Switch368>
10
</Switch368>
<Switch369>
13
</Switch369>
<Switch370>
16
</Switch370>
<Switch371>
17
</Switch371>
<Switch372>
1
</Switch372>
<Switch373>
12
</Switch373>
<Switch374>
19
</Switch374>
<Switch375>
7
</Switch375>
<Switch376>
11
</Switch376>
<Switch377>
13
</Switch377>
<Switch378>
0
</Switch378>
<Switch379>
11
</Switch379>
<Switch380>
6
</Switch380>
<Switch381>
4
</Switch381>
<Switch382>
4
</Switch382>
<Switch383>
15
</Switch383>
<Switch384>
2
</Switch384>
<Switch385>
17
</Switch385>
<Switch386>
4
</Switch386>
<Switch387>
1
</Switch387>
<Switch388>
7
</Switch388>
<Switch389>
4
</Switch389>
<Switch390>
14
</Switch390>
<Switch391>
9
</Switch391>
<Switch392>
11
</Switch392>
<Switch393>
4
</Switch393>
<Switch394>
6
</Switch394>
<Switch395>
10
</Switch395>
<Switch396>
5
</Switch396>
<Switch397>
1
</Switch397>
<Switch398>
18
</Switch398>
<Switch399>
6
</Switch399>
<Switch400>
15
</Switch400>
<Switch401>
7
</Switch401>
<Switch402>
0
</Switch402>
<Switch403>
4
</Switch403>
<Switch404>
8
</Switch404>
<Switch405>
9
</Switch405>
<Switch406>
1
</Switch406>
<Switch407>
13
</Switch407>
<Switch408>
4
</Switch408>
<Switch409>
10
</Switch409>
<Switch410>
11
</Switch410>
<Switch411>
15
</Switch411>
<Switch412>
8
</Switch412>
<Switch413>
7
</Switch413>
<Switch414>
16
</Switch414>
<Switch415>
7
</Switch415>
<Switch416>
6
</Switch416>
<Switch417>
14
</Switch417>
<Switch418>
19
</Switch418>
<Switch419>
13
</Switch419>
<Switch420>
18
</Switch420>
<Switch421>
11
</Switch421>
<Switch422>
9
</Switch422>
<Switch423>
2
</Switch423>
<Switch424>
17
</Switch424>
<Switch425>
10
</Switch425>
<Switch426>
17
</Switch426>
<Switch427>
6
</Switch427>
<Switch428>
19
</Switch428>
<Switch429>
4
</Switch429>
<Switch430>
12
</Switch430>
<Switch431>
4
</Switch431>
<Switch432>
0
</Switch432>
<Switch433>
19
</Switch433>
<Switch434>
15
</Switch434>
<Switch435>
19
</Switch435>
<Switch436>
7
</Switch436>
<Switch437>
2
</Switch437>
<Switch438>
19
</Switch438>
<Switch439>
6
</Switch439>
<Switch440>
19
</Switch440>
<Switch441>
5
</Switch441>
<Switch442>
19
</Switch442>
<Switch443>
4
</Switch443>
<Switch444>
7
</Switch444>
<Switch445>
15
</Switch445>
<Switch446>
18
</Switch446>
<Switch447>
7
</Switch447>
<Switch448>
13
</Switch448>
<Switch449>
18
</Switch449>
<Switch450>
4
</Switch450>
<Switch451>
0
</Switch451>
<Switch452>
4
</Switch452>
<Switch453>
4
</Switch453>
<Switch454>
11
</Switch454>
<Switch455>
16
</Switch455>
<Switch456>
14
</Switch456>
<Switch457>
0
</Switch457>
<Switch458>
15
</Switch458>
<Switch459>
17
</Switch459>
<Switch460>
5
</Switch460>
<Switch461>
15
</Switch461>
<Switch462>
10
</Switch462>
<Switch463>
19
</Switch463>
<Switch464>
14
</Switch464>
<Switch465>
9
</Switch465>
<Switch466>
14
</Switch466>
<Switch467>
6
</Switch467>
<Switch468>
16
</Switch468>
<Switch469>
15
</Switch469>
<Switch470>
5
</Switch470>
<Switch471>
2
</Switch471>
<Switch472>
3
</Switch472>
<Switch473>
4
</Switch473>
<Switch474>
8
</Switch474>
<Switch475>
14
</Switch475>
<Switch476>
1
</Switch476>
<Switch477>
5
</Switch477>
<Switch478>
1
</Switch478>
<Switch479>
14
</Switch479>
<Switch480>
11
</Switch480>
<Switch481>
6
</Switch481>
<Switch482>
14
</Switch482>
<Switch483>
16
</Switch483>
<Switch484>
9
</Switch484>
<Switch485>
19
</Switch485>
<Switch486>
11
</Switch486>
<Switch487>
3
</Switch487>
<Switch488>
7
</Switch488>
<Switch489>
3
</Switch489>
<Switch490>
7
</Switch490>
<Switch491>
11
</Switch491>
<Switch492>
15
</Switch492>
<Switch493>
5
</Switch493>
<Switch494>
8
</Switch494>
<Switch495>
4
</Switch495>
<Switch496>
4
</Switch496>
<Switch497>
13
</Switch497>
<Switch498>
13
</Switch498>
<Switch499>
13
</Switch499>
<Switch500>
2
</Switch500>
<Switch501>
1
</Switch501>
<Switch502>
8
</Switch502>
<Switch503>
17
</Switch503>
<Switch504>
17
</Switch504>
<Switch505>
1
</Switch505>
<Switch506>
17
</Switch506>
<Switch507>
14
</Switch507>
<Switch508>
5
</Switch508>
<Switch509>
16
</Switch509>
<Switch510>
2
</Switch510>
<Switch511>
2
</Switch511>
<Switch512>
19
</Switch512>
<Switch513>
14
</Switch513>
<Switch514>
19
</Switch514>
<Switch515>
19
</Switch515>
<Switch516>
17
</Switch516>
<Switch517>
8
</Switch517>
<Switch518>
17
</Switch518>
<Switch519>
18
</Switch519>
<Switch520>
15
</Switch520>
<Switch521>
4
</Switch521>
<Switch522>
15
</Switch522>
<Switch523>
17
</Switch523>
<Switch524>
10
</Switch524>
<Switch525>
10
</Switch525>
<Switch526>
16
</Switch526>
<Switch527>
6
</Switch527>
<Switch528>
15
</Switch528>
<Switch529>
10
</Switch529>
<Switch530>
0
</Switch530>
<Switch531>
17
</Switch531>
<Switch532>
5
</Switch532>
<Switch533>
3
</Switch533>
<Switch534>
15
</Switch534>
<Switch535>
10
</Switch535>
<Switch536>
1
</Switch536>
<Switch537>
17
</Switch537>
<Switch538>
0
</Switch538>
<Switch539>
6
</Switch539>
<Switch540>
15
</Switch540>
<Switch541>
17
</Switch541>
<Switch542>
7
</Switch542>
<Switch543>
17
</Switch543>
<Switch544>
9
</Switch544>
<Switch545>
2
</Switch545>
<Switch546>
9
</Switch546>
<Switch547>
12
</Switch547>
<Switch548>
12
</Switch548>
<Switch549>
8
</Switch549>
<Switch550>
6
</Switch550>
<Switch551>
2
</Switch551>
<Switch552>
3
</Switch552>
<Switch553>
5
</Switch553>
<Switch554>
1
</Switch554>
<Switch555>
13
</Switch555>
<Switch556>
0
</Switch556>
<Switch557>
15
</Switch557>
<Switch558>
8
</Switch558>
<Switch559>
19
</Switch559>
<Switch560>
2
</Switch560>
<Switch561>
2
</Switch561>
<Switch562>
10
</Switch562>
<Switch563>
16
</Switch563>
<Switch564>
13
</Switch564>
<Switch565>
6
</Switch565>
<Switch566>
6
</Switch566>
<Switch567>
1
</Switch567>
<Switch568>
10
</Switch568>
<Switch569>
0
</Switch569>
<Switch570>
7
</Switch570>
<Switch571>
16
</Switch571>
<Switch572>
6
</Switch572>
<Switch573>
10
</Switch573>
<Switch574>
6
</Switch574>
<Switch575>
3
</Switch575>
<Switch576>
11
</Switch576>
<Switch577>
10
</Switch577>
<Switch578>
5
</Switch578>
<Switch579>
11
</Switch579>
<Switch580>
14
</Switch580>
<Switch581>
15
</Switch581>
<Switch582>
9
</Switch582>
<Switch583>
11
</Switch583>
<Switch584>
6
</Switch584>
<Switch585>
19
</Switch585>
<Switch586>
10
</Switch586>
<Switch587>
1
</Switch587>
<Switch588>
2
</Switch588>
<Switch589>
7
</Switch589>
<Switch590>
15
</Switch590>
<Switch591>
13
</Switch591>
<Switch592>
10
</Switch592>
<Switch593>
7
</Switch593>
<Switch594>
5
</Switch594>
<Switch595>
8
</Switch595>
<Switch596>
10
</Switch596>
<Switch597>
1
</Switch597>
<Switch598>
6
</Switch598>
<Switch599>
0
</Switch599>
<Switch600>
5
</Switch600>
<Switch601>
15
</Switch601>
<Switch602>
7
</Switch602>
<Switch603>
15
</Switch603>
<Switch604>
0
</Switch604>
<Switch605>
6
</Switch605>
<Switch606>
15
</Switch606>
<Switch607>
9
</Switch607>
<Switch608>
10
</Switch608>
<Switch609>
18
</Switch609>
<Switch610>
2
</Switch610>
<Switch611>
1
</Switch611>
<Switch612>
7
</Switch612>
<Switch613>
15
</Switch613>
<Switch614>
14
</Switch614>
<Switch615>
4
</Switch615>
<Switch616>
9
</Switch616>
<Switch617>
10
</Switch617>
<Switch618>
5
</Switch618>
<Switch619>
16
</Switch619>
</BaseID:1210>
