<?xml version="1.0"?>

<BaseID:1214>
<Switch1>
6
</Switch1>
<Switch2>
10
</Switch2>
<Switch3>
18
</Switch3>
<Switch4>
6
</Switch4>
<Switch5>
9
</Switch5>
<Switch6>
1
</Switch6>
<Switch7>
16
</Switch7>
<Switch8>
4
</Switch8>
<Switch9>
17
</Switch9>
<Switch10>
15
</Switch10>
<Switch11>
5
</Switch11>
<Switch12>
17
</Switch12>
<Switch13>
14
</Switch13>
<Switch14>
11
</Switch14>
<Switch15>
4
</Switch15>
<Switch16>
0
</Switch16>
<Switch17>
18
</Switch17>
<Switch18>
11
</Switch18>
<Switch19>
5
</Switch19>
<Switch20>
13
</Switch20>
<Switch21>
19
</Switch21>
<Switch22>
5
</Switch22>
<Switch23>
2
</Switch23>
<Switch24>
1
</Switch24>
<Switch25>
13
</Switch25>
<Switch26>
4
</Switch26>
<Switch27>
10
</Switch27>
<Switch28>
13
</Switch28>
<Switch29>
2
</Switch29>
<Switch30>
8
</Switch30>
<Switch31>
19
</Switch31>
<Switch32>
18
</Switch32>
<Switch33>
7
</Switch33>
<Switch34>
4
</Switch34>
<Switch35>
2
</Switch35>
<Switch36>
15
</Switch36>
<Switch37>
4
</Switch37>
<Switch38>
6
</Switch38>
<Switch39>
10
</Switch39>
<Switch40>
14
</Switch40>
<Switch41>
19
</Switch41>
<Switch42>
15
</Switch42>
<Switch43>
1
</Switch43>
<Switch44>
14
</Switch44>
<Switch45>
15
</Switch45>
<Switch46>
0
</Switch46>
<Switch47>
3
</Switch47>
<Switch48>
3
</Switch48>
<Switch49>
8
</Switch49>
<Switch50>
7
</Switch50>
<Switch51>
9
</Switch51>
<Switch52>
8
</Switch52>
<Switch53>
7
</Switch53>
<Switch54>
15
</Switch54>
<Switch55>
5
</Switch55>
<Switch56>
14
</Switch56>
<Switch57>
19
</Switch57>
<Switch58>
15
</Switch58>
<Switch59>
17
</Switch59>
<Switch60>
17
</Switch60>
<Switch61>
6
</Switch61>
<Switch62>
19
</Switch62>
<Switch63>
10
</Switch63>
<Switch64>
12
</Switch64>
<Switch65>
7
</Switch65>
<Switch66>
4
</Switch66>
<Switch67>
0
</Switch67>
<Switch68>
6
</Switch68>
<Switch69>
6
</Switch69>
<Switch70>
6
</Switch70>
<Switch71>
15
</Switch71>
<Switch72>
12
</Switch72>
<Switch73>
15
</Switch73>
<Switch74>
13
</Switch74>
<Switch75>
17
</Switch75>
<Switch76>
11
</Switch76>
<Switch77>
11
</Switch77>
<Switch78>
1
</Switch78>
<Switch79>
15
</Switch79>
<Switch80>
10
</Switch80>
<Switch81>
19
</Switch81>
<Switch82>
16
</Switch82>
<Switch83>
2
</Switch83>
<Switch84>
1
</Switch84>
<Switch85>
7
</Switch85>
<Switch86>
9
</Switch86>
<Switch87>
11
</Switch87>
<Switch88>
16
</Switch88>
<Switch89>
12
</Switch89>
<Switch90>
10
</Switch90>
<Switch91>
2
</Switch91>
<Switch92>
19
</Switch92>
<Switch93>
11
</Switch93>
<Switch94>
7
</Switch94>
<Switch95>
8
</Switch95>
<Switch96>
16
</Switch96>
<Switch97>
15
</Switch97>
<Switch98>
2
</Switch98>
<Switch99>
0
</Switch99>
<Switch100>
9
</Switch100>
<Switch101>
9
</Switch101>
<Switch102>
16
</Switch102>
<Switch103>
18
</Switch103>
<Switch104>
8
</Switch104>
<Switch105>
11
</Switch105>
<Switch106>
14
</Switch106>
<Switch107>
16
</Switch107>
<Switch108>
0
</Switch108>
<Switch109>
10
</Switch109>
<Switch110>
13
</Switch110>
<Switch111>
12
</Switch111>
<Switch112>
13
</Switch112>
<Switch113>
17
</Switch113>
<Switch114>
4
</Switch114>
<Switch115>
10
</Switch115>
<Switch116>
6
</Switch116>
<Switch117>
7
</Switch117>
<Switch118>
4
</Switch118>
<Switch119>
3
</Switch119>
<Switch120>
5
</Switch120>
<Switch121>
17
</Switch121>
<Switch122>
2
</Switch122>
<Switch123>
0
</Switch123>
<Switch124>
12
</Switch124>
<Switch125>
10
</Switch125>
<Switch126>
0
</Switch126>
<Switch127>
6
</Switch127>
<Switch128>
8
</Switch128>
<Switch129>
19
</Switch129>
<Switch130>
6
</Switch130>
<Switch131>
10
</Switch131>
<Switch132>
10
</Switch132>
<Switch133>
7
</Switch133>
<Switch134>
0
</Switch134>
<Switch135>
17
</Switch135>
<Switch136>
17
</Switch136>
<Switch137>
8
</Switch137>
<Switch138>
18
</Switch138>
<Switch139>
13
</Switch139>
<Switch140>
4
</Switch140>
<Switch141>
1
</Switch141>
<Switch142>
1
</Switch142>
<Switch143>
8
</Switch143>
<Switch144>
5
</Switch144>
<Switch145>
9
</Switch145>
<Switch146>
0
</Switch146>
<Switch147>
19
</Switch147>
<Switch148>
5
</Switch148>
<Switch149>
16
</Switch149>
<Switch150>
18
</Switch150>
<Switch151>
6
</Switch151>
<Switch152>
2
</Switch152>
<Switch153>
0
</Switch153>
<Switch154>
3
</Switch154>
<Switch155>
19
</Switch155>
<Switch156>
18
</Switch156>
<Switch157>
10
</Switch157>
<Switch158>
15
</Switch158>
<Switch159>
0
</Switch159>
<Switch160>
5
</Switch160>
<Switch161>
8
</Switch161>
<Switch162>
12
</Switch162>
<Switch163>
3
</Switch163>
<Switch164>
7
</Switch164>
<Switch165>
8
</Switch165>
<Switch166>
11
</Switch166>
<Switch167>
1
</Switch167>
<Switch168>
5
</Switch168>
<Switch169>
15
</Switch169>
<Switch170>
4
</Switch170>
<Switch171>
10
</Switch171>
<Switch172>
17
</Switch172>
<Switch173>
7
</Switch173>
<Switch174>
8
</Switch174>
<Switch175>
5
</Switch175>
<Switch176>
5
</Switch176>
<Switch177>
10
</Switch177>
<Switch178>
16
</Switch178>
<Switch179>
0
</Switch179>
<Switch180>
4
</Switch180>
<Switch181>
13
</Switch181>
<Switch182>
14
</Switch182>
<Switch183>
19
</Switch183>
<Switch184>
9
</Switch184>
<Switch185>
14
</Switch185>
</BaseID:1214>
