<?xml version="1.0"?>

<BaseID:1215>
<Switch1>
16
</Switch1>
<Switch2>
6
</Switch2>
<Switch3>
2
</Switch3>
<Switch4>
14
</Switch4>
<Switch5>
11
</Switch5>
<Switch6>
13
</Switch6>
<Switch7>
3
</Switch7>
<Switch8>
11
</Switch8>
<Switch9>
19
</Switch9>
<Switch10>
10
</Switch10>
<Switch11>
14
</Switch11>
<Switch12>
13
</Switch12>
<Switch13>
11
</Switch13>
<Switch14>
16
</Switch14>
<Switch15>
5
</Switch15>
<Switch16>
19
</Switch16>
<Switch17>
0
</Switch17>
<Switch18>
17
</Switch18>
<Switch19>
5
</Switch19>
<Switch20>
16
</Switch20>
<Switch21>
4
</Switch21>
<Switch22>
16
</Switch22>
<Switch23>
14
</Switch23>
<Switch24>
7
</Switch24>
<Switch25>
4
</Switch25>
<Switch26>
18
</Switch26>
<Switch27>
19
</Switch27>
<Switch28>
12
</Switch28>
<Switch29>
16
</Switch29>
<Switch30>
10
</Switch30>
<Switch31>
14
</Switch31>
<Switch32>
18
</Switch32>
<Switch33>
8
</Switch33>
<Switch34>
5
</Switch34>
<Switch35>
19
</Switch35>
<Switch36>
18
</Switch36>
<Switch37>
12
</Switch37>
<Switch38>
8
</Switch38>
<Switch39>
5
</Switch39>
<Switch40>
2
</Switch40>
<Switch41>
12
</Switch41>
<Switch42>
19
</Switch42>
<Switch43>
17
</Switch43>
<Switch44>
12
</Switch44>
<Switch45>
14
</Switch45>
<Switch46>
18
</Switch46>
<Switch47>
8
</Switch47>
<Switch48>
6
</Switch48>
<Switch49>
14
</Switch49>
<Switch50>
7
</Switch50>
<Switch51>
7
</Switch51>
<Switch52>
6
</Switch52>
<Switch53>
12
</Switch53>
<Switch54>
11
</Switch54>
<Switch55>
2
</Switch55>
<Switch56>
2
</Switch56>
<Switch57>
13
</Switch57>
<Switch58>
0
</Switch58>
<Switch59>
14
</Switch59>
<Switch60>
9
</Switch60>
<Switch61>
16
</Switch61>
<Switch62>
13
</Switch62>
<Switch63>
4
</Switch63>
<Switch64>
18
</Switch64>
<Switch65>
0
</Switch65>
<Switch66>
0
</Switch66>
<Switch67>
4
</Switch67>
<Switch68>
15
</Switch68>
<Switch69>
0
</Switch69>
<Switch70>
8
</Switch70>
<Switch71>
3
</Switch71>
<Switch72>
15
</Switch72>
<Switch73>
6
</Switch73>
<Switch74>
10
</Switch74>
<Switch75>
9
</Switch75>
<Switch76>
0
</Switch76>
<Switch77>
9
</Switch77>
<Switch78>
6
</Switch78>
<Switch79>
18
</Switch79>
<Switch80>
11
</Switch80>
<Switch81>
5
</Switch81>
<Switch82>
4
</Switch82>
<Switch83>
12
</Switch83>
<Switch84>
2
</Switch84>
<Switch85>
9
</Switch85>
<Switch86>
10
</Switch86>
<Switch87>
18
</Switch87>
<Switch88>
12
</Switch88>
<Switch89>
5
</Switch89>
<Switch90>
2
</Switch90>
<Switch91>
0
</Switch91>
<Switch92>
2
</Switch92>
<Switch93>
14
</Switch93>
<Switch94>
4
</Switch94>
<Switch95>
8
</Switch95>
<Switch96>
2
</Switch96>
<Switch97>
4
</Switch97>
<Switch98>
12
</Switch98>
<Switch99>
9
</Switch99>
<Switch100>
12
</Switch100>
<Switch101>
3
</Switch101>
<Switch102>
10
</Switch102>
<Switch103>
11
</Switch103>
<Switch104>
8
</Switch104>
<Switch105>
17
</Switch105>
<Switch106>
19
</Switch106>
<Switch107>
15
</Switch107>
<Switch108>
18
</Switch108>
<Switch109>
19
</Switch109>
<Switch110>
13
</Switch110>
<Switch111>
0
</Switch111>
<Switch112>
18
</Switch112>
<Switch113>
19
</Switch113>
<Switch114>
16
</Switch114>
<Switch115>
11
</Switch115>
<Switch116>
4
</Switch116>
<Switch117>
11
</Switch117>
<Switch118>
0
</Switch118>
<Switch119>
3
</Switch119>
<Switch120>
9
</Switch120>
<Switch121>
5
</Switch121>
<Switch122>
19
</Switch122>
<Switch123>
6
</Switch123>
<Switch124>
9
</Switch124>
<Switch125>
14
</Switch125>
<Switch126>
7
</Switch126>
<Switch127>
13
</Switch127>
<Switch128>
13
</Switch128>
<Switch129>
8
</Switch129>
<Switch130>
1
</Switch130>
<Switch131>
7
</Switch131>
<Switch132>
1
</Switch132>
<Switch133>
4
</Switch133>
<Switch134>
13
</Switch134>
<Switch135>
6
</Switch135>
<Switch136>
14
</Switch136>
<Switch137>
14
</Switch137>
<Switch138>
10
</Switch138>
<Switch139>
14
</Switch139>
<Switch140>
12
</Switch140>
<Switch141>
9
</Switch141>
<Switch142>
19
</Switch142>
<Switch143>
2
</Switch143>
<Switch144>
19
</Switch144>
<Switch145>
7
</Switch145>
<Switch146>
11
</Switch146>
<Switch147>
4
</Switch147>
<Switch148>
5
</Switch148>
<Switch149>
5
</Switch149>
<Switch150>
6
</Switch150>
<Switch151>
5
</Switch151>
<Switch152>
13
</Switch152>
<Switch153>
3
</Switch153>
<Switch154>
17
</Switch154>
<Switch155>
7
</Switch155>
<Switch156>
4
</Switch156>
<Switch157>
12
</Switch157>
<Switch158>
0
</Switch158>
<Switch159>
17
</Switch159>
<Switch160>
8
</Switch160>
<Switch161>
13
</Switch161>
<Switch162>
16
</Switch162>
<Switch163>
9
</Switch163>
<Switch164>
6
</Switch164>
<Switch165>
4
</Switch165>
<Switch166>
10
</Switch166>
<Switch167>
0
</Switch167>
<Switch168>
4
</Switch168>
<Switch169>
19
</Switch169>
<Switch170>
15
</Switch170>
<Switch171>
2
</Switch171>
<Switch172>
17
</Switch172>
<Switch173>
3
</Switch173>
<Switch174>
19
</Switch174>
<Switch175>
16
</Switch175>
<Switch176>
13
</Switch176>
<Switch177>
5
</Switch177>
<Switch178>
14
</Switch178>
<Switch179>
12
</Switch179>
<Switch180>
0
</Switch180>
<Switch181>
4
</Switch181>
<Switch182>
7
</Switch182>
<Switch183>
9
</Switch183>
<Switch184>
16
</Switch184>
<Switch185>
5
</Switch185>
<Switch186>
2
</Switch186>
<Switch187>
8
</Switch187>
<Switch188>
6
</Switch188>
<Switch189>
15
</Switch189>
<Switch190>
0
</Switch190>
<Switch191>
6
</Switch191>
<Switch192>
7
</Switch192>
<Switch193>
9
</Switch193>
<Switch194>
19
</Switch194>
<Switch195>
8
</Switch195>
<Switch196>
4
</Switch196>
<Switch197>
19
</Switch197>
<Switch198>
5
</Switch198>
<Switch199>
5
</Switch199>
<Switch200>
0
</Switch200>
<Switch201>
10
</Switch201>
<Switch202>
19
</Switch202>
<Switch203>
8
</Switch203>
<Switch204>
18
</Switch204>
<Switch205>
17
</Switch205>
<Switch206>
17
</Switch206>
<Switch207>
14
</Switch207>
<Switch208>
13
</Switch208>
<Switch209>
13
</Switch209>
<Switch210>
15
</Switch210>
<Switch211>
18
</Switch211>
<Switch212>
5
</Switch212>
<Switch213>
3
</Switch213>
<Switch214>
8
</Switch214>
<Switch215>
4
</Switch215>
<Switch216>
1
</Switch216>
<Switch217>
9
</Switch217>
<Switch218>
16
</Switch218>
<Switch219>
4
</Switch219>
<Switch220>
0
</Switch220>
<Switch221>
8
</Switch221>
<Switch222>
13
</Switch222>
<Switch223>
6
</Switch223>
<Switch224>
17
</Switch224>
<Switch225>
14
</Switch225>
<Switch226>
11
</Switch226>
<Switch227>
15
</Switch227>
<Switch228>
13
</Switch228>
<Switch229>
8
</Switch229>
<Switch230>
1
</Switch230>
<Switch231>
1
</Switch231>
<Switch232>
8
</Switch232>
<Switch233>
18
</Switch233>
<Switch234>
12
</Switch234>
<Switch235>
7
</Switch235>
<Switch236>
16
</Switch236>
<Switch237>
6
</Switch237>
<Switch238>
6
</Switch238>
<Switch239>
4
</Switch239>
<Switch240>
19
</Switch240>
<Switch241>
11
</Switch241>
<Switch242>
19
</Switch242>
<Switch243>
15
</Switch243>
<Switch244>
1
</Switch244>
<Switch245>
19
</Switch245>
<Switch246>
0
</Switch246>
<Switch247>
5
</Switch247>
<Switch248>
17
</Switch248>
<Switch249>
1
</Switch249>
<Switch250>
2
</Switch250>
<Switch251>
15
</Switch251>
<Switch252>
16
</Switch252>
<Switch253>
10
</Switch253>
<Switch254>
3
</Switch254>
<Switch255>
3
</Switch255>
<Switch256>
8
</Switch256>
<Switch257>
6
</Switch257>
<Switch258>
12
</Switch258>
<Switch259>
10
</Switch259>
<Switch260>
8
</Switch260>
<Switch261>
8
</Switch261>
<Switch262>
6
</Switch262>
<Switch263>
12
</Switch263>
<Switch264>
5
</Switch264>
<Switch265>
11
</Switch265>
<Switch266>
11
</Switch266>
<Switch267>
19
</Switch267>
<Switch268>
12
</Switch268>
<Switch269>
3
</Switch269>
<Switch270>
6
</Switch270>
<Switch271>
9
</Switch271>
<Switch272>
19
</Switch272>
<Switch273>
3
</Switch273>
<Switch274>
3
</Switch274>
<Switch275>
10
</Switch275>
<Switch276>
7
</Switch276>
<Switch277>
16
</Switch277>
<Switch278>
12
</Switch278>
<Switch279>
15
</Switch279>
<Switch280>
12
</Switch280>
<Switch281>
12
</Switch281>
<Switch282>
4
</Switch282>
<Switch283>
6
</Switch283>
<Switch284>
12
</Switch284>
<Switch285>
6
</Switch285>
<Switch286>
5
</Switch286>
<Switch287>
2
</Switch287>
<Switch288>
18
</Switch288>
<Switch289>
15
</Switch289>
<Switch290>
3
</Switch290>
<Switch291>
10
</Switch291>
<Switch292>
14
</Switch292>
<Switch293>
7
</Switch293>
<Switch294>
13
</Switch294>
<Switch295>
6
</Switch295>
<Switch296>
19
</Switch296>
<Switch297>
5
</Switch297>
<Switch298>
0
</Switch298>
<Switch299>
9
</Switch299>
<Switch300>
1
</Switch300>
<Switch301>
7
</Switch301>
<Switch302>
4
</Switch302>
<Switch303>
15
</Switch303>
<Switch304>
5
</Switch304>
<Switch305>
2
</Switch305>
<Switch306>
1
</Switch306>
<Switch307>
12
</Switch307>
<Switch308>
7
</Switch308>
<Switch309>
14
</Switch309>
<Switch310>
15
</Switch310>
<Switch311>
14
</Switch311>
<Switch312>
18
</Switch312>
<Switch313>
6
</Switch313>
<Switch314>
9
</Switch314>
<Switch315>
12
</Switch315>
<Switch316>
4
</Switch316>
<Switch317>
0
</Switch317>
<Switch318>
16
</Switch318>
<Switch319>
11
</Switch319>
<Switch320>
16
</Switch320>
<Switch321>
13
</Switch321>
<Switch322>
10
</Switch322>
<Switch323>
14
</Switch323>
<Switch324>
9
</Switch324>
<Switch325>
0
</Switch325>
<Switch326>
2
</Switch326>
<Switch327>
14
</Switch327>
<Switch328>
1
</Switch328>
<Switch329>
4
</Switch329>
<Switch330>
12
</Switch330>
<Switch331>
5
</Switch331>
<Switch332>
0
</Switch332>
<Switch333>
15
</Switch333>
<Switch334>
8
</Switch334>
<Switch335>
13
</Switch335>
<Switch336>
12
</Switch336>
<Switch337>
6
</Switch337>
<Switch338>
19
</Switch338>
<Switch339>
3
</Switch339>
<Switch340>
17
</Switch340>
<Switch341>
12
</Switch341>
<Switch342>
18
</Switch342>
<Switch343>
17
</Switch343>
<Switch344>
14
</Switch344>
<Switch345>
0
</Switch345>
<Switch346>
15
</Switch346>
<Switch347>
18
</Switch347>
<Switch348>
18
</Switch348>
<Switch349>
15
</Switch349>
<Switch350>
16
</Switch350>
<Switch351>
14
</Switch351>
<Switch352>
10
</Switch352>
<Switch353>
10
</Switch353>
<Switch354>
3
</Switch354>
<Switch355>
15
</Switch355>
<Switch356>
0
</Switch356>
<Switch357>
16
</Switch357>
<Switch358>
0
</Switch358>
<Switch359>
14
</Switch359>
<Switch360>
1
</Switch360>
<Switch361>
0
</Switch361>
<Switch362>
13
</Switch362>
<Switch363>
2
</Switch363>
<Switch364>
12
</Switch364>
<Switch365>
3
</Switch365>
<Switch366>
15
</Switch366>
<Switch367>
2
</Switch367>
<Switch368>
17
</Switch368>
<Switch369>
17
</Switch369>
<Switch370>
19
</Switch370>
<Switch371>
6
</Switch371>
<Switch372>
6
</Switch372>
<Switch373>
11
</Switch373>
<Switch374>
16
</Switch374>
<Switch375>
2
</Switch375>
<Switch376>
17
</Switch376>
<Switch377>
8
</Switch377>
<Switch378>
17
</Switch378>
<Switch379>
3
</Switch379>
<Switch380>
0
</Switch380>
<Switch381>
0
</Switch381>
<Switch382>
0
</Switch382>
<Switch383>
15
</Switch383>
<Switch384>
19
</Switch384>
<Switch385>
3
</Switch385>
<Switch386>
16
</Switch386>
<Switch387>
3
</Switch387>
<Switch388>
3
</Switch388>
<Switch389>
11
</Switch389>
<Switch390>
0
</Switch390>
<Switch391>
8
</Switch391>
<Switch392>
13
</Switch392>
<Switch393>
2
</Switch393>
<Switch394>
4
</Switch394>
<Switch395>
0
</Switch395>
<Switch396>
1
</Switch396>
<Switch397>
10
</Switch397>
<Switch398>
1
</Switch398>
<Switch399>
3
</Switch399>
<Switch400>
16
</Switch400>
<Switch401>
18
</Switch401>
<Switch402>
15
</Switch402>
<Switch403>
14
</Switch403>
<Switch404>
13
</Switch404>
<Switch405>
2
</Switch405>
<Switch406>
6
</Switch406>
<Switch407>
19
</Switch407>
<Switch408>
15
</Switch408>
<Switch409>
12
</Switch409>
<Switch410>
11
</Switch410>
<Switch411>
3
</Switch411>
<Switch412>
13
</Switch412>
<Switch413>
3
</Switch413>
<Switch414>
4
</Switch414>
<Switch415>
14
</Switch415>
<Switch416>
1
</Switch416>
<Switch417>
1
</Switch417>
<Switch418>
11
</Switch418>
<Switch419>
5
</Switch419>
<Switch420>
11
</Switch420>
<Switch421>
4
</Switch421>
<Switch422>
13
</Switch422>
<Switch423>
14
</Switch423>
<Switch424>
10
</Switch424>
<Switch425>
9
</Switch425>
<Switch426>
18
</Switch426>
<Switch427>
16
</Switch427>
<Switch428>
11
</Switch428>
<Switch429>
13
</Switch429>
<Switch430>
1
</Switch430>
<Switch431>
0
</Switch431>
<Switch432>
9
</Switch432>
<Switch433>
1
</Switch433>
<Switch434>
1
</Switch434>
<Switch435>
9
</Switch435>
<Switch436>
18
</Switch436>
<Switch437>
14
</Switch437>
<Switch438>
16
</Switch438>
<Switch439>
2
</Switch439>
<Switch440>
8
</Switch440>
<Switch441>
3
</Switch441>
<Switch442>
13
</Switch442>
<Switch443>
11
</Switch443>
<Switch444>
2
</Switch444>
<Switch445>
11
</Switch445>
<Switch446>
1
</Switch446>
<Switch447>
18
</Switch447>
<Switch448>
14
</Switch448>
<Switch449>
15
</Switch449>
<Switch450>
10
</Switch450>
<Switch451>
11
</Switch451>
<Switch452>
11
</Switch452>
<Switch453>
8
</Switch453>
<Switch454>
19
</Switch454>
<Switch455>
18
</Switch455>
<Switch456>
11
</Switch456>
<Switch457>
17
</Switch457>
<Switch458>
9
</Switch458>
<Switch459>
5
</Switch459>
<Switch460>
18
</Switch460>
<Switch461>
0
</Switch461>
<Switch462>
16
</Switch462>
<Switch463>
14
</Switch463>
<Switch464>
0
</Switch464>
<Switch465>
7
</Switch465>
<Switch466>
15
</Switch466>
<Switch467>
19
</Switch467>
<Switch468>
9
</Switch468>
<Switch469>
19
</Switch469>
<Switch470>
5
</Switch470>
<Switch471>
5
</Switch471>
<Switch472>
4
</Switch472>
<Switch473>
9
</Switch473>
<Switch474>
15
</Switch474>
<Switch475>
6
</Switch475>
<Switch476>
1
</Switch476>
<Switch477>
17
</Switch477>
<Switch478>
6
</Switch478>
<Switch479>
1
</Switch479>
<Switch480>
19
</Switch480>
<Switch481>
5
</Switch481>
<Switch482>
15
</Switch482>
<Switch483>
1
</Switch483>
<Switch484>
15
</Switch484>
<Switch485>
18
</Switch485>
<Switch486>
4
</Switch486>
<Switch487>
13
</Switch487>
<Switch488>
6
</Switch488>
<Switch489>
6
</Switch489>
<Switch490>
19
</Switch490>
<Switch491>
15
</Switch491>
<Switch492>
15
</Switch492>
<Switch493>
18
</Switch493>
<Switch494>
5
</Switch494>
<Switch495>
19
</Switch495>
<Switch496>
16
</Switch496>
<Switch497>
10
</Switch497>
<Switch498>
7
</Switch498>
<Switch499>
3
</Switch499>
<Switch500>
7
</Switch500>
<Switch501>
16
</Switch501>
<Switch502>
1
</Switch502>
<Switch503>
17
</Switch503>
<Switch504>
6
</Switch504>
<Switch505>
14
</Switch505>
<Switch506>
1
</Switch506>
<Switch507>
9
</Switch507>
<Switch508>
8
</Switch508>
<Switch509>
13
</Switch509>
<Switch510>
16
</Switch510>
<Switch511>
13
</Switch511>
<Switch512>
15
</Switch512>
<Switch513>
7
</Switch513>
<Switch514>
4
</Switch514>
<Switch515>
11
</Switch515>
<Switch516>
19
</Switch516>
<Switch517>
0
</Switch517>
<Switch518>
5
</Switch518>
<Switch519>
7
</Switch519>
<Switch520>
1
</Switch520>
<Switch521>
16
</Switch521>
<Switch522>
10
</Switch522>
<Switch523>
19
</Switch523>
<Switch524>
9
</Switch524>
<Switch525>
0
</Switch525>
<Switch526>
5
</Switch526>
<Switch527>
3
</Switch527>
<Switch528>
6
</Switch528>
<Switch529>
8
</Switch529>
<Switch530>
19
</Switch530>
<Switch531>
17
</Switch531>
<Switch532>
15
</Switch532>
<Switch533>
6
</Switch533>
<Switch534>
17
</Switch534>
<Switch535>
18
</Switch535>
<Switch536>
19
</Switch536>
<Switch537>
2
</Switch537>
<Switch538>
3
</Switch538>
<Switch539>
15
</Switch539>
<Switch540>
3
</Switch540>
<Switch541>
7
</Switch541>
<Switch542>
15
</Switch542>
<Switch543>
16
</Switch543>
<Switch544>
0
</Switch544>
<Switch545>
9
</Switch545>
<Switch546>
7
</Switch546>
<Switch547>
7
</Switch547>
<Switch548>
16
</Switch548>
<Switch549>
19
</Switch549>
<Switch550>
17
</Switch550>
<Switch551>
4
</Switch551>
<Switch552>
13
</Switch552>
<Switch553>
15
</Switch553>
<Switch554>
4
</Switch554>
<Switch555>
12
</Switch555>
<Switch556>
1
</Switch556>
<Switch557>
2
</Switch557>
<Switch558>
15
</Switch558>
<Switch559>
8
</Switch559>
<Switch560>
2
</Switch560>
<Switch561>
4
</Switch561>
<Switch562>
6
</Switch562>
<Switch563>
18
</Switch563>
<Switch564>
18
</Switch564>
<Switch565>
13
</Switch565>
<Switch566>
17
</Switch566>
<Switch567>
12
</Switch567>
<Switch568>
7
</Switch568>
<Switch569>
6
</Switch569>
<Switch570>
9
</Switch570>
<Switch571>
0
</Switch571>
<Switch572>
8
</Switch572>
<Switch573>
6
</Switch573>
<Switch574>
14
</Switch574>
<Switch575>
4
</Switch575>
<Switch576>
4
</Switch576>
<Switch577>
3
</Switch577>
<Switch578>
19
</Switch578>
<Switch579>
10
</Switch579>
<Switch580>
13
</Switch580>
<Switch581>
14
</Switch581>
<Switch582>
6
</Switch582>
<Switch583>
16
</Switch583>
<Switch584>
6
</Switch584>
<Switch585>
0
</Switch585>
<Switch586>
3
</Switch586>
<Switch587>
7
</Switch587>
<Switch588>
18
</Switch588>
<Switch589>
3
</Switch589>
<Switch590>
4
</Switch590>
<Switch591>
1
</Switch591>
<Switch592>
19
</Switch592>
<Switch593>
18
</Switch593>
<Switch594>
3
</Switch594>
<Switch595>
13
</Switch595>
<Switch596>
2
</Switch596>
<Switch597>
17
</Switch597>
<Switch598>
0
</Switch598>
<Switch599>
19
</Switch599>
<Switch600>
2
</Switch600>
<Switch601>
16
</Switch601>
<Switch602>
11
</Switch602>
<Switch603>
17
</Switch603>
<Switch604>
17
</Switch604>
<Switch605>
6
</Switch605>
<Switch606>
6
</Switch606>
<Switch607>
2
</Switch607>
<Switch608>
12
</Switch608>
<Switch609>
18
</Switch609>
<Switch610>
11
</Switch610>
<Switch611>
10
</Switch611>
<Switch612>
6
</Switch612>
<Switch613>
11
</Switch613>
<Switch614>
4
</Switch614>
<Switch615>
15
</Switch615>
<Switch616>
7
</Switch616>
<Switch617>
14
</Switch617>
<Switch618>
1
</Switch618>
<Switch619>
19
</Switch619>
<Switch620>
8
</Switch620>
<Switch621>
12
</Switch621>
<Switch622>
15
</Switch622>
<Switch623>
14
</Switch623>
<Switch624>
19
</Switch624>
<Switch625>
10
</Switch625>
<Switch626>
12
</Switch626>
<Switch627>
15
</Switch627>
<Switch628>
1
</Switch628>
<Switch629>
1
</Switch629>
<Switch630>
18
</Switch630>
<Switch631>
14
</Switch631>
<Switch632>
11
</Switch632>
<Switch633>
14
</Switch633>
<Switch634>
17
</Switch634>
<Switch635>
6
</Switch635>
<Switch636>
5
</Switch636>
<Switch637>
5
</Switch637>
<Switch638>
18
</Switch638>
<Switch639>
2
</Switch639>
<Switch640>
16
</Switch640>
<Switch641>
16
</Switch641>
<Switch642>
17
</Switch642>
<Switch643>
10
</Switch643>
<Switch644>
12
</Switch644>
<Switch645>
7
</Switch645>
<Switch646>
4
</Switch646>
<Switch647>
12
</Switch647>
<Switch648>
6
</Switch648>
<Switch649>
8
</Switch649>
<Switch650>
16
</Switch650>
<Switch651>
16
</Switch651>
<Switch652>
11
</Switch652>
<Switch653>
17
</Switch653>
<Switch654>
17
</Switch654>
<Switch655>
14
</Switch655>
<Switch656>
0
</Switch656>
<Switch657>
8
</Switch657>
<Switch658>
16
</Switch658>
<Switch659>
7
</Switch659>
<Switch660>
6
</Switch660>
<Switch661>
9
</Switch661>
<Switch662>
13
</Switch662>
<Switch663>
15
</Switch663>
<Switch664>
8
</Switch664>
<Switch665>
19
</Switch665>
<Switch666>
11
</Switch666>
<Switch667>
13
</Switch667>
<Switch668>
13
</Switch668>
<Switch669>
5
</Switch669>
<Switch670>
2
</Switch670>
<Switch671>
16
</Switch671>
<Switch672>
12
</Switch672>
<Switch673>
11
</Switch673>
<Switch674>
4
</Switch674>
<Switch675>
7
</Switch675>
<Switch676>
6
</Switch676>
<Switch677>
10
</Switch677>
<Switch678>
9
</Switch678>
<Switch679>
13
</Switch679>
<Switch680>
9
</Switch680>
<Switch681>
0
</Switch681>
<Switch682>
14
</Switch682>
<Switch683>
11
</Switch683>
<Switch684>
15
</Switch684>
<Switch685>
17
</Switch685>
<Switch686>
18
</Switch686>
<Switch687>
15
</Switch687>
<Switch688>
19
</Switch688>
<Switch689>
0
</Switch689>
<Switch690>
18
</Switch690>
<Switch691>
5
</Switch691>
<Switch692>
14
</Switch692>
<Switch693>
7
</Switch693>
<Switch694>
14
</Switch694>
<Switch695>
13
</Switch695>
<Switch696>
15
</Switch696>
<Switch697>
11
</Switch697>
<Switch698>
5
</Switch698>
<Switch699>
4
</Switch699>
<Switch700>
11
</Switch700>
<Switch701>
6
</Switch701>
<Switch702>
12
</Switch702>
<Switch703>
4
</Switch703>
<Switch704>
19
</Switch704>
<Switch705>
18
</Switch705>
<Switch706>
8
</Switch706>
<Switch707>
16
</Switch707>
<Switch708>
16
</Switch708>
<Switch709>
15
</Switch709>
<Switch710>
12
</Switch710>
<Switch711>
16
</Switch711>
<Switch712>
1
</Switch712>
<Switch713>
6
</Switch713>
<Switch714>
14
</Switch714>
<Switch715>
7
</Switch715>
<Switch716>
1
</Switch716>
<Switch717>
5
</Switch717>
<Switch718>
5
</Switch718>
<Switch719>
19
</Switch719>
<Switch720>
4
</Switch720>
<Switch721>
19
</Switch721>
<Switch722>
12
</Switch722>
<Switch723>
14
</Switch723>
<Switch724>
0
</Switch724>
<Switch725>
9
</Switch725>
<Switch726>
8
</Switch726>
<Switch727>
7
</Switch727>
<Switch728>
0
</Switch728>
<Switch729>
6
</Switch729>
<Switch730>
3
</Switch730>
<Switch731>
3
</Switch731>
<Switch732>
9
</Switch732>
<Switch733>
17
</Switch733>
<Switch734>
9
</Switch734>
<Switch735>
14
</Switch735>
<Switch736>
10
</Switch736>
<Switch737>
5
</Switch737>
<Switch738>
17
</Switch738>
<Switch739>
5
</Switch739>
<Switch740>
14
</Switch740>
<Switch741>
11
</Switch741>
<Switch742>
17
</Switch742>
<Switch743>
7
</Switch743>
<Switch744>
18
</Switch744>
<Switch745>
0
</Switch745>
<Switch746>
19
</Switch746>
<Switch747>
13
</Switch747>
<Switch748>
0
</Switch748>
<Switch749>
9
</Switch749>
<Switch750>
18
</Switch750>
<Switch751>
11
</Switch751>
<Switch752>
2
</Switch752>
<Switch753>
4
</Switch753>
<Switch754>
17
</Switch754>
<Switch755>
1
</Switch755>
<Switch756>
0
</Switch756>
<Switch757>
11
</Switch757>
<Switch758>
8
</Switch758>
<Switch759>
2
</Switch759>
<Switch760>
17
</Switch760>
<Switch761>
1
</Switch761>
<Switch762>
18
</Switch762>
<Switch763>
1
</Switch763>
<Switch764>
2
</Switch764>
<Switch765>
18
</Switch765>
<Switch766>
8
</Switch766>
<Switch767>
14
</Switch767>
<Switch768>
13
</Switch768>
<Switch769>
1
</Switch769>
<Switch770>
18
</Switch770>
<Switch771>
7
</Switch771>
<Switch772>
1
</Switch772>
<Switch773>
17
</Switch773>
<Switch774>
7
</Switch774>
<Switch775>
0
</Switch775>
<Switch776>
19
</Switch776>
<Switch777>
19
</Switch777>
<Switch778>
3
</Switch778>
<Switch779>
8
</Switch779>
<Switch780>
5
</Switch780>
<Switch781>
8
</Switch781>
<Switch782>
6
</Switch782>
<Switch783>
15
</Switch783>
<Switch784>
7
</Switch784>
<Switch785>
19
</Switch785>
<Switch786>
1
</Switch786>
<Switch787>
2
</Switch787>
<Switch788>
18
</Switch788>
<Switch789>
11
</Switch789>
<Switch790>
13
</Switch790>
<Switch791>
19
</Switch791>
<Switch792>
8
</Switch792>
<Switch793>
18
</Switch793>
<Switch794>
16
</Switch794>
<Switch795>
6
</Switch795>
<Switch796>
7
</Switch796>
<Switch797>
17
</Switch797>
<Switch798>
2
</Switch798>
<Switch799>
15
</Switch799>
<Switch800>
12
</Switch800>
<Switch801>
4
</Switch801>
<Switch802>
1
</Switch802>
<Switch803>
17
</Switch803>
<Switch804>
4
</Switch804>
<Switch805>
6
</Switch805>
<Switch806>
18
</Switch806>
<Switch807>
12
</Switch807>
<Switch808>
9
</Switch808>
<Switch809>
4
</Switch809>
<Switch810>
13
</Switch810>
<Switch811>
5
</Switch811>
<Switch812>
10
</Switch812>
<Switch813>
3
</Switch813>
<Switch814>
5
</Switch814>
<Switch815>
4
</Switch815>
<Switch816>
9
</Switch816>
<Switch817>
16
</Switch817>
<Switch818>
16
</Switch818>
<Switch819>
10
</Switch819>
<Switch820>
11
</Switch820>
<Switch821>
11
</Switch821>
<Switch822>
4
</Switch822>
<Switch823>
16
</Switch823>
<Switch824>
7
</Switch824>
<Switch825>
11
</Switch825>
<Switch826>
10
</Switch826>
<Switch827>
3
</Switch827>
<Switch828>
7
</Switch828>
<Switch829>
5
</Switch829>
<Switch830>
2
</Switch830>
<Switch831>
11
</Switch831>
<Switch832>
14
</Switch832>
<Switch833>
12
</Switch833>
<Switch834>
5
</Switch834>
<Switch835>
4
</Switch835>
<Switch836>
7
</Switch836>
<Switch837>
2
</Switch837>
<Switch838>
11
</Switch838>
<Switch839>
0
</Switch839>
<Switch840>
12
</Switch840>
<Switch841>
18
</Switch841>
<Switch842>
13
</Switch842>
<Switch843>
7
</Switch843>
<Switch844>
17
</Switch844>
<Switch845>
14
</Switch845>
<Switch846>
6
</Switch846>
<Switch847>
11
</Switch847>
<Switch848>
9
</Switch848>
<Switch849>
7
</Switch849>
<Switch850>
2
</Switch850>
<Switch851>
5
</Switch851>
<Switch852>
1
</Switch852>
<Switch853>
15
</Switch853>
<Switch854>
0
</Switch854>
<Switch855>
18
</Switch855>
<Switch856>
12
</Switch856>
<Switch857>
7
</Switch857>
<Switch858>
9
</Switch858>
<Switch859>
11
</Switch859>
<Switch860>
18
</Switch860>
<Switch861>
19
</Switch861>
<Switch862>
6
</Switch862>
<Switch863>
0
</Switch863>
<Switch864>
16
</Switch864>
<Switch865>
8
</Switch865>
<Switch866>
2
</Switch866>
<Switch867>
19
</Switch867>
<Switch868>
18
</Switch868>
<Switch869>
5
</Switch869>
<Switch870>
2
</Switch870>
<Switch871>
10
</Switch871>
<Switch872>
16
</Switch872>
<Switch873>
1
</Switch873>
<Switch874>
6
</Switch874>
<Switch875>
14
</Switch875>
<Switch876>
1
</Switch876>
<Switch877>
16
</Switch877>
<Switch878>
1
</Switch878>
<Switch879>
7
</Switch879>
<Switch880>
6
</Switch880>
<Switch881>
16
</Switch881>
<Switch882>
7
</Switch882>
<Switch883>
5
</Switch883>
<Switch884>
19
</Switch884>
<Switch885>
4
</Switch885>
<Switch886>
11
</Switch886>
<Switch887>
17
</Switch887>
<Switch888>
3
</Switch888>
<Switch889>
6
</Switch889>
<Switch890>
19
</Switch890>
<Switch891>
14
</Switch891>
<Switch892>
12
</Switch892>
<Switch893>
15
</Switch893>
<Switch894>
6
</Switch894>
<Switch895>
12
</Switch895>
<Switch896>
10
</Switch896>
<Switch897>
8
</Switch897>
<Switch898>
8
</Switch898>
<Switch899>
19
</Switch899>
<Switch900>
14
</Switch900>
<Switch901>
2
</Switch901>
<Switch902>
10
</Switch902>
<Switch903>
15
</Switch903>
<Switch904>
9
</Switch904>
<Switch905>
5
</Switch905>
<Switch906>
2
</Switch906>
<Switch907>
7
</Switch907>
<Switch908>
11
</Switch908>
<Switch909>
6
</Switch909>
<Switch910>
12
</Switch910>
<Switch911>
19
</Switch911>
<Switch912>
18
</Switch912>
<Switch913>
16
</Switch913>
<Switch914>
11
</Switch914>
<Switch915>
9
</Switch915>
<Switch916>
10
</Switch916>
<Switch917>
10
</Switch917>
<Switch918>
5
</Switch918>
<Switch919>
9
</Switch919>
<Switch920>
18
</Switch920>
<Switch921>
16
</Switch921>
<Switch922>
17
</Switch922>
<Switch923>
1
</Switch923>
<Switch924>
2
</Switch924>
<Switch925>
4
</Switch925>
<Switch926>
19
</Switch926>
<Switch927>
1
</Switch927>
<Switch928>
8
</Switch928>
<Switch929>
12
</Switch929>
<Switch930>
15
</Switch930>
<Switch931>
14
</Switch931>
<Switch932>
14
</Switch932>
<Switch933>
1
</Switch933>
<Switch934>
8
</Switch934>
<Switch935>
2
</Switch935>
<Switch936>
14
</Switch936>
<Switch937>
6
</Switch937>
<Switch938>
4
</Switch938>
<Switch939>
5
</Switch939>
<Switch940>
2
</Switch940>
<Switch941>
15
</Switch941>
<Switch942>
0
</Switch942>
<Switch943>
7
</Switch943>
<Switch944>
7
</Switch944>
<Switch945>
9
</Switch945>
<Switch946>
10
</Switch946>
<Switch947>
10
</Switch947>
<Switch948>
4
</Switch948>
<Switch949>
5
</Switch949>
<Switch950>
15
</Switch950>
<Switch951>
14
</Switch951>
<Switch952>
7
</Switch952>
<Switch953>
17
</Switch953>
<Switch954>
16
</Switch954>
<Switch955>
15
</Switch955>
<Switch956>
11
</Switch956>
<Switch957>
15
</Switch957>
<Switch958>
12
</Switch958>
<Switch959>
16
</Switch959>
<Switch960>
2
</Switch960>
<Switch961>
12
</Switch961>
<Switch962>
19
</Switch962>
<Switch963>
19
</Switch963>
<Switch964>
3
</Switch964>
<Switch965>
0
</Switch965>
<Switch966>
7
</Switch966>
<Switch967>
1
</Switch967>
<Switch968>
5
</Switch968>
<Switch969>
1
</Switch969>
<Switch970>
12
</Switch970>
<Switch971>
0
</Switch971>
<Switch972>
14
</Switch972>
<Switch973>
17
</Switch973>
<Switch974>
3
</Switch974>
<Switch975>
2
</Switch975>
<Switch976>
14
</Switch976>
</BaseID:1215>
