<?xml version="1.0"?>

<BaseID:1217>
<Switch1>
11
</Switch1>
<Switch2>
1
</Switch2>
<Switch3>
1
</Switch3>
<Switch4>
17
</Switch4>
<Switch5>
9
</Switch5>
<Switch6>
2
</Switch6>
<Switch7>
19
</Switch7>
<Switch8>
4
</Switch8>
<Switch9>
13
</Switch9>
<Switch10>
6
</Switch10>
<Switch11>
8
</Switch11>
<Switch12>
1
</Switch12>
<Switch13>
2
</Switch13>
<Switch14>
15
</Switch14>
<Switch15>
19
</Switch15>
<Switch16>
9
</Switch16>
<Switch17>
2
</Switch17>
<Switch18>
8
</Switch18>
<Switch19>
12
</Switch19>
<Switch20>
8
</Switch20>
<Switch21>
11
</Switch21>
<Switch22>
18
</Switch22>
<Switch23>
6
</Switch23>
<Switch24>
12
</Switch24>
<Switch25>
11
</Switch25>
<Switch26>
0
</Switch26>
<Switch27>
7
</Switch27>
<Switch28>
8
</Switch28>
<Switch29>
1
</Switch29>
<Switch30>
6
</Switch30>
<Switch31>
3
</Switch31>
<Switch32>
17
</Switch32>
<Switch33>
1
</Switch33>
<Switch34>
0
</Switch34>
<Switch35>
3
</Switch35>
<Switch36>
4
</Switch36>
<Switch37>
3
</Switch37>
<Switch38>
12
</Switch38>
<Switch39>
17
</Switch39>
<Switch40>
15
</Switch40>
<Switch41>
1
</Switch41>
<Switch42>
18
</Switch42>
<Switch43>
0
</Switch43>
<Switch44>
6
</Switch44>
<Switch45>
3
</Switch45>
<Switch46>
9
</Switch46>
<Switch47>
5
</Switch47>
<Switch48>
7
</Switch48>
<Switch49>
16
</Switch49>
<Switch50>
12
</Switch50>
<Switch51>
13
</Switch51>
<Switch52>
5
</Switch52>
<Switch53>
7
</Switch53>
<Switch54>
7
</Switch54>
<Switch55>
15
</Switch55>
<Switch56>
9
</Switch56>
<Switch57>
19
</Switch57>
<Switch58>
15
</Switch58>
<Switch59>
14
</Switch59>
<Switch60>
7
</Switch60>
<Switch61>
5
</Switch61>
<Switch62>
12
</Switch62>
<Switch63>
16
</Switch63>
<Switch64>
3
</Switch64>
<Switch65>
19
</Switch65>
<Switch66>
2
</Switch66>
<Switch67>
3
</Switch67>
<Switch68>
14
</Switch68>
<Switch69>
15
</Switch69>
<Switch70>
12
</Switch70>
<Switch71>
17
</Switch71>
<Switch72>
7
</Switch72>
<Switch73>
14
</Switch73>
<Switch74>
14
</Switch74>
<Switch75>
3
</Switch75>
<Switch76>
16
</Switch76>
<Switch77>
11
</Switch77>
<Switch78>
17
</Switch78>
<Switch79>
14
</Switch79>
<Switch80>
10
</Switch80>
<Switch81>
11
</Switch81>
<Switch82>
1
</Switch82>
<Switch83>
17
</Switch83>
<Switch84>
12
</Switch84>
<Switch85>
10
</Switch85>
<Switch86>
18
</Switch86>
<Switch87>
19
</Switch87>
<Switch88>
1
</Switch88>
<Switch89>
14
</Switch89>
<Switch90>
0
</Switch90>
<Switch91>
18
</Switch91>
<Switch92>
4
</Switch92>
<Switch93>
1
</Switch93>
<Switch94>
18
</Switch94>
<Switch95>
6
</Switch95>
<Switch96>
6
</Switch96>
<Switch97>
9
</Switch97>
<Switch98>
15
</Switch98>
<Switch99>
16
</Switch99>
<Switch100>
7
</Switch100>
<Switch101>
15
</Switch101>
<Switch102>
16
</Switch102>
<Switch103>
3
</Switch103>
<Switch104>
17
</Switch104>
<Switch105>
0
</Switch105>
<Switch106>
17
</Switch106>
<Switch107>
16
</Switch107>
<Switch108>
6
</Switch108>
<Switch109>
16
</Switch109>
<Switch110>
2
</Switch110>
<Switch111>
14
</Switch111>
<Switch112>
4
</Switch112>
<Switch113>
13
</Switch113>
<Switch114>
6
</Switch114>
<Switch115>
4
</Switch115>
<Switch116>
8
</Switch116>
<Switch117>
0
</Switch117>
<Switch118>
16
</Switch118>
<Switch119>
16
</Switch119>
<Switch120>
5
</Switch120>
<Switch121>
16
</Switch121>
<Switch122>
15
</Switch122>
<Switch123>
14
</Switch123>
<Switch124>
19
</Switch124>
<Switch125>
16
</Switch125>
<Switch126>
12
</Switch126>
<Switch127>
9
</Switch127>
<Switch128>
12
</Switch128>
<Switch129>
12
</Switch129>
<Switch130>
14
</Switch130>
<Switch131>
15
</Switch131>
<Switch132>
14
</Switch132>
<Switch133>
16
</Switch133>
<Switch134>
14
</Switch134>
<Switch135>
11
</Switch135>
<Switch136>
16
</Switch136>
<Switch137>
15
</Switch137>
<Switch138>
12
</Switch138>
<Switch139>
0
</Switch139>
<Switch140>
3
</Switch140>
<Switch141>
6
</Switch141>
<Switch142>
10
</Switch142>
<Switch143>
17
</Switch143>
<Switch144>
9
</Switch144>
<Switch145>
18
</Switch145>
<Switch146>
12
</Switch146>
<Switch147>
3
</Switch147>
<Switch148>
1
</Switch148>
<Switch149>
5
</Switch149>
<Switch150>
14
</Switch150>
<Switch151>
4
</Switch151>
<Switch152>
8
</Switch152>
<Switch153>
5
</Switch153>
<Switch154>
7
</Switch154>
<Switch155>
6
</Switch155>
<Switch156>
0
</Switch156>
<Switch157>
19
</Switch157>
<Switch158>
7
</Switch158>
<Switch159>
10
</Switch159>
<Switch160>
7
</Switch160>
<Switch161>
15
</Switch161>
<Switch162>
7
</Switch162>
<Switch163>
15
</Switch163>
<Switch164>
17
</Switch164>
<Switch165>
1
</Switch165>
<Switch166>
8
</Switch166>
<Switch167>
17
</Switch167>
<Switch168>
8
</Switch168>
<Switch169>
0
</Switch169>
<Switch170>
2
</Switch170>
<Switch171>
18
</Switch171>
<Switch172>
5
</Switch172>
<Switch173>
3
</Switch173>
<Switch174>
4
</Switch174>
<Switch175>
11
</Switch175>
<Switch176>
11
</Switch176>
<Switch177>
8
</Switch177>
<Switch178>
11
</Switch178>
<Switch179>
10
</Switch179>
<Switch180>
18
</Switch180>
<Switch181>
17
</Switch181>
<Switch182>
19
</Switch182>
<Switch183>
1
</Switch183>
<Switch184>
14
</Switch184>
<Switch185>
18
</Switch185>
<Switch186>
9
</Switch186>
<Switch187>
7
</Switch187>
<Switch188>
7
</Switch188>
<Switch189>
10
</Switch189>
<Switch190>
2
</Switch190>
<Switch191>
3
</Switch191>
<Switch192>
19
</Switch192>
<Switch193>
18
</Switch193>
<Switch194>
16
</Switch194>
<Switch195>
17
</Switch195>
<Switch196>
10
</Switch196>
<Switch197>
4
</Switch197>
<Switch198>
4
</Switch198>
<Switch199>
17
</Switch199>
<Switch200>
10
</Switch200>
<Switch201>
2
</Switch201>
<Switch202>
13
</Switch202>
<Switch203>
19
</Switch203>
<Switch204>
10
</Switch204>
<Switch205>
9
</Switch205>
<Switch206>
9
</Switch206>
<Switch207>
0
</Switch207>
<Switch208>
1
</Switch208>
<Switch209>
5
</Switch209>
<Switch210>
10
</Switch210>
<Switch211>
0
</Switch211>
<Switch212>
17
</Switch212>
<Switch213>
15
</Switch213>
<Switch214>
19
</Switch214>
<Switch215>
1
</Switch215>
<Switch216>
4
</Switch216>
<Switch217>
10
</Switch217>
<Switch218>
16
</Switch218>
<Switch219>
5
</Switch219>
<Switch220>
0
</Switch220>
<Switch221>
17
</Switch221>
<Switch222>
16
</Switch222>
<Switch223>
13
</Switch223>
<Switch224>
3
</Switch224>
<Switch225>
18
</Switch225>
<Switch226>
11
</Switch226>
<Switch227>
16
</Switch227>
<Switch228>
7
</Switch228>
<Switch229>
11
</Switch229>
<Switch230>
9
</Switch230>
<Switch231>
19
</Switch231>
<Switch232>
9
</Switch232>
<Switch233>
17
</Switch233>
<Switch234>
2
</Switch234>
<Switch235>
18
</Switch235>
<Switch236>
15
</Switch236>
<Switch237>
5
</Switch237>
<Switch238>
15
</Switch238>
<Switch239>
1
</Switch239>
<Switch240>
16
</Switch240>
<Switch241>
0
</Switch241>
<Switch242>
10
</Switch242>
<Switch243>
17
</Switch243>
<Switch244>
12
</Switch244>
<Switch245>
17
</Switch245>
<Switch246>
2
</Switch246>
<Switch247>
18
</Switch247>
<Switch248>
14
</Switch248>
<Switch249>
2
</Switch249>
<Switch250>
9
</Switch250>
<Switch251>
11
</Switch251>
<Switch252>
14
</Switch252>
<Switch253>
15
</Switch253>
<Switch254>
8
</Switch254>
<Switch255>
12
</Switch255>
<Switch256>
11
</Switch256>
<Switch257>
13
</Switch257>
<Switch258>
1
</Switch258>
<Switch259>
13
</Switch259>
<Switch260>
10
</Switch260>
<Switch261>
11
</Switch261>
<Switch262>
0
</Switch262>
<Switch263>
15
</Switch263>
<Switch264>
17
</Switch264>
<Switch265>
13
</Switch265>
<Switch266>
8
</Switch266>
<Switch267>
16
</Switch267>
<Switch268>
4
</Switch268>
<Switch269>
19
</Switch269>
<Switch270>
12
</Switch270>
<Switch271>
16
</Switch271>
<Switch272>
2
</Switch272>
<Switch273>
10
</Switch273>
<Switch274>
2
</Switch274>
<Switch275>
19
</Switch275>
<Switch276>
12
</Switch276>
<Switch277>
16
</Switch277>
<Switch278>
12
</Switch278>
<Switch279>
14
</Switch279>
<Switch280>
10
</Switch280>
<Switch281>
12
</Switch281>
<Switch282>
4
</Switch282>
<Switch283>
6
</Switch283>
<Switch284>
15
</Switch284>
<Switch285>
10
</Switch285>
<Switch286>
7
</Switch286>
<Switch287>
4
</Switch287>
<Switch288>
0
</Switch288>
<Switch289>
17
</Switch289>
<Switch290>
17
</Switch290>
<Switch291>
7
</Switch291>
<Switch292>
4
</Switch292>
<Switch293>
16
</Switch293>
<Switch294>
19
</Switch294>
<Switch295>
5
</Switch295>
<Switch296>
3
</Switch296>
<Switch297>
3
</Switch297>
<Switch298>
17
</Switch298>
<Switch299>
4
</Switch299>
<Switch300>
5
</Switch300>
<Switch301>
11
</Switch301>
<Switch302>
11
</Switch302>
<Switch303>
14
</Switch303>
<Switch304>
11
</Switch304>
<Switch305>
17
</Switch305>
<Switch306>
7
</Switch306>
<Switch307>
19
</Switch307>
<Switch308>
5
</Switch308>
<Switch309>
19
</Switch309>
<Switch310>
14
</Switch310>
<Switch311>
15
</Switch311>
<Switch312>
7
</Switch312>
<Switch313>
14
</Switch313>
<Switch314>
13
</Switch314>
<Switch315>
1
</Switch315>
<Switch316>
18
</Switch316>
<Switch317>
8
</Switch317>
<Switch318>
18
</Switch318>
<Switch319>
14
</Switch319>
<Switch320>
9
</Switch320>
<Switch321>
14
</Switch321>
<Switch322>
4
</Switch322>
<Switch323>
3
</Switch323>
<Switch324>
13
</Switch324>
<Switch325>
18
</Switch325>
<Switch326>
3
</Switch326>
<Switch327>
1
</Switch327>
<Switch328>
11
</Switch328>
<Switch329>
18
</Switch329>
<Switch330>
14
</Switch330>
<Switch331>
19
</Switch331>
<Switch332>
6
</Switch332>
<Switch333>
9
</Switch333>
<Switch334>
0
</Switch334>
<Switch335>
15
</Switch335>
<Switch336>
2
</Switch336>
<Switch337>
11
</Switch337>
<Switch338>
5
</Switch338>
<Switch339>
11
</Switch339>
<Switch340>
11
</Switch340>
<Switch341>
1
</Switch341>
<Switch342>
18
</Switch342>
<Switch343>
12
</Switch343>
<Switch344>
2
</Switch344>
<Switch345>
3
</Switch345>
<Switch346>
11
</Switch346>
<Switch347>
8
</Switch347>
<Switch348>
10
</Switch348>
<Switch349>
14
</Switch349>
<Switch350>
10
</Switch350>
<Switch351>
0
</Switch351>
<Switch352>
7
</Switch352>
<Switch353>
14
</Switch353>
<Switch354>
2
</Switch354>
<Switch355>
9
</Switch355>
<Switch356>
5
</Switch356>
<Switch357>
0
</Switch357>
<Switch358>
9
</Switch358>
<Switch359>
11
</Switch359>
<Switch360>
3
</Switch360>
<Switch361>
10
</Switch361>
<Switch362>
14
</Switch362>
<Switch363>
9
</Switch363>
<Switch364>
7
</Switch364>
<Switch365>
0
</Switch365>
<Switch366>
3
</Switch366>
<Switch367>
0
</Switch367>
<Switch368>
3
</Switch368>
<Switch369>
11
</Switch369>
<Switch370>
0
</Switch370>
<Switch371>
11
</Switch371>
<Switch372>
18
</Switch372>
<Switch373>
13
</Switch373>
<Switch374>
2
</Switch374>
<Switch375>
0
</Switch375>
<Switch376>
17
</Switch376>
<Switch377>
8
</Switch377>
<Switch378>
3
</Switch378>
<Switch379>
1
</Switch379>
<Switch380>
8
</Switch380>
<Switch381>
19
</Switch381>
<Switch382>
1
</Switch382>
<Switch383>
15
</Switch383>
<Switch384>
17
</Switch384>
<Switch385>
7
</Switch385>
<Switch386>
6
</Switch386>
<Switch387>
16
</Switch387>
<Switch388>
0
</Switch388>
<Switch389>
4
</Switch389>
<Switch390>
12
</Switch390>
<Switch391>
16
</Switch391>
<Switch392>
14
</Switch392>
<Switch393>
0
</Switch393>
<Switch394>
18
</Switch394>
<Switch395>
5
</Switch395>
<Switch396>
0
</Switch396>
<Switch397>
5
</Switch397>
<Switch398>
4
</Switch398>
<Switch399>
19
</Switch399>
<Switch400>
18
</Switch400>
<Switch401>
14
</Switch401>
<Switch402>
15
</Switch402>
<Switch403>
14
</Switch403>
<Switch404>
14
</Switch404>
<Switch405>
0
</Switch405>
<Switch406>
5
</Switch406>
<Switch407>
5
</Switch407>
<Switch408>
19
</Switch408>
<Switch409>
7
</Switch409>
<Switch410>
0
</Switch410>
<Switch411>
5
</Switch411>
<Switch412>
0
</Switch412>
<Switch413>
5
</Switch413>
<Switch414>
13
</Switch414>
<Switch415>
0
</Switch415>
<Switch416>
3
</Switch416>
<Switch417>
12
</Switch417>
<Switch418>
17
</Switch418>
<Switch419>
12
</Switch419>
<Switch420>
6
</Switch420>
<Switch421>
12
</Switch421>
<Switch422>
16
</Switch422>
<Switch423>
2
</Switch423>
<Switch424>
5
</Switch424>
<Switch425>
15
</Switch425>
<Switch426>
10
</Switch426>
<Switch427>
11
</Switch427>
<Switch428>
1
</Switch428>
<Switch429>
8
</Switch429>
<Switch430>
15
</Switch430>
<Switch431>
5
</Switch431>
<Switch432>
5
</Switch432>
<Switch433>
15
</Switch433>
<Switch434>
19
</Switch434>
<Switch435>
1
</Switch435>
<Switch436>
15
</Switch436>
<Switch437>
10
</Switch437>
<Switch438>
15
</Switch438>
<Switch439>
6
</Switch439>
<Switch440>
13
</Switch440>
<Switch441>
2
</Switch441>
<Switch442>
7
</Switch442>
<Switch443>
11
</Switch443>
<Switch444>
7
</Switch444>
<Switch445>
2
</Switch445>
<Switch446>
17
</Switch446>
<Switch447>
13
</Switch447>
<Switch448>
18
</Switch448>
<Switch449>
18
</Switch449>
<Switch450>
11
</Switch450>
<Switch451>
6
</Switch451>
<Switch452>
15
</Switch452>
<Switch453>
0
</Switch453>
<Switch454>
17
</Switch454>
<Switch455>
10
</Switch455>
<Switch456>
6
</Switch456>
<Switch457>
3
</Switch457>
<Switch458>
6
</Switch458>
<Switch459>
8
</Switch459>
<Switch460>
17
</Switch460>
<Switch461>
12
</Switch461>
<Switch462>
13
</Switch462>
<Switch463>
19
</Switch463>
<Switch464>
1
</Switch464>
<Switch465>
10
</Switch465>
<Switch466>
11
</Switch466>
<Switch467>
16
</Switch467>
<Switch468>
13
</Switch468>
<Switch469>
19
</Switch469>
<Switch470>
0
</Switch470>
<Switch471>
7
</Switch471>
<Switch472>
2
</Switch472>
<Switch473>
1
</Switch473>
<Switch474>
8
</Switch474>
<Switch475>
16
</Switch475>
<Switch476>
11
</Switch476>
<Switch477>
19
</Switch477>
<Switch478>
13
</Switch478>
<Switch479>
7
</Switch479>
<Switch480>
1
</Switch480>
<Switch481>
8
</Switch481>
<Switch482>
7
</Switch482>
<Switch483>
2
</Switch483>
<Switch484>
3
</Switch484>
<Switch485>
10
</Switch485>
<Switch486>
19
</Switch486>
<Switch487>
0
</Switch487>
<Switch488>
9
</Switch488>
<Switch489>
8
</Switch489>
<Switch490>
9
</Switch490>
<Switch491>
12
</Switch491>
<Switch492>
18
</Switch492>
<Switch493>
11
</Switch493>
<Switch494>
12
</Switch494>
<Switch495>
7
</Switch495>
<Switch496>
8
</Switch496>
<Switch497>
19
</Switch497>
<Switch498>
16
</Switch498>
<Switch499>
5
</Switch499>
<Switch500>
15
</Switch500>
<Switch501>
14
</Switch501>
<Switch502>
5
</Switch502>
<Switch503>
7
</Switch503>
<Switch504>
7
</Switch504>
<Switch505>
10
</Switch505>
<Switch506>
2
</Switch506>
<Switch507>
19
</Switch507>
<Switch508>
1
</Switch508>
<Switch509>
12
</Switch509>
<Switch510>
9
</Switch510>
<Switch511>
11
</Switch511>
<Switch512>
4
</Switch512>
<Switch513>
10
</Switch513>
<Switch514>
14
</Switch514>
<Switch515>
19
</Switch515>
<Switch516>
17
</Switch516>
<Switch517>
12
</Switch517>
<Switch518>
15
</Switch518>
<Switch519>
1
</Switch519>
<Switch520>
8
</Switch520>
<Switch521>
19
</Switch521>
<Switch522>
7
</Switch522>
<Switch523>
18
</Switch523>
<Switch524>
18
</Switch524>
<Switch525>
15
</Switch525>
<Switch526>
10
</Switch526>
<Switch527>
3
</Switch527>
<Switch528>
9
</Switch528>
<Switch529>
15
</Switch529>
<Switch530>
18
</Switch530>
<Switch531>
19
</Switch531>
<Switch532>
11
</Switch532>
<Switch533>
12
</Switch533>
<Switch534>
8
</Switch534>
<Switch535>
16
</Switch535>
<Switch536>
3
</Switch536>
<Switch537>
19
</Switch537>
<Switch538>
10
</Switch538>
<Switch539>
14
</Switch539>
<Switch540>
0
</Switch540>
<Switch541>
12
</Switch541>
<Switch542>
14
</Switch542>
<Switch543>
11
</Switch543>
<Switch544>
16
</Switch544>
<Switch545>
4
</Switch545>
<Switch546>
15
</Switch546>
<Switch547>
14
</Switch547>
<Switch548>
3
</Switch548>
<Switch549>
11
</Switch549>
<Switch550>
19
</Switch550>
<Switch551>
19
</Switch551>
<Switch552>
10
</Switch552>
<Switch553>
19
</Switch553>
<Switch554>
14
</Switch554>
<Switch555>
15
</Switch555>
<Switch556>
18
</Switch556>
<Switch557>
9
</Switch557>
<Switch558>
6
</Switch558>
<Switch559>
5
</Switch559>
<Switch560>
17
</Switch560>
<Switch561>
17
</Switch561>
<Switch562>
9
</Switch562>
<Switch563>
12
</Switch563>
<Switch564>
19
</Switch564>
<Switch565>
5
</Switch565>
<Switch566>
7
</Switch566>
<Switch567>
17
</Switch567>
<Switch568>
14
</Switch568>
<Switch569>
19
</Switch569>
<Switch570>
4
</Switch570>
<Switch571>
17
</Switch571>
<Switch572>
14
</Switch572>
<Switch573>
13
</Switch573>
<Switch574>
2
</Switch574>
<Switch575>
9
</Switch575>
<Switch576>
9
</Switch576>
<Switch577>
10
</Switch577>
<Switch578>
4
</Switch578>
<Switch579>
6
</Switch579>
<Switch580>
15
</Switch580>
<Switch581>
15
</Switch581>
<Switch582>
5
</Switch582>
<Switch583>
15
</Switch583>
<Switch584>
12
</Switch584>
<Switch585>
16
</Switch585>
<Switch586>
4
</Switch586>
<Switch587>
14
</Switch587>
<Switch588>
3
</Switch588>
<Switch589>
0
</Switch589>
<Switch590>
9
</Switch590>
<Switch591>
11
</Switch591>
<Switch592>
7
</Switch592>
<Switch593>
17
</Switch593>
<Switch594>
16
</Switch594>
<Switch595>
8
</Switch595>
<Switch596>
8
</Switch596>
<Switch597>
13
</Switch597>
<Switch598>
1
</Switch598>
<Switch599>
2
</Switch599>
<Switch600>
17
</Switch600>
<Switch601>
19
</Switch601>
<Switch602>
12
</Switch602>
<Switch603>
17
</Switch603>
<Switch604>
14
</Switch604>
<Switch605>
17
</Switch605>
<Switch606>
11
</Switch606>
<Switch607>
19
</Switch607>
<Switch608>
18
</Switch608>
<Switch609>
13
</Switch609>
<Switch610>
3
</Switch610>
<Switch611>
3
</Switch611>
<Switch612>
10
</Switch612>
<Switch613>
4
</Switch613>
<Switch614>
8
</Switch614>
<Switch615>
10
</Switch615>
<Switch616>
8
</Switch616>
<Switch617>
15
</Switch617>
<Switch618>
10
</Switch618>
<Switch619>
12
</Switch619>
<Switch620>
19
</Switch620>
<Switch621>
18
</Switch621>
<Switch622>
9
</Switch622>
<Switch623>
11
</Switch623>
<Switch624>
11
</Switch624>
<Switch625>
0
</Switch625>
<Switch626>
19
</Switch626>
<Switch627>
4
</Switch627>
<Switch628>
7
</Switch628>
<Switch629>
12
</Switch629>
<Switch630>
14
</Switch630>
<Switch631>
19
</Switch631>
<Switch632>
0
</Switch632>
<Switch633>
9
</Switch633>
<Switch634>
17
</Switch634>
<Switch635>
6
</Switch635>
<Switch636>
7
</Switch636>
<Switch637>
13
</Switch637>
<Switch638>
16
</Switch638>
<Switch639>
3
</Switch639>
<Switch640>
19
</Switch640>
<Switch641>
9
</Switch641>
<Switch642>
8
</Switch642>
</BaseID:1217>
