<?xml version="1.0"?>

<BaseID:1220>
<Switch1>
2
</Switch1>
<Switch2>
10
</Switch2>
<Switch3>
12
</Switch3>
<Switch4>
17
</Switch4>
<Switch5>
5
</Switch5>
<Switch6>
7
</Switch6>
<Switch7>
2
</Switch7>
<Switch8>
8
</Switch8>
<Switch9>
19
</Switch9>
<Switch10>
5
</Switch10>
<Switch11>
3
</Switch11>
<Switch12>
9
</Switch12>
<Switch13>
6
</Switch13>
<Switch14>
7
</Switch14>
<Switch15>
4
</Switch15>
<Switch16>
12
</Switch16>
<Switch17>
7
</Switch17>
<Switch18>
17
</Switch18>
<Switch19>
15
</Switch19>
<Switch20>
18
</Switch20>
<Switch21>
16
</Switch21>
<Switch22>
1
</Switch22>
<Switch23>
2
</Switch23>
<Switch24>
7
</Switch24>
<Switch25>
5
</Switch25>
<Switch26>
3
</Switch26>
<Switch27>
4
</Switch27>
<Switch28>
15
</Switch28>
<Switch29>
9
</Switch29>
<Switch30>
12
</Switch30>
<Switch31>
0
</Switch31>
<Switch32>
11
</Switch32>
<Switch33>
1
</Switch33>
<Switch34>
6
</Switch34>
<Switch35>
6
</Switch35>
<Switch36>
3
</Switch36>
<Switch37>
11
</Switch37>
<Switch38>
19
</Switch38>
<Switch39>
2
</Switch39>
<Switch40>
6
</Switch40>
<Switch41>
17
</Switch41>
<Switch42>
19
</Switch42>
<Switch43>
0
</Switch43>
<Switch44>
2
</Switch44>
<Switch45>
17
</Switch45>
<Switch46>
15
</Switch46>
<Switch47>
10
</Switch47>
<Switch48>
13
</Switch48>
<Switch49>
16
</Switch49>
<Switch50>
4
</Switch50>
<Switch51>
5
</Switch51>
<Switch52>
5
</Switch52>
<Switch53>
19
</Switch53>
<Switch54>
13
</Switch54>
<Switch55>
7
</Switch55>
<Switch56>
9
</Switch56>
<Switch57>
14
</Switch57>
<Switch58>
3
</Switch58>
<Switch59>
14
</Switch59>
<Switch60>
0
</Switch60>
<Switch61>
0
</Switch61>
<Switch62>
19
</Switch62>
<Switch63>
6
</Switch63>
<Switch64>
19
</Switch64>
<Switch65>
9
</Switch65>
<Switch66>
5
</Switch66>
<Switch67>
1
</Switch67>
<Switch68>
19
</Switch68>
<Switch69>
11
</Switch69>
<Switch70>
16
</Switch70>
<Switch71>
4
</Switch71>
<Switch72>
13
</Switch72>
<Switch73>
0
</Switch73>
<Switch74>
13
</Switch74>
<Switch75>
11
</Switch75>
<Switch76>
3
</Switch76>
<Switch77>
1
</Switch77>
<Switch78>
9
</Switch78>
<Switch79>
18
</Switch79>
<Switch80>
0
</Switch80>
<Switch81>
7
</Switch81>
<Switch82>
12
</Switch82>
<Switch83>
3
</Switch83>
<Switch84>
0
</Switch84>
<Switch85>
16
</Switch85>
<Switch86>
0
</Switch86>
<Switch87>
3
</Switch87>
<Switch88>
2
</Switch88>
<Switch89>
17
</Switch89>
<Switch90>
16
</Switch90>
<Switch91>
8
</Switch91>
<Switch92>
3
</Switch92>
<Switch93>
7
</Switch93>
<Switch94>
18
</Switch94>
<Switch95>
9
</Switch95>
<Switch96>
3
</Switch96>
<Switch97>
13
</Switch97>
<Switch98>
15
</Switch98>
<Switch99>
10
</Switch99>
<Switch100>
2
</Switch100>
<Switch101>
15
</Switch101>
<Switch102>
14
</Switch102>
<Switch103>
4
</Switch103>
<Switch104>
14
</Switch104>
<Switch105>
16
</Switch105>
<Switch106>
18
</Switch106>
<Switch107>
5
</Switch107>
<Switch108>
5
</Switch108>
<Switch109>
19
</Switch109>
<Switch110>
18
</Switch110>
<Switch111>
17
</Switch111>
<Switch112>
7
</Switch112>
<Switch113>
1
</Switch113>
<Switch114>
8
</Switch114>
<Switch115>
8
</Switch115>
<Switch116>
12
</Switch116>
<Switch117>
8
</Switch117>
<Switch118>
3
</Switch118>
<Switch119>
16
</Switch119>
<Switch120>
7
</Switch120>
<Switch121>
11
</Switch121>
<Switch122>
19
</Switch122>
<Switch123>
7
</Switch123>
<Switch124>
7
</Switch124>
<Switch125>
17
</Switch125>
<Switch126>
13
</Switch126>
<Switch127>
6
</Switch127>
<Switch128>
12
</Switch128>
<Switch129>
13
</Switch129>
<Switch130>
7
</Switch130>
<Switch131>
0
</Switch131>
<Switch132>
13
</Switch132>
<Switch133>
16
</Switch133>
<Switch134>
13
</Switch134>
<Switch135>
18
</Switch135>
<Switch136>
4
</Switch136>
<Switch137>
2
</Switch137>
<Switch138>
3
</Switch138>
<Switch139>
14
</Switch139>
<Switch140>
10
</Switch140>
<Switch141>
2
</Switch141>
<Switch142>
9
</Switch142>
<Switch143>
19
</Switch143>
<Switch144>
11
</Switch144>
<Switch145>
16
</Switch145>
<Switch146>
6
</Switch146>
<Switch147>
9
</Switch147>
<Switch148>
6
</Switch148>
<Switch149>
2
</Switch149>
<Switch150>
12
</Switch150>
<Switch151>
8
</Switch151>
<Switch152>
3
</Switch152>
<Switch153>
1
</Switch153>
<Switch154>
7
</Switch154>
<Switch155>
2
</Switch155>
<Switch156>
18
</Switch156>
<Switch157>
3
</Switch157>
<Switch158>
12
</Switch158>
<Switch159>
7
</Switch159>
<Switch160>
5
</Switch160>
<Switch161>
5
</Switch161>
<Switch162>
14
</Switch162>
<Switch163>
8
</Switch163>
<Switch164>
14
</Switch164>
<Switch165>
9
</Switch165>
<Switch166>
2
</Switch166>
<Switch167>
14
</Switch167>
<Switch168>
19
</Switch168>
<Switch169>
17
</Switch169>
<Switch170>
0
</Switch170>
<Switch171>
8
</Switch171>
<Switch172>
15
</Switch172>
<Switch173>
12
</Switch173>
<Switch174>
10
</Switch174>
<Switch175>
1
</Switch175>
<Switch176>
14
</Switch176>
<Switch177>
18
</Switch177>
<Switch178>
7
</Switch178>
<Switch179>
5
</Switch179>
<Switch180>
4
</Switch180>
<Switch181>
4
</Switch181>
<Switch182>
13
</Switch182>
<Switch183>
5
</Switch183>
<Switch184>
14
</Switch184>
<Switch185>
11
</Switch185>
<Switch186>
5
</Switch186>
<Switch187>
2
</Switch187>
<Switch188>
10
</Switch188>
<Switch189>
13
</Switch189>
<Switch190>
8
</Switch190>
<Switch191>
5
</Switch191>
<Switch192>
11
</Switch192>
<Switch193>
10
</Switch193>
<Switch194>
4
</Switch194>
<Switch195>
10
</Switch195>
<Switch196>
10
</Switch196>
<Switch197>
0
</Switch197>
<Switch198>
15
</Switch198>
<Switch199>
13
</Switch199>
<Switch200>
16
</Switch200>
<Switch201>
2
</Switch201>
<Switch202>
1
</Switch202>
<Switch203>
2
</Switch203>
<Switch204>
7
</Switch204>
<Switch205>
19
</Switch205>
<Switch206>
5
</Switch206>
<Switch207>
9
</Switch207>
<Switch208>
7
</Switch208>
<Switch209>
7
</Switch209>
<Switch210>
10
</Switch210>
<Switch211>
12
</Switch211>
<Switch212>
15
</Switch212>
<Switch213>
0
</Switch213>
<Switch214>
12
</Switch214>
<Switch215>
18
</Switch215>
<Switch216>
9
</Switch216>
<Switch217>
15
</Switch217>
<Switch218>
13
</Switch218>
<Switch219>
14
</Switch219>
<Switch220>
13
</Switch220>
<Switch221>
15
</Switch221>
<Switch222>
11
</Switch222>
<Switch223>
8
</Switch223>
<Switch224>
13
</Switch224>
<Switch225>
10
</Switch225>
<Switch226>
16
</Switch226>
<Switch227>
13
</Switch227>
<Switch228>
5
</Switch228>
<Switch229>
15
</Switch229>
<Switch230>
6
</Switch230>
<Switch231>
17
</Switch231>
<Switch232>
10
</Switch232>
<Switch233>
3
</Switch233>
<Switch234>
9
</Switch234>
<Switch235>
14
</Switch235>
<Switch236>
16
</Switch236>
<Switch237>
0
</Switch237>
<Switch238>
6
</Switch238>
<Switch239>
16
</Switch239>
<Switch240>
7
</Switch240>
<Switch241>
17
</Switch241>
<Switch242>
13
</Switch242>
<Switch243>
12
</Switch243>
<Switch244>
2
</Switch244>
<Switch245>
7
</Switch245>
<Switch246>
19
</Switch246>
<Switch247>
2
</Switch247>
<Switch248>
12
</Switch248>
<Switch249>
11
</Switch249>
<Switch250>
14
</Switch250>
<Switch251>
3
</Switch251>
<Switch252>
13
</Switch252>
<Switch253>
16
</Switch253>
<Switch254>
19
</Switch254>
<Switch255>
5
</Switch255>
<Switch256>
15
</Switch256>
<Switch257>
8
</Switch257>
<Switch258>
11
</Switch258>
<Switch259>
13
</Switch259>
<Switch260>
10
</Switch260>
<Switch261>
7
</Switch261>
<Switch262>
6
</Switch262>
<Switch263>
15
</Switch263>
<Switch264>
9
</Switch264>
<Switch265>
14
</Switch265>
<Switch266>
12
</Switch266>
<Switch267>
0
</Switch267>
<Switch268>
9
</Switch268>
<Switch269>
11
</Switch269>
<Switch270>
1
</Switch270>
<Switch271>
7
</Switch271>
<Switch272>
13
</Switch272>
<Switch273>
14
</Switch273>
<Switch274>
5
</Switch274>
<Switch275>
14
</Switch275>
<Switch276>
7
</Switch276>
<Switch277>
9
</Switch277>
<Switch278>
9
</Switch278>
<Switch279>
15
</Switch279>
<Switch280>
14
</Switch280>
<Switch281>
2
</Switch281>
<Switch282>
9
</Switch282>
<Switch283>
8
</Switch283>
<Switch284>
11
</Switch284>
<Switch285>
9
</Switch285>
<Switch286>
7
</Switch286>
<Switch287>
6
</Switch287>
<Switch288>
14
</Switch288>
<Switch289>
5
</Switch289>
<Switch290>
13
</Switch290>
<Switch291>
3
</Switch291>
<Switch292>
7
</Switch292>
<Switch293>
12
</Switch293>
<Switch294>
15
</Switch294>
<Switch295>
3
</Switch295>
<Switch296>
14
</Switch296>
<Switch297>
14
</Switch297>
<Switch298>
16
</Switch298>
<Switch299>
18
</Switch299>
<Switch300>
13
</Switch300>
<Switch301>
0
</Switch301>
<Switch302>
7
</Switch302>
<Switch303>
8
</Switch303>
<Switch304>
17
</Switch304>
<Switch305>
17
</Switch305>
<Switch306>
13
</Switch306>
<Switch307>
13
</Switch307>
<Switch308>
5
</Switch308>
<Switch309>
10
</Switch309>
<Switch310>
10
</Switch310>
<Switch311>
12
</Switch311>
<Switch312>
19
</Switch312>
<Switch313>
8
</Switch313>
<Switch314>
6
</Switch314>
<Switch315>
18
</Switch315>
<Switch316>
7
</Switch316>
<Switch317>
2
</Switch317>
<Switch318>
15
</Switch318>
<Switch319>
17
</Switch319>
<Switch320>
5
</Switch320>
<Switch321>
3
</Switch321>
<Switch322>
13
</Switch322>
<Switch323>
7
</Switch323>
<Switch324>
19
</Switch324>
<Switch325>
17
</Switch325>
<Switch326>
10
</Switch326>
<Switch327>
6
</Switch327>
<Switch328>
13
</Switch328>
<Switch329>
8
</Switch329>
<Switch330>
7
</Switch330>
<Switch331>
9
</Switch331>
<Switch332>
10
</Switch332>
<Switch333>
6
</Switch333>
<Switch334>
11
</Switch334>
<Switch335>
8
</Switch335>
<Switch336>
8
</Switch336>
<Switch337>
3
</Switch337>
<Switch338>
7
</Switch338>
<Switch339>
15
</Switch339>
<Switch340>
19
</Switch340>
<Switch341>
17
</Switch341>
<Switch342>
7
</Switch342>
<Switch343>
1
</Switch343>
<Switch344>
3
</Switch344>
<Switch345>
10
</Switch345>
<Switch346>
5
</Switch346>
<Switch347>
4
</Switch347>
<Switch348>
9
</Switch348>
<Switch349>
15
</Switch349>
<Switch350>
8
</Switch350>
<Switch351>
12
</Switch351>
<Switch352>
1
</Switch352>
<Switch353>
9
</Switch353>
<Switch354>
12
</Switch354>
<Switch355>
8
</Switch355>
<Switch356>
17
</Switch356>
<Switch357>
7
</Switch357>
<Switch358>
17
</Switch358>
<Switch359>
14
</Switch359>
<Switch360>
17
</Switch360>
<Switch361>
18
</Switch361>
<Switch362>
10
</Switch362>
<Switch363>
7
</Switch363>
<Switch364>
10
</Switch364>
<Switch365>
6
</Switch365>
<Switch366>
1
</Switch366>
<Switch367>
16
</Switch367>
<Switch368>
5
</Switch368>
<Switch369>
10
</Switch369>
<Switch370>
4
</Switch370>
<Switch371>
12
</Switch371>
<Switch372>
7
</Switch372>
<Switch373>
4
</Switch373>
<Switch374>
2
</Switch374>
<Switch375>
18
</Switch375>
<Switch376>
7
</Switch376>
<Switch377>
6
</Switch377>
<Switch378>
5
</Switch378>
<Switch379>
3
</Switch379>
<Switch380>
13
</Switch380>
<Switch381>
8
</Switch381>
<Switch382>
4
</Switch382>
<Switch383>
13
</Switch383>
<Switch384>
9
</Switch384>
<Switch385>
15
</Switch385>
<Switch386>
10
</Switch386>
<Switch387>
7
</Switch387>
<Switch388>
19
</Switch388>
<Switch389>
11
</Switch389>
<Switch390>
6
</Switch390>
<Switch391>
8
</Switch391>
<Switch392>
14
</Switch392>
<Switch393>
18
</Switch393>
<Switch394>
12
</Switch394>
<Switch395>
4
</Switch395>
<Switch396>
7
</Switch396>
<Switch397>
0
</Switch397>
<Switch398>
17
</Switch398>
<Switch399>
14
</Switch399>
<Switch400>
5
</Switch400>
<Switch401>
8
</Switch401>
<Switch402>
11
</Switch402>
<Switch403>
17
</Switch403>
<Switch404>
11
</Switch404>
<Switch405>
13
</Switch405>
<Switch406>
9
</Switch406>
<Switch407>
14
</Switch407>
<Switch408>
7
</Switch408>
<Switch409>
15
</Switch409>
<Switch410>
14
</Switch410>
<Switch411>
18
</Switch411>
<Switch412>
2
</Switch412>
<Switch413>
12
</Switch413>
<Switch414>
13
</Switch414>
<Switch415>
6
</Switch415>
<Switch416>
9
</Switch416>
<Switch417>
6
</Switch417>
<Switch418>
10
</Switch418>
<Switch419>
3
</Switch419>
<Switch420>
19
</Switch420>
<Switch421>
15
</Switch421>
<Switch422>
19
</Switch422>
<Switch423>
5
</Switch423>
<Switch424>
4
</Switch424>
<Switch425>
8
</Switch425>
<Switch426>
2
</Switch426>
<Switch427>
11
</Switch427>
<Switch428>
7
</Switch428>
<Switch429>
8
</Switch429>
<Switch430>
19
</Switch430>
<Switch431>
4
</Switch431>
<Switch432>
3
</Switch432>
<Switch433>
8
</Switch433>
<Switch434>
10
</Switch434>
<Switch435>
9
</Switch435>
<Switch436>
13
</Switch436>
<Switch437>
5
</Switch437>
<Switch438>
7
</Switch438>
<Switch439>
15
</Switch439>
<Switch440>
10
</Switch440>
<Switch441>
14
</Switch441>
<Switch442>
18
</Switch442>
<Switch443>
2
</Switch443>
<Switch444>
10
</Switch444>
<Switch445>
12
</Switch445>
<Switch446>
1
</Switch446>
<Switch447>
13
</Switch447>
<Switch448>
2
</Switch448>
<Switch449>
13
</Switch449>
<Switch450>
1
</Switch450>
<Switch451>
9
</Switch451>
<Switch452>
2
</Switch452>
<Switch453>
3
</Switch453>
<Switch454>
2
</Switch454>
<Switch455>
19
</Switch455>
<Switch456>
16
</Switch456>
<Switch457>
10
</Switch457>
<Switch458>
8
</Switch458>
<Switch459>
9
</Switch459>
<Switch460>
15
</Switch460>
<Switch461>
5
</Switch461>
<Switch462>
11
</Switch462>
<Switch463>
4
</Switch463>
<Switch464>
0
</Switch464>
<Switch465>
15
</Switch465>
<Switch466>
10
</Switch466>
<Switch467>
5
</Switch467>
<Switch468>
3
</Switch468>
<Switch469>
11
</Switch469>
<Switch470>
12
</Switch470>
<Switch471>
12
</Switch471>
<Switch472>
0
</Switch472>
<Switch473>
17
</Switch473>
<Switch474>
19
</Switch474>
<Switch475>
3
</Switch475>
<Switch476>
12
</Switch476>
<Switch477>
4
</Switch477>
<Switch478>
6
</Switch478>
<Switch479>
4
</Switch479>
<Switch480>
7
</Switch480>
<Switch481>
12
</Switch481>
<Switch482>
18
</Switch482>
<Switch483>
4
</Switch483>
<Switch484>
9
</Switch484>
<Switch485>
17
</Switch485>
<Switch486>
18
</Switch486>
<Switch487>
16
</Switch487>
<Switch488>
2
</Switch488>
<Switch489>
6
</Switch489>
<Switch490>
13
</Switch490>
<Switch491>
9
</Switch491>
<Switch492>
15
</Switch492>
<Switch493>
16
</Switch493>
<Switch494>
6
</Switch494>
<Switch495>
16
</Switch495>
<Switch496>
7
</Switch496>
<Switch497>
0
</Switch497>
<Switch498>
18
</Switch498>
<Switch499>
13
</Switch499>
<Switch500>
14
</Switch500>
<Switch501>
4
</Switch501>
<Switch502>
4
</Switch502>
<Switch503>
17
</Switch503>
<Switch504>
13
</Switch504>
<Switch505>
3
</Switch505>
<Switch506>
18
</Switch506>
<Switch507>
16
</Switch507>
<Switch508>
15
</Switch508>
<Switch509>
4
</Switch509>
<Switch510>
15
</Switch510>
<Switch511>
13
</Switch511>
<Switch512>
5
</Switch512>
<Switch513>
15
</Switch513>
<Switch514>
11
</Switch514>
<Switch515>
5
</Switch515>
<Switch516>
2
</Switch516>
<Switch517>
3
</Switch517>
<Switch518>
4
</Switch518>
<Switch519>
18
</Switch519>
<Switch520>
17
</Switch520>
<Switch521>
11
</Switch521>
<Switch522>
2
</Switch522>
<Switch523>
0
</Switch523>
<Switch524>
3
</Switch524>
<Switch525>
2
</Switch525>
<Switch526>
18
</Switch526>
<Switch527>
3
</Switch527>
<Switch528>
4
</Switch528>
<Switch529>
15
</Switch529>
<Switch530>
7
</Switch530>
<Switch531>
12
</Switch531>
<Switch532>
2
</Switch532>
<Switch533>
1
</Switch533>
<Switch534>
3
</Switch534>
<Switch535>
10
</Switch535>
<Switch536>
6
</Switch536>
<Switch537>
8
</Switch537>
<Switch538>
18
</Switch538>
<Switch539>
1
</Switch539>
<Switch540>
16
</Switch540>
<Switch541>
3
</Switch541>
<Switch542>
13
</Switch542>
<Switch543>
14
</Switch543>
<Switch544>
7
</Switch544>
<Switch545>
7
</Switch545>
<Switch546>
2
</Switch546>
<Switch547>
15
</Switch547>
<Switch548>
6
</Switch548>
<Switch549>
18
</Switch549>
<Switch550>
6
</Switch550>
<Switch551>
3
</Switch551>
<Switch552>
5
</Switch552>
<Switch553>
14
</Switch553>
<Switch554>
19
</Switch554>
<Switch555>
17
</Switch555>
<Switch556>
19
</Switch556>
<Switch557>
8
</Switch557>
<Switch558>
17
</Switch558>
<Switch559>
4
</Switch559>
<Switch560>
12
</Switch560>
<Switch561>
8
</Switch561>
<Switch562>
13
</Switch562>
<Switch563>
14
</Switch563>
<Switch564>
3
</Switch564>
<Switch565>
11
</Switch565>
<Switch566>
2
</Switch566>
<Switch567>
3
</Switch567>
<Switch568>
19
</Switch568>
<Switch569>
1
</Switch569>
<Switch570>
0
</Switch570>
<Switch571>
7
</Switch571>
<Switch572>
4
</Switch572>
<Switch573>
6
</Switch573>
<Switch574>
6
</Switch574>
<Switch575>
17
</Switch575>
<Switch576>
9
</Switch576>
<Switch577>
3
</Switch577>
<Switch578>
15
</Switch578>
<Switch579>
19
</Switch579>
<Switch580>
4
</Switch580>
<Switch581>
18
</Switch581>
<Switch582>
1
</Switch582>
<Switch583>
9
</Switch583>
<Switch584>
15
</Switch584>
<Switch585>
1
</Switch585>
<Switch586>
19
</Switch586>
<Switch587>
5
</Switch587>
<Switch588>
18
</Switch588>
<Switch589>
1
</Switch589>
<Switch590>
14
</Switch590>
<Switch591>
5
</Switch591>
<Switch592>
2
</Switch592>
<Switch593>
8
</Switch593>
<Switch594>
7
</Switch594>
<Switch595>
9
</Switch595>
<Switch596>
13
</Switch596>
<Switch597>
5
</Switch597>
<Switch598>
7
</Switch598>
<Switch599>
16
</Switch599>
<Switch600>
11
</Switch600>
<Switch601>
8
</Switch601>
<Switch602>
16
</Switch602>
<Switch603>
14
</Switch603>
<Switch604>
13
</Switch604>
<Switch605>
17
</Switch605>
<Switch606>
4
</Switch606>
<Switch607>
5
</Switch607>
<Switch608>
0
</Switch608>
<Switch609>
7
</Switch609>
<Switch610>
7
</Switch610>
<Switch611>
0
</Switch611>
<Switch612>
14
</Switch612>
<Switch613>
10
</Switch613>
<Switch614>
18
</Switch614>
<Switch615>
18
</Switch615>
<Switch616>
6
</Switch616>
<Switch617>
18
</Switch617>
<Switch618>
15
</Switch618>
<Switch619>
7
</Switch619>
<Switch620>
14
</Switch620>
<Switch621>
7
</Switch621>
<Switch622>
17
</Switch622>
<Switch623>
9
</Switch623>
<Switch624>
10
</Switch624>
<Switch625>
18
</Switch625>
<Switch626>
6
</Switch626>
<Switch627>
10
</Switch627>
<Switch628>
3
</Switch628>
<Switch629>
14
</Switch629>
<Switch630>
0
</Switch630>
<Switch631>
6
</Switch631>
<Switch632>
2
</Switch632>
<Switch633>
15
</Switch633>
<Switch634>
9
</Switch634>
<Switch635>
9
</Switch635>
<Switch636>
8
</Switch636>
<Switch637>
12
</Switch637>
<Switch638>
13
</Switch638>
<Switch639>
18
</Switch639>
<Switch640>
7
</Switch640>
<Switch641>
8
</Switch641>
<Switch642>
6
</Switch642>
<Switch643>
11
</Switch643>
<Switch644>
3
</Switch644>
<Switch645>
12
</Switch645>
<Switch646>
12
</Switch646>
<Switch647>
4
</Switch647>
<Switch648>
6
</Switch648>
<Switch649>
4
</Switch649>
<Switch650>
3
</Switch650>
<Switch651>
16
</Switch651>
<Switch652>
14
</Switch652>
<Switch653>
16
</Switch653>
<Switch654>
10
</Switch654>
<Switch655>
16
</Switch655>
<Switch656>
5
</Switch656>
<Switch657>
18
</Switch657>
<Switch658>
18
</Switch658>
<Switch659>
19
</Switch659>
<Switch660>
11
</Switch660>
<Switch661>
9
</Switch661>
<Switch662>
16
</Switch662>
<Switch663>
15
</Switch663>
<Switch664>
13
</Switch664>
<Switch665>
18
</Switch665>
<Switch666>
0
</Switch666>
<Switch667>
9
</Switch667>
<Switch668>
1
</Switch668>
<Switch669>
11
</Switch669>
<Switch670>
3
</Switch670>
<Switch671>
11
</Switch671>
<Switch672>
15
</Switch672>
<Switch673>
1
</Switch673>
<Switch674>
16
</Switch674>
<Switch675>
19
</Switch675>
<Switch676>
11
</Switch676>
<Switch677>
10
</Switch677>
<Switch678>
3
</Switch678>
<Switch679>
1
</Switch679>
<Switch680>
16
</Switch680>
<Switch681>
12
</Switch681>
<Switch682>
14
</Switch682>
<Switch683>
0
</Switch683>
<Switch684>
5
</Switch684>
<Switch685>
6
</Switch685>
<Switch686>
6
</Switch686>
<Switch687>
5
</Switch687>
<Switch688>
15
</Switch688>
<Switch689>
16
</Switch689>
<Switch690>
10
</Switch690>
<Switch691>
16
</Switch691>
<Switch692>
12
</Switch692>
<Switch693>
3
</Switch693>
<Switch694>
7
</Switch694>
<Switch695>
12
</Switch695>
<Switch696>
11
</Switch696>
<Switch697>
16
</Switch697>
<Switch698>
9
</Switch698>
<Switch699>
9
</Switch699>
<Switch700>
8
</Switch700>
<Switch701>
9
</Switch701>
<Switch702>
5
</Switch702>
<Switch703>
18
</Switch703>
<Switch704>
11
</Switch704>
<Switch705>
6
</Switch705>
<Switch706>
16
</Switch706>
<Switch707>
5
</Switch707>
<Switch708>
5
</Switch708>
<Switch709>
1
</Switch709>
<Switch710>
7
</Switch710>
<Switch711>
0
</Switch711>
<Switch712>
7
</Switch712>
<Switch713>
17
</Switch713>
<Switch714>
13
</Switch714>
<Switch715>
10
</Switch715>
<Switch716>
8
</Switch716>
<Switch717>
5
</Switch717>
<Switch718>
3
</Switch718>
<Switch719>
10
</Switch719>
<Switch720>
2
</Switch720>
<Switch721>
13
</Switch721>
<Switch722>
19
</Switch722>
<Switch723>
16
</Switch723>
<Switch724>
17
</Switch724>
<Switch725>
16
</Switch725>
<Switch726>
13
</Switch726>
<Switch727>
9
</Switch727>
<Switch728>
0
</Switch728>
<Switch729>
8
</Switch729>
<Switch730>
3
</Switch730>
<Switch731>
6
</Switch731>
<Switch732>
5
</Switch732>
<Switch733>
11
</Switch733>
<Switch734>
7
</Switch734>
<Switch735>
14
</Switch735>
<Switch736>
15
</Switch736>
<Switch737>
19
</Switch737>
<Switch738>
19
</Switch738>
<Switch739>
17
</Switch739>
<Switch740>
6
</Switch740>
<Switch741>
1
</Switch741>
<Switch742>
12
</Switch742>
<Switch743>
8
</Switch743>
<Switch744>
4
</Switch744>
<Switch745>
19
</Switch745>
<Switch746>
16
</Switch746>
<Switch747>
14
</Switch747>
<Switch748>
8
</Switch748>
<Switch749>
3
</Switch749>
<Switch750>
11
</Switch750>
<Switch751>
18
</Switch751>
<Switch752>
0
</Switch752>
<Switch753>
8
</Switch753>
<Switch754>
17
</Switch754>
<Switch755>
4
</Switch755>
<Switch756>
15
</Switch756>
<Switch757>
3
</Switch757>
<Switch758>
11
</Switch758>
<Switch759>
6
</Switch759>
<Switch760>
1
</Switch760>
<Switch761>
5
</Switch761>
<Switch762>
19
</Switch762>
<Switch763>
7
</Switch763>
<Switch764>
3
</Switch764>
<Switch765>
13
</Switch765>
<Switch766>
14
</Switch766>
<Switch767>
19
</Switch767>
<Switch768>
4
</Switch768>
<Switch769>
9
</Switch769>
<Switch770>
0
</Switch770>
<Switch771>
10
</Switch771>
<Switch772>
3
</Switch772>
<Switch773>
17
</Switch773>
<Switch774>
11
</Switch774>
<Switch775>
11
</Switch775>
<Switch776>
2
</Switch776>
<Switch777>
18
</Switch777>
<Switch778>
2
</Switch778>
<Switch779>
9
</Switch779>
<Switch780>
11
</Switch780>
<Switch781>
14
</Switch781>
<Switch782>
13
</Switch782>
<Switch783>
5
</Switch783>
<Switch784>
9
</Switch784>
<Switch785>
5
</Switch785>
<Switch786>
7
</Switch786>
<Switch787>
15
</Switch787>
<Switch788>
11
</Switch788>
<Switch789>
10
</Switch789>
<Switch790>
15
</Switch790>
<Switch791>
19
</Switch791>
<Switch792>
1
</Switch792>
<Switch793>
12
</Switch793>
<Switch794>
16
</Switch794>
<Switch795>
5
</Switch795>
<Switch796>
12
</Switch796>
<Switch797>
3
</Switch797>
<Switch798>
4
</Switch798>
<Switch799>
9
</Switch799>
<Switch800>
9
</Switch800>
<Switch801>
19
</Switch801>
<Switch802>
16
</Switch802>
<Switch803>
4
</Switch803>
<Switch804>
10
</Switch804>
<Switch805>
18
</Switch805>
<Switch806>
15
</Switch806>
<Switch807>
16
</Switch807>
</BaseID:1220>
