<?xml version="1.0"?>

<BaseID:1223>
<Switch1>
17
</Switch1>
<Switch2>
2
</Switch2>
<Switch3>
2
</Switch3>
<Switch4>
15
</Switch4>
<Switch5>
5
</Switch5>
<Switch6>
3
</Switch6>
<Switch7>
10
</Switch7>
<Switch8>
6
</Switch8>
<Switch9>
8
</Switch9>
<Switch10>
12
</Switch10>
<Switch11>
14
</Switch11>
<Switch12>
15
</Switch12>
<Switch13>
5
</Switch13>
<Switch14>
5
</Switch14>
<Switch15>
16
</Switch15>
<Switch16>
17
</Switch16>
<Switch17>
15
</Switch17>
<Switch18>
18
</Switch18>
<Switch19>
8
</Switch19>
<Switch20>
4
</Switch20>
<Switch21>
0
</Switch21>
<Switch22>
8
</Switch22>
<Switch23>
4
</Switch23>
<Switch24>
16
</Switch24>
<Switch25>
11
</Switch25>
<Switch26>
6
</Switch26>
<Switch27>
0
</Switch27>
<Switch28>
4
</Switch28>
<Switch29>
8
</Switch29>
<Switch30>
16
</Switch30>
<Switch31>
1
</Switch31>
<Switch32>
0
</Switch32>
<Switch33>
8
</Switch33>
<Switch34>
2
</Switch34>
<Switch35>
11
</Switch35>
<Switch36>
10
</Switch36>
<Switch37>
5
</Switch37>
<Switch38>
15
</Switch38>
<Switch39>
13
</Switch39>
<Switch40>
13
</Switch40>
<Switch41>
9
</Switch41>
<Switch42>
8
</Switch42>
<Switch43>
2
</Switch43>
<Switch44>
11
</Switch44>
<Switch45>
15
</Switch45>
<Switch46>
0
</Switch46>
<Switch47>
10
</Switch47>
<Switch48>
13
</Switch48>
<Switch49>
0
</Switch49>
<Switch50>
7
</Switch50>
<Switch51>
2
</Switch51>
<Switch52>
5
</Switch52>
<Switch53>
9
</Switch53>
<Switch54>
15
</Switch54>
<Switch55>
13
</Switch55>
<Switch56>
16
</Switch56>
<Switch57>
5
</Switch57>
<Switch58>
19
</Switch58>
<Switch59>
4
</Switch59>
<Switch60>
14
</Switch60>
<Switch61>
13
</Switch61>
<Switch62>
7
</Switch62>
<Switch63>
0
</Switch63>
<Switch64>
14
</Switch64>
<Switch65>
19
</Switch65>
<Switch66>
1
</Switch66>
<Switch67>
15
</Switch67>
<Switch68>
9
</Switch68>
<Switch69>
1
</Switch69>
<Switch70>
14
</Switch70>
<Switch71>
17
</Switch71>
<Switch72>
19
</Switch72>
<Switch73>
12
</Switch73>
<Switch74>
16
</Switch74>
<Switch75>
6
</Switch75>
<Switch76>
13
</Switch76>
<Switch77>
2
</Switch77>
<Switch78>
0
</Switch78>
<Switch79>
11
</Switch79>
<Switch80>
6
</Switch80>
<Switch81>
15
</Switch81>
<Switch82>
9
</Switch82>
<Switch83>
9
</Switch83>
<Switch84>
3
</Switch84>
<Switch85>
12
</Switch85>
<Switch86>
15
</Switch86>
<Switch87>
1
</Switch87>
<Switch88>
15
</Switch88>
<Switch89>
2
</Switch89>
<Switch90>
7
</Switch90>
<Switch91>
5
</Switch91>
<Switch92>
8
</Switch92>
<Switch93>
14
</Switch93>
<Switch94>
12
</Switch94>
<Switch95>
16
</Switch95>
<Switch96>
0
</Switch96>
<Switch97>
19
</Switch97>
<Switch98>
15
</Switch98>
<Switch99>
15
</Switch99>
<Switch100>
12
</Switch100>
<Switch101>
16
</Switch101>
<Switch102>
4
</Switch102>
<Switch103>
15
</Switch103>
<Switch104>
11
</Switch104>
<Switch105>
17
</Switch105>
<Switch106>
12
</Switch106>
<Switch107>
3
</Switch107>
<Switch108>
16
</Switch108>
<Switch109>
0
</Switch109>
<Switch110>
19
</Switch110>
<Switch111>
2
</Switch111>
<Switch112>
5
</Switch112>
</BaseID:1223>
