<?xml version="1.0"?>

<BaseID:1226>
<Switch1>
15
</Switch1>
<Switch2>
16
</Switch2>
<Switch3>
0
</Switch3>
<Switch4>
13
</Switch4>
<Switch5>
4
</Switch5>
<Switch6>
1
</Switch6>
<Switch7>
16
</Switch7>
<Switch8>
5
</Switch8>
<Switch9>
3
</Switch9>
<Switch10>
1
</Switch10>
<Switch11>
7
</Switch11>
<Switch12>
19
</Switch12>
<Switch13>
13
</Switch13>
<Switch14>
10
</Switch14>
<Switch15>
13
</Switch15>
<Switch16>
4
</Switch16>
<Switch17>
17
</Switch17>
<Switch18>
6
</Switch18>
<Switch19>
18
</Switch19>
<Switch20>
16
</Switch20>
<Switch21>
16
</Switch21>
<Switch22>
8
</Switch22>
<Switch23>
9
</Switch23>
<Switch24>
12
</Switch24>
<Switch25>
6
</Switch25>
<Switch26>
8
</Switch26>
<Switch27>
7
</Switch27>
<Switch28>
6
</Switch28>
<Switch29>
16
</Switch29>
<Switch30>
8
</Switch30>
<Switch31>
17
</Switch31>
<Switch32>
2
</Switch32>
<Switch33>
7
</Switch33>
<Switch34>
18
</Switch34>
<Switch35>
7
</Switch35>
<Switch36>
2
</Switch36>
<Switch37>
7
</Switch37>
<Switch38>
12
</Switch38>
<Switch39>
17
</Switch39>
<Switch40>
3
</Switch40>
<Switch41>
13
</Switch41>
<Switch42>
16
</Switch42>
<Switch43>
12
</Switch43>
<Switch44>
3
</Switch44>
<Switch45>
11
</Switch45>
<Switch46>
8
</Switch46>
<Switch47>
14
</Switch47>
<Switch48>
13
</Switch48>
<Switch49>
1
</Switch49>
<Switch50>
5
</Switch50>
<Switch51>
8
</Switch51>
<Switch52>
8
</Switch52>
<Switch53>
9
</Switch53>
<Switch54>
17
</Switch54>
<Switch55>
0
</Switch55>
<Switch56>
17
</Switch56>
<Switch57>
12
</Switch57>
<Switch58>
6
</Switch58>
<Switch59>
19
</Switch59>
<Switch60>
11
</Switch60>
<Switch61>
9
</Switch61>
<Switch62>
3
</Switch62>
<Switch63>
9
</Switch63>
<Switch64>
0
</Switch64>
<Switch65>
7
</Switch65>
<Switch66>
10
</Switch66>
<Switch67>
12
</Switch67>
<Switch68>
2
</Switch68>
<Switch69>
15
</Switch69>
<Switch70>
0
</Switch70>
<Switch71>
0
</Switch71>
<Switch72>
19
</Switch72>
<Switch73>
12
</Switch73>
<Switch74>
6
</Switch74>
<Switch75>
4
</Switch75>
<Switch76>
11
</Switch76>
<Switch77>
18
</Switch77>
<Switch78>
17
</Switch78>
<Switch79>
6
</Switch79>
<Switch80>
1
</Switch80>
<Switch81>
3
</Switch81>
<Switch82>
4
</Switch82>
<Switch83>
13
</Switch83>
<Switch84>
17
</Switch84>
<Switch85>
1
</Switch85>
<Switch86>
13
</Switch86>
<Switch87>
4
</Switch87>
<Switch88>
17
</Switch88>
<Switch89>
9
</Switch89>
<Switch90>
18
</Switch90>
<Switch91>
4
</Switch91>
<Switch92>
10
</Switch92>
<Switch93>
17
</Switch93>
<Switch94>
3
</Switch94>
<Switch95>
7
</Switch95>
<Switch96>
6
</Switch96>
<Switch97>
4
</Switch97>
<Switch98>
14
</Switch98>
<Switch99>
3
</Switch99>
<Switch100>
0
</Switch100>
<Switch101>
15
</Switch101>
<Switch102>
5
</Switch102>
<Switch103>
1
</Switch103>
<Switch104>
17
</Switch104>
<Switch105>
5
</Switch105>
<Switch106>
0
</Switch106>
<Switch107>
3
</Switch107>
<Switch108>
18
</Switch108>
<Switch109>
0
</Switch109>
<Switch110>
19
</Switch110>
<Switch111>
2
</Switch111>
<Switch112>
19
</Switch112>
<Switch113>
15
</Switch113>
<Switch114>
9
</Switch114>
<Switch115>
18
</Switch115>
<Switch116>
10
</Switch116>
<Switch117>
11
</Switch117>
<Switch118>
4
</Switch118>
<Switch119>
16
</Switch119>
<Switch120>
1
</Switch120>
<Switch121>
2
</Switch121>
<Switch122>
19
</Switch122>
<Switch123>
13
</Switch123>
<Switch124>
11
</Switch124>
<Switch125>
8
</Switch125>
<Switch126>
14
</Switch126>
<Switch127>
9
</Switch127>
<Switch128>
17
</Switch128>
<Switch129>
9
</Switch129>
<Switch130>
4
</Switch130>
<Switch131>
7
</Switch131>
<Switch132>
2
</Switch132>
<Switch133>
13
</Switch133>
<Switch134>
8
</Switch134>
<Switch135>
9
</Switch135>
<Switch136>
8
</Switch136>
<Switch137>
2
</Switch137>
<Switch138>
2
</Switch138>
<Switch139>
8
</Switch139>
<Switch140>
10
</Switch140>
<Switch141>
3
</Switch141>
<Switch142>
4
</Switch142>
<Switch143>
12
</Switch143>
<Switch144>
3
</Switch144>
<Switch145>
6
</Switch145>
<Switch146>
13
</Switch146>
<Switch147>
2
</Switch147>
<Switch148>
5
</Switch148>
<Switch149>
0
</Switch149>
<Switch150>
19
</Switch150>
<Switch151>
12
</Switch151>
<Switch152>
4
</Switch152>
<Switch153>
10
</Switch153>
<Switch154>
3
</Switch154>
<Switch155>
19
</Switch155>
<Switch156>
5
</Switch156>
<Switch157>
12
</Switch157>
<Switch158>
9
</Switch158>
<Switch159>
13
</Switch159>
<Switch160>
0
</Switch160>
<Switch161>
10
</Switch161>
<Switch162>
8
</Switch162>
<Switch163>
5
</Switch163>
<Switch164>
10
</Switch164>
<Switch165>
11
</Switch165>
<Switch166>
8
</Switch166>
<Switch167>
18
</Switch167>
<Switch168>
16
</Switch168>
<Switch169>
13
</Switch169>
<Switch170>
7
</Switch170>
<Switch171>
11
</Switch171>
<Switch172>
5
</Switch172>
<Switch173>
8
</Switch173>
<Switch174>
3
</Switch174>
<Switch175>
14
</Switch175>
<Switch176>
14
</Switch176>
<Switch177>
7
</Switch177>
<Switch178>
19
</Switch178>
<Switch179>
14
</Switch179>
<Switch180>
8
</Switch180>
<Switch181>
12
</Switch181>
<Switch182>
12
</Switch182>
<Switch183>
12
</Switch183>
<Switch184>
18
</Switch184>
<Switch185>
9
</Switch185>
<Switch186>
7
</Switch186>
<Switch187>
14
</Switch187>
<Switch188>
6
</Switch188>
<Switch189>
19
</Switch189>
<Switch190>
17
</Switch190>
<Switch191>
1
</Switch191>
<Switch192>
11
</Switch192>
<Switch193>
0
</Switch193>
<Switch194>
16
</Switch194>
<Switch195>
12
</Switch195>
<Switch196>
10
</Switch196>
<Switch197>
6
</Switch197>
<Switch198>
4
</Switch198>
<Switch199>
5
</Switch199>
<Switch200>
13
</Switch200>
<Switch201>
14
</Switch201>
<Switch202>
9
</Switch202>
<Switch203>
2
</Switch203>
<Switch204>
12
</Switch204>
<Switch205>
15
</Switch205>
<Switch206>
8
</Switch206>
<Switch207>
14
</Switch207>
<Switch208>
19
</Switch208>
<Switch209>
18
</Switch209>
<Switch210>
5
</Switch210>
<Switch211>
2
</Switch211>
<Switch212>
17
</Switch212>
<Switch213>
15
</Switch213>
<Switch214>
1
</Switch214>
<Switch215>
12
</Switch215>
<Switch216>
4
</Switch216>
<Switch217>
19
</Switch217>
<Switch218>
10
</Switch218>
<Switch219>
16
</Switch219>
<Switch220>
5
</Switch220>
<Switch221>
18
</Switch221>
<Switch222>
5
</Switch222>
<Switch223>
11
</Switch223>
<Switch224>
19
</Switch224>
<Switch225>
2
</Switch225>
<Switch226>
5
</Switch226>
<Switch227>
0
</Switch227>
<Switch228>
8
</Switch228>
<Switch229>
1
</Switch229>
<Switch230>
2
</Switch230>
<Switch231>
11
</Switch231>
<Switch232>
0
</Switch232>
<Switch233>
3
</Switch233>
<Switch234>
17
</Switch234>
<Switch235>
18
</Switch235>
<Switch236>
11
</Switch236>
<Switch237>
7
</Switch237>
<Switch238>
8
</Switch238>
<Switch239>
6
</Switch239>
<Switch240>
14
</Switch240>
<Switch241>
16
</Switch241>
<Switch242>
4
</Switch242>
<Switch243>
5
</Switch243>
<Switch244>
14
</Switch244>
<Switch245>
9
</Switch245>
<Switch246>
1
</Switch246>
<Switch247>
8
</Switch247>
<Switch248>
1
</Switch248>
<Switch249>
9
</Switch249>
<Switch250>
18
</Switch250>
<Switch251>
0
</Switch251>
<Switch252>
17
</Switch252>
<Switch253>
17
</Switch253>
<Switch254>
1
</Switch254>
<Switch255>
13
</Switch255>
<Switch256>
7
</Switch256>
<Switch257>
4
</Switch257>
<Switch258>
2
</Switch258>
<Switch259>
15
</Switch259>
<Switch260>
5
</Switch260>
<Switch261>
18
</Switch261>
<Switch262>
13
</Switch262>
<Switch263>
14
</Switch263>
<Switch264>
17
</Switch264>
<Switch265>
14
</Switch265>
<Switch266>
10
</Switch266>
<Switch267>
6
</Switch267>
<Switch268>
6
</Switch268>
<Switch269>
13
</Switch269>
<Switch270>
17
</Switch270>
<Switch271>
5
</Switch271>
<Switch272>
16
</Switch272>
<Switch273>
15
</Switch273>
<Switch274>
19
</Switch274>
<Switch275>
11
</Switch275>
<Switch276>
4
</Switch276>
<Switch277>
13
</Switch277>
<Switch278>
0
</Switch278>
<Switch279>
0
</Switch279>
<Switch280>
10
</Switch280>
<Switch281>
18
</Switch281>
<Switch282>
15
</Switch282>
<Switch283>
16
</Switch283>
<Switch284>
0
</Switch284>
<Switch285>
0
</Switch285>
<Switch286>
5
</Switch286>
<Switch287>
5
</Switch287>
<Switch288>
8
</Switch288>
<Switch289>
6
</Switch289>
<Switch290>
13
</Switch290>
<Switch291>
3
</Switch291>
<Switch292>
17
</Switch292>
<Switch293>
19
</Switch293>
<Switch294>
5
</Switch294>
<Switch295>
4
</Switch295>
<Switch296>
11
</Switch296>
<Switch297>
10
</Switch297>
<Switch298>
10
</Switch298>
<Switch299>
11
</Switch299>
<Switch300>
17
</Switch300>
<Switch301>
9
</Switch301>
<Switch302>
5
</Switch302>
<Switch303>
10
</Switch303>
<Switch304>
9
</Switch304>
<Switch305>
5
</Switch305>
<Switch306>
19
</Switch306>
<Switch307>
9
</Switch307>
<Switch308>
11
</Switch308>
<Switch309>
16
</Switch309>
<Switch310>
7
</Switch310>
<Switch311>
0
</Switch311>
<Switch312>
2
</Switch312>
<Switch313>
2
</Switch313>
<Switch314>
3
</Switch314>
<Switch315>
12
</Switch315>
<Switch316>
4
</Switch316>
<Switch317>
14
</Switch317>
<Switch318>
5
</Switch318>
<Switch319>
13
</Switch319>
<Switch320>
9
</Switch320>
<Switch321>
1
</Switch321>
<Switch322>
15
</Switch322>
<Switch323>
8
</Switch323>
<Switch324>
12
</Switch324>
<Switch325>
5
</Switch325>
<Switch326>
7
</Switch326>
<Switch327>
3
</Switch327>
<Switch328>
14
</Switch328>
<Switch329>
16
</Switch329>
<Switch330>
5
</Switch330>
<Switch331>
16
</Switch331>
<Switch332>
0
</Switch332>
<Switch333>
15
</Switch333>
<Switch334>
11
</Switch334>
<Switch335>
7
</Switch335>
<Switch336>
7
</Switch336>
<Switch337>
6
</Switch337>
<Switch338>
12
</Switch338>
<Switch339>
3
</Switch339>
<Switch340>
15
</Switch340>
<Switch341>
10
</Switch341>
<Switch342>
4
</Switch342>
<Switch343>
0
</Switch343>
<Switch344>
1
</Switch344>
<Switch345>
18
</Switch345>
<Switch346>
16
</Switch346>
<Switch347>
14
</Switch347>
<Switch348>
19
</Switch348>
<Switch349>
5
</Switch349>
<Switch350>
13
</Switch350>
<Switch351>
15
</Switch351>
<Switch352>
10
</Switch352>
<Switch353>
12
</Switch353>
<Switch354>
16
</Switch354>
<Switch355>
19
</Switch355>
<Switch356>
14
</Switch356>
<Switch357>
16
</Switch357>
<Switch358>
9
</Switch358>
<Switch359>
1
</Switch359>
<Switch360>
11
</Switch360>
<Switch361>
10
</Switch361>
<Switch362>
9
</Switch362>
<Switch363>
15
</Switch363>
<Switch364>
7
</Switch364>
<Switch365>
15
</Switch365>
<Switch366>
3
</Switch366>
<Switch367>
11
</Switch367>
<Switch368>
12
</Switch368>
<Switch369>
0
</Switch369>
<Switch370>
13
</Switch370>
<Switch371>
12
</Switch371>
<Switch372>
16
</Switch372>
<Switch373>
15
</Switch373>
<Switch374>
1
</Switch374>
<Switch375>
4
</Switch375>
<Switch376>
8
</Switch376>
<Switch377>
5
</Switch377>
<Switch378>
6
</Switch378>
<Switch379>
11
</Switch379>
<Switch380>
19
</Switch380>
<Switch381>
11
</Switch381>
<Switch382>
6
</Switch382>
<Switch383>
18
</Switch383>
<Switch384>
0
</Switch384>
<Switch385>
19
</Switch385>
<Switch386>
19
</Switch386>
<Switch387>
3
</Switch387>
<Switch388>
19
</Switch388>
<Switch389>
19
</Switch389>
<Switch390>
13
</Switch390>
<Switch391>
4
</Switch391>
<Switch392>
9
</Switch392>
<Switch393>
6
</Switch393>
<Switch394>
0
</Switch394>
<Switch395>
16
</Switch395>
<Switch396>
9
</Switch396>
<Switch397>
0
</Switch397>
<Switch398>
5
</Switch398>
<Switch399>
5
</Switch399>
<Switch400>
0
</Switch400>
<Switch401>
1
</Switch401>
<Switch402>
15
</Switch402>
<Switch403>
0
</Switch403>
<Switch404>
5
</Switch404>
<Switch405>
2
</Switch405>
<Switch406>
1
</Switch406>
<Switch407>
12
</Switch407>
<Switch408>
18
</Switch408>
<Switch409>
11
</Switch409>
<Switch410>
11
</Switch410>
<Switch411>
5
</Switch411>
<Switch412>
17
</Switch412>
<Switch413>
8
</Switch413>
<Switch414>
6
</Switch414>
<Switch415>
6
</Switch415>
<Switch416>
18
</Switch416>
<Switch417>
7
</Switch417>
<Switch418>
9
</Switch418>
<Switch419>
9
</Switch419>
<Switch420>
10
</Switch420>
<Switch421>
12
</Switch421>
<Switch422>
6
</Switch422>
<Switch423>
18
</Switch423>
<Switch424>
4
</Switch424>
<Switch425>
19
</Switch425>
<Switch426>
6
</Switch426>
<Switch427>
12
</Switch427>
<Switch428>
0
</Switch428>
<Switch429>
7
</Switch429>
<Switch430>
17
</Switch430>
<Switch431>
3
</Switch431>
<Switch432>
14
</Switch432>
<Switch433>
5
</Switch433>
<Switch434>
6
</Switch434>
<Switch435>
1
</Switch435>
<Switch436>
4
</Switch436>
<Switch437>
16
</Switch437>
<Switch438>
0
</Switch438>
<Switch439>
4
</Switch439>
<Switch440>
16
</Switch440>
<Switch441>
8
</Switch441>
<Switch442>
5
</Switch442>
<Switch443>
0
</Switch443>
<Switch444>
1
</Switch444>
<Switch445>
6
</Switch445>
<Switch446>
19
</Switch446>
<Switch447>
18
</Switch447>
<Switch448>
5
</Switch448>
<Switch449>
7
</Switch449>
<Switch450>
5
</Switch450>
<Switch451>
8
</Switch451>
<Switch452>
1
</Switch452>
<Switch453>
5
</Switch453>
<Switch454>
4
</Switch454>
<Switch455>
6
</Switch455>
<Switch456>
5
</Switch456>
<Switch457>
6
</Switch457>
<Switch458>
13
</Switch458>
<Switch459>
18
</Switch459>
<Switch460>
6
</Switch460>
<Switch461>
12
</Switch461>
<Switch462>
15
</Switch462>
<Switch463>
0
</Switch463>
<Switch464>
10
</Switch464>
<Switch465>
10
</Switch465>
<Switch466>
5
</Switch466>
<Switch467>
8
</Switch467>
<Switch468>
0
</Switch468>
<Switch469>
14
</Switch469>
<Switch470>
14
</Switch470>
<Switch471>
12
</Switch471>
<Switch472>
9
</Switch472>
<Switch473>
17
</Switch473>
<Switch474>
16
</Switch474>
<Switch475>
19
</Switch475>
<Switch476>
7
</Switch476>
<Switch477>
15
</Switch477>
<Switch478>
4
</Switch478>
<Switch479>
8
</Switch479>
<Switch480>
12
</Switch480>
<Switch481>
7
</Switch481>
<Switch482>
9
</Switch482>
<Switch483>
13
</Switch483>
<Switch484>
7
</Switch484>
<Switch485>
19
</Switch485>
<Switch486>
3
</Switch486>
<Switch487>
7
</Switch487>
<Switch488>
19
</Switch488>
<Switch489>
14
</Switch489>
<Switch490>
19
</Switch490>
<Switch491>
11
</Switch491>
<Switch492>
9
</Switch492>
<Switch493>
11
</Switch493>
<Switch494>
8
</Switch494>
<Switch495>
4
</Switch495>
<Switch496>
9
</Switch496>
<Switch497>
14
</Switch497>
<Switch498>
5
</Switch498>
<Switch499>
0
</Switch499>
<Switch500>
0
</Switch500>
<Switch501>
13
</Switch501>
<Switch502>
19
</Switch502>
<Switch503>
8
</Switch503>
<Switch504>
2
</Switch504>
<Switch505>
17
</Switch505>
<Switch506>
6
</Switch506>
<Switch507>
11
</Switch507>
<Switch508>
11
</Switch508>
<Switch509>
0
</Switch509>
<Switch510>
13
</Switch510>
<Switch511>
19
</Switch511>
<Switch512>
11
</Switch512>
<Switch513>
3
</Switch513>
<Switch514>
18
</Switch514>
<Switch515>
0
</Switch515>
<Switch516>
3
</Switch516>
<Switch517>
14
</Switch517>
<Switch518>
3
</Switch518>
<Switch519>
7
</Switch519>
<Switch520>
19
</Switch520>
<Switch521>
7
</Switch521>
<Switch522>
8
</Switch522>
<Switch523>
19
</Switch523>
<Switch524>
3
</Switch524>
<Switch525>
12
</Switch525>
<Switch526>
11
</Switch526>
<Switch527>
2
</Switch527>
<Switch528>
18
</Switch528>
<Switch529>
8
</Switch529>
<Switch530>
6
</Switch530>
<Switch531>
2
</Switch531>
<Switch532>
10
</Switch532>
<Switch533>
12
</Switch533>
<Switch534>
11
</Switch534>
<Switch535>
0
</Switch535>
<Switch536>
6
</Switch536>
<Switch537>
4
</Switch537>
<Switch538>
17
</Switch538>
<Switch539>
11
</Switch539>
<Switch540>
8
</Switch540>
<Switch541>
1
</Switch541>
<Switch542>
7
</Switch542>
<Switch543>
3
</Switch543>
<Switch544>
3
</Switch544>
<Switch545>
0
</Switch545>
<Switch546>
3
</Switch546>
<Switch547>
0
</Switch547>
<Switch548>
10
</Switch548>
<Switch549>
9
</Switch549>
<Switch550>
9
</Switch550>
<Switch551>
1
</Switch551>
<Switch552>
12
</Switch552>
<Switch553>
17
</Switch553>
<Switch554>
5
</Switch554>
<Switch555>
13
</Switch555>
<Switch556>
13
</Switch556>
<Switch557>
2
</Switch557>
<Switch558>
0
</Switch558>
<Switch559>
16
</Switch559>
<Switch560>
14
</Switch560>
<Switch561>
16
</Switch561>
<Switch562>
15
</Switch562>
<Switch563>
13
</Switch563>
<Switch564>
16
</Switch564>
<Switch565>
17
</Switch565>
<Switch566>
19
</Switch566>
<Switch567>
1
</Switch567>
<Switch568>
1
</Switch568>
<Switch569>
3
</Switch569>
<Switch570>
9
</Switch570>
<Switch571>
8
</Switch571>
<Switch572>
8
</Switch572>
<Switch573>
6
</Switch573>
<Switch574>
4
</Switch574>
<Switch575>
4
</Switch575>
<Switch576>
0
</Switch576>
<Switch577>
9
</Switch577>
<Switch578>
10
</Switch578>
<Switch579>
9
</Switch579>
<Switch580>
5
</Switch580>
<Switch581>
13
</Switch581>
<Switch582>
0
</Switch582>
<Switch583>
1
</Switch583>
<Switch584>
6
</Switch584>
<Switch585>
1
</Switch585>
<Switch586>
6
</Switch586>
<Switch587>
13
</Switch587>
<Switch588>
15
</Switch588>
<Switch589>
14
</Switch589>
<Switch590>
11
</Switch590>
<Switch591>
5
</Switch591>
<Switch592>
0
</Switch592>
<Switch593>
11
</Switch593>
<Switch594>
17
</Switch594>
<Switch595>
2
</Switch595>
<Switch596>
15
</Switch596>
<Switch597>
2
</Switch597>
<Switch598>
2
</Switch598>
<Switch599>
9
</Switch599>
<Switch600>
16
</Switch600>
<Switch601>
16
</Switch601>
<Switch602>
7
</Switch602>
<Switch603>
1
</Switch603>
<Switch604>
5
</Switch604>
<Switch605>
3
</Switch605>
<Switch606>
2
</Switch606>
<Switch607>
2
</Switch607>
<Switch608>
8
</Switch608>
<Switch609>
2
</Switch609>
<Switch610>
8
</Switch610>
<Switch611>
16
</Switch611>
<Switch612>
2
</Switch612>
<Switch613>
2
</Switch613>
<Switch614>
11
</Switch614>
<Switch615>
6
</Switch615>
<Switch616>
10
</Switch616>
<Switch617>
14
</Switch617>
<Switch618>
15
</Switch618>
<Switch619>
0
</Switch619>
<Switch620>
5
</Switch620>
<Switch621>
0
</Switch621>
<Switch622>
16
</Switch622>
<Switch623>
13
</Switch623>
<Switch624>
16
</Switch624>
<Switch625>
4
</Switch625>
<Switch626>
12
</Switch626>
<Switch627>
16
</Switch627>
<Switch628>
3
</Switch628>
<Switch629>
8
</Switch629>
<Switch630>
3
</Switch630>
<Switch631>
1
</Switch631>
<Switch632>
6
</Switch632>
<Switch633>
2
</Switch633>
<Switch634>
15
</Switch634>
<Switch635>
3
</Switch635>
<Switch636>
17
</Switch636>
<Switch637>
3
</Switch637>
<Switch638>
12
</Switch638>
<Switch639>
9
</Switch639>
<Switch640>
5
</Switch640>
<Switch641>
8
</Switch641>
<Switch642>
4
</Switch642>
<Switch643>
1
</Switch643>
<Switch644>
6
</Switch644>
<Switch645>
16
</Switch645>
<Switch646>
16
</Switch646>
<Switch647>
2
</Switch647>
<Switch648>
12
</Switch648>
<Switch649>
4
</Switch649>
<Switch650>
11
</Switch650>
<Switch651>
10
</Switch651>
<Switch652>
3
</Switch652>
<Switch653>
4
</Switch653>
<Switch654>
19
</Switch654>
<Switch655>
8
</Switch655>
<Switch656>
3
</Switch656>
<Switch657>
15
</Switch657>
<Switch658>
15
</Switch658>
<Switch659>
17
</Switch659>
<Switch660>
4
</Switch660>
<Switch661>
14
</Switch661>
<Switch662>
16
</Switch662>
<Switch663>
14
</Switch663>
<Switch664>
3
</Switch664>
<Switch665>
14
</Switch665>
<Switch666>
17
</Switch666>
<Switch667>
14
</Switch667>
<Switch668>
14
</Switch668>
<Switch669>
3
</Switch669>
<Switch670>
10
</Switch670>
<Switch671>
4
</Switch671>
<Switch672>
3
</Switch672>
<Switch673>
17
</Switch673>
<Switch674>
11
</Switch674>
<Switch675>
3
</Switch675>
<Switch676>
13
</Switch676>
<Switch677>
11
</Switch677>
<Switch678>
6
</Switch678>
<Switch679>
0
</Switch679>
<Switch680>
2
</Switch680>
<Switch681>
16
</Switch681>
<Switch682>
15
</Switch682>
<Switch683>
2
</Switch683>
<Switch684>
1
</Switch684>
<Switch685>
13
</Switch685>
<Switch686>
13
</Switch686>
<Switch687>
18
</Switch687>
<Switch688>
8
</Switch688>
<Switch689>
8
</Switch689>
<Switch690>
7
</Switch690>
<Switch691>
13
</Switch691>
<Switch692>
18
</Switch692>
<Switch693>
19
</Switch693>
<Switch694>
9
</Switch694>
<Switch695>
18
</Switch695>
<Switch696>
8
</Switch696>
<Switch697>
6
</Switch697>
<Switch698>
4
</Switch698>
<Switch699>
0
</Switch699>
<Switch700>
17
</Switch700>
<Switch701>
7
</Switch701>
<Switch702>
4
</Switch702>
<Switch703>
14
</Switch703>
<Switch704>
17
</Switch704>
<Switch705>
0
</Switch705>
<Switch706>
9
</Switch706>
<Switch707>
19
</Switch707>
<Switch708>
6
</Switch708>
<Switch709>
2
</Switch709>
<Switch710>
2
</Switch710>
<Switch711>
8
</Switch711>
<Switch712>
19
</Switch712>
<Switch713>
12
</Switch713>
<Switch714>
11
</Switch714>
<Switch715>
1
</Switch715>
<Switch716>
6
</Switch716>
<Switch717>
16
</Switch717>
<Switch718>
4
</Switch718>
<Switch719>
15
</Switch719>
<Switch720>
8
</Switch720>
<Switch721>
16
</Switch721>
<Switch722>
16
</Switch722>
<Switch723>
17
</Switch723>
<Switch724>
13
</Switch724>
<Switch725>
14
</Switch725>
<Switch726>
8
</Switch726>
<Switch727>
18
</Switch727>
<Switch728>
8
</Switch728>
<Switch729>
16
</Switch729>
<Switch730>
5
</Switch730>
<Switch731>
0
</Switch731>
<Switch732>
7
</Switch732>
<Switch733>
18
</Switch733>
<Switch734>
2
</Switch734>
<Switch735>
16
</Switch735>
<Switch736>
3
</Switch736>
<Switch737>
18
</Switch737>
<Switch738>
6
</Switch738>
<Switch739>
16
</Switch739>
<Switch740>
11
</Switch740>
<Switch741>
18
</Switch741>
<Switch742>
14
</Switch742>
<Switch743>
6
</Switch743>
<Switch744>
12
</Switch744>
<Switch745>
6
</Switch745>
<Switch746>
10
</Switch746>
<Switch747>
18
</Switch747>
<Switch748>
0
</Switch748>
<Switch749>
5
</Switch749>
<Switch750>
14
</Switch750>
<Switch751>
19
</Switch751>
<Switch752>
6
</Switch752>
<Switch753>
14
</Switch753>
<Switch754>
9
</Switch754>
<Switch755>
4
</Switch755>
<Switch756>
0
</Switch756>
</BaseID:1226>
