<?xml version="1.0"?>

<BaseID:1230>
<Switch1>
9
</Switch1>
<Switch2>
9
</Switch2>
<Switch3>
7
</Switch3>
<Switch4>
10
</Switch4>
<Switch5>
4
</Switch5>
<Switch6>
10
</Switch6>
<Switch7>
5
</Switch7>
<Switch8>
6
</Switch8>
<Switch9>
16
</Switch9>
<Switch10>
10
</Switch10>
<Switch11>
5
</Switch11>
<Switch12>
11
</Switch12>
<Switch13>
15
</Switch13>
<Switch14>
3
</Switch14>
<Switch15>
19
</Switch15>
<Switch16>
17
</Switch16>
<Switch17>
19
</Switch17>
<Switch18>
7
</Switch18>
<Switch19>
6
</Switch19>
<Switch20>
0
</Switch20>
<Switch21>
12
</Switch21>
<Switch22>
4
</Switch22>
<Switch23>
1
</Switch23>
<Switch24>
0
</Switch24>
<Switch25>
11
</Switch25>
<Switch26>
10
</Switch26>
<Switch27>
0
</Switch27>
<Switch28>
13
</Switch28>
<Switch29>
18
</Switch29>
<Switch30>
12
</Switch30>
<Switch31>
2
</Switch31>
<Switch32>
3
</Switch32>
<Switch33>
10
</Switch33>
<Switch34>
6
</Switch34>
<Switch35>
6
</Switch35>
<Switch36>
11
</Switch36>
<Switch37>
4
</Switch37>
<Switch38>
4
</Switch38>
<Switch39>
11
</Switch39>
<Switch40>
2
</Switch40>
<Switch41>
0
</Switch41>
<Switch42>
5
</Switch42>
<Switch43>
2
</Switch43>
<Switch44>
16
</Switch44>
<Switch45>
3
</Switch45>
<Switch46>
11
</Switch46>
<Switch47>
9
</Switch47>
<Switch48>
13
</Switch48>
<Switch49>
5
</Switch49>
<Switch50>
14
</Switch50>
<Switch51>
19
</Switch51>
<Switch52>
8
</Switch52>
<Switch53>
11
</Switch53>
<Switch54>
12
</Switch54>
<Switch55>
3
</Switch55>
<Switch56>
9
</Switch56>
<Switch57>
19
</Switch57>
<Switch58>
7
</Switch58>
<Switch59>
12
</Switch59>
<Switch60>
5
</Switch60>
<Switch61>
6
</Switch61>
<Switch62>
7
</Switch62>
<Switch63>
6
</Switch63>
<Switch64>
13
</Switch64>
<Switch65>
18
</Switch65>
<Switch66>
0
</Switch66>
<Switch67>
8
</Switch67>
<Switch68>
0
</Switch68>
<Switch69>
7
</Switch69>
<Switch70>
4
</Switch70>
<Switch71>
19
</Switch71>
<Switch72>
1
</Switch72>
<Switch73>
4
</Switch73>
<Switch74>
9
</Switch74>
<Switch75>
0
</Switch75>
<Switch76>
5
</Switch76>
<Switch77>
18
</Switch77>
<Switch78>
17
</Switch78>
<Switch79>
1
</Switch79>
<Switch80>
10
</Switch80>
<Switch81>
0
</Switch81>
<Switch82>
3
</Switch82>
<Switch83>
16
</Switch83>
<Switch84>
10
</Switch84>
<Switch85>
9
</Switch85>
<Switch86>
11
</Switch86>
<Switch87>
9
</Switch87>
<Switch88>
0
</Switch88>
<Switch89>
13
</Switch89>
<Switch90>
4
</Switch90>
<Switch91>
15
</Switch91>
<Switch92>
19
</Switch92>
<Switch93>
0
</Switch93>
<Switch94>
17
</Switch94>
<Switch95>
15
</Switch95>
<Switch96>
6
</Switch96>
<Switch97>
13
</Switch97>
<Switch98>
1
</Switch98>
<Switch99>
14
</Switch99>
<Switch100>
11
</Switch100>
<Switch101>
2
</Switch101>
<Switch102>
15
</Switch102>
<Switch103>
4
</Switch103>
<Switch104>
4
</Switch104>
<Switch105>
4
</Switch105>
<Switch106>
3
</Switch106>
<Switch107>
1
</Switch107>
<Switch108>
18
</Switch108>
<Switch109>
15
</Switch109>
<Switch110>
8
</Switch110>
<Switch111>
12
</Switch111>
<Switch112>
0
</Switch112>
<Switch113>
12
</Switch113>
<Switch114>
7
</Switch114>
<Switch115>
15
</Switch115>
<Switch116>
1
</Switch116>
<Switch117>
0
</Switch117>
<Switch118>
0
</Switch118>
<Switch119>
7
</Switch119>
<Switch120>
0
</Switch120>
<Switch121>
8
</Switch121>
<Switch122>
11
</Switch122>
<Switch123>
17
</Switch123>
<Switch124>
8
</Switch124>
<Switch125>
10
</Switch125>
<Switch126>
7
</Switch126>
<Switch127>
1
</Switch127>
<Switch128>
10
</Switch128>
<Switch129>
12
</Switch129>
<Switch130>
7
</Switch130>
<Switch131>
19
</Switch131>
<Switch132>
6
</Switch132>
<Switch133>
16
</Switch133>
<Switch134>
7
</Switch134>
<Switch135>
8
</Switch135>
<Switch136>
4
</Switch136>
<Switch137>
0
</Switch137>
<Switch138>
17
</Switch138>
<Switch139>
4
</Switch139>
<Switch140>
3
</Switch140>
<Switch141>
7
</Switch141>
<Switch142>
5
</Switch142>
<Switch143>
2
</Switch143>
<Switch144>
19
</Switch144>
<Switch145>
14
</Switch145>
<Switch146>
8
</Switch146>
<Switch147>
19
</Switch147>
<Switch148>
5
</Switch148>
<Switch149>
13
</Switch149>
<Switch150>
16
</Switch150>
<Switch151>
5
</Switch151>
<Switch152>
3
</Switch152>
<Switch153>
10
</Switch153>
<Switch154>
13
</Switch154>
<Switch155>
17
</Switch155>
<Switch156>
15
</Switch156>
<Switch157>
9
</Switch157>
<Switch158>
12
</Switch158>
<Switch159>
0
</Switch159>
<Switch160>
8
</Switch160>
<Switch161>
5
</Switch161>
<Switch162>
17
</Switch162>
<Switch163>
15
</Switch163>
<Switch164>
4
</Switch164>
<Switch165>
19
</Switch165>
<Switch166>
16
</Switch166>
<Switch167>
1
</Switch167>
<Switch168>
2
</Switch168>
<Switch169>
9
</Switch169>
<Switch170>
8
</Switch170>
<Switch171>
10
</Switch171>
<Switch172>
13
</Switch172>
<Switch173>
14
</Switch173>
<Switch174>
0
</Switch174>
<Switch175>
19
</Switch175>
<Switch176>
10
</Switch176>
<Switch177>
4
</Switch177>
<Switch178>
3
</Switch178>
<Switch179>
17
</Switch179>
<Switch180>
14
</Switch180>
<Switch181>
3
</Switch181>
<Switch182>
19
</Switch182>
<Switch183>
19
</Switch183>
<Switch184>
15
</Switch184>
<Switch185>
6
</Switch185>
<Switch186>
14
</Switch186>
<Switch187>
7
</Switch187>
<Switch188>
4
</Switch188>
<Switch189>
5
</Switch189>
<Switch190>
5
</Switch190>
<Switch191>
8
</Switch191>
<Switch192>
18
</Switch192>
<Switch193>
6
</Switch193>
<Switch194>
2
</Switch194>
<Switch195>
7
</Switch195>
<Switch196>
18
</Switch196>
<Switch197>
0
</Switch197>
<Switch198>
17
</Switch198>
<Switch199>
9
</Switch199>
<Switch200>
5
</Switch200>
<Switch201>
13
</Switch201>
<Switch202>
0
</Switch202>
<Switch203>
5
</Switch203>
<Switch204>
19
</Switch204>
<Switch205>
3
</Switch205>
<Switch206>
0
</Switch206>
<Switch207>
3
</Switch207>
<Switch208>
3
</Switch208>
<Switch209>
12
</Switch209>
<Switch210>
0
</Switch210>
<Switch211>
4
</Switch211>
<Switch212>
13
</Switch212>
<Switch213>
16
</Switch213>
<Switch214>
12
</Switch214>
<Switch215>
17
</Switch215>
<Switch216>
5
</Switch216>
<Switch217>
17
</Switch217>
<Switch218>
15
</Switch218>
<Switch219>
19
</Switch219>
<Switch220>
16
</Switch220>
<Switch221>
5
</Switch221>
<Switch222>
17
</Switch222>
<Switch223>
1
</Switch223>
<Switch224>
10
</Switch224>
<Switch225>
18
</Switch225>
<Switch226>
12
</Switch226>
<Switch227>
11
</Switch227>
<Switch228>
11
</Switch228>
<Switch229>
14
</Switch229>
<Switch230>
15
</Switch230>
<Switch231>
6
</Switch231>
<Switch232>
4
</Switch232>
<Switch233>
10
</Switch233>
<Switch234>
10
</Switch234>
<Switch235>
16
</Switch235>
<Switch236>
13
</Switch236>
<Switch237>
19
</Switch237>
<Switch238>
9
</Switch238>
<Switch239>
14
</Switch239>
<Switch240>
0
</Switch240>
<Switch241>
9
</Switch241>
<Switch242>
11
</Switch242>
<Switch243>
13
</Switch243>
<Switch244>
8
</Switch244>
<Switch245>
17
</Switch245>
<Switch246>
15
</Switch246>
<Switch247>
2
</Switch247>
<Switch248>
9
</Switch248>
<Switch249>
9
</Switch249>
<Switch250>
10
</Switch250>
<Switch251>
15
</Switch251>
<Switch252>
6
</Switch252>
<Switch253>
10
</Switch253>
<Switch254>
17
</Switch254>
<Switch255>
3
</Switch255>
<Switch256>
13
</Switch256>
<Switch257>
1
</Switch257>
<Switch258>
6
</Switch258>
<Switch259>
18
</Switch259>
<Switch260>
3
</Switch260>
<Switch261>
10
</Switch261>
<Switch262>
5
</Switch262>
<Switch263>
13
</Switch263>
<Switch264>
14
</Switch264>
<Switch265>
19
</Switch265>
<Switch266>
8
</Switch266>
<Switch267>
8
</Switch267>
<Switch268>
11
</Switch268>
<Switch269>
14
</Switch269>
<Switch270>
4
</Switch270>
<Switch271>
12
</Switch271>
<Switch272>
9
</Switch272>
<Switch273>
19
</Switch273>
<Switch274>
1
</Switch274>
<Switch275>
11
</Switch275>
<Switch276>
10
</Switch276>
<Switch277>
17
</Switch277>
<Switch278>
9
</Switch278>
<Switch279>
8
</Switch279>
<Switch280>
14
</Switch280>
<Switch281>
15
</Switch281>
<Switch282>
17
</Switch282>
<Switch283>
12
</Switch283>
<Switch284>
18
</Switch284>
<Switch285>
3
</Switch285>
<Switch286>
16
</Switch286>
<Switch287>
14
</Switch287>
<Switch288>
6
</Switch288>
<Switch289>
3
</Switch289>
<Switch290>
0
</Switch290>
<Switch291>
12
</Switch291>
<Switch292>
18
</Switch292>
<Switch293>
8
</Switch293>
<Switch294>
0
</Switch294>
<Switch295>
10
</Switch295>
<Switch296>
8
</Switch296>
<Switch297>
12
</Switch297>
<Switch298>
0
</Switch298>
<Switch299>
12
</Switch299>
<Switch300>
6
</Switch300>
<Switch301>
19
</Switch301>
<Switch302>
9
</Switch302>
<Switch303>
4
</Switch303>
<Switch304>
12
</Switch304>
<Switch305>
11
</Switch305>
<Switch306>
8
</Switch306>
<Switch307>
10
</Switch307>
<Switch308>
0
</Switch308>
<Switch309>
17
</Switch309>
<Switch310>
2
</Switch310>
<Switch311>
6
</Switch311>
<Switch312>
18
</Switch312>
<Switch313>
4
</Switch313>
<Switch314>
18
</Switch314>
<Switch315>
4
</Switch315>
<Switch316>
16
</Switch316>
<Switch317>
1
</Switch317>
<Switch318>
11
</Switch318>
<Switch319>
13
</Switch319>
<Switch320>
15
</Switch320>
<Switch321>
17
</Switch321>
<Switch322>
6
</Switch322>
<Switch323>
5
</Switch323>
<Switch324>
4
</Switch324>
<Switch325>
7
</Switch325>
<Switch326>
12
</Switch326>
<Switch327>
1
</Switch327>
<Switch328>
9
</Switch328>
<Switch329>
18
</Switch329>
<Switch330>
0
</Switch330>
<Switch331>
5
</Switch331>
<Switch332>
1
</Switch332>
<Switch333>
11
</Switch333>
<Switch334>
3
</Switch334>
<Switch335>
12
</Switch335>
<Switch336>
7
</Switch336>
<Switch337>
19
</Switch337>
<Switch338>
5
</Switch338>
<Switch339>
3
</Switch339>
<Switch340>
0
</Switch340>
<Switch341>
9
</Switch341>
<Switch342>
9
</Switch342>
<Switch343>
11
</Switch343>
<Switch344>
11
</Switch344>
<Switch345>
15
</Switch345>
<Switch346>
10
</Switch346>
<Switch347>
6
</Switch347>
<Switch348>
5
</Switch348>
<Switch349>
4
</Switch349>
<Switch350>
17
</Switch350>
<Switch351>
10
</Switch351>
<Switch352>
2
</Switch352>
<Switch353>
5
</Switch353>
<Switch354>
15
</Switch354>
<Switch355>
18
</Switch355>
<Switch356>
6
</Switch356>
<Switch357>
13
</Switch357>
<Switch358>
3
</Switch358>
<Switch359>
6
</Switch359>
<Switch360>
15
</Switch360>
<Switch361>
7
</Switch361>
<Switch362>
18
</Switch362>
<Switch363>
10
</Switch363>
<Switch364>
16
</Switch364>
<Switch365>
6
</Switch365>
<Switch366>
6
</Switch366>
<Switch367>
10
</Switch367>
<Switch368>
3
</Switch368>
<Switch369>
9
</Switch369>
<Switch370>
17
</Switch370>
<Switch371>
13
</Switch371>
<Switch372>
5
</Switch372>
<Switch373>
4
</Switch373>
<Switch374>
7
</Switch374>
<Switch375>
12
</Switch375>
<Switch376>
2
</Switch376>
<Switch377>
12
</Switch377>
<Switch378>
10
</Switch378>
<Switch379>
19
</Switch379>
<Switch380>
12
</Switch380>
<Switch381>
15
</Switch381>
<Switch382>
7
</Switch382>
<Switch383>
19
</Switch383>
<Switch384>
8
</Switch384>
<Switch385>
17
</Switch385>
<Switch386>
5
</Switch386>
<Switch387>
15
</Switch387>
<Switch388>
7
</Switch388>
<Switch389>
19
</Switch389>
<Switch390>
12
</Switch390>
<Switch391>
9
</Switch391>
<Switch392>
8
</Switch392>
<Switch393>
9
</Switch393>
<Switch394>
16
</Switch394>
<Switch395>
3
</Switch395>
<Switch396>
0
</Switch396>
<Switch397>
19
</Switch397>
<Switch398>
4
</Switch398>
<Switch399>
15
</Switch399>
<Switch400>
16
</Switch400>
<Switch401>
8
</Switch401>
<Switch402>
6
</Switch402>
<Switch403>
13
</Switch403>
<Switch404>
11
</Switch404>
<Switch405>
12
</Switch405>
<Switch406>
11
</Switch406>
<Switch407>
5
</Switch407>
<Switch408>
11
</Switch408>
<Switch409>
15
</Switch409>
<Switch410>
8
</Switch410>
<Switch411>
2
</Switch411>
<Switch412>
9
</Switch412>
<Switch413>
3
</Switch413>
<Switch414>
13
</Switch414>
<Switch415>
6
</Switch415>
<Switch416>
5
</Switch416>
<Switch417>
0
</Switch417>
<Switch418>
7
</Switch418>
<Switch419>
11
</Switch419>
<Switch420>
0
</Switch420>
<Switch421>
8
</Switch421>
<Switch422>
17
</Switch422>
<Switch423>
13
</Switch423>
<Switch424>
9
</Switch424>
<Switch425>
14
</Switch425>
<Switch426>
8
</Switch426>
<Switch427>
9
</Switch427>
<Switch428>
16
</Switch428>
<Switch429>
7
</Switch429>
<Switch430>
10
</Switch430>
<Switch431>
8
</Switch431>
<Switch432>
18
</Switch432>
<Switch433>
3
</Switch433>
<Switch434>
17
</Switch434>
<Switch435>
2
</Switch435>
<Switch436>
11
</Switch436>
<Switch437>
18
</Switch437>
<Switch438>
18
</Switch438>
<Switch439>
18
</Switch439>
<Switch440>
5
</Switch440>
<Switch441>
13
</Switch441>
<Switch442>
6
</Switch442>
<Switch443>
15
</Switch443>
<Switch444>
8
</Switch444>
<Switch445>
16
</Switch445>
<Switch446>
13
</Switch446>
<Switch447>
9
</Switch447>
<Switch448>
12
</Switch448>
<Switch449>
18
</Switch449>
<Switch450>
9
</Switch450>
<Switch451>
2
</Switch451>
<Switch452>
8
</Switch452>
<Switch453>
2
</Switch453>
<Switch454>
2
</Switch454>
<Switch455>
8
</Switch455>
<Switch456>
2
</Switch456>
<Switch457>
16
</Switch457>
<Switch458>
12
</Switch458>
<Switch459>
19
</Switch459>
<Switch460>
0
</Switch460>
<Switch461>
6
</Switch461>
<Switch462>
15
</Switch462>
<Switch463>
15
</Switch463>
<Switch464>
8
</Switch464>
<Switch465>
0
</Switch465>
<Switch466>
3
</Switch466>
<Switch467>
8
</Switch467>
<Switch468>
7
</Switch468>
<Switch469>
13
</Switch469>
<Switch470>
7
</Switch470>
<Switch471>
8
</Switch471>
<Switch472>
17
</Switch472>
<Switch473>
16
</Switch473>
<Switch474>
7
</Switch474>
<Switch475>
19
</Switch475>
<Switch476>
14
</Switch476>
<Switch477>
14
</Switch477>
<Switch478>
18
</Switch478>
<Switch479>
17
</Switch479>
<Switch480>
19
</Switch480>
<Switch481>
7
</Switch481>
<Switch482>
15
</Switch482>
<Switch483>
8
</Switch483>
<Switch484>
15
</Switch484>
<Switch485>
1
</Switch485>
<Switch486>
12
</Switch486>
<Switch487>
0
</Switch487>
<Switch488>
19
</Switch488>
<Switch489>
10
</Switch489>
<Switch490>
10
</Switch490>
<Switch491>
18
</Switch491>
<Switch492>
16
</Switch492>
<Switch493>
3
</Switch493>
<Switch494>
0
</Switch494>
<Switch495>
9
</Switch495>
<Switch496>
0
</Switch496>
<Switch497>
3
</Switch497>
<Switch498>
10
</Switch498>
<Switch499>
0
</Switch499>
<Switch500>
14
</Switch500>
<Switch501>
19
</Switch501>
<Switch502>
19
</Switch502>
<Switch503>
0
</Switch503>
<Switch504>
4
</Switch504>
<Switch505>
6
</Switch505>
<Switch506>
14
</Switch506>
<Switch507>
2
</Switch507>
<Switch508>
2
</Switch508>
<Switch509>
16
</Switch509>
<Switch510>
14
</Switch510>
<Switch511>
6
</Switch511>
<Switch512>
0
</Switch512>
<Switch513>
7
</Switch513>
<Switch514>
5
</Switch514>
<Switch515>
2
</Switch515>
<Switch516>
5
</Switch516>
<Switch517>
19
</Switch517>
<Switch518>
15
</Switch518>
<Switch519>
15
</Switch519>
<Switch520>
19
</Switch520>
<Switch521>
17
</Switch521>
<Switch522>
0
</Switch522>
<Switch523>
17
</Switch523>
<Switch524>
9
</Switch524>
<Switch525>
19
</Switch525>
<Switch526>
4
</Switch526>
<Switch527>
10
</Switch527>
<Switch528>
8
</Switch528>
<Switch529>
10
</Switch529>
<Switch530>
8
</Switch530>
<Switch531>
14
</Switch531>
<Switch532>
1
</Switch532>
<Switch533>
4
</Switch533>
<Switch534>
17
</Switch534>
<Switch535>
13
</Switch535>
<Switch536>
7
</Switch536>
<Switch537>
13
</Switch537>
<Switch538>
9
</Switch538>
<Switch539>
18
</Switch539>
<Switch540>
5
</Switch540>
<Switch541>
14
</Switch541>
<Switch542>
18
</Switch542>
<Switch543>
16
</Switch543>
<Switch544>
12
</Switch544>
<Switch545>
10
</Switch545>
<Switch546>
15
</Switch546>
<Switch547>
16
</Switch547>
<Switch548>
2
</Switch548>
<Switch549>
2
</Switch549>
<Switch550>
2
</Switch550>
<Switch551>
19
</Switch551>
<Switch552>
0
</Switch552>
<Switch553>
11
</Switch553>
<Switch554>
0
</Switch554>
<Switch555>
16
</Switch555>
<Switch556>
10
</Switch556>
<Switch557>
5
</Switch557>
<Switch558>
16
</Switch558>
<Switch559>
14
</Switch559>
<Switch560>
12
</Switch560>
<Switch561>
11
</Switch561>
<Switch562>
3
</Switch562>
<Switch563>
16
</Switch563>
<Switch564>
18
</Switch564>
<Switch565>
18
</Switch565>
<Switch566>
6
</Switch566>
<Switch567>
2
</Switch567>
<Switch568>
9
</Switch568>
<Switch569>
19
</Switch569>
<Switch570>
11
</Switch570>
<Switch571>
18
</Switch571>
<Switch572>
1
</Switch572>
<Switch573>
2
</Switch573>
<Switch574>
1
</Switch574>
<Switch575>
11
</Switch575>
<Switch576>
14
</Switch576>
<Switch577>
1
</Switch577>
<Switch578>
13
</Switch578>
<Switch579>
9
</Switch579>
<Switch580>
11
</Switch580>
<Switch581>
14
</Switch581>
<Switch582>
1
</Switch582>
<Switch583>
17
</Switch583>
<Switch584>
4
</Switch584>
<Switch585>
13
</Switch585>
<Switch586>
5
</Switch586>
<Switch587>
12
</Switch587>
<Switch588>
11
</Switch588>
<Switch589>
14
</Switch589>
<Switch590>
3
</Switch590>
<Switch591>
9
</Switch591>
<Switch592>
6
</Switch592>
<Switch593>
0
</Switch593>
<Switch594>
13
</Switch594>
<Switch595>
16
</Switch595>
<Switch596>
12
</Switch596>
<Switch597>
19
</Switch597>
<Switch598>
5
</Switch598>
<Switch599>
19
</Switch599>
<Switch600>
0
</Switch600>
<Switch601>
0
</Switch601>
<Switch602>
19
</Switch602>
<Switch603>
19
</Switch603>
<Switch604>
16
</Switch604>
<Switch605>
2
</Switch605>
<Switch606>
7
</Switch606>
<Switch607>
14
</Switch607>
<Switch608>
12
</Switch608>
<Switch609>
3
</Switch609>
<Switch610>
7
</Switch610>
<Switch611>
13
</Switch611>
<Switch612>
3
</Switch612>
<Switch613>
1
</Switch613>
<Switch614>
14
</Switch614>
<Switch615>
13
</Switch615>
<Switch616>
4
</Switch616>
<Switch617>
16
</Switch617>
<Switch618>
15
</Switch618>
<Switch619>
8
</Switch619>
<Switch620>
13
</Switch620>
<Switch621>
10
</Switch621>
<Switch622>
7
</Switch622>
<Switch623>
6
</Switch623>
<Switch624>
8
</Switch624>
<Switch625>
11
</Switch625>
<Switch626>
9
</Switch626>
<Switch627>
18
</Switch627>
<Switch628>
7
</Switch628>
<Switch629>
3
</Switch629>
<Switch630>
19
</Switch630>
<Switch631>
7
</Switch631>
<Switch632>
10
</Switch632>
<Switch633>
18
</Switch633>
<Switch634>
15
</Switch634>
<Switch635>
3
</Switch635>
<Switch636>
9
</Switch636>
<Switch637>
14
</Switch637>
<Switch638>
5
</Switch638>
<Switch639>
7
</Switch639>
<Switch640>
12
</Switch640>
<Switch641>
4
</Switch641>
<Switch642>
9
</Switch642>
<Switch643>
1
</Switch643>
<Switch644>
19
</Switch644>
<Switch645>
13
</Switch645>
<Switch646>
18
</Switch646>
<Switch647>
3
</Switch647>
<Switch648>
19
</Switch648>
<Switch649>
3
</Switch649>
<Switch650>
17
</Switch650>
<Switch651>
9
</Switch651>
<Switch652>
15
</Switch652>
<Switch653>
1
</Switch653>
<Switch654>
4
</Switch654>
<Switch655>
19
</Switch655>
<Switch656>
12
</Switch656>
<Switch657>
11
</Switch657>
<Switch658>
10
</Switch658>
<Switch659>
9
</Switch659>
<Switch660>
15
</Switch660>
<Switch661>
16
</Switch661>
<Switch662>
4
</Switch662>
<Switch663>
4
</Switch663>
<Switch664>
13
</Switch664>
<Switch665>
6
</Switch665>
<Switch666>
2
</Switch666>
<Switch667>
13
</Switch667>
<Switch668>
5
</Switch668>
<Switch669>
16
</Switch669>
<Switch670>
7
</Switch670>
<Switch671>
5
</Switch671>
<Switch672>
15
</Switch672>
<Switch673>
0
</Switch673>
<Switch674>
12
</Switch674>
<Switch675>
12
</Switch675>
<Switch676>
5
</Switch676>
<Switch677>
14
</Switch677>
<Switch678>
3
</Switch678>
<Switch679>
11
</Switch679>
<Switch680>
2
</Switch680>
<Switch681>
10
</Switch681>
<Switch682>
13
</Switch682>
<Switch683>
2
</Switch683>
<Switch684>
9
</Switch684>
<Switch685>
18
</Switch685>
<Switch686>
11
</Switch686>
<Switch687>
2
</Switch687>
<Switch688>
4
</Switch688>
<Switch689>
8
</Switch689>
<Switch690>
10
</Switch690>
<Switch691>
13
</Switch691>
<Switch692>
9
</Switch692>
<Switch693>
16
</Switch693>
<Switch694>
15
</Switch694>
<Switch695>
0
</Switch695>
<Switch696>
9
</Switch696>
<Switch697>
17
</Switch697>
<Switch698>
16
</Switch698>
<Switch699>
6
</Switch699>
<Switch700>
19
</Switch700>
<Switch701>
6
</Switch701>
<Switch702>
4
</Switch702>
<Switch703>
15
</Switch703>
<Switch704>
1
</Switch704>
<Switch705>
11
</Switch705>
<Switch706>
10
</Switch706>
<Switch707>
14
</Switch707>
<Switch708>
7
</Switch708>
<Switch709>
18
</Switch709>
<Switch710>
13
</Switch710>
<Switch711>
17
</Switch711>
<Switch712>
2
</Switch712>
<Switch713>
9
</Switch713>
<Switch714>
6
</Switch714>
<Switch715>
4
</Switch715>
<Switch716>
3
</Switch716>
<Switch717>
2
</Switch717>
<Switch718>
0
</Switch718>
<Switch719>
5
</Switch719>
<Switch720>
8
</Switch720>
<Switch721>
15
</Switch721>
<Switch722>
12
</Switch722>
<Switch723>
11
</Switch723>
<Switch724>
16
</Switch724>
<Switch725>
19
</Switch725>
<Switch726>
16
</Switch726>
<Switch727>
4
</Switch727>
<Switch728>
12
</Switch728>
<Switch729>
6
</Switch729>
<Switch730>
4
</Switch730>
<Switch731>
17
</Switch731>
<Switch732>
3
</Switch732>
<Switch733>
0
</Switch733>
<Switch734>
13
</Switch734>
<Switch735>
18
</Switch735>
<Switch736>
10
</Switch736>
<Switch737>
14
</Switch737>
<Switch738>
16
</Switch738>
<Switch739>
4
</Switch739>
<Switch740>
17
</Switch740>
<Switch741>
15
</Switch741>
<Switch742>
19
</Switch742>
<Switch743>
9
</Switch743>
<Switch744>
5
</Switch744>
<Switch745>
0
</Switch745>
<Switch746>
4
</Switch746>
<Switch747>
1
</Switch747>
<Switch748>
6
</Switch748>
<Switch749>
12
</Switch749>
<Switch750>
14
</Switch750>
<Switch751>
6
</Switch751>
<Switch752>
6
</Switch752>
<Switch753>
10
</Switch753>
<Switch754>
11
</Switch754>
<Switch755>
6
</Switch755>
<Switch756>
5
</Switch756>
<Switch757>
6
</Switch757>
<Switch758>
8
</Switch758>
<Switch759>
8
</Switch759>
<Switch760>
12
</Switch760>
<Switch761>
8
</Switch761>
<Switch762>
12
</Switch762>
<Switch763>
15
</Switch763>
<Switch764>
5
</Switch764>
<Switch765>
12
</Switch765>
<Switch766>
13
</Switch766>
<Switch767>
15
</Switch767>
<Switch768>
5
</Switch768>
<Switch769>
3
</Switch769>
<Switch770>
14
</Switch770>
<Switch771>
5
</Switch771>
<Switch772>
17
</Switch772>
<Switch773>
5
</Switch773>
<Switch774>
2
</Switch774>
<Switch775>
18
</Switch775>
<Switch776>
3
</Switch776>
<Switch777>
0
</Switch777>
<Switch778>
19
</Switch778>
<Switch779>
4
</Switch779>
<Switch780>
17
</Switch780>
<Switch781>
13
</Switch781>
<Switch782>
5
</Switch782>
<Switch783>
10
</Switch783>
<Switch784>
0
</Switch784>
<Switch785>
11
</Switch785>
<Switch786>
5
</Switch786>
<Switch787>
6
</Switch787>
<Switch788>
10
</Switch788>
<Switch789>
17
</Switch789>
<Switch790>
3
</Switch790>
<Switch791>
12
</Switch791>
<Switch792>
18
</Switch792>
<Switch793>
9
</Switch793>
<Switch794>
7
</Switch794>
<Switch795>
19
</Switch795>
<Switch796>
6
</Switch796>
<Switch797>
0
</Switch797>
<Switch798>
13
</Switch798>
<Switch799>
4
</Switch799>
<Switch800>
19
</Switch800>
<Switch801>
16
</Switch801>
<Switch802>
17
</Switch802>
<Switch803>
2
</Switch803>
<Switch804>
5
</Switch804>
<Switch805>
17
</Switch805>
<Switch806>
14
</Switch806>
<Switch807>
18
</Switch807>
<Switch808>
10
</Switch808>
<Switch809>
4
</Switch809>
<Switch810>
19
</Switch810>
<Switch811>
10
</Switch811>
<Switch812>
0
</Switch812>
<Switch813>
13
</Switch813>
<Switch814>
6
</Switch814>
<Switch815>
2
</Switch815>
<Switch816>
15
</Switch816>
<Switch817>
13
</Switch817>
<Switch818>
13
</Switch818>
<Switch819>
4
</Switch819>
<Switch820>
13
</Switch820>
<Switch821>
0
</Switch821>
<Switch822>
8
</Switch822>
<Switch823>
12
</Switch823>
</BaseID:1230>
