<?xml version="1.0"?>

<BaseID:1232>
<Switch1>
4
</Switch1>
<Switch2>
19
</Switch2>
<Switch3>
9
</Switch3>
<Switch4>
0
</Switch4>
<Switch5>
18
</Switch5>
<Switch6>
17
</Switch6>
<Switch7>
0
</Switch7>
<Switch8>
18
</Switch8>
<Switch9>
11
</Switch9>
<Switch10>
9
</Switch10>
<Switch11>
1
</Switch11>
<Switch12>
16
</Switch12>
<Switch13>
7
</Switch13>
<Switch14>
14
</Switch14>
<Switch15>
5
</Switch15>
<Switch16>
18
</Switch16>
<Switch17>
17
</Switch17>
<Switch18>
10
</Switch18>
<Switch19>
17
</Switch19>
<Switch20>
7
</Switch20>
<Switch21>
3
</Switch21>
<Switch22>
18
</Switch22>
<Switch23>
17
</Switch23>
<Switch24>
4
</Switch24>
<Switch25>
0
</Switch25>
<Switch26>
11
</Switch26>
<Switch27>
2
</Switch27>
<Switch28>
6
</Switch28>
<Switch29>
17
</Switch29>
<Switch30>
9
</Switch30>
<Switch31>
3
</Switch31>
<Switch32>
4
</Switch32>
<Switch33>
5
</Switch33>
<Switch34>
11
</Switch34>
<Switch35>
3
</Switch35>
<Switch36>
1
</Switch36>
<Switch37>
13
</Switch37>
<Switch38>
15
</Switch38>
<Switch39>
18
</Switch39>
<Switch40>
18
</Switch40>
<Switch41>
9
</Switch41>
<Switch42>
7
</Switch42>
<Switch43>
5
</Switch43>
<Switch44>
15
</Switch44>
<Switch45>
10
</Switch45>
<Switch46>
1
</Switch46>
<Switch47>
4
</Switch47>
<Switch48>
5
</Switch48>
<Switch49>
10
</Switch49>
<Switch50>
3
</Switch50>
<Switch51>
3
</Switch51>
<Switch52>
4
</Switch52>
<Switch53>
15
</Switch53>
<Switch54>
12
</Switch54>
<Switch55>
10
</Switch55>
<Switch56>
6
</Switch56>
<Switch57>
14
</Switch57>
<Switch58>
8
</Switch58>
<Switch59>
6
</Switch59>
<Switch60>
8
</Switch60>
<Switch61>
1
</Switch61>
<Switch62>
19
</Switch62>
<Switch63>
0
</Switch63>
<Switch64>
19
</Switch64>
<Switch65>
7
</Switch65>
<Switch66>
6
</Switch66>
<Switch67>
5
</Switch67>
<Switch68>
7
</Switch68>
<Switch69>
15
</Switch69>
<Switch70>
5
</Switch70>
<Switch71>
6
</Switch71>
<Switch72>
2
</Switch72>
<Switch73>
1
</Switch73>
<Switch74>
17
</Switch74>
<Switch75>
7
</Switch75>
<Switch76>
1
</Switch76>
<Switch77>
8
</Switch77>
<Switch78>
6
</Switch78>
<Switch79>
17
</Switch79>
<Switch80>
1
</Switch80>
<Switch81>
15
</Switch81>
<Switch82>
9
</Switch82>
<Switch83>
3
</Switch83>
<Switch84>
12
</Switch84>
<Switch85>
3
</Switch85>
<Switch86>
1
</Switch86>
<Switch87>
10
</Switch87>
<Switch88>
9
</Switch88>
<Switch89>
17
</Switch89>
<Switch90>
16
</Switch90>
<Switch91>
10
</Switch91>
<Switch92>
2
</Switch92>
<Switch93>
10
</Switch93>
<Switch94>
1
</Switch94>
<Switch95>
7
</Switch95>
<Switch96>
5
</Switch96>
<Switch97>
7
</Switch97>
<Switch98>
12
</Switch98>
<Switch99>
13
</Switch99>
<Switch100>
11
</Switch100>
<Switch101>
19
</Switch101>
<Switch102>
9
</Switch102>
<Switch103>
18
</Switch103>
<Switch104>
17
</Switch104>
<Switch105>
8
</Switch105>
<Switch106>
11
</Switch106>
<Switch107>
6
</Switch107>
<Switch108>
5
</Switch108>
<Switch109>
13
</Switch109>
<Switch110>
13
</Switch110>
<Switch111>
9
</Switch111>
<Switch112>
5
</Switch112>
<Switch113>
7
</Switch113>
<Switch114>
4
</Switch114>
<Switch115>
10
</Switch115>
<Switch116>
7
</Switch116>
<Switch117>
0
</Switch117>
<Switch118>
17
</Switch118>
<Switch119>
4
</Switch119>
<Switch120>
6
</Switch120>
<Switch121>
9
</Switch121>
<Switch122>
5
</Switch122>
<Switch123>
18
</Switch123>
<Switch124>
4
</Switch124>
<Switch125>
12
</Switch125>
<Switch126>
3
</Switch126>
<Switch127>
9
</Switch127>
<Switch128>
13
</Switch128>
<Switch129>
4
</Switch129>
<Switch130>
1
</Switch130>
</BaseID:1232>
