<?xml version="1.0"?>

<BaseID:1234>
<Switch1>
7
</Switch1>
<Switch2>
17
</Switch2>
<Switch3>
5
</Switch3>
<Switch4>
5
</Switch4>
<Switch5>
14
</Switch5>
<Switch6>
3
</Switch6>
<Switch7>
12
</Switch7>
<Switch8>
16
</Switch8>
<Switch9>
9
</Switch9>
<Switch10>
1
</Switch10>
<Switch11>
2
</Switch11>
<Switch12>
12
</Switch12>
<Switch13>
5
</Switch13>
<Switch14>
12
</Switch14>
<Switch15>
4
</Switch15>
<Switch16>
12
</Switch16>
<Switch17>
3
</Switch17>
<Switch18>
19
</Switch18>
<Switch19>
4
</Switch19>
<Switch20>
3
</Switch20>
<Switch21>
2
</Switch21>
<Switch22>
12
</Switch22>
<Switch23>
5
</Switch23>
<Switch24>
3
</Switch24>
<Switch25>
7
</Switch25>
<Switch26>
16
</Switch26>
<Switch27>
8
</Switch27>
<Switch28>
18
</Switch28>
<Switch29>
9
</Switch29>
<Switch30>
1
</Switch30>
<Switch31>
11
</Switch31>
<Switch32>
6
</Switch32>
<Switch33>
7
</Switch33>
<Switch34>
12
</Switch34>
<Switch35>
0
</Switch35>
<Switch36>
19
</Switch36>
<Switch37>
13
</Switch37>
<Switch38>
6
</Switch38>
<Switch39>
9
</Switch39>
<Switch40>
11
</Switch40>
<Switch41>
12
</Switch41>
<Switch42>
8
</Switch42>
<Switch43>
4
</Switch43>
<Switch44>
1
</Switch44>
<Switch45>
11
</Switch45>
<Switch46>
6
</Switch46>
<Switch47>
6
</Switch47>
<Switch48>
17
</Switch48>
<Switch49>
7
</Switch49>
<Switch50>
16
</Switch50>
<Switch51>
3
</Switch51>
<Switch52>
0
</Switch52>
<Switch53>
10
</Switch53>
<Switch54>
17
</Switch54>
<Switch55>
17
</Switch55>
<Switch56>
0
</Switch56>
<Switch57>
8
</Switch57>
<Switch58>
9
</Switch58>
<Switch59>
4
</Switch59>
<Switch60>
3
</Switch60>
<Switch61>
18
</Switch61>
<Switch62>
15
</Switch62>
<Switch63>
14
</Switch63>
<Switch64>
1
</Switch64>
<Switch65>
4
</Switch65>
<Switch66>
4
</Switch66>
<Switch67>
11
</Switch67>
<Switch68>
9
</Switch68>
<Switch69>
10
</Switch69>
<Switch70>
14
</Switch70>
<Switch71>
13
</Switch71>
<Switch72>
15
</Switch72>
<Switch73>
8
</Switch73>
<Switch74>
5
</Switch74>
<Switch75>
3
</Switch75>
<Switch76>
0
</Switch76>
<Switch77>
12
</Switch77>
<Switch78>
15
</Switch78>
<Switch79>
12
</Switch79>
<Switch80>
19
</Switch80>
<Switch81>
13
</Switch81>
<Switch82>
17
</Switch82>
<Switch83>
15
</Switch83>
<Switch84>
12
</Switch84>
<Switch85>
18
</Switch85>
<Switch86>
9
</Switch86>
<Switch87>
6
</Switch87>
<Switch88>
0
</Switch88>
<Switch89>
19
</Switch89>
<Switch90>
15
</Switch90>
<Switch91>
16
</Switch91>
<Switch92>
8
</Switch92>
<Switch93>
16
</Switch93>
<Switch94>
4
</Switch94>
<Switch95>
11
</Switch95>
<Switch96>
11
</Switch96>
<Switch97>
5
</Switch97>
<Switch98>
18
</Switch98>
<Switch99>
10
</Switch99>
<Switch100>
11
</Switch100>
<Switch101>
18
</Switch101>
<Switch102>
3
</Switch102>
<Switch103>
4
</Switch103>
<Switch104>
0
</Switch104>
<Switch105>
1
</Switch105>
<Switch106>
4
</Switch106>
<Switch107>
12
</Switch107>
<Switch108>
8
</Switch108>
<Switch109>
9
</Switch109>
<Switch110>
11
</Switch110>
<Switch111>
18
</Switch111>
<Switch112>
11
</Switch112>
<Switch113>
1
</Switch113>
<Switch114>
16
</Switch114>
<Switch115>
18
</Switch115>
<Switch116>
10
</Switch116>
<Switch117>
11
</Switch117>
<Switch118>
5
</Switch118>
<Switch119>
15
</Switch119>
<Switch120>
15
</Switch120>
<Switch121>
2
</Switch121>
<Switch122>
9
</Switch122>
<Switch123>
10
</Switch123>
<Switch124>
0
</Switch124>
<Switch125>
16
</Switch125>
<Switch126>
19
</Switch126>
<Switch127>
6
</Switch127>
<Switch128>
13
</Switch128>
<Switch129>
14
</Switch129>
<Switch130>
8
</Switch130>
<Switch131>
6
</Switch131>
<Switch132>
5
</Switch132>
<Switch133>
9
</Switch133>
<Switch134>
14
</Switch134>
<Switch135>
14
</Switch135>
<Switch136>
2
</Switch136>
<Switch137>
19
</Switch137>
<Switch138>
9
</Switch138>
<Switch139>
14
</Switch139>
<Switch140>
17
</Switch140>
<Switch141>
13
</Switch141>
<Switch142>
17
</Switch142>
<Switch143>
15
</Switch143>
<Switch144>
12
</Switch144>
<Switch145>
8
</Switch145>
<Switch146>
2
</Switch146>
<Switch147>
0
</Switch147>
<Switch148>
2
</Switch148>
<Switch149>
4
</Switch149>
<Switch150>
8
</Switch150>
<Switch151>
2
</Switch151>
<Switch152>
17
</Switch152>
<Switch153>
1
</Switch153>
<Switch154>
15
</Switch154>
<Switch155>
16
</Switch155>
<Switch156>
11
</Switch156>
<Switch157>
10
</Switch157>
<Switch158>
14
</Switch158>
<Switch159>
7
</Switch159>
<Switch160>
19
</Switch160>
<Switch161>
19
</Switch161>
<Switch162>
4
</Switch162>
<Switch163>
18
</Switch163>
<Switch164>
12
</Switch164>
<Switch165>
6
</Switch165>
<Switch166>
19
</Switch166>
<Switch167>
6
</Switch167>
<Switch168>
9
</Switch168>
<Switch169>
2
</Switch169>
<Switch170>
17
</Switch170>
<Switch171>
9
</Switch171>
<Switch172>
11
</Switch172>
<Switch173>
5
</Switch173>
<Switch174>
5
</Switch174>
<Switch175>
5
</Switch175>
<Switch176>
12
</Switch176>
<Switch177>
5
</Switch177>
<Switch178>
4
</Switch178>
<Switch179>
0
</Switch179>
<Switch180>
4
</Switch180>
<Switch181>
6
</Switch181>
<Switch182>
3
</Switch182>
<Switch183>
14
</Switch183>
<Switch184>
1
</Switch184>
<Switch185>
10
</Switch185>
<Switch186>
12
</Switch186>
<Switch187>
14
</Switch187>
<Switch188>
6
</Switch188>
<Switch189>
9
</Switch189>
<Switch190>
13
</Switch190>
<Switch191>
10
</Switch191>
<Switch192>
9
</Switch192>
<Switch193>
0
</Switch193>
<Switch194>
4
</Switch194>
<Switch195>
19
</Switch195>
<Switch196>
15
</Switch196>
<Switch197>
14
</Switch197>
<Switch198>
17
</Switch198>
<Switch199>
2
</Switch199>
<Switch200>
4
</Switch200>
<Switch201>
3
</Switch201>
<Switch202>
10
</Switch202>
<Switch203>
14
</Switch203>
<Switch204>
15
</Switch204>
<Switch205>
17
</Switch205>
<Switch206>
9
</Switch206>
<Switch207>
10
</Switch207>
<Switch208>
1
</Switch208>
<Switch209>
8
</Switch209>
<Switch210>
12
</Switch210>
<Switch211>
6
</Switch211>
<Switch212>
5
</Switch212>
<Switch213>
9
</Switch213>
<Switch214>
2
</Switch214>
<Switch215>
14
</Switch215>
<Switch216>
1
</Switch216>
<Switch217>
15
</Switch217>
<Switch218>
2
</Switch218>
<Switch219>
11
</Switch219>
<Switch220>
15
</Switch220>
<Switch221>
3
</Switch221>
<Switch222>
13
</Switch222>
<Switch223>
3
</Switch223>
<Switch224>
15
</Switch224>
<Switch225>
2
</Switch225>
<Switch226>
5
</Switch226>
<Switch227>
8
</Switch227>
<Switch228>
14
</Switch228>
<Switch229>
5
</Switch229>
<Switch230>
5
</Switch230>
<Switch231>
8
</Switch231>
<Switch232>
0
</Switch232>
<Switch233>
0
</Switch233>
<Switch234>
17
</Switch234>
<Switch235>
12
</Switch235>
<Switch236>
4
</Switch236>
<Switch237>
16
</Switch237>
<Switch238>
14
</Switch238>
<Switch239>
15
</Switch239>
<Switch240>
16
</Switch240>
<Switch241>
1
</Switch241>
<Switch242>
16
</Switch242>
<Switch243>
19
</Switch243>
<Switch244>
8
</Switch244>
<Switch245>
16
</Switch245>
<Switch246>
3
</Switch246>
<Switch247>
15
</Switch247>
<Switch248>
3
</Switch248>
<Switch249>
14
</Switch249>
<Switch250>
8
</Switch250>
<Switch251>
8
</Switch251>
<Switch252>
13
</Switch252>
<Switch253>
13
</Switch253>
<Switch254>
17
</Switch254>
<Switch255>
6
</Switch255>
<Switch256>
16
</Switch256>
<Switch257>
11
</Switch257>
<Switch258>
0
</Switch258>
<Switch259>
5
</Switch259>
<Switch260>
2
</Switch260>
<Switch261>
2
</Switch261>
<Switch262>
6
</Switch262>
<Switch263>
10
</Switch263>
<Switch264>
5
</Switch264>
<Switch265>
3
</Switch265>
<Switch266>
19
</Switch266>
<Switch267>
8
</Switch267>
<Switch268>
10
</Switch268>
<Switch269>
16
</Switch269>
<Switch270>
10
</Switch270>
<Switch271>
5
</Switch271>
<Switch272>
8
</Switch272>
<Switch273>
16
</Switch273>
<Switch274>
14
</Switch274>
<Switch275>
2
</Switch275>
<Switch276>
9
</Switch276>
<Switch277>
12
</Switch277>
<Switch278>
13
</Switch278>
<Switch279>
2
</Switch279>
<Switch280>
19
</Switch280>
<Switch281>
1
</Switch281>
<Switch282>
2
</Switch282>
<Switch283>
7
</Switch283>
<Switch284>
17
</Switch284>
<Switch285>
10
</Switch285>
<Switch286>
6
</Switch286>
<Switch287>
18
</Switch287>
<Switch288>
13
</Switch288>
<Switch289>
1
</Switch289>
<Switch290>
0
</Switch290>
<Switch291>
19
</Switch291>
<Switch292>
10
</Switch292>
<Switch293>
2
</Switch293>
<Switch294>
17
</Switch294>
<Switch295>
6
</Switch295>
<Switch296>
3
</Switch296>
<Switch297>
15
</Switch297>
<Switch298>
6
</Switch298>
<Switch299>
17
</Switch299>
<Switch300>
10
</Switch300>
<Switch301>
2
</Switch301>
<Switch302>
17
</Switch302>
<Switch303>
18
</Switch303>
<Switch304>
7
</Switch304>
<Switch305>
5
</Switch305>
<Switch306>
0
</Switch306>
<Switch307>
7
</Switch307>
<Switch308>
17
</Switch308>
<Switch309>
5
</Switch309>
<Switch310>
6
</Switch310>
<Switch311>
1
</Switch311>
<Switch312>
3
</Switch312>
<Switch313>
15
</Switch313>
<Switch314>
8
</Switch314>
<Switch315>
7
</Switch315>
<Switch316>
5
</Switch316>
<Switch317>
0
</Switch317>
<Switch318>
4
</Switch318>
<Switch319>
17
</Switch319>
<Switch320>
6
</Switch320>
<Switch321>
7
</Switch321>
<Switch322>
4
</Switch322>
<Switch323>
17
</Switch323>
<Switch324>
18
</Switch324>
<Switch325>
5
</Switch325>
<Switch326>
1
</Switch326>
<Switch327>
13
</Switch327>
<Switch328>
1
</Switch328>
<Switch329>
0
</Switch329>
<Switch330>
0
</Switch330>
<Switch331>
19
</Switch331>
<Switch332>
11
</Switch332>
<Switch333>
13
</Switch333>
<Switch334>
2
</Switch334>
<Switch335>
3
</Switch335>
<Switch336>
11
</Switch336>
<Switch337>
17
</Switch337>
<Switch338>
9
</Switch338>
<Switch339>
19
</Switch339>
<Switch340>
18
</Switch340>
<Switch341>
19
</Switch341>
<Switch342>
14
</Switch342>
<Switch343>
1
</Switch343>
<Switch344>
17
</Switch344>
<Switch345>
16
</Switch345>
<Switch346>
2
</Switch346>
<Switch347>
17
</Switch347>
<Switch348>
4
</Switch348>
<Switch349>
15
</Switch349>
<Switch350>
18
</Switch350>
<Switch351>
10
</Switch351>
<Switch352>
19
</Switch352>
<Switch353>
13
</Switch353>
<Switch354>
14
</Switch354>
<Switch355>
12
</Switch355>
<Switch356>
14
</Switch356>
<Switch357>
18
</Switch357>
<Switch358>
7
</Switch358>
<Switch359>
3
</Switch359>
<Switch360>
0
</Switch360>
<Switch361>
6
</Switch361>
<Switch362>
11
</Switch362>
<Switch363>
3
</Switch363>
<Switch364>
13
</Switch364>
<Switch365>
11
</Switch365>
<Switch366>
10
</Switch366>
<Switch367>
4
</Switch367>
<Switch368>
9
</Switch368>
<Switch369>
18
</Switch369>
<Switch370>
16
</Switch370>
<Switch371>
13
</Switch371>
<Switch372>
11
</Switch372>
<Switch373>
13
</Switch373>
<Switch374>
14
</Switch374>
<Switch375>
10
</Switch375>
<Switch376>
6
</Switch376>
<Switch377>
5
</Switch377>
<Switch378>
12
</Switch378>
<Switch379>
3
</Switch379>
<Switch380>
10
</Switch380>
<Switch381>
9
</Switch381>
<Switch382>
16
</Switch382>
<Switch383>
4
</Switch383>
<Switch384>
3
</Switch384>
<Switch385>
19
</Switch385>
<Switch386>
16
</Switch386>
<Switch387>
7
</Switch387>
<Switch388>
19
</Switch388>
<Switch389>
6
</Switch389>
<Switch390>
18
</Switch390>
<Switch391>
4
</Switch391>
<Switch392>
4
</Switch392>
<Switch393>
14
</Switch393>
<Switch394>
17
</Switch394>
<Switch395>
8
</Switch395>
<Switch396>
16
</Switch396>
<Switch397>
0
</Switch397>
<Switch398>
4
</Switch398>
<Switch399>
1
</Switch399>
<Switch400>
1
</Switch400>
<Switch401>
18
</Switch401>
<Switch402>
3
</Switch402>
<Switch403>
18
</Switch403>
<Switch404>
17
</Switch404>
<Switch405>
11
</Switch405>
<Switch406>
18
</Switch406>
<Switch407>
0
</Switch407>
<Switch408>
18
</Switch408>
<Switch409>
8
</Switch409>
<Switch410>
10
</Switch410>
<Switch411>
17
</Switch411>
<Switch412>
8
</Switch412>
<Switch413>
8
</Switch413>
<Switch414>
3
</Switch414>
<Switch415>
8
</Switch415>
<Switch416>
11
</Switch416>
<Switch417>
5
</Switch417>
<Switch418>
12
</Switch418>
<Switch419>
18
</Switch419>
<Switch420>
12
</Switch420>
<Switch421>
12
</Switch421>
<Switch422>
19
</Switch422>
<Switch423>
4
</Switch423>
<Switch424>
9
</Switch424>
<Switch425>
10
</Switch425>
<Switch426>
4
</Switch426>
<Switch427>
15
</Switch427>
<Switch428>
13
</Switch428>
<Switch429>
10
</Switch429>
<Switch430>
5
</Switch430>
<Switch431>
9
</Switch431>
<Switch432>
19
</Switch432>
<Switch433>
8
</Switch433>
<Switch434>
4
</Switch434>
<Switch435>
1
</Switch435>
<Switch436>
9
</Switch436>
<Switch437>
3
</Switch437>
<Switch438>
9
</Switch438>
<Switch439>
11
</Switch439>
<Switch440>
1
</Switch440>
<Switch441>
11
</Switch441>
<Switch442>
4
</Switch442>
<Switch443>
6
</Switch443>
<Switch444>
12
</Switch444>
<Switch445>
8
</Switch445>
<Switch446>
3
</Switch446>
<Switch447>
6
</Switch447>
<Switch448>
19
</Switch448>
<Switch449>
0
</Switch449>
<Switch450>
17
</Switch450>
<Switch451>
2
</Switch451>
<Switch452>
9
</Switch452>
<Switch453>
17
</Switch453>
<Switch454>
9
</Switch454>
<Switch455>
11
</Switch455>
<Switch456>
7
</Switch456>
<Switch457>
0
</Switch457>
<Switch458>
10
</Switch458>
<Switch459>
7
</Switch459>
<Switch460>
15
</Switch460>
<Switch461>
7
</Switch461>
<Switch462>
9
</Switch462>
<Switch463>
6
</Switch463>
<Switch464>
14
</Switch464>
<Switch465>
0
</Switch465>
<Switch466>
1
</Switch466>
<Switch467>
11
</Switch467>
<Switch468>
4
</Switch468>
<Switch469>
19
</Switch469>
<Switch470>
4
</Switch470>
<Switch471>
3
</Switch471>
<Switch472>
3
</Switch472>
<Switch473>
16
</Switch473>
<Switch474>
18
</Switch474>
<Switch475>
2
</Switch475>
<Switch476>
16
</Switch476>
<Switch477>
11
</Switch477>
<Switch478>
19
</Switch478>
<Switch479>
2
</Switch479>
<Switch480>
3
</Switch480>
<Switch481>
7
</Switch481>
<Switch482>
18
</Switch482>
<Switch483>
6
</Switch483>
<Switch484>
7
</Switch484>
<Switch485>
9
</Switch485>
<Switch486>
9
</Switch486>
<Switch487>
1
</Switch487>
<Switch488>
5
</Switch488>
<Switch489>
3
</Switch489>
<Switch490>
6
</Switch490>
<Switch491>
8
</Switch491>
<Switch492>
14
</Switch492>
<Switch493>
19
</Switch493>
<Switch494>
3
</Switch494>
<Switch495>
6
</Switch495>
<Switch496>
19
</Switch496>
<Switch497>
14
</Switch497>
<Switch498>
5
</Switch498>
<Switch499>
19
</Switch499>
<Switch500>
6
</Switch500>
<Switch501>
12
</Switch501>
<Switch502>
10
</Switch502>
<Switch503>
15
</Switch503>
<Switch504>
15
</Switch504>
<Switch505>
5
</Switch505>
<Switch506>
4
</Switch506>
<Switch507>
13
</Switch507>
<Switch508>
8
</Switch508>
<Switch509>
15
</Switch509>
<Switch510>
8
</Switch510>
<Switch511>
16
</Switch511>
<Switch512>
7
</Switch512>
<Switch513>
18
</Switch513>
<Switch514>
1
</Switch514>
<Switch515>
19
</Switch515>
<Switch516>
17
</Switch516>
<Switch517>
12
</Switch517>
<Switch518>
15
</Switch518>
<Switch519>
9
</Switch519>
<Switch520>
12
</Switch520>
<Switch521>
19
</Switch521>
<Switch522>
15
</Switch522>
<Switch523>
3
</Switch523>
<Switch524>
3
</Switch524>
<Switch525>
16
</Switch525>
<Switch526>
15
</Switch526>
<Switch527>
15
</Switch527>
<Switch528>
14
</Switch528>
<Switch529>
3
</Switch529>
<Switch530>
4
</Switch530>
<Switch531>
5
</Switch531>
<Switch532>
13
</Switch532>
<Switch533>
5
</Switch533>
<Switch534>
0
</Switch534>
<Switch535>
13
</Switch535>
<Switch536>
10
</Switch536>
<Switch537>
17
</Switch537>
<Switch538>
19
</Switch538>
<Switch539>
1
</Switch539>
<Switch540>
11
</Switch540>
<Switch541>
12
</Switch541>
<Switch542>
1
</Switch542>
<Switch543>
8
</Switch543>
<Switch544>
2
</Switch544>
<Switch545>
9
</Switch545>
<Switch546>
9
</Switch546>
<Switch547>
8
</Switch547>
<Switch548>
3
</Switch548>
<Switch549>
9
</Switch549>
<Switch550>
17
</Switch550>
<Switch551>
9
</Switch551>
<Switch552>
16
</Switch552>
<Switch553>
12
</Switch553>
<Switch554>
19
</Switch554>
<Switch555>
4
</Switch555>
<Switch556>
4
</Switch556>
<Switch557>
0
</Switch557>
<Switch558>
10
</Switch558>
<Switch559>
19
</Switch559>
<Switch560>
15
</Switch560>
<Switch561>
1
</Switch561>
<Switch562>
6
</Switch562>
<Switch563>
10
</Switch563>
<Switch564>
15
</Switch564>
<Switch565>
3
</Switch565>
<Switch566>
5
</Switch566>
<Switch567>
7
</Switch567>
<Switch568>
12
</Switch568>
<Switch569>
5
</Switch569>
<Switch570>
17
</Switch570>
<Switch571>
7
</Switch571>
<Switch572>
8
</Switch572>
<Switch573>
4
</Switch573>
<Switch574>
3
</Switch574>
<Switch575>
18
</Switch575>
<Switch576>
13
</Switch576>
<Switch577>
8
</Switch577>
<Switch578>
18
</Switch578>
<Switch579>
5
</Switch579>
<Switch580>
17
</Switch580>
<Switch581>
1
</Switch581>
<Switch582>
14
</Switch582>
<Switch583>
19
</Switch583>
<Switch584>
1
</Switch584>
<Switch585>
10
</Switch585>
<Switch586>
9
</Switch586>
<Switch587>
5
</Switch587>
<Switch588>
11
</Switch588>
<Switch589>
19
</Switch589>
<Switch590>
19
</Switch590>
<Switch591>
16
</Switch591>
<Switch592>
2
</Switch592>
<Switch593>
18
</Switch593>
<Switch594>
14
</Switch594>
<Switch595>
13
</Switch595>
<Switch596>
3
</Switch596>
<Switch597>
2
</Switch597>
<Switch598>
2
</Switch598>
<Switch599>
3
</Switch599>
<Switch600>
12
</Switch600>
<Switch601>
11
</Switch601>
<Switch602>
11
</Switch602>
<Switch603>
13
</Switch603>
<Switch604>
10
</Switch604>
<Switch605>
9
</Switch605>
<Switch606>
9
</Switch606>
<Switch607>
2
</Switch607>
<Switch608>
4
</Switch608>
<Switch609>
11
</Switch609>
<Switch610>
12
</Switch610>
<Switch611>
15
</Switch611>
<Switch612>
0
</Switch612>
<Switch613>
19
</Switch613>
<Switch614>
16
</Switch614>
<Switch615>
0
</Switch615>
<Switch616>
14
</Switch616>
<Switch617>
10
</Switch617>
<Switch618>
12
</Switch618>
<Switch619>
12
</Switch619>
<Switch620>
12
</Switch620>
<Switch621>
2
</Switch621>
<Switch622>
15
</Switch622>
<Switch623>
12
</Switch623>
<Switch624>
14
</Switch624>
<Switch625>
13
</Switch625>
<Switch626>
6
</Switch626>
<Switch627>
3
</Switch627>
<Switch628>
9
</Switch628>
<Switch629>
1
</Switch629>
<Switch630>
2
</Switch630>
<Switch631>
3
</Switch631>
<Switch632>
0
</Switch632>
<Switch633>
17
</Switch633>
<Switch634>
5
</Switch634>
<Switch635>
6
</Switch635>
<Switch636>
14
</Switch636>
<Switch637>
3
</Switch637>
<Switch638>
12
</Switch638>
<Switch639>
15
</Switch639>
<Switch640>
19
</Switch640>
<Switch641>
18
</Switch641>
<Switch642>
11
</Switch642>
<Switch643>
14
</Switch643>
<Switch644>
19
</Switch644>
<Switch645>
16
</Switch645>
<Switch646>
8
</Switch646>
<Switch647>
13
</Switch647>
<Switch648>
13
</Switch648>
<Switch649>
18
</Switch649>
<Switch650>
6
</Switch650>
<Switch651>
9
</Switch651>
<Switch652>
17
</Switch652>
<Switch653>
13
</Switch653>
<Switch654>
18
</Switch654>
<Switch655>
4
</Switch655>
<Switch656>
0
</Switch656>
<Switch657>
18
</Switch657>
<Switch658>
9
</Switch658>
<Switch659>
15
</Switch659>
<Switch660>
2
</Switch660>
<Switch661>
5
</Switch661>
<Switch662>
10
</Switch662>
<Switch663>
0
</Switch663>
<Switch664>
2
</Switch664>
<Switch665>
13
</Switch665>
<Switch666>
11
</Switch666>
<Switch667>
19
</Switch667>
<Switch668>
2
</Switch668>
<Switch669>
12
</Switch669>
<Switch670>
19
</Switch670>
<Switch671>
11
</Switch671>
<Switch672>
9
</Switch672>
<Switch673>
2
</Switch673>
<Switch674>
19
</Switch674>
<Switch675>
8
</Switch675>
<Switch676>
14
</Switch676>
<Switch677>
0
</Switch677>
<Switch678>
13
</Switch678>
<Switch679>
0
</Switch679>
<Switch680>
16
</Switch680>
<Switch681>
0
</Switch681>
<Switch682>
14
</Switch682>
<Switch683>
11
</Switch683>
<Switch684>
4
</Switch684>
<Switch685>
0
</Switch685>
<Switch686>
15
</Switch686>
<Switch687>
16
</Switch687>
<Switch688>
4
</Switch688>
<Switch689>
1
</Switch689>
<Switch690>
3
</Switch690>
<Switch691>
9
</Switch691>
<Switch692>
1
</Switch692>
<Switch693>
9
</Switch693>
<Switch694>
5
</Switch694>
<Switch695>
14
</Switch695>
<Switch696>
19
</Switch696>
<Switch697>
13
</Switch697>
<Switch698>
2
</Switch698>
<Switch699>
19
</Switch699>
<Switch700>
9
</Switch700>
<Switch701>
9
</Switch701>
<Switch702>
7
</Switch702>
<Switch703>
16
</Switch703>
<Switch704>
0
</Switch704>
<Switch705>
18
</Switch705>
<Switch706>
15
</Switch706>
<Switch707>
3
</Switch707>
<Switch708>
14
</Switch708>
<Switch709>
11
</Switch709>
<Switch710>
19
</Switch710>
<Switch711>
6
</Switch711>
<Switch712>
0
</Switch712>
<Switch713>
11
</Switch713>
<Switch714>
4
</Switch714>
<Switch715>
10
</Switch715>
<Switch716>
5
</Switch716>
<Switch717>
6
</Switch717>
<Switch718>
11
</Switch718>
<Switch719>
16
</Switch719>
<Switch720>
1
</Switch720>
<Switch721>
7
</Switch721>
<Switch722>
12
</Switch722>
<Switch723>
10
</Switch723>
<Switch724>
10
</Switch724>
<Switch725>
15
</Switch725>
<Switch726>
12
</Switch726>
<Switch727>
17
</Switch727>
<Switch728>
11
</Switch728>
<Switch729>
16
</Switch729>
<Switch730>
8
</Switch730>
<Switch731>
3
</Switch731>
<Switch732>
3
</Switch732>
<Switch733>
9
</Switch733>
<Switch734>
3
</Switch734>
<Switch735>
8
</Switch735>
<Switch736>
18
</Switch736>
<Switch737>
2
</Switch737>
<Switch738>
5
</Switch738>
<Switch739>
19
</Switch739>
<Switch740>
6
</Switch740>
<Switch741>
16
</Switch741>
<Switch742>
11
</Switch742>
<Switch743>
11
</Switch743>
<Switch744>
0
</Switch744>
<Switch745>
15
</Switch745>
<Switch746>
8
</Switch746>
<Switch747>
3
</Switch747>
<Switch748>
14
</Switch748>
<Switch749>
12
</Switch749>
<Switch750>
9
</Switch750>
<Switch751>
7
</Switch751>
<Switch752>
5
</Switch752>
<Switch753>
6
</Switch753>
<Switch754>
0
</Switch754>
<Switch755>
9
</Switch755>
<Switch756>
17
</Switch756>
<Switch757>
5
</Switch757>
<Switch758>
18
</Switch758>
<Switch759>
17
</Switch759>
<Switch760>
9
</Switch760>
<Switch761>
10
</Switch761>
<Switch762>
11
</Switch762>
<Switch763>
17
</Switch763>
<Switch764>
1
</Switch764>
<Switch765>
2
</Switch765>
<Switch766>
16
</Switch766>
<Switch767>
1
</Switch767>
<Switch768>
8
</Switch768>
<Switch769>
14
</Switch769>
<Switch770>
0
</Switch770>
<Switch771>
19
</Switch771>
<Switch772>
2
</Switch772>
<Switch773>
8
</Switch773>
<Switch774>
13
</Switch774>
<Switch775>
7
</Switch775>
<Switch776>
10
</Switch776>
<Switch777>
0
</Switch777>
<Switch778>
5
</Switch778>
<Switch779>
17
</Switch779>
<Switch780>
5
</Switch780>
<Switch781>
18
</Switch781>
<Switch782>
18
</Switch782>
<Switch783>
3
</Switch783>
<Switch784>
18
</Switch784>
<Switch785>
16
</Switch785>
<Switch786>
3
</Switch786>
<Switch787>
10
</Switch787>
<Switch788>
15
</Switch788>
<Switch789>
11
</Switch789>
<Switch790>
12
</Switch790>
<Switch791>
6
</Switch791>
<Switch792>
2
</Switch792>
<Switch793>
16
</Switch793>
<Switch794>
5
</Switch794>
<Switch795>
12
</Switch795>
<Switch796>
6
</Switch796>
<Switch797>
5
</Switch797>
<Switch798>
6
</Switch798>
<Switch799>
8
</Switch799>
<Switch800>
13
</Switch800>
<Switch801>
18
</Switch801>
<Switch802>
17
</Switch802>
<Switch803>
19
</Switch803>
<Switch804>
10
</Switch804>
<Switch805>
10
</Switch805>
<Switch806>
8
</Switch806>
<Switch807>
9
</Switch807>
<Switch808>
12
</Switch808>
<Switch809>
15
</Switch809>
<Switch810>
17
</Switch810>
<Switch811>
12
</Switch811>
<Switch812>
17
</Switch812>
<Switch813>
11
</Switch813>
<Switch814>
17
</Switch814>
<Switch815>
11
</Switch815>
<Switch816>
9
</Switch816>
<Switch817>
0
</Switch817>
<Switch818>
17
</Switch818>
<Switch819>
10
</Switch819>
<Switch820>
7
</Switch820>
<Switch821>
3
</Switch821>
<Switch822>
10
</Switch822>
<Switch823>
16
</Switch823>
<Switch824>
10
</Switch824>
</BaseID:1234>
