<?xml version="1.0"?>

<BaseID:1236>
<Switch1>
14
</Switch1>
<Switch2>
1
</Switch2>
<Switch3>
1
</Switch3>
<Switch4>
2
</Switch4>
<Switch5>
1
</Switch5>
<Switch6>
8
</Switch6>
<Switch7>
5
</Switch7>
<Switch8>
8
</Switch8>
<Switch9>
17
</Switch9>
<Switch10>
9
</Switch10>
<Switch11>
14
</Switch11>
<Switch12>
2
</Switch12>
<Switch13>
12
</Switch13>
<Switch14>
15
</Switch14>
<Switch15>
4
</Switch15>
<Switch16>
8
</Switch16>
<Switch17>
10
</Switch17>
<Switch18>
18
</Switch18>
<Switch19>
1
</Switch19>
<Switch20>
15
</Switch20>
<Switch21>
7
</Switch21>
<Switch22>
5
</Switch22>
<Switch23>
8
</Switch23>
<Switch24>
4
</Switch24>
<Switch25>
14
</Switch25>
<Switch26>
14
</Switch26>
<Switch27>
1
</Switch27>
<Switch28>
1
</Switch28>
<Switch29>
3
</Switch29>
<Switch30>
10
</Switch30>
<Switch31>
9
</Switch31>
<Switch32>
17
</Switch32>
<Switch33>
17
</Switch33>
<Switch34>
14
</Switch34>
<Switch35>
18
</Switch35>
<Switch36>
10
</Switch36>
<Switch37>
18
</Switch37>
<Switch38>
15
</Switch38>
<Switch39>
19
</Switch39>
<Switch40>
9
</Switch40>
<Switch41>
13
</Switch41>
<Switch42>
5
</Switch42>
<Switch43>
10
</Switch43>
<Switch44>
17
</Switch44>
<Switch45>
7
</Switch45>
<Switch46>
0
</Switch46>
<Switch47>
8
</Switch47>
<Switch48>
19
</Switch48>
<Switch49>
16
</Switch49>
<Switch50>
16
</Switch50>
<Switch51>
3
</Switch51>
<Switch52>
2
</Switch52>
<Switch53>
8
</Switch53>
<Switch54>
4
</Switch54>
<Switch55>
11
</Switch55>
<Switch56>
0
</Switch56>
<Switch57>
13
</Switch57>
<Switch58>
5
</Switch58>
<Switch59>
6
</Switch59>
<Switch60>
2
</Switch60>
<Switch61>
2
</Switch61>
<Switch62>
16
</Switch62>
<Switch63>
2
</Switch63>
<Switch64>
6
</Switch64>
<Switch65>
18
</Switch65>
<Switch66>
18
</Switch66>
<Switch67>
13
</Switch67>
<Switch68>
10
</Switch68>
<Switch69>
1
</Switch69>
<Switch70>
13
</Switch70>
<Switch71>
5
</Switch71>
<Switch72>
12
</Switch72>
<Switch73>
0
</Switch73>
<Switch74>
5
</Switch74>
<Switch75>
6
</Switch75>
<Switch76>
17
</Switch76>
<Switch77>
9
</Switch77>
<Switch78>
5
</Switch78>
<Switch79>
15
</Switch79>
<Switch80>
15
</Switch80>
<Switch81>
17
</Switch81>
<Switch82>
11
</Switch82>
<Switch83>
5
</Switch83>
<Switch84>
0
</Switch84>
<Switch85>
1
</Switch85>
<Switch86>
18
</Switch86>
<Switch87>
12
</Switch87>
<Switch88>
8
</Switch88>
<Switch89>
0
</Switch89>
<Switch90>
15
</Switch90>
<Switch91>
17
</Switch91>
<Switch92>
7
</Switch92>
<Switch93>
7
</Switch93>
<Switch94>
8
</Switch94>
<Switch95>
5
</Switch95>
<Switch96>
8
</Switch96>
<Switch97>
16
</Switch97>
<Switch98>
6
</Switch98>
<Switch99>
11
</Switch99>
<Switch100>
18
</Switch100>
<Switch101>
9
</Switch101>
<Switch102>
17
</Switch102>
<Switch103>
17
</Switch103>
<Switch104>
18
</Switch104>
<Switch105>
13
</Switch105>
<Switch106>
6
</Switch106>
<Switch107>
9
</Switch107>
<Switch108>
10
</Switch108>
<Switch109>
9
</Switch109>
<Switch110>
4
</Switch110>
<Switch111>
7
</Switch111>
<Switch112>
13
</Switch112>
<Switch113>
17
</Switch113>
<Switch114>
4
</Switch114>
<Switch115>
0
</Switch115>
<Switch116>
3
</Switch116>
<Switch117>
6
</Switch117>
<Switch118>
16
</Switch118>
<Switch119>
13
</Switch119>
<Switch120>
4
</Switch120>
<Switch121>
4
</Switch121>
<Switch122>
12
</Switch122>
<Switch123>
10
</Switch123>
<Switch124>
10
</Switch124>
<Switch125>
17
</Switch125>
<Switch126>
9
</Switch126>
<Switch127>
10
</Switch127>
<Switch128>
4
</Switch128>
<Switch129>
3
</Switch129>
<Switch130>
9
</Switch130>
<Switch131>
11
</Switch131>
<Switch132>
2
</Switch132>
<Switch133>
16
</Switch133>
<Switch134>
7
</Switch134>
<Switch135>
0
</Switch135>
<Switch136>
14
</Switch136>
<Switch137>
8
</Switch137>
<Switch138>
3
</Switch138>
<Switch139>
4
</Switch139>
<Switch140>
8
</Switch140>
<Switch141>
9
</Switch141>
<Switch142>
11
</Switch142>
<Switch143>
3
</Switch143>
<Switch144>
7
</Switch144>
<Switch145>
8
</Switch145>
<Switch146>
7
</Switch146>
<Switch147>
3
</Switch147>
<Switch148>
5
</Switch148>
<Switch149>
11
</Switch149>
<Switch150>
19
</Switch150>
<Switch151>
11
</Switch151>
<Switch152>
13
</Switch152>
<Switch153>
19
</Switch153>
<Switch154>
15
</Switch154>
<Switch155>
16
</Switch155>
<Switch156>
12
</Switch156>
<Switch157>
11
</Switch157>
<Switch158>
18
</Switch158>
<Switch159>
17
</Switch159>
<Switch160>
17
</Switch160>
<Switch161>
16
</Switch161>
<Switch162>
16
</Switch162>
<Switch163>
14
</Switch163>
<Switch164>
10
</Switch164>
<Switch165>
12
</Switch165>
<Switch166>
7
</Switch166>
<Switch167>
3
</Switch167>
<Switch168>
17
</Switch168>
<Switch169>
2
</Switch169>
<Switch170>
2
</Switch170>
<Switch171>
10
</Switch171>
<Switch172>
3
</Switch172>
<Switch173>
15
</Switch173>
<Switch174>
5
</Switch174>
<Switch175>
14
</Switch175>
<Switch176>
4
</Switch176>
<Switch177>
7
</Switch177>
<Switch178>
0
</Switch178>
<Switch179>
15
</Switch179>
<Switch180>
12
</Switch180>
<Switch181>
7
</Switch181>
<Switch182>
14
</Switch182>
<Switch183>
19
</Switch183>
<Switch184>
3
</Switch184>
<Switch185>
12
</Switch185>
<Switch186>
17
</Switch186>
<Switch187>
11
</Switch187>
<Switch188>
4
</Switch188>
<Switch189>
6
</Switch189>
<Switch190>
17
</Switch190>
<Switch191>
3
</Switch191>
<Switch192>
12
</Switch192>
<Switch193>
18
</Switch193>
<Switch194>
11
</Switch194>
<Switch195>
4
</Switch195>
<Switch196>
13
</Switch196>
<Switch197>
6
</Switch197>
<Switch198>
10
</Switch198>
<Switch199>
8
</Switch199>
<Switch200>
2
</Switch200>
<Switch201>
14
</Switch201>
<Switch202>
12
</Switch202>
<Switch203>
4
</Switch203>
<Switch204>
3
</Switch204>
<Switch205>
0
</Switch205>
<Switch206>
10
</Switch206>
<Switch207>
2
</Switch207>
<Switch208>
9
</Switch208>
<Switch209>
17
</Switch209>
<Switch210>
6
</Switch210>
<Switch211>
19
</Switch211>
<Switch212>
5
</Switch212>
<Switch213>
19
</Switch213>
<Switch214>
13
</Switch214>
<Switch215>
15
</Switch215>
<Switch216>
16
</Switch216>
<Switch217>
16
</Switch217>
<Switch218>
2
</Switch218>
<Switch219>
0
</Switch219>
<Switch220>
12
</Switch220>
<Switch221>
10
</Switch221>
<Switch222>
14
</Switch222>
<Switch223>
14
</Switch223>
<Switch224>
0
</Switch224>
<Switch225>
17
</Switch225>
<Switch226>
2
</Switch226>
<Switch227>
16
</Switch227>
<Switch228>
5
</Switch228>
<Switch229>
5
</Switch229>
<Switch230>
18
</Switch230>
<Switch231>
12
</Switch231>
<Switch232>
1
</Switch232>
<Switch233>
0
</Switch233>
<Switch234>
8
</Switch234>
<Switch235>
1
</Switch235>
<Switch236>
3
</Switch236>
<Switch237>
3
</Switch237>
<Switch238>
10
</Switch238>
<Switch239>
10
</Switch239>
<Switch240>
1
</Switch240>
<Switch241>
6
</Switch241>
<Switch242>
5
</Switch242>
<Switch243>
8
</Switch243>
<Switch244>
0
</Switch244>
<Switch245>
3
</Switch245>
<Switch246>
16
</Switch246>
<Switch247>
8
</Switch247>
<Switch248>
15
</Switch248>
<Switch249>
13
</Switch249>
<Switch250>
13
</Switch250>
<Switch251>
3
</Switch251>
<Switch252>
19
</Switch252>
<Switch253>
10
</Switch253>
<Switch254>
7
</Switch254>
<Switch255>
7
</Switch255>
<Switch256>
13
</Switch256>
<Switch257>
1
</Switch257>
<Switch258>
8
</Switch258>
<Switch259>
19
</Switch259>
<Switch260>
13
</Switch260>
<Switch261>
15
</Switch261>
<Switch262>
13
</Switch262>
<Switch263>
0
</Switch263>
<Switch264>
7
</Switch264>
<Switch265>
12
</Switch265>
<Switch266>
0
</Switch266>
<Switch267>
10
</Switch267>
<Switch268>
13
</Switch268>
<Switch269>
10
</Switch269>
<Switch270>
18
</Switch270>
<Switch271>
14
</Switch271>
<Switch272>
13
</Switch272>
<Switch273>
15
</Switch273>
<Switch274>
7
</Switch274>
<Switch275>
9
</Switch275>
<Switch276>
17
</Switch276>
<Switch277>
7
</Switch277>
<Switch278>
11
</Switch278>
<Switch279>
15
</Switch279>
<Switch280>
17
</Switch280>
<Switch281>
10
</Switch281>
<Switch282>
7
</Switch282>
<Switch283>
7
</Switch283>
<Switch284>
4
</Switch284>
<Switch285>
15
</Switch285>
<Switch286>
9
</Switch286>
<Switch287>
15
</Switch287>
<Switch288>
12
</Switch288>
<Switch289>
3
</Switch289>
<Switch290>
17
</Switch290>
<Switch291>
16
</Switch291>
<Switch292>
12
</Switch292>
<Switch293>
6
</Switch293>
<Switch294>
14
</Switch294>
<Switch295>
2
</Switch295>
<Switch296>
19
</Switch296>
<Switch297>
3
</Switch297>
<Switch298>
5
</Switch298>
<Switch299>
18
</Switch299>
<Switch300>
7
</Switch300>
<Switch301>
15
</Switch301>
<Switch302>
0
</Switch302>
<Switch303>
6
</Switch303>
<Switch304>
16
</Switch304>
<Switch305>
15
</Switch305>
<Switch306>
2
</Switch306>
<Switch307>
19
</Switch307>
<Switch308>
12
</Switch308>
<Switch309>
19
</Switch309>
<Switch310>
7
</Switch310>
<Switch311>
2
</Switch311>
<Switch312>
0
</Switch312>
<Switch313>
15
</Switch313>
<Switch314>
16
</Switch314>
<Switch315>
12
</Switch315>
<Switch316>
9
</Switch316>
<Switch317>
18
</Switch317>
<Switch318>
13
</Switch318>
<Switch319>
0
</Switch319>
<Switch320>
0
</Switch320>
<Switch321>
2
</Switch321>
<Switch322>
3
</Switch322>
<Switch323>
3
</Switch323>
<Switch324>
15
</Switch324>
<Switch325>
15
</Switch325>
<Switch326>
17
</Switch326>
<Switch327>
0
</Switch327>
<Switch328>
2
</Switch328>
<Switch329>
12
</Switch329>
<Switch330>
10
</Switch330>
<Switch331>
10
</Switch331>
<Switch332>
7
</Switch332>
<Switch333>
15
</Switch333>
<Switch334>
6
</Switch334>
<Switch335>
6
</Switch335>
<Switch336>
7
</Switch336>
<Switch337>
2
</Switch337>
<Switch338>
11
</Switch338>
<Switch339>
5
</Switch339>
<Switch340>
9
</Switch340>
<Switch341>
10
</Switch341>
<Switch342>
14
</Switch342>
<Switch343>
7
</Switch343>
<Switch344>
0
</Switch344>
<Switch345>
5
</Switch345>
<Switch346>
19
</Switch346>
<Switch347>
12
</Switch347>
<Switch348>
16
</Switch348>
<Switch349>
0
</Switch349>
<Switch350>
18
</Switch350>
<Switch351>
7
</Switch351>
<Switch352>
14
</Switch352>
<Switch353>
2
</Switch353>
<Switch354>
4
</Switch354>
<Switch355>
10
</Switch355>
<Switch356>
14
</Switch356>
<Switch357>
1
</Switch357>
<Switch358>
18
</Switch358>
<Switch359>
8
</Switch359>
<Switch360>
3
</Switch360>
<Switch361>
15
</Switch361>
<Switch362>
0
</Switch362>
<Switch363>
14
</Switch363>
<Switch364>
15
</Switch364>
<Switch365>
18
</Switch365>
<Switch366>
19
</Switch366>
<Switch367>
10
</Switch367>
<Switch368>
16
</Switch368>
<Switch369>
16
</Switch369>
<Switch370>
13
</Switch370>
<Switch371>
4
</Switch371>
<Switch372>
19
</Switch372>
<Switch373>
1
</Switch373>
<Switch374>
6
</Switch374>
<Switch375>
0
</Switch375>
<Switch376>
3
</Switch376>
<Switch377>
15
</Switch377>
<Switch378>
17
</Switch378>
</BaseID:1236>
