<?xml version="1.0"?>

<BaseID:1238>
<Switch1>
2
</Switch1>
<Switch2>
17
</Switch2>
<Switch3>
16
</Switch3>
<Switch4>
3
</Switch4>
<Switch5>
16
</Switch5>
<Switch6>
3
</Switch6>
<Switch7>
5
</Switch7>
<Switch8>
10
</Switch8>
<Switch9>
2
</Switch9>
<Switch10>
2
</Switch10>
<Switch11>
17
</Switch11>
<Switch12>
0
</Switch12>
<Switch13>
0
</Switch13>
<Switch14>
2
</Switch14>
<Switch15>
7
</Switch15>
<Switch16>
2
</Switch16>
<Switch17>
18
</Switch17>
<Switch18>
5
</Switch18>
<Switch19>
16
</Switch19>
<Switch20>
8
</Switch20>
<Switch21>
2
</Switch21>
<Switch22>
12
</Switch22>
<Switch23>
10
</Switch23>
<Switch24>
12
</Switch24>
<Switch25>
10
</Switch25>
<Switch26>
15
</Switch26>
<Switch27>
15
</Switch27>
<Switch28>
6
</Switch28>
<Switch29>
7
</Switch29>
<Switch30>
9
</Switch30>
<Switch31>
8
</Switch31>
<Switch32>
10
</Switch32>
<Switch33>
5
</Switch33>
<Switch34>
11
</Switch34>
<Switch35>
1
</Switch35>
<Switch36>
0
</Switch36>
<Switch37>
1
</Switch37>
<Switch38>
12
</Switch38>
<Switch39>
6
</Switch39>
<Switch40>
5
</Switch40>
<Switch41>
1
</Switch41>
<Switch42>
18
</Switch42>
<Switch43>
17
</Switch43>
<Switch44>
14
</Switch44>
<Switch45>
19
</Switch45>
<Switch46>
8
</Switch46>
<Switch47>
10
</Switch47>
<Switch48>
2
</Switch48>
<Switch49>
14
</Switch49>
<Switch50>
7
</Switch50>
<Switch51>
8
</Switch51>
<Switch52>
10
</Switch52>
<Switch53>
18
</Switch53>
<Switch54>
16
</Switch54>
<Switch55>
7
</Switch55>
<Switch56>
16
</Switch56>
<Switch57>
19
</Switch57>
<Switch58>
12
</Switch58>
<Switch59>
11
</Switch59>
<Switch60>
14
</Switch60>
<Switch61>
4
</Switch61>
<Switch62>
11
</Switch62>
<Switch63>
9
</Switch63>
<Switch64>
0
</Switch64>
<Switch65>
9
</Switch65>
<Switch66>
6
</Switch66>
<Switch67>
16
</Switch67>
<Switch68>
12
</Switch68>
<Switch69>
0
</Switch69>
<Switch70>
12
</Switch70>
<Switch71>
4
</Switch71>
<Switch72>
7
</Switch72>
<Switch73>
1
</Switch73>
<Switch74>
13
</Switch74>
<Switch75>
19
</Switch75>
<Switch76>
1
</Switch76>
<Switch77>
10
</Switch77>
<Switch78>
10
</Switch78>
<Switch79>
16
</Switch79>
<Switch80>
19
</Switch80>
<Switch81>
7
</Switch81>
<Switch82>
5
</Switch82>
<Switch83>
0
</Switch83>
<Switch84>
9
</Switch84>
<Switch85>
13
</Switch85>
<Switch86>
16
</Switch86>
<Switch87>
11
</Switch87>
<Switch88>
2
</Switch88>
<Switch89>
2
</Switch89>
<Switch90>
9
</Switch90>
<Switch91>
1
</Switch91>
<Switch92>
12
</Switch92>
<Switch93>
6
</Switch93>
<Switch94>
5
</Switch94>
<Switch95>
3
</Switch95>
<Switch96>
9
</Switch96>
<Switch97>
9
</Switch97>
<Switch98>
0
</Switch98>
<Switch99>
10
</Switch99>
<Switch100>
15
</Switch100>
<Switch101>
1
</Switch101>
<Switch102>
18
</Switch102>
<Switch103>
19
</Switch103>
<Switch104>
9
</Switch104>
<Switch105>
6
</Switch105>
<Switch106>
18
</Switch106>
<Switch107>
16
</Switch107>
<Switch108>
15
</Switch108>
<Switch109>
9
</Switch109>
<Switch110>
15
</Switch110>
<Switch111>
18
</Switch111>
<Switch112>
9
</Switch112>
<Switch113>
14
</Switch113>
<Switch114>
15
</Switch114>
<Switch115>
0
</Switch115>
<Switch116>
13
</Switch116>
<Switch117>
18
</Switch117>
<Switch118>
5
</Switch118>
<Switch119>
5
</Switch119>
<Switch120>
5
</Switch120>
<Switch121>
17
</Switch121>
<Switch122>
11
</Switch122>
<Switch123>
11
</Switch123>
<Switch124>
19
</Switch124>
<Switch125>
5
</Switch125>
<Switch126>
10
</Switch126>
<Switch127>
8
</Switch127>
<Switch128>
16
</Switch128>
<Switch129>
5
</Switch129>
<Switch130>
19
</Switch130>
<Switch131>
18
</Switch131>
<Switch132>
9
</Switch132>
<Switch133>
1
</Switch133>
<Switch134>
2
</Switch134>
<Switch135>
10
</Switch135>
<Switch136>
7
</Switch136>
<Switch137>
11
</Switch137>
<Switch138>
10
</Switch138>
<Switch139>
13
</Switch139>
<Switch140>
1
</Switch140>
<Switch141>
14
</Switch141>
<Switch142>
3
</Switch142>
<Switch143>
15
</Switch143>
<Switch144>
3
</Switch144>
<Switch145>
11
</Switch145>
<Switch146>
16
</Switch146>
<Switch147>
5
</Switch147>
<Switch148>
10
</Switch148>
<Switch149>
6
</Switch149>
<Switch150>
5
</Switch150>
<Switch151>
2
</Switch151>
<Switch152>
6
</Switch152>
<Switch153>
15
</Switch153>
<Switch154>
14
</Switch154>
<Switch155>
7
</Switch155>
<Switch156>
13
</Switch156>
<Switch157>
2
</Switch157>
<Switch158>
7
</Switch158>
<Switch159>
17
</Switch159>
<Switch160>
10
</Switch160>
<Switch161>
16
</Switch161>
<Switch162>
12
</Switch162>
<Switch163>
4
</Switch163>
<Switch164>
14
</Switch164>
<Switch165>
8
</Switch165>
<Switch166>
0
</Switch166>
<Switch167>
2
</Switch167>
<Switch168>
4
</Switch168>
<Switch169>
2
</Switch169>
<Switch170>
9
</Switch170>
<Switch171>
4
</Switch171>
<Switch172>
4
</Switch172>
<Switch173>
11
</Switch173>
<Switch174>
18
</Switch174>
<Switch175>
5
</Switch175>
<Switch176>
17
</Switch176>
<Switch177>
10
</Switch177>
<Switch178>
13
</Switch178>
<Switch179>
9
</Switch179>
<Switch180>
8
</Switch180>
<Switch181>
12
</Switch181>
<Switch182>
14
</Switch182>
<Switch183>
2
</Switch183>
<Switch184>
0
</Switch184>
<Switch185>
15
</Switch185>
<Switch186>
18
</Switch186>
<Switch187>
11
</Switch187>
<Switch188>
5
</Switch188>
<Switch189>
9
</Switch189>
<Switch190>
10
</Switch190>
<Switch191>
14
</Switch191>
<Switch192>
2
</Switch192>
<Switch193>
11
</Switch193>
<Switch194>
14
</Switch194>
<Switch195>
8
</Switch195>
<Switch196>
18
</Switch196>
<Switch197>
17
</Switch197>
<Switch198>
4
</Switch198>
<Switch199>
14
</Switch199>
<Switch200>
8
</Switch200>
<Switch201>
10
</Switch201>
<Switch202>
14
</Switch202>
<Switch203>
15
</Switch203>
<Switch204>
14
</Switch204>
<Switch205>
12
</Switch205>
<Switch206>
17
</Switch206>
<Switch207>
5
</Switch207>
<Switch208>
4
</Switch208>
<Switch209>
3
</Switch209>
<Switch210>
2
</Switch210>
<Switch211>
6
</Switch211>
<Switch212>
3
</Switch212>
<Switch213>
9
</Switch213>
<Switch214>
7
</Switch214>
<Switch215>
17
</Switch215>
<Switch216>
4
</Switch216>
<Switch217>
11
</Switch217>
<Switch218>
11
</Switch218>
<Switch219>
5
</Switch219>
<Switch220>
15
</Switch220>
<Switch221>
4
</Switch221>
<Switch222>
17
</Switch222>
<Switch223>
18
</Switch223>
<Switch224>
13
</Switch224>
<Switch225>
19
</Switch225>
<Switch226>
6
</Switch226>
<Switch227>
14
</Switch227>
<Switch228>
14
</Switch228>
<Switch229>
4
</Switch229>
<Switch230>
11
</Switch230>
<Switch231>
12
</Switch231>
<Switch232>
12
</Switch232>
</BaseID:1238>
