<?xml version="1.0"?>

<BaseID:1240>
<Switch1>
6
</Switch1>
<Switch2>
3
</Switch2>
<Switch3>
9
</Switch3>
<Switch4>
1
</Switch4>
<Switch5>
0
</Switch5>
<Switch6>
12
</Switch6>
<Switch7>
9
</Switch7>
<Switch8>
18
</Switch8>
<Switch9>
14
</Switch9>
<Switch10>
2
</Switch10>
<Switch11>
13
</Switch11>
<Switch12>
19
</Switch12>
<Switch13>
13
</Switch13>
<Switch14>
0
</Switch14>
<Switch15>
6
</Switch15>
<Switch16>
11
</Switch16>
<Switch17>
12
</Switch17>
<Switch18>
18
</Switch18>
<Switch19>
6
</Switch19>
<Switch20>
5
</Switch20>
<Switch21>
5
</Switch21>
<Switch22>
18
</Switch22>
<Switch23>
17
</Switch23>
<Switch24>
0
</Switch24>
<Switch25>
11
</Switch25>
<Switch26>
14
</Switch26>
<Switch27>
15
</Switch27>
<Switch28>
6
</Switch28>
<Switch29>
0
</Switch29>
<Switch30>
2
</Switch30>
<Switch31>
6
</Switch31>
<Switch32>
8
</Switch32>
<Switch33>
17
</Switch33>
<Switch34>
7
</Switch34>
<Switch35>
18
</Switch35>
<Switch36>
6
</Switch36>
<Switch37>
7
</Switch37>
<Switch38>
7
</Switch38>
<Switch39>
18
</Switch39>
<Switch40>
7
</Switch40>
<Switch41>
19
</Switch41>
<Switch42>
11
</Switch42>
<Switch43>
1
</Switch43>
<Switch44>
17
</Switch44>
<Switch45>
15
</Switch45>
<Switch46>
6
</Switch46>
<Switch47>
11
</Switch47>
<Switch48>
11
</Switch48>
<Switch49>
16
</Switch49>
<Switch50>
15
</Switch50>
<Switch51>
3
</Switch51>
<Switch52>
17
</Switch52>
<Switch53>
0
</Switch53>
<Switch54>
10
</Switch54>
<Switch55>
15
</Switch55>
<Switch56>
4
</Switch56>
<Switch57>
13
</Switch57>
<Switch58>
2
</Switch58>
<Switch59>
10
</Switch59>
<Switch60>
18
</Switch60>
<Switch61>
16
</Switch61>
<Switch62>
15
</Switch62>
<Switch63>
9
</Switch63>
<Switch64>
4
</Switch64>
<Switch65>
4
</Switch65>
<Switch66>
19
</Switch66>
<Switch67>
8
</Switch67>
<Switch68>
4
</Switch68>
<Switch69>
11
</Switch69>
<Switch70>
18
</Switch70>
<Switch71>
12
</Switch71>
<Switch72>
12
</Switch72>
<Switch73>
0
</Switch73>
<Switch74>
18
</Switch74>
<Switch75>
0
</Switch75>
<Switch76>
12
</Switch76>
<Switch77>
10
</Switch77>
<Switch78>
10
</Switch78>
<Switch79>
1
</Switch79>
<Switch80>
13
</Switch80>
<Switch81>
4
</Switch81>
<Switch82>
19
</Switch82>
<Switch83>
16
</Switch83>
<Switch84>
10
</Switch84>
<Switch85>
2
</Switch85>
<Switch86>
10
</Switch86>
<Switch87>
18
</Switch87>
<Switch88>
3
</Switch88>
<Switch89>
17
</Switch89>
<Switch90>
13
</Switch90>
<Switch91>
10
</Switch91>
<Switch92>
9
</Switch92>
<Switch93>
19
</Switch93>
<Switch94>
12
</Switch94>
<Switch95>
19
</Switch95>
<Switch96>
12
</Switch96>
<Switch97>
2
</Switch97>
<Switch98>
16
</Switch98>
<Switch99>
16
</Switch99>
<Switch100>
2
</Switch100>
<Switch101>
15
</Switch101>
<Switch102>
14
</Switch102>
<Switch103>
7
</Switch103>
<Switch104>
17
</Switch104>
<Switch105>
11
</Switch105>
<Switch106>
19
</Switch106>
<Switch107>
10
</Switch107>
<Switch108>
0
</Switch108>
<Switch109>
14
</Switch109>
<Switch110>
13
</Switch110>
<Switch111>
9
</Switch111>
<Switch112>
4
</Switch112>
<Switch113>
12
</Switch113>
<Switch114>
2
</Switch114>
<Switch115>
8
</Switch115>
<Switch116>
0
</Switch116>
<Switch117>
13
</Switch117>
<Switch118>
8
</Switch118>
<Switch119>
4
</Switch119>
<Switch120>
0
</Switch120>
<Switch121>
16
</Switch121>
<Switch122>
12
</Switch122>
<Switch123>
15
</Switch123>
<Switch124>
11
</Switch124>
<Switch125>
1
</Switch125>
<Switch126>
1
</Switch126>
</BaseID:1240>
