<?xml version="1.0"?>

<BaseID:1242>
<Switch1>
14
</Switch1>
<Switch2>
13
</Switch2>
<Switch3>
3
</Switch3>
<Switch4>
15
</Switch4>
<Switch5>
3
</Switch5>
<Switch6>
8
</Switch6>
<Switch7>
10
</Switch7>
<Switch8>
9
</Switch8>
<Switch9>
19
</Switch9>
<Switch10>
9
</Switch10>
<Switch11>
3
</Switch11>
<Switch12>
3
</Switch12>
<Switch13>
18
</Switch13>
<Switch14>
7
</Switch14>
<Switch15>
13
</Switch15>
<Switch16>
1
</Switch16>
<Switch17>
13
</Switch17>
<Switch18>
14
</Switch18>
<Switch19>
6
</Switch19>
<Switch20>
1
</Switch20>
<Switch21>
10
</Switch21>
<Switch22>
16
</Switch22>
<Switch23>
3
</Switch23>
<Switch24>
7
</Switch24>
<Switch25>
18
</Switch25>
<Switch26>
12
</Switch26>
<Switch27>
19
</Switch27>
<Switch28>
5
</Switch28>
<Switch29>
11
</Switch29>
<Switch30>
1
</Switch30>
<Switch31>
16
</Switch31>
<Switch32>
15
</Switch32>
<Switch33>
15
</Switch33>
<Switch34>
11
</Switch34>
<Switch35>
6
</Switch35>
<Switch36>
4
</Switch36>
<Switch37>
10
</Switch37>
<Switch38>
1
</Switch38>
<Switch39>
2
</Switch39>
<Switch40>
5
</Switch40>
<Switch41>
16
</Switch41>
<Switch42>
3
</Switch42>
<Switch43>
11
</Switch43>
<Switch44>
2
</Switch44>
<Switch45>
6
</Switch45>
<Switch46>
2
</Switch46>
<Switch47>
8
</Switch47>
<Switch48>
18
</Switch48>
<Switch49>
15
</Switch49>
<Switch50>
6
</Switch50>
<Switch51>
12
</Switch51>
<Switch52>
18
</Switch52>
<Switch53>
1
</Switch53>
<Switch54>
17
</Switch54>
<Switch55>
8
</Switch55>
<Switch56>
7
</Switch56>
<Switch57>
14
</Switch57>
<Switch58>
3
</Switch58>
<Switch59>
3
</Switch59>
<Switch60>
11
</Switch60>
<Switch61>
8
</Switch61>
<Switch62>
18
</Switch62>
<Switch63>
16
</Switch63>
<Switch64>
19
</Switch64>
<Switch65>
3
</Switch65>
<Switch66>
3
</Switch66>
<Switch67>
6
</Switch67>
<Switch68>
19
</Switch68>
<Switch69>
10
</Switch69>
<Switch70>
14
</Switch70>
<Switch71>
0
</Switch71>
<Switch72>
2
</Switch72>
<Switch73>
19
</Switch73>
<Switch74>
16
</Switch74>
<Switch75>
5
</Switch75>
<Switch76>
16
</Switch76>
<Switch77>
17
</Switch77>
<Switch78>
19
</Switch78>
<Switch79>
13
</Switch79>
<Switch80>
6
</Switch80>
<Switch81>
0
</Switch81>
<Switch82>
8
</Switch82>
<Switch83>
7
</Switch83>
<Switch84>
5
</Switch84>
<Switch85>
6
</Switch85>
<Switch86>
12
</Switch86>
<Switch87>
4
</Switch87>
<Switch88>
11
</Switch88>
<Switch89>
4
</Switch89>
<Switch90>
12
</Switch90>
<Switch91>
8
</Switch91>
<Switch92>
11
</Switch92>
<Switch93>
5
</Switch93>
<Switch94>
7
</Switch94>
<Switch95>
1
</Switch95>
<Switch96>
15
</Switch96>
<Switch97>
12
</Switch97>
<Switch98>
18
</Switch98>
<Switch99>
19
</Switch99>
<Switch100>
1
</Switch100>
<Switch101>
2
</Switch101>
<Switch102>
1
</Switch102>
<Switch103>
16
</Switch103>
<Switch104>
4
</Switch104>
<Switch105>
14
</Switch105>
<Switch106>
13
</Switch106>
<Switch107>
9
</Switch107>
<Switch108>
14
</Switch108>
<Switch109>
17
</Switch109>
<Switch110>
14
</Switch110>
<Switch111>
14
</Switch111>
<Switch112>
15
</Switch112>
<Switch113>
18
</Switch113>
<Switch114>
18
</Switch114>
<Switch115>
4
</Switch115>
<Switch116>
16
</Switch116>
<Switch117>
10
</Switch117>
<Switch118>
11
</Switch118>
<Switch119>
4
</Switch119>
<Switch120>
1
</Switch120>
<Switch121>
2
</Switch121>
<Switch122>
18
</Switch122>
<Switch123>
9
</Switch123>
<Switch124>
16
</Switch124>
<Switch125>
1
</Switch125>
<Switch126>
1
</Switch126>
<Switch127>
19
</Switch127>
<Switch128>
12
</Switch128>
<Switch129>
6
</Switch129>
<Switch130>
0
</Switch130>
<Switch131>
10
</Switch131>
<Switch132>
18
</Switch132>
<Switch133>
15
</Switch133>
<Switch134>
5
</Switch134>
<Switch135>
17
</Switch135>
<Switch136>
16
</Switch136>
<Switch137>
11
</Switch137>
<Switch138>
1
</Switch138>
<Switch139>
8
</Switch139>
<Switch140>
4
</Switch140>
<Switch141>
15
</Switch141>
<Switch142>
15
</Switch142>
<Switch143>
18
</Switch143>
<Switch144>
4
</Switch144>
<Switch145>
3
</Switch145>
<Switch146>
16
</Switch146>
<Switch147>
18
</Switch147>
<Switch148>
4
</Switch148>
<Switch149>
13
</Switch149>
<Switch150>
13
</Switch150>
<Switch151>
8
</Switch151>
<Switch152>
19
</Switch152>
<Switch153>
3
</Switch153>
<Switch154>
10
</Switch154>
<Switch155>
11
</Switch155>
<Switch156>
12
</Switch156>
<Switch157>
5
</Switch157>
<Switch158>
15
</Switch158>
<Switch159>
6
</Switch159>
<Switch160>
9
</Switch160>
<Switch161>
7
</Switch161>
<Switch162>
1
</Switch162>
<Switch163>
11
</Switch163>
<Switch164>
14
</Switch164>
<Switch165>
17
</Switch165>
<Switch166>
18
</Switch166>
<Switch167>
9
</Switch167>
<Switch168>
5
</Switch168>
<Switch169>
6
</Switch169>
<Switch170>
18
</Switch170>
<Switch171>
6
</Switch171>
<Switch172>
14
</Switch172>
<Switch173>
14
</Switch173>
<Switch174>
7
</Switch174>
<Switch175>
5
</Switch175>
<Switch176>
11
</Switch176>
<Switch177>
18
</Switch177>
<Switch178>
16
</Switch178>
<Switch179>
11
</Switch179>
<Switch180>
9
</Switch180>
<Switch181>
11
</Switch181>
<Switch182>
2
</Switch182>
<Switch183>
17
</Switch183>
<Switch184>
9
</Switch184>
<Switch185>
15
</Switch185>
<Switch186>
3
</Switch186>
<Switch187>
18
</Switch187>
<Switch188>
1
</Switch188>
<Switch189>
1
</Switch189>
<Switch190>
5
</Switch190>
<Switch191>
6
</Switch191>
<Switch192>
7
</Switch192>
<Switch193>
9
</Switch193>
<Switch194>
12
</Switch194>
<Switch195>
17
</Switch195>
<Switch196>
1
</Switch196>
<Switch197>
19
</Switch197>
<Switch198>
8
</Switch198>
<Switch199>
19
</Switch199>
<Switch200>
0
</Switch200>
<Switch201>
13
</Switch201>
<Switch202>
13
</Switch202>
<Switch203>
2
</Switch203>
<Switch204>
8
</Switch204>
<Switch205>
16
</Switch205>
<Switch206>
8
</Switch206>
<Switch207>
19
</Switch207>
<Switch208>
0
</Switch208>
<Switch209>
4
</Switch209>
<Switch210>
19
</Switch210>
<Switch211>
15
</Switch211>
<Switch212>
15
</Switch212>
<Switch213>
19
</Switch213>
<Switch214>
18
</Switch214>
<Switch215>
13
</Switch215>
<Switch216>
2
</Switch216>
<Switch217>
3
</Switch217>
<Switch218>
3
</Switch218>
<Switch219>
0
</Switch219>
<Switch220>
0
</Switch220>
<Switch221>
5
</Switch221>
<Switch222>
19
</Switch222>
<Switch223>
7
</Switch223>
<Switch224>
9
</Switch224>
<Switch225>
3
</Switch225>
<Switch226>
5
</Switch226>
<Switch227>
1
</Switch227>
<Switch228>
19
</Switch228>
<Switch229>
19
</Switch229>
<Switch230>
19
</Switch230>
<Switch231>
11
</Switch231>
<Switch232>
8
</Switch232>
<Switch233>
2
</Switch233>
<Switch234>
13
</Switch234>
<Switch235>
13
</Switch235>
<Switch236>
5
</Switch236>
<Switch237>
15
</Switch237>
<Switch238>
16
</Switch238>
<Switch239>
16
</Switch239>
<Switch240>
19
</Switch240>
<Switch241>
12
</Switch241>
<Switch242>
4
</Switch242>
<Switch243>
19
</Switch243>
<Switch244>
14
</Switch244>
<Switch245>
7
</Switch245>
<Switch246>
5
</Switch246>
<Switch247>
18
</Switch247>
<Switch248>
10
</Switch248>
<Switch249>
2
</Switch249>
<Switch250>
19
</Switch250>
<Switch251>
12
</Switch251>
<Switch252>
5
</Switch252>
<Switch253>
5
</Switch253>
<Switch254>
13
</Switch254>
<Switch255>
5
</Switch255>
<Switch256>
15
</Switch256>
<Switch257>
5
</Switch257>
<Switch258>
14
</Switch258>
<Switch259>
18
</Switch259>
<Switch260>
12
</Switch260>
<Switch261>
3
</Switch261>
<Switch262>
11
</Switch262>
<Switch263>
13
</Switch263>
<Switch264>
14
</Switch264>
<Switch265>
4
</Switch265>
<Switch266>
4
</Switch266>
<Switch267>
10
</Switch267>
<Switch268>
19
</Switch268>
<Switch269>
8
</Switch269>
<Switch270>
18
</Switch270>
<Switch271>
16
</Switch271>
<Switch272>
17
</Switch272>
<Switch273>
10
</Switch273>
<Switch274>
17
</Switch274>
<Switch275>
15
</Switch275>
<Switch276>
17
</Switch276>
<Switch277>
9
</Switch277>
<Switch278>
0
</Switch278>
<Switch279>
18
</Switch279>
<Switch280>
18
</Switch280>
<Switch281>
16
</Switch281>
<Switch282>
2
</Switch282>
<Switch283>
8
</Switch283>
<Switch284>
4
</Switch284>
<Switch285>
12
</Switch285>
<Switch286>
12
</Switch286>
<Switch287>
16
</Switch287>
<Switch288>
18
</Switch288>
<Switch289>
8
</Switch289>
<Switch290>
17
</Switch290>
<Switch291>
1
</Switch291>
<Switch292>
4
</Switch292>
<Switch293>
4
</Switch293>
<Switch294>
17
</Switch294>
<Switch295>
9
</Switch295>
<Switch296>
9
</Switch296>
<Switch297>
7
</Switch297>
<Switch298>
19
</Switch298>
<Switch299>
2
</Switch299>
<Switch300>
16
</Switch300>
<Switch301>
3
</Switch301>
<Switch302>
18
</Switch302>
<Switch303>
19
</Switch303>
<Switch304>
6
</Switch304>
<Switch305>
2
</Switch305>
<Switch306>
19
</Switch306>
<Switch307>
10
</Switch307>
<Switch308>
14
</Switch308>
<Switch309>
5
</Switch309>
<Switch310>
5
</Switch310>
<Switch311>
6
</Switch311>
<Switch312>
1
</Switch312>
<Switch313>
18
</Switch313>
<Switch314>
18
</Switch314>
<Switch315>
0
</Switch315>
<Switch316>
5
</Switch316>
<Switch317>
19
</Switch317>
<Switch318>
2
</Switch318>
<Switch319>
8
</Switch319>
<Switch320>
13
</Switch320>
<Switch321>
15
</Switch321>
<Switch322>
15
</Switch322>
<Switch323>
17
</Switch323>
<Switch324>
14
</Switch324>
<Switch325>
18
</Switch325>
<Switch326>
0
</Switch326>
<Switch327>
15
</Switch327>
<Switch328>
1
</Switch328>
<Switch329>
16
</Switch329>
<Switch330>
6
</Switch330>
<Switch331>
0
</Switch331>
<Switch332>
14
</Switch332>
<Switch333>
19
</Switch333>
<Switch334>
12
</Switch334>
<Switch335>
13
</Switch335>
<Switch336>
17
</Switch336>
<Switch337>
0
</Switch337>
<Switch338>
6
</Switch338>
<Switch339>
0
</Switch339>
<Switch340>
3
</Switch340>
<Switch341>
13
</Switch341>
<Switch342>
6
</Switch342>
<Switch343>
11
</Switch343>
<Switch344>
16
</Switch344>
<Switch345>
6
</Switch345>
<Switch346>
16
</Switch346>
<Switch347>
13
</Switch347>
<Switch348>
16
</Switch348>
<Switch349>
10
</Switch349>
<Switch350>
1
</Switch350>
<Switch351>
13
</Switch351>
<Switch352>
0
</Switch352>
<Switch353>
10
</Switch353>
<Switch354>
15
</Switch354>
<Switch355>
15
</Switch355>
<Switch356>
4
</Switch356>
<Switch357>
12
</Switch357>
<Switch358>
16
</Switch358>
<Switch359>
11
</Switch359>
<Switch360>
11
</Switch360>
<Switch361>
10
</Switch361>
<Switch362>
4
</Switch362>
<Switch363>
5
</Switch363>
<Switch364>
11
</Switch364>
<Switch365>
10
</Switch365>
<Switch366>
12
</Switch366>
<Switch367>
7
</Switch367>
<Switch368>
14
</Switch368>
<Switch369>
5
</Switch369>
<Switch370>
17
</Switch370>
<Switch371>
18
</Switch371>
<Switch372>
18
</Switch372>
<Switch373>
12
</Switch373>
<Switch374>
10
</Switch374>
<Switch375>
4
</Switch375>
</BaseID:1242>
