<?xml version="1.0"?>

<BaseID:1244>
<Switch1>
8
</Switch1>
<Switch2>
9
</Switch2>
<Switch3>
7
</Switch3>
<Switch4>
15
</Switch4>
<Switch5>
5
</Switch5>
<Switch6>
6
</Switch6>
<Switch7>
19
</Switch7>
<Switch8>
15
</Switch8>
<Switch9>
15
</Switch9>
<Switch10>
2
</Switch10>
<Switch11>
8
</Switch11>
<Switch12>
18
</Switch12>
<Switch13>
0
</Switch13>
<Switch14>
19
</Switch14>
<Switch15>
18
</Switch15>
<Switch16>
19
</Switch16>
<Switch17>
6
</Switch17>
<Switch18>
2
</Switch18>
<Switch19>
16
</Switch19>
<Switch20>
10
</Switch20>
<Switch21>
5
</Switch21>
<Switch22>
6
</Switch22>
<Switch23>
16
</Switch23>
<Switch24>
12
</Switch24>
<Switch25>
15
</Switch25>
<Switch26>
9
</Switch26>
<Switch27>
6
</Switch27>
<Switch28>
4
</Switch28>
<Switch29>
14
</Switch29>
<Switch30>
6
</Switch30>
<Switch31>
6
</Switch31>
<Switch32>
14
</Switch32>
<Switch33>
6
</Switch33>
<Switch34>
17
</Switch34>
<Switch35>
7
</Switch35>
<Switch36>
10
</Switch36>
<Switch37>
1
</Switch37>
<Switch38>
13
</Switch38>
<Switch39>
1
</Switch39>
<Switch40>
6
</Switch40>
<Switch41>
13
</Switch41>
<Switch42>
12
</Switch42>
<Switch43>
13
</Switch43>
<Switch44>
13
</Switch44>
<Switch45>
2
</Switch45>
<Switch46>
16
</Switch46>
<Switch47>
8
</Switch47>
<Switch48>
0
</Switch48>
<Switch49>
13
</Switch49>
<Switch50>
13
</Switch50>
<Switch51>
18
</Switch51>
<Switch52>
11
</Switch52>
<Switch53>
5
</Switch53>
<Switch54>
2
</Switch54>
<Switch55>
10
</Switch55>
<Switch56>
17
</Switch56>
<Switch57>
9
</Switch57>
<Switch58>
18
</Switch58>
<Switch59>
8
</Switch59>
<Switch60>
10
</Switch60>
<Switch61>
10
</Switch61>
<Switch62>
8
</Switch62>
<Switch63>
14
</Switch63>
<Switch64>
9
</Switch64>
<Switch65>
3
</Switch65>
<Switch66>
1
</Switch66>
<Switch67>
15
</Switch67>
<Switch68>
10
</Switch68>
<Switch69>
19
</Switch69>
<Switch70>
19
</Switch70>
<Switch71>
14
</Switch71>
<Switch72>
14
</Switch72>
<Switch73>
8
</Switch73>
<Switch74>
6
</Switch74>
<Switch75>
12
</Switch75>
<Switch76>
14
</Switch76>
<Switch77>
10
</Switch77>
<Switch78>
5
</Switch78>
<Switch79>
3
</Switch79>
<Switch80>
15
</Switch80>
<Switch81>
2
</Switch81>
<Switch82>
6
</Switch82>
<Switch83>
7
</Switch83>
<Switch84>
15
</Switch84>
<Switch85>
5
</Switch85>
<Switch86>
7
</Switch86>
<Switch87>
9
</Switch87>
<Switch88>
5
</Switch88>
<Switch89>
1
</Switch89>
<Switch90>
18
</Switch90>
<Switch91>
6
</Switch91>
<Switch92>
15
</Switch92>
<Switch93>
4
</Switch93>
<Switch94>
2
</Switch94>
<Switch95>
1
</Switch95>
<Switch96>
1
</Switch96>
<Switch97>
12
</Switch97>
<Switch98>
4
</Switch98>
<Switch99>
6
</Switch99>
<Switch100>
19
</Switch100>
<Switch101>
15
</Switch101>
<Switch102>
0
</Switch102>
<Switch103>
8
</Switch103>
<Switch104>
3
</Switch104>
<Switch105>
7
</Switch105>
<Switch106>
0
</Switch106>
<Switch107>
6
</Switch107>
<Switch108>
13
</Switch108>
<Switch109>
14
</Switch109>
<Switch110>
3
</Switch110>
<Switch111>
19
</Switch111>
<Switch112>
12
</Switch112>
<Switch113>
8
</Switch113>
<Switch114>
12
</Switch114>
<Switch115>
16
</Switch115>
<Switch116>
17
</Switch116>
<Switch117>
18
</Switch117>
<Switch118>
10
</Switch118>
<Switch119>
18
</Switch119>
<Switch120>
12
</Switch120>
<Switch121>
16
</Switch121>
<Switch122>
8
</Switch122>
<Switch123>
13
</Switch123>
<Switch124>
4
</Switch124>
<Switch125>
14
</Switch125>
<Switch126>
10
</Switch126>
<Switch127>
19
</Switch127>
<Switch128>
0
</Switch128>
<Switch129>
17
</Switch129>
<Switch130>
15
</Switch130>
<Switch131>
6
</Switch131>
<Switch132>
16
</Switch132>
<Switch133>
16
</Switch133>
<Switch134>
18
</Switch134>
<Switch135>
10
</Switch135>
<Switch136>
13
</Switch136>
<Switch137>
2
</Switch137>
<Switch138>
3
</Switch138>
<Switch139>
7
</Switch139>
<Switch140>
0
</Switch140>
<Switch141>
12
</Switch141>
<Switch142>
14
</Switch142>
<Switch143>
4
</Switch143>
<Switch144>
7
</Switch144>
<Switch145>
12
</Switch145>
<Switch146>
8
</Switch146>
<Switch147>
12
</Switch147>
<Switch148>
6
</Switch148>
<Switch149>
2
</Switch149>
<Switch150>
7
</Switch150>
<Switch151>
10
</Switch151>
<Switch152>
3
</Switch152>
<Switch153>
13
</Switch153>
<Switch154>
9
</Switch154>
<Switch155>
12
</Switch155>
<Switch156>
0
</Switch156>
<Switch157>
9
</Switch157>
<Switch158>
13
</Switch158>
<Switch159>
4
</Switch159>
<Switch160>
8
</Switch160>
<Switch161>
4
</Switch161>
<Switch162>
4
</Switch162>
<Switch163>
0
</Switch163>
<Switch164>
17
</Switch164>
<Switch165>
8
</Switch165>
<Switch166>
3
</Switch166>
<Switch167>
16
</Switch167>
<Switch168>
9
</Switch168>
<Switch169>
14
</Switch169>
<Switch170>
14
</Switch170>
<Switch171>
18
</Switch171>
<Switch172>
10
</Switch172>
<Switch173>
1
</Switch173>
<Switch174>
18
</Switch174>
<Switch175>
18
</Switch175>
<Switch176>
0
</Switch176>
<Switch177>
17
</Switch177>
<Switch178>
4
</Switch178>
<Switch179>
16
</Switch179>
<Switch180>
6
</Switch180>
<Switch181>
2
</Switch181>
<Switch182>
18
</Switch182>
<Switch183>
4
</Switch183>
<Switch184>
8
</Switch184>
<Switch185>
16
</Switch185>
<Switch186>
15
</Switch186>
<Switch187>
8
</Switch187>
<Switch188>
3
</Switch188>
<Switch189>
13
</Switch189>
<Switch190>
11
</Switch190>
<Switch191>
1
</Switch191>
<Switch192>
0
</Switch192>
<Switch193>
4
</Switch193>
<Switch194>
5
</Switch194>
<Switch195>
15
</Switch195>
<Switch196>
8
</Switch196>
<Switch197>
13
</Switch197>
<Switch198>
16
</Switch198>
<Switch199>
7
</Switch199>
<Switch200>
17
</Switch200>
<Switch201>
2
</Switch201>
<Switch202>
13
</Switch202>
<Switch203>
0
</Switch203>
<Switch204>
5
</Switch204>
<Switch205>
1
</Switch205>
<Switch206>
11
</Switch206>
<Switch207>
6
</Switch207>
<Switch208>
11
</Switch208>
<Switch209>
3
</Switch209>
<Switch210>
14
</Switch210>
<Switch211>
16
</Switch211>
<Switch212>
0
</Switch212>
<Switch213>
10
</Switch213>
<Switch214>
10
</Switch214>
<Switch215>
0
</Switch215>
<Switch216>
8
</Switch216>
<Switch217>
14
</Switch217>
<Switch218>
8
</Switch218>
<Switch219>
17
</Switch219>
<Switch220>
7
</Switch220>
<Switch221>
7
</Switch221>
<Switch222>
11
</Switch222>
<Switch223>
12
</Switch223>
<Switch224>
15
</Switch224>
<Switch225>
10
</Switch225>
<Switch226>
17
</Switch226>
<Switch227>
5
</Switch227>
<Switch228>
18
</Switch228>
<Switch229>
1
</Switch229>
<Switch230>
17
</Switch230>
<Switch231>
5
</Switch231>
<Switch232>
18
</Switch232>
<Switch233>
10
</Switch233>
<Switch234>
1
</Switch234>
<Switch235>
9
</Switch235>
<Switch236>
5
</Switch236>
<Switch237>
4
</Switch237>
<Switch238>
0
</Switch238>
<Switch239>
18
</Switch239>
<Switch240>
0
</Switch240>
<Switch241>
15
</Switch241>
<Switch242>
6
</Switch242>
<Switch243>
4
</Switch243>
<Switch244>
12
</Switch244>
<Switch245>
6
</Switch245>
<Switch246>
5
</Switch246>
<Switch247>
10
</Switch247>
<Switch248>
15
</Switch248>
<Switch249>
14
</Switch249>
<Switch250>
4
</Switch250>
<Switch251>
3
</Switch251>
<Switch252>
9
</Switch252>
<Switch253>
12
</Switch253>
<Switch254>
7
</Switch254>
<Switch255>
15
</Switch255>
<Switch256>
7
</Switch256>
<Switch257>
12
</Switch257>
<Switch258>
13
</Switch258>
<Switch259>
3
</Switch259>
<Switch260>
10
</Switch260>
<Switch261>
10
</Switch261>
<Switch262>
18
</Switch262>
<Switch263>
4
</Switch263>
<Switch264>
8
</Switch264>
<Switch265>
11
</Switch265>
<Switch266>
13
</Switch266>
<Switch267>
4
</Switch267>
<Switch268>
7
</Switch268>
<Switch269>
10
</Switch269>
<Switch270>
19
</Switch270>
<Switch271>
0
</Switch271>
<Switch272>
0
</Switch272>
<Switch273>
4
</Switch273>
<Switch274>
2
</Switch274>
<Switch275>
3
</Switch275>
<Switch276>
3
</Switch276>
<Switch277>
5
</Switch277>
<Switch278>
1
</Switch278>
<Switch279>
18
</Switch279>
<Switch280>
14
</Switch280>
<Switch281>
1
</Switch281>
<Switch282>
5
</Switch282>
<Switch283>
1
</Switch283>
<Switch284>
4
</Switch284>
<Switch285>
7
</Switch285>
<Switch286>
9
</Switch286>
<Switch287>
5
</Switch287>
<Switch288>
15
</Switch288>
<Switch289>
10
</Switch289>
<Switch290>
7
</Switch290>
<Switch291>
8
</Switch291>
<Switch292>
5
</Switch292>
<Switch293>
13
</Switch293>
<Switch294>
2
</Switch294>
<Switch295>
11
</Switch295>
<Switch296>
4
</Switch296>
<Switch297>
1
</Switch297>
<Switch298>
5
</Switch298>
<Switch299>
14
</Switch299>
<Switch300>
3
</Switch300>
<Switch301>
7
</Switch301>
<Switch302>
10
</Switch302>
<Switch303>
19
</Switch303>
<Switch304>
17
</Switch304>
<Switch305>
19
</Switch305>
<Switch306>
4
</Switch306>
<Switch307>
17
</Switch307>
<Switch308>
13
</Switch308>
<Switch309>
9
</Switch309>
<Switch310>
6
</Switch310>
<Switch311>
0
</Switch311>
<Switch312>
7
</Switch312>
<Switch313>
6
</Switch313>
<Switch314>
9
</Switch314>
<Switch315>
8
</Switch315>
<Switch316>
5
</Switch316>
<Switch317>
15
</Switch317>
<Switch318>
18
</Switch318>
<Switch319>
14
</Switch319>
<Switch320>
2
</Switch320>
<Switch321>
14
</Switch321>
<Switch322>
9
</Switch322>
<Switch323>
6
</Switch323>
<Switch324>
14
</Switch324>
<Switch325>
7
</Switch325>
<Switch326>
10
</Switch326>
<Switch327>
14
</Switch327>
<Switch328>
8
</Switch328>
<Switch329>
11
</Switch329>
<Switch330>
18
</Switch330>
<Switch331>
11
</Switch331>
<Switch332>
0
</Switch332>
<Switch333>
3
</Switch333>
<Switch334>
1
</Switch334>
<Switch335>
3
</Switch335>
<Switch336>
0
</Switch336>
<Switch337>
7
</Switch337>
<Switch338>
11
</Switch338>
<Switch339>
4
</Switch339>
<Switch340>
13
</Switch340>
<Switch341>
17
</Switch341>
<Switch342>
2
</Switch342>
<Switch343>
9
</Switch343>
<Switch344>
0
</Switch344>
<Switch345>
1
</Switch345>
<Switch346>
11
</Switch346>
<Switch347>
7
</Switch347>
<Switch348>
19
</Switch348>
<Switch349>
12
</Switch349>
<Switch350>
13
</Switch350>
<Switch351>
6
</Switch351>
<Switch352>
14
</Switch352>
<Switch353>
7
</Switch353>
<Switch354>
15
</Switch354>
<Switch355>
2
</Switch355>
<Switch356>
2
</Switch356>
<Switch357>
10
</Switch357>
<Switch358>
18
</Switch358>
<Switch359>
17
</Switch359>
<Switch360>
14
</Switch360>
<Switch361>
5
</Switch361>
<Switch362>
10
</Switch362>
<Switch363>
10
</Switch363>
<Switch364>
6
</Switch364>
<Switch365>
9
</Switch365>
<Switch366>
2
</Switch366>
<Switch367>
13
</Switch367>
<Switch368>
9
</Switch368>
<Switch369>
4
</Switch369>
<Switch370>
16
</Switch370>
<Switch371>
18
</Switch371>
<Switch372>
11
</Switch372>
<Switch373>
0
</Switch373>
<Switch374>
11
</Switch374>
<Switch375>
0
</Switch375>
<Switch376>
3
</Switch376>
<Switch377>
11
</Switch377>
<Switch378>
12
</Switch378>
<Switch379>
11
</Switch379>
<Switch380>
8
</Switch380>
<Switch381>
13
</Switch381>
<Switch382>
8
</Switch382>
<Switch383>
9
</Switch383>
<Switch384>
6
</Switch384>
<Switch385>
2
</Switch385>
<Switch386>
19
</Switch386>
<Switch387>
3
</Switch387>
<Switch388>
8
</Switch388>
<Switch389>
15
</Switch389>
<Switch390>
6
</Switch390>
<Switch391>
0
</Switch391>
<Switch392>
16
</Switch392>
<Switch393>
19
</Switch393>
<Switch394>
19
</Switch394>
<Switch395>
16
</Switch395>
<Switch396>
11
</Switch396>
<Switch397>
7
</Switch397>
<Switch398>
19
</Switch398>
<Switch399>
7
</Switch399>
<Switch400>
9
</Switch400>
<Switch401>
15
</Switch401>
<Switch402>
14
</Switch402>
<Switch403>
16
</Switch403>
<Switch404>
0
</Switch404>
<Switch405>
11
</Switch405>
<Switch406>
3
</Switch406>
<Switch407>
8
</Switch407>
<Switch408>
1
</Switch408>
<Switch409>
19
</Switch409>
<Switch410>
6
</Switch410>
<Switch411>
16
</Switch411>
<Switch412>
4
</Switch412>
<Switch413>
16
</Switch413>
<Switch414>
5
</Switch414>
<Switch415>
0
</Switch415>
<Switch416>
6
</Switch416>
<Switch417>
9
</Switch417>
<Switch418>
15
</Switch418>
<Switch419>
10
</Switch419>
<Switch420>
2
</Switch420>
<Switch421>
13
</Switch421>
<Switch422>
18
</Switch422>
<Switch423>
19
</Switch423>
<Switch424>
4
</Switch424>
<Switch425>
2
</Switch425>
<Switch426>
5
</Switch426>
<Switch427>
9
</Switch427>
<Switch428>
4
</Switch428>
<Switch429>
15
</Switch429>
<Switch430>
1
</Switch430>
<Switch431>
15
</Switch431>
<Switch432>
18
</Switch432>
<Switch433>
19
</Switch433>
<Switch434>
1
</Switch434>
<Switch435>
9
</Switch435>
<Switch436>
8
</Switch436>
<Switch437>
11
</Switch437>
<Switch438>
4
</Switch438>
<Switch439>
19
</Switch439>
<Switch440>
19
</Switch440>
<Switch441>
10
</Switch441>
<Switch442>
19
</Switch442>
<Switch443>
2
</Switch443>
<Switch444>
0
</Switch444>
<Switch445>
3
</Switch445>
<Switch446>
9
</Switch446>
<Switch447>
6
</Switch447>
<Switch448>
14
</Switch448>
<Switch449>
16
</Switch449>
<Switch450>
14
</Switch450>
<Switch451>
19
</Switch451>
<Switch452>
16
</Switch452>
<Switch453>
2
</Switch453>
<Switch454>
17
</Switch454>
<Switch455>
7
</Switch455>
<Switch456>
8
</Switch456>
<Switch457>
6
</Switch457>
<Switch458>
2
</Switch458>
<Switch459>
4
</Switch459>
<Switch460>
11
</Switch460>
<Switch461>
3
</Switch461>
<Switch462>
12
</Switch462>
<Switch463>
11
</Switch463>
<Switch464>
5
</Switch464>
<Switch465>
17
</Switch465>
<Switch466>
5
</Switch466>
<Switch467>
6
</Switch467>
<Switch468>
14
</Switch468>
<Switch469>
18
</Switch469>
<Switch470>
18
</Switch470>
<Switch471>
17
</Switch471>
<Switch472>
19
</Switch472>
<Switch473>
3
</Switch473>
<Switch474>
18
</Switch474>
<Switch475>
0
</Switch475>
<Switch476>
19
</Switch476>
<Switch477>
12
</Switch477>
<Switch478>
16
</Switch478>
<Switch479>
6
</Switch479>
<Switch480>
10
</Switch480>
<Switch481>
13
</Switch481>
<Switch482>
9
</Switch482>
<Switch483>
9
</Switch483>
<Switch484>
3
</Switch484>
<Switch485>
13
</Switch485>
<Switch486>
4
</Switch486>
<Switch487>
3
</Switch487>
<Switch488>
2
</Switch488>
<Switch489>
9
</Switch489>
<Switch490>
0
</Switch490>
<Switch491>
18
</Switch491>
<Switch492>
0
</Switch492>
<Switch493>
5
</Switch493>
<Switch494>
0
</Switch494>
<Switch495>
1
</Switch495>
<Switch496>
11
</Switch496>
<Switch497>
12
</Switch497>
<Switch498>
10
</Switch498>
<Switch499>
3
</Switch499>
<Switch500>
19
</Switch500>
<Switch501>
9
</Switch501>
<Switch502>
3
</Switch502>
<Switch503>
12
</Switch503>
<Switch504>
19
</Switch504>
<Switch505>
7
</Switch505>
<Switch506>
8
</Switch506>
<Switch507>
2
</Switch507>
<Switch508>
2
</Switch508>
<Switch509>
1
</Switch509>
<Switch510>
17
</Switch510>
<Switch511>
10
</Switch511>
<Switch512>
14
</Switch512>
<Switch513>
7
</Switch513>
<Switch514>
18
</Switch514>
<Switch515>
1
</Switch515>
<Switch516>
18
</Switch516>
<Switch517>
1
</Switch517>
<Switch518>
11
</Switch518>
<Switch519>
15
</Switch519>
<Switch520>
8
</Switch520>
<Switch521>
2
</Switch521>
<Switch522>
14
</Switch522>
<Switch523>
7
</Switch523>
<Switch524>
10
</Switch524>
<Switch525>
14
</Switch525>
<Switch526>
1
</Switch526>
<Switch527>
12
</Switch527>
<Switch528>
14
</Switch528>
<Switch529>
4
</Switch529>
<Switch530>
5
</Switch530>
<Switch531>
3
</Switch531>
<Switch532>
10
</Switch532>
<Switch533>
12
</Switch533>
<Switch534>
17
</Switch534>
<Switch535>
1
</Switch535>
<Switch536>
6
</Switch536>
<Switch537>
17
</Switch537>
<Switch538>
12
</Switch538>
<Switch539>
10
</Switch539>
<Switch540>
9
</Switch540>
<Switch541>
3
</Switch541>
<Switch542>
10
</Switch542>
<Switch543>
10
</Switch543>
<Switch544>
18
</Switch544>
<Switch545>
19
</Switch545>
<Switch546>
19
</Switch546>
<Switch547>
7
</Switch547>
<Switch548>
6
</Switch548>
<Switch549>
8
</Switch549>
<Switch550>
18
</Switch550>
<Switch551>
7
</Switch551>
<Switch552>
16
</Switch552>
<Switch553>
2
</Switch553>
<Switch554>
9
</Switch554>
<Switch555>
6
</Switch555>
<Switch556>
6
</Switch556>
<Switch557>
6
</Switch557>
<Switch558>
10
</Switch558>
<Switch559>
5
</Switch559>
<Switch560>
8
</Switch560>
<Switch561>
6
</Switch561>
<Switch562>
13
</Switch562>
<Switch563>
15
</Switch563>
<Switch564>
8
</Switch564>
<Switch565>
19
</Switch565>
<Switch566>
5
</Switch566>
<Switch567>
5
</Switch567>
<Switch568>
7
</Switch568>
<Switch569>
9
</Switch569>
<Switch570>
6
</Switch570>
<Switch571>
6
</Switch571>
<Switch572>
3
</Switch572>
<Switch573>
10
</Switch573>
<Switch574>
9
</Switch574>
<Switch575>
8
</Switch575>
<Switch576>
2
</Switch576>
<Switch577>
11
</Switch577>
<Switch578>
4
</Switch578>
<Switch579>
2
</Switch579>
<Switch580>
19
</Switch580>
<Switch581>
12
</Switch581>
<Switch582>
8
</Switch582>
<Switch583>
3
</Switch583>
<Switch584>
8
</Switch584>
<Switch585>
11
</Switch585>
<Switch586>
15
</Switch586>
<Switch587>
4
</Switch587>
<Switch588>
11
</Switch588>
<Switch589>
5
</Switch589>
<Switch590>
16
</Switch590>
<Switch591>
2
</Switch591>
<Switch592>
15
</Switch592>
<Switch593>
17
</Switch593>
<Switch594>
3
</Switch594>
<Switch595>
11
</Switch595>
<Switch596>
12
</Switch596>
<Switch597>
2
</Switch597>
<Switch598>
7
</Switch598>
<Switch599>
19
</Switch599>
<Switch600>
0
</Switch600>
<Switch601>
0
</Switch601>
<Switch602>
14
</Switch602>
<Switch603>
7
</Switch603>
<Switch604>
4
</Switch604>
<Switch605>
6
</Switch605>
<Switch606>
3
</Switch606>
<Switch607>
13
</Switch607>
<Switch608>
10
</Switch608>
<Switch609>
3
</Switch609>
<Switch610>
19
</Switch610>
<Switch611>
15
</Switch611>
<Switch612>
8
</Switch612>
<Switch613>
2
</Switch613>
<Switch614>
14
</Switch614>
<Switch615>
11
</Switch615>
<Switch616>
6
</Switch616>
<Switch617>
17
</Switch617>
<Switch618>
2
</Switch618>
<Switch619>
16
</Switch619>
<Switch620>
6
</Switch620>
<Switch621>
19
</Switch621>
<Switch622>
19
</Switch622>
<Switch623>
17
</Switch623>
<Switch624>
17
</Switch624>
<Switch625>
14
</Switch625>
<Switch626>
9
</Switch626>
<Switch627>
18
</Switch627>
<Switch628>
15
</Switch628>
<Switch629>
1
</Switch629>
<Switch630>
19
</Switch630>
<Switch631>
11
</Switch631>
<Switch632>
16
</Switch632>
<Switch633>
9
</Switch633>
<Switch634>
5
</Switch634>
<Switch635>
12
</Switch635>
<Switch636>
5
</Switch636>
<Switch637>
11
</Switch637>
<Switch638>
16
</Switch638>
<Switch639>
18
</Switch639>
<Switch640>
10
</Switch640>
<Switch641>
2
</Switch641>
<Switch642>
6
</Switch642>
<Switch643>
10
</Switch643>
<Switch644>
18
</Switch644>
<Switch645>
19
</Switch645>
<Switch646>
0
</Switch646>
<Switch647>
0
</Switch647>
<Switch648>
1
</Switch648>
<Switch649>
11
</Switch649>
<Switch650>
14
</Switch650>
<Switch651>
0
</Switch651>
<Switch652>
15
</Switch652>
<Switch653>
16
</Switch653>
<Switch654>
14
</Switch654>
<Switch655>
8
</Switch655>
<Switch656>
12
</Switch656>
<Switch657>
12
</Switch657>
<Switch658>
13
</Switch658>
<Switch659>
1
</Switch659>
<Switch660>
0
</Switch660>
<Switch661>
19
</Switch661>
<Switch662>
8
</Switch662>
<Switch663>
13
</Switch663>
<Switch664>
10
</Switch664>
<Switch665>
4
</Switch665>
<Switch666>
18
</Switch666>
<Switch667>
10
</Switch667>
<Switch668>
14
</Switch668>
<Switch669>
0
</Switch669>
<Switch670>
3
</Switch670>
<Switch671>
18
</Switch671>
<Switch672>
18
</Switch672>
<Switch673>
0
</Switch673>
<Switch674>
4
</Switch674>
<Switch675>
6
</Switch675>
<Switch676>
4
</Switch676>
<Switch677>
9
</Switch677>
<Switch678>
18
</Switch678>
<Switch679>
17
</Switch679>
<Switch680>
9
</Switch680>
<Switch681>
13
</Switch681>
<Switch682>
9
</Switch682>
<Switch683>
13
</Switch683>
<Switch684>
4
</Switch684>
<Switch685>
15
</Switch685>
<Switch686>
3
</Switch686>
<Switch687>
9
</Switch687>
<Switch688>
18
</Switch688>
<Switch689>
19
</Switch689>
<Switch690>
15
</Switch690>
<Switch691>
16
</Switch691>
<Switch692>
16
</Switch692>
<Switch693>
2
</Switch693>
<Switch694>
11
</Switch694>
<Switch695>
9
</Switch695>
<Switch696>
8
</Switch696>
<Switch697>
14
</Switch697>
<Switch698>
1
</Switch698>
<Switch699>
17
</Switch699>
<Switch700>
18
</Switch700>
<Switch701>
15
</Switch701>
<Switch702>
1
</Switch702>
<Switch703>
13
</Switch703>
<Switch704>
6
</Switch704>
<Switch705>
9
</Switch705>
<Switch706>
6
</Switch706>
<Switch707>
0
</Switch707>
<Switch708>
10
</Switch708>
<Switch709>
1
</Switch709>
<Switch710>
8
</Switch710>
<Switch711>
9
</Switch711>
<Switch712>
17
</Switch712>
<Switch713>
15
</Switch713>
<Switch714>
13
</Switch714>
<Switch715>
6
</Switch715>
<Switch716>
0
</Switch716>
<Switch717>
2
</Switch717>
<Switch718>
16
</Switch718>
<Switch719>
3
</Switch719>
<Switch720>
18
</Switch720>
<Switch721>
12
</Switch721>
<Switch722>
13
</Switch722>
<Switch723>
14
</Switch723>
<Switch724>
3
</Switch724>
<Switch725>
12
</Switch725>
<Switch726>
8
</Switch726>
<Switch727>
8
</Switch727>
<Switch728>
17
</Switch728>
<Switch729>
7
</Switch729>
<Switch730>
2
</Switch730>
<Switch731>
0
</Switch731>
<Switch732>
14
</Switch732>
<Switch733>
7
</Switch733>
<Switch734>
10
</Switch734>
<Switch735>
15
</Switch735>
<Switch736>
10
</Switch736>
<Switch737>
7
</Switch737>
<Switch738>
10
</Switch738>
<Switch739>
12
</Switch739>
<Switch740>
18
</Switch740>
<Switch741>
11
</Switch741>
<Switch742>
13
</Switch742>
<Switch743>
18
</Switch743>
<Switch744>
11
</Switch744>
<Switch745>
2
</Switch745>
<Switch746>
13
</Switch746>
<Switch747>
5
</Switch747>
<Switch748>
1
</Switch748>
<Switch749>
19
</Switch749>
<Switch750>
10
</Switch750>
<Switch751>
6
</Switch751>
<Switch752>
7
</Switch752>
<Switch753>
19
</Switch753>
<Switch754>
1
</Switch754>
<Switch755>
4
</Switch755>
<Switch756>
16
</Switch756>
<Switch757>
15
</Switch757>
<Switch758>
3
</Switch758>
<Switch759>
16
</Switch759>
<Switch760>
13
</Switch760>
<Switch761>
9
</Switch761>
<Switch762>
18
</Switch762>
<Switch763>
8
</Switch763>
<Switch764>
5
</Switch764>
<Switch765>
15
</Switch765>
<Switch766>
6
</Switch766>
<Switch767>
4
</Switch767>
<Switch768>
6
</Switch768>
<Switch769>
7
</Switch769>
<Switch770>
6
</Switch770>
<Switch771>
17
</Switch771>
<Switch772>
9
</Switch772>
<Switch773>
2
</Switch773>
<Switch774>
10
</Switch774>
<Switch775>
8
</Switch775>
<Switch776>
10
</Switch776>
<Switch777>
18
</Switch777>
<Switch778>
2
</Switch778>
<Switch779>
19
</Switch779>
<Switch780>
7
</Switch780>
<Switch781>
8
</Switch781>
<Switch782>
8
</Switch782>
<Switch783>
15
</Switch783>
<Switch784>
19
</Switch784>
<Switch785>
14
</Switch785>
<Switch786>
6
</Switch786>
<Switch787>
6
</Switch787>
<Switch788>
7
</Switch788>
<Switch789>
1
</Switch789>
<Switch790>
11
</Switch790>
<Switch791>
3
</Switch791>
<Switch792>
19
</Switch792>
<Switch793>
19
</Switch793>
<Switch794>
4
</Switch794>
<Switch795>
17
</Switch795>
<Switch796>
0
</Switch796>
<Switch797>
4
</Switch797>
<Switch798>
9
</Switch798>
<Switch799>
12
</Switch799>
<Switch800>
15
</Switch800>
<Switch801>
3
</Switch801>
<Switch802>
5
</Switch802>
<Switch803>
8
</Switch803>
<Switch804>
6
</Switch804>
</BaseID:1244>
