<?xml version="1.0"?>

<BaseID:1247>
<Switch1>
7
</Switch1>
<Switch2>
18
</Switch2>
<Switch3>
7
</Switch3>
<Switch4>
17
</Switch4>
<Switch5>
6
</Switch5>
<Switch6>
1
</Switch6>
<Switch7>
5
</Switch7>
<Switch8>
2
</Switch8>
<Switch9>
1
</Switch9>
<Switch10>
13
</Switch10>
<Switch11>
12
</Switch11>
<Switch12>
8
</Switch12>
<Switch13>
3
</Switch13>
<Switch14>
8
</Switch14>
<Switch15>
0
</Switch15>
<Switch16>
9
</Switch16>
<Switch17>
18
</Switch17>
<Switch18>
2
</Switch18>
<Switch19>
12
</Switch19>
<Switch20>
15
</Switch20>
<Switch21>
11
</Switch21>
<Switch22>
7
</Switch22>
<Switch23>
5
</Switch23>
<Switch24>
9
</Switch24>
<Switch25>
19
</Switch25>
<Switch26>
0
</Switch26>
<Switch27>
10
</Switch27>
<Switch28>
14
</Switch28>
<Switch29>
17
</Switch29>
<Switch30>
12
</Switch30>
<Switch31>
15
</Switch31>
<Switch32>
18
</Switch32>
<Switch33>
15
</Switch33>
<Switch34>
11
</Switch34>
<Switch35>
15
</Switch35>
<Switch36>
4
</Switch36>
<Switch37>
7
</Switch37>
<Switch38>
18
</Switch38>
<Switch39>
14
</Switch39>
<Switch40>
0
</Switch40>
<Switch41>
3
</Switch41>
<Switch42>
6
</Switch42>
<Switch43>
7
</Switch43>
<Switch44>
6
</Switch44>
<Switch45>
17
</Switch45>
<Switch46>
4
</Switch46>
<Switch47>
19
</Switch47>
<Switch48>
7
</Switch48>
<Switch49>
1
</Switch49>
<Switch50>
18
</Switch50>
<Switch51>
19
</Switch51>
<Switch52>
17
</Switch52>
<Switch53>
5
</Switch53>
<Switch54>
7
</Switch54>
<Switch55>
0
</Switch55>
<Switch56>
1
</Switch56>
<Switch57>
4
</Switch57>
<Switch58>
5
</Switch58>
<Switch59>
6
</Switch59>
<Switch60>
11
</Switch60>
<Switch61>
10
</Switch61>
<Switch62>
8
</Switch62>
<Switch63>
2
</Switch63>
<Switch64>
13
</Switch64>
<Switch65>
12
</Switch65>
<Switch66>
12
</Switch66>
<Switch67>
13
</Switch67>
<Switch68>
6
</Switch68>
<Switch69>
19
</Switch69>
<Switch70>
11
</Switch70>
<Switch71>
3
</Switch71>
<Switch72>
3
</Switch72>
<Switch73>
4
</Switch73>
<Switch74>
13
</Switch74>
<Switch75>
5
</Switch75>
<Switch76>
13
</Switch76>
<Switch77>
15
</Switch77>
<Switch78>
17
</Switch78>
<Switch79>
15
</Switch79>
<Switch80>
10
</Switch80>
<Switch81>
9
</Switch81>
<Switch82>
5
</Switch82>
<Switch83>
13
</Switch83>
<Switch84>
0
</Switch84>
<Switch85>
13
</Switch85>
<Switch86>
11
</Switch86>
<Switch87>
17
</Switch87>
<Switch88>
16
</Switch88>
<Switch89>
5
</Switch89>
<Switch90>
6
</Switch90>
<Switch91>
3
</Switch91>
<Switch92>
12
</Switch92>
<Switch93>
11
</Switch93>
<Switch94>
8
</Switch94>
<Switch95>
5
</Switch95>
<Switch96>
16
</Switch96>
<Switch97>
10
</Switch97>
<Switch98>
18
</Switch98>
<Switch99>
14
</Switch99>
<Switch100>
16
</Switch100>
<Switch101>
0
</Switch101>
<Switch102>
6
</Switch102>
<Switch103>
9
</Switch103>
<Switch104>
19
</Switch104>
<Switch105>
19
</Switch105>
<Switch106>
1
</Switch106>
<Switch107>
14
</Switch107>
<Switch108>
5
</Switch108>
<Switch109>
3
</Switch109>
<Switch110>
9
</Switch110>
<Switch111>
17
</Switch111>
<Switch112>
6
</Switch112>
<Switch113>
16
</Switch113>
<Switch114>
14
</Switch114>
<Switch115>
0
</Switch115>
<Switch116>
2
</Switch116>
<Switch117>
19
</Switch117>
<Switch118>
18
</Switch118>
<Switch119>
5
</Switch119>
<Switch120>
17
</Switch120>
<Switch121>
15
</Switch121>
<Switch122>
3
</Switch122>
<Switch123>
4
</Switch123>
<Switch124>
0
</Switch124>
<Switch125>
14
</Switch125>
<Switch126>
8
</Switch126>
<Switch127>
7
</Switch127>
<Switch128>
10
</Switch128>
<Switch129>
7
</Switch129>
<Switch130>
0
</Switch130>
<Switch131>
16
</Switch131>
<Switch132>
18
</Switch132>
<Switch133>
16
</Switch133>
<Switch134>
2
</Switch134>
<Switch135>
3
</Switch135>
<Switch136>
18
</Switch136>
<Switch137>
9
</Switch137>
<Switch138>
3
</Switch138>
<Switch139>
13
</Switch139>
<Switch140>
1
</Switch140>
<Switch141>
12
</Switch141>
<Switch142>
10
</Switch142>
<Switch143>
13
</Switch143>
<Switch144>
19
</Switch144>
<Switch145>
6
</Switch145>
<Switch146>
2
</Switch146>
<Switch147>
11
</Switch147>
<Switch148>
5
</Switch148>
<Switch149>
11
</Switch149>
<Switch150>
3
</Switch150>
<Switch151>
11
</Switch151>
<Switch152>
0
</Switch152>
<Switch153>
10
</Switch153>
<Switch154>
19
</Switch154>
<Switch155>
7
</Switch155>
<Switch156>
10
</Switch156>
<Switch157>
13
</Switch157>
<Switch158>
0
</Switch158>
<Switch159>
17
</Switch159>
<Switch160>
4
</Switch160>
<Switch161>
1
</Switch161>
<Switch162>
6
</Switch162>
<Switch163>
4
</Switch163>
<Switch164>
15
</Switch164>
<Switch165>
17
</Switch165>
<Switch166>
11
</Switch166>
<Switch167>
14
</Switch167>
<Switch168>
10
</Switch168>
<Switch169>
1
</Switch169>
<Switch170>
7
</Switch170>
<Switch171>
12
</Switch171>
<Switch172>
10
</Switch172>
<Switch173>
10
</Switch173>
<Switch174>
14
</Switch174>
<Switch175>
14
</Switch175>
<Switch176>
13
</Switch176>
<Switch177>
12
</Switch177>
<Switch178>
5
</Switch178>
<Switch179>
17
</Switch179>
<Switch180>
6
</Switch180>
<Switch181>
9
</Switch181>
<Switch182>
0
</Switch182>
<Switch183>
11
</Switch183>
<Switch184>
17
</Switch184>
<Switch185>
9
</Switch185>
<Switch186>
15
</Switch186>
<Switch187>
15
</Switch187>
<Switch188>
19
</Switch188>
<Switch189>
12
</Switch189>
<Switch190>
12
</Switch190>
<Switch191>
2
</Switch191>
<Switch192>
8
</Switch192>
<Switch193>
4
</Switch193>
<Switch194>
18
</Switch194>
<Switch195>
18
</Switch195>
<Switch196>
5
</Switch196>
<Switch197>
14
</Switch197>
<Switch198>
12
</Switch198>
<Switch199>
9
</Switch199>
<Switch200>
10
</Switch200>
<Switch201>
4
</Switch201>
<Switch202>
0
</Switch202>
<Switch203>
13
</Switch203>
<Switch204>
16
</Switch204>
<Switch205>
9
</Switch205>
<Switch206>
16
</Switch206>
<Switch207>
12
</Switch207>
<Switch208>
1
</Switch208>
<Switch209>
10
</Switch209>
<Switch210>
2
</Switch210>
<Switch211>
11
</Switch211>
<Switch212>
1
</Switch212>
<Switch213>
14
</Switch213>
<Switch214>
8
</Switch214>
<Switch215>
2
</Switch215>
<Switch216>
1
</Switch216>
<Switch217>
17
</Switch217>
<Switch218>
18
</Switch218>
<Switch219>
7
</Switch219>
<Switch220>
11
</Switch220>
<Switch221>
9
</Switch221>
<Switch222>
17
</Switch222>
<Switch223>
11
</Switch223>
<Switch224>
12
</Switch224>
<Switch225>
10
</Switch225>
<Switch226>
13
</Switch226>
<Switch227>
5
</Switch227>
<Switch228>
10
</Switch228>
<Switch229>
3
</Switch229>
<Switch230>
11
</Switch230>
<Switch231>
8
</Switch231>
<Switch232>
19
</Switch232>
<Switch233>
2
</Switch233>
<Switch234>
14
</Switch234>
<Switch235>
14
</Switch235>
<Switch236>
11
</Switch236>
<Switch237>
13
</Switch237>
<Switch238>
7
</Switch238>
<Switch239>
8
</Switch239>
<Switch240>
6
</Switch240>
<Switch241>
0
</Switch241>
<Switch242>
1
</Switch242>
<Switch243>
6
</Switch243>
<Switch244>
13
</Switch244>
<Switch245>
9
</Switch245>
<Switch246>
7
</Switch246>
<Switch247>
19
</Switch247>
<Switch248>
7
</Switch248>
<Switch249>
18
</Switch249>
<Switch250>
1
</Switch250>
<Switch251>
4
</Switch251>
<Switch252>
5
</Switch252>
<Switch253>
9
</Switch253>
<Switch254>
5
</Switch254>
<Switch255>
2
</Switch255>
<Switch256>
8
</Switch256>
<Switch257>
16
</Switch257>
<Switch258>
6
</Switch258>
<Switch259>
7
</Switch259>
<Switch260>
19
</Switch260>
<Switch261>
1
</Switch261>
<Switch262>
11
</Switch262>
<Switch263>
8
</Switch263>
<Switch264>
19
</Switch264>
<Switch265>
7
</Switch265>
<Switch266>
6
</Switch266>
<Switch267>
13
</Switch267>
<Switch268>
2
</Switch268>
<Switch269>
19
</Switch269>
<Switch270>
13
</Switch270>
<Switch271>
13
</Switch271>
<Switch272>
9
</Switch272>
<Switch273>
5
</Switch273>
<Switch274>
3
</Switch274>
<Switch275>
4
</Switch275>
<Switch276>
19
</Switch276>
<Switch277>
18
</Switch277>
<Switch278>
1
</Switch278>
<Switch279>
15
</Switch279>
<Switch280>
8
</Switch280>
<Switch281>
3
</Switch281>
<Switch282>
7
</Switch282>
<Switch283>
3
</Switch283>
<Switch284>
19
</Switch284>
<Switch285>
17
</Switch285>
<Switch286>
1
</Switch286>
<Switch287>
18
</Switch287>
<Switch288>
14
</Switch288>
<Switch289>
17
</Switch289>
<Switch290>
18
</Switch290>
<Switch291>
7
</Switch291>
<Switch292>
15
</Switch292>
<Switch293>
2
</Switch293>
<Switch294>
16
</Switch294>
<Switch295>
9
</Switch295>
<Switch296>
4
</Switch296>
<Switch297>
2
</Switch297>
<Switch298>
16
</Switch298>
<Switch299>
15
</Switch299>
<Switch300>
19
</Switch300>
<Switch301>
5
</Switch301>
<Switch302>
5
</Switch302>
<Switch303>
19
</Switch303>
<Switch304>
8
</Switch304>
<Switch305>
2
</Switch305>
<Switch306>
12
</Switch306>
<Switch307>
18
</Switch307>
<Switch308>
19
</Switch308>
<Switch309>
5
</Switch309>
<Switch310>
18
</Switch310>
<Switch311>
1
</Switch311>
<Switch312>
18
</Switch312>
<Switch313>
17
</Switch313>
<Switch314>
17
</Switch314>
<Switch315>
10
</Switch315>
<Switch316>
11
</Switch316>
<Switch317>
7
</Switch317>
<Switch318>
5
</Switch318>
<Switch319>
4
</Switch319>
<Switch320>
0
</Switch320>
<Switch321>
19
</Switch321>
<Switch322>
12
</Switch322>
<Switch323>
16
</Switch323>
<Switch324>
8
</Switch324>
<Switch325>
8
</Switch325>
<Switch326>
14
</Switch326>
<Switch327>
5
</Switch327>
<Switch328>
6
</Switch328>
<Switch329>
0
</Switch329>
<Switch330>
3
</Switch330>
<Switch331>
5
</Switch331>
<Switch332>
4
</Switch332>
<Switch333>
5
</Switch333>
<Switch334>
3
</Switch334>
<Switch335>
11
</Switch335>
<Switch336>
5
</Switch336>
<Switch337>
19
</Switch337>
<Switch338>
3
</Switch338>
<Switch339>
8
</Switch339>
<Switch340>
1
</Switch340>
<Switch341>
10
</Switch341>
<Switch342>
6
</Switch342>
<Switch343>
17
</Switch343>
<Switch344>
19
</Switch344>
<Switch345>
8
</Switch345>
<Switch346>
14
</Switch346>
<Switch347>
6
</Switch347>
<Switch348>
10
</Switch348>
<Switch349>
17
</Switch349>
<Switch350>
6
</Switch350>
<Switch351>
18
</Switch351>
<Switch352>
17
</Switch352>
<Switch353>
7
</Switch353>
<Switch354>
1
</Switch354>
<Switch355>
4
</Switch355>
<Switch356>
12
</Switch356>
<Switch357>
9
</Switch357>
<Switch358>
5
</Switch358>
<Switch359>
14
</Switch359>
<Switch360>
7
</Switch360>
<Switch361>
4
</Switch361>
<Switch362>
7
</Switch362>
<Switch363>
17
</Switch363>
<Switch364>
14
</Switch364>
<Switch365>
2
</Switch365>
<Switch366>
7
</Switch366>
<Switch367>
9
</Switch367>
<Switch368>
11
</Switch368>
<Switch369>
15
</Switch369>
<Switch370>
8
</Switch370>
<Switch371>
14
</Switch371>
<Switch372>
13
</Switch372>
<Switch373>
17
</Switch373>
<Switch374>
4
</Switch374>
<Switch375>
16
</Switch375>
<Switch376>
6
</Switch376>
<Switch377>
19
</Switch377>
<Switch378>
7
</Switch378>
<Switch379>
15
</Switch379>
<Switch380>
12
</Switch380>
<Switch381>
10
</Switch381>
<Switch382>
18
</Switch382>
<Switch383>
0
</Switch383>
<Switch384>
9
</Switch384>
<Switch385>
17
</Switch385>
<Switch386>
4
</Switch386>
<Switch387>
9
</Switch387>
<Switch388>
0
</Switch388>
<Switch389>
15
</Switch389>
<Switch390>
5
</Switch390>
<Switch391>
0
</Switch391>
<Switch392>
17
</Switch392>
<Switch393>
11
</Switch393>
<Switch394>
2
</Switch394>
<Switch395>
15
</Switch395>
<Switch396>
12
</Switch396>
<Switch397>
0
</Switch397>
<Switch398>
4
</Switch398>
<Switch399>
3
</Switch399>
<Switch400>
11
</Switch400>
<Switch401>
15
</Switch401>
<Switch402>
9
</Switch402>
<Switch403>
4
</Switch403>
<Switch404>
10
</Switch404>
<Switch405>
7
</Switch405>
<Switch406>
6
</Switch406>
<Switch407>
13
</Switch407>
<Switch408>
4
</Switch408>
<Switch409>
15
</Switch409>
<Switch410>
3
</Switch410>
<Switch411>
5
</Switch411>
<Switch412>
8
</Switch412>
<Switch413>
10
</Switch413>
<Switch414>
2
</Switch414>
<Switch415>
9
</Switch415>
<Switch416>
1
</Switch416>
<Switch417>
8
</Switch417>
<Switch418>
19
</Switch418>
<Switch419>
0
</Switch419>
<Switch420>
8
</Switch420>
<Switch421>
1
</Switch421>
<Switch422>
6
</Switch422>
<Switch423>
18
</Switch423>
<Switch424>
15
</Switch424>
<Switch425>
1
</Switch425>
<Switch426>
13
</Switch426>
<Switch427>
1
</Switch427>
<Switch428>
12
</Switch428>
<Switch429>
4
</Switch429>
<Switch430>
4
</Switch430>
<Switch431>
7
</Switch431>
<Switch432>
16
</Switch432>
<Switch433>
3
</Switch433>
<Switch434>
11
</Switch434>
<Switch435>
13
</Switch435>
<Switch436>
14
</Switch436>
<Switch437>
6
</Switch437>
<Switch438>
8
</Switch438>
<Switch439>
16
</Switch439>
<Switch440>
19
</Switch440>
<Switch441>
8
</Switch441>
<Switch442>
19
</Switch442>
<Switch443>
16
</Switch443>
<Switch444>
15
</Switch444>
<Switch445>
2
</Switch445>
<Switch446>
3
</Switch446>
<Switch447>
1
</Switch447>
<Switch448>
0
</Switch448>
<Switch449>
1
</Switch449>
<Switch450>
18
</Switch450>
<Switch451>
5
</Switch451>
<Switch452>
8
</Switch452>
<Switch453>
16
</Switch453>
<Switch454>
0
</Switch454>
<Switch455>
8
</Switch455>
<Switch456>
5
</Switch456>
<Switch457>
17
</Switch457>
<Switch458>
14
</Switch458>
<Switch459>
6
</Switch459>
<Switch460>
0
</Switch460>
<Switch461>
12
</Switch461>
<Switch462>
2
</Switch462>
<Switch463>
17
</Switch463>
<Switch464>
6
</Switch464>
<Switch465>
6
</Switch465>
<Switch466>
4
</Switch466>
<Switch467>
7
</Switch467>
<Switch468>
3
</Switch468>
<Switch469>
8
</Switch469>
<Switch470>
4
</Switch470>
<Switch471>
6
</Switch471>
<Switch472>
13
</Switch472>
<Switch473>
9
</Switch473>
<Switch474>
11
</Switch474>
<Switch475>
19
</Switch475>
<Switch476>
1
</Switch476>
<Switch477>
4
</Switch477>
<Switch478>
15
</Switch478>
<Switch479>
1
</Switch479>
<Switch480>
18
</Switch480>
<Switch481>
8
</Switch481>
<Switch482>
2
</Switch482>
<Switch483>
12
</Switch483>
<Switch484>
3
</Switch484>
<Switch485>
6
</Switch485>
<Switch486>
15
</Switch486>
<Switch487>
19
</Switch487>
<Switch488>
8
</Switch488>
<Switch489>
8
</Switch489>
<Switch490>
5
</Switch490>
<Switch491>
18
</Switch491>
<Switch492>
1
</Switch492>
<Switch493>
5
</Switch493>
<Switch494>
2
</Switch494>
<Switch495>
16
</Switch495>
<Switch496>
9
</Switch496>
<Switch497>
5
</Switch497>
<Switch498>
8
</Switch498>
<Switch499>
16
</Switch499>
<Switch500>
1
</Switch500>
<Switch501>
8
</Switch501>
<Switch502>
7
</Switch502>
<Switch503>
11
</Switch503>
<Switch504>
10
</Switch504>
<Switch505>
11
</Switch505>
<Switch506>
6
</Switch506>
<Switch507>
4
</Switch507>
<Switch508>
18
</Switch508>
<Switch509>
10
</Switch509>
<Switch510>
8
</Switch510>
<Switch511>
12
</Switch511>
<Switch512>
0
</Switch512>
<Switch513>
4
</Switch513>
<Switch514>
19
</Switch514>
<Switch515>
17
</Switch515>
<Switch516>
6
</Switch516>
<Switch517>
1
</Switch517>
<Switch518>
7
</Switch518>
<Switch519>
14
</Switch519>
<Switch520>
19
</Switch520>
<Switch521>
2
</Switch521>
<Switch522>
9
</Switch522>
<Switch523>
12
</Switch523>
<Switch524>
15
</Switch524>
<Switch525>
8
</Switch525>
<Switch526>
8
</Switch526>
<Switch527>
12
</Switch527>
<Switch528>
2
</Switch528>
<Switch529>
7
</Switch529>
<Switch530>
18
</Switch530>
<Switch531>
18
</Switch531>
<Switch532>
10
</Switch532>
<Switch533>
10
</Switch533>
<Switch534>
1
</Switch534>
<Switch535>
18
</Switch535>
<Switch536>
16
</Switch536>
<Switch537>
5
</Switch537>
<Switch538>
16
</Switch538>
<Switch539>
5
</Switch539>
<Switch540>
10
</Switch540>
<Switch541>
7
</Switch541>
<Switch542>
4
</Switch542>
<Switch543>
19
</Switch543>
<Switch544>
16
</Switch544>
<Switch545>
2
</Switch545>
<Switch546>
4
</Switch546>
<Switch547>
16
</Switch547>
<Switch548>
1
</Switch548>
<Switch549>
7
</Switch549>
<Switch550>
8
</Switch550>
<Switch551>
17
</Switch551>
<Switch552>
18
</Switch552>
<Switch553>
11
</Switch553>
<Switch554>
15
</Switch554>
<Switch555>
14
</Switch555>
<Switch556>
5
</Switch556>
<Switch557>
12
</Switch557>
<Switch558>
8
</Switch558>
<Switch559>
6
</Switch559>
<Switch560>
12
</Switch560>
<Switch561>
17
</Switch561>
<Switch562>
19
</Switch562>
<Switch563>
11
</Switch563>
<Switch564>
8
</Switch564>
<Switch565>
15
</Switch565>
<Switch566>
14
</Switch566>
<Switch567>
11
</Switch567>
<Switch568>
9
</Switch568>
<Switch569>
1
</Switch569>
<Switch570>
6
</Switch570>
<Switch571>
16
</Switch571>
<Switch572>
12
</Switch572>
<Switch573>
19
</Switch573>
<Switch574>
13
</Switch574>
<Switch575>
13
</Switch575>
<Switch576>
4
</Switch576>
<Switch577>
17
</Switch577>
<Switch578>
9
</Switch578>
<Switch579>
17
</Switch579>
<Switch580>
4
</Switch580>
<Switch581>
18
</Switch581>
<Switch582>
10
</Switch582>
<Switch583>
1
</Switch583>
<Switch584>
10
</Switch584>
<Switch585>
14
</Switch585>
<Switch586>
3
</Switch586>
<Switch587>
14
</Switch587>
<Switch588>
4
</Switch588>
<Switch589>
17
</Switch589>
<Switch590>
2
</Switch590>
<Switch591>
9
</Switch591>
<Switch592>
11
</Switch592>
<Switch593>
15
</Switch593>
<Switch594>
19
</Switch594>
<Switch595>
8
</Switch595>
<Switch596>
1
</Switch596>
<Switch597>
5
</Switch597>
<Switch598>
10
</Switch598>
<Switch599>
19
</Switch599>
<Switch600>
16
</Switch600>
<Switch601>
4
</Switch601>
<Switch602>
16
</Switch602>
<Switch603>
7
</Switch603>
<Switch604>
18
</Switch604>
<Switch605>
2
</Switch605>
<Switch606>
5
</Switch606>
<Switch607>
18
</Switch607>
<Switch608>
12
</Switch608>
<Switch609>
6
</Switch609>
<Switch610>
19
</Switch610>
<Switch611>
8
</Switch611>
<Switch612>
7
</Switch612>
<Switch613>
1
</Switch613>
<Switch614>
2
</Switch614>
<Switch615>
2
</Switch615>
<Switch616>
5
</Switch616>
<Switch617>
3
</Switch617>
<Switch618>
11
</Switch618>
<Switch619>
17
</Switch619>
<Switch620>
4
</Switch620>
<Switch621>
7
</Switch621>
<Switch622>
10
</Switch622>
<Switch623>
10
</Switch623>
<Switch624>
19
</Switch624>
<Switch625>
17
</Switch625>
<Switch626>
0
</Switch626>
<Switch627>
6
</Switch627>
<Switch628>
18
</Switch628>
<Switch629>
14
</Switch629>
<Switch630>
17
</Switch630>
<Switch631>
13
</Switch631>
<Switch632>
6
</Switch632>
<Switch633>
1
</Switch633>
<Switch634>
17
</Switch634>
<Switch635>
7
</Switch635>
<Switch636>
10
</Switch636>
<Switch637>
8
</Switch637>
<Switch638>
14
</Switch638>
<Switch639>
15
</Switch639>
<Switch640>
14
</Switch640>
<Switch641>
13
</Switch641>
<Switch642>
10
</Switch642>
<Switch643>
4
</Switch643>
<Switch644>
9
</Switch644>
<Switch645>
9
</Switch645>
<Switch646>
6
</Switch646>
<Switch647>
18
</Switch647>
<Switch648>
17
</Switch648>
<Switch649>
0
</Switch649>
<Switch650>
14
</Switch650>
<Switch651>
0
</Switch651>
<Switch652>
9
</Switch652>
<Switch653>
19
</Switch653>
<Switch654>
5
</Switch654>
<Switch655>
4
</Switch655>
<Switch656>
1
</Switch656>
<Switch657>
10
</Switch657>
<Switch658>
1
</Switch658>
<Switch659>
7
</Switch659>
<Switch660>
2
</Switch660>
<Switch661>
16
</Switch661>
<Switch662>
8
</Switch662>
<Switch663>
5
</Switch663>
<Switch664>
17
</Switch664>
<Switch665>
14
</Switch665>
<Switch666>
10
</Switch666>
<Switch667>
5
</Switch667>
<Switch668>
8
</Switch668>
<Switch669>
6
</Switch669>
<Switch670>
7
</Switch670>
<Switch671>
19
</Switch671>
<Switch672>
12
</Switch672>
<Switch673>
18
</Switch673>
<Switch674>
5
</Switch674>
<Switch675>
19
</Switch675>
<Switch676>
7
</Switch676>
<Switch677>
16
</Switch677>
<Switch678>
19
</Switch678>
<Switch679>
19
</Switch679>
<Switch680>
2
</Switch680>
<Switch681>
7
</Switch681>
<Switch682>
2
</Switch682>
<Switch683>
9
</Switch683>
<Switch684>
15
</Switch684>
<Switch685>
11
</Switch685>
<Switch686>
9
</Switch686>
<Switch687>
19
</Switch687>
<Switch688>
8
</Switch688>
<Switch689>
15
</Switch689>
<Switch690>
4
</Switch690>
<Switch691>
8
</Switch691>
<Switch692>
16
</Switch692>
<Switch693>
1
</Switch693>
<Switch694>
1
</Switch694>
<Switch695>
0
</Switch695>
<Switch696>
11
</Switch696>
<Switch697>
16
</Switch697>
<Switch698>
10
</Switch698>
<Switch699>
3
</Switch699>
<Switch700>
18
</Switch700>
<Switch701>
2
</Switch701>
<Switch702>
15
</Switch702>
<Switch703>
14
</Switch703>
<Switch704>
17
</Switch704>
<Switch705>
0
</Switch705>
<Switch706>
1
</Switch706>
<Switch707>
7
</Switch707>
<Switch708>
13
</Switch708>
<Switch709>
11
</Switch709>
<Switch710>
17
</Switch710>
<Switch711>
17
</Switch711>
<Switch712>
6
</Switch712>
<Switch713>
4
</Switch713>
<Switch714>
15
</Switch714>
<Switch715>
17
</Switch715>
<Switch716>
17
</Switch716>
<Switch717>
9
</Switch717>
<Switch718>
3
</Switch718>
<Switch719>
4
</Switch719>
<Switch720>
4
</Switch720>
<Switch721>
19
</Switch721>
<Switch722>
13
</Switch722>
<Switch723>
0
</Switch723>
<Switch724>
11
</Switch724>
<Switch725>
4
</Switch725>
<Switch726>
5
</Switch726>
<Switch727>
1
</Switch727>
<Switch728>
4
</Switch728>
<Switch729>
19
</Switch729>
<Switch730>
6
</Switch730>
<Switch731>
6
</Switch731>
<Switch732>
14
</Switch732>
<Switch733>
14
</Switch733>
<Switch734>
0
</Switch734>
<Switch735>
13
</Switch735>
<Switch736>
2
</Switch736>
<Switch737>
11
</Switch737>
<Switch738>
13
</Switch738>
<Switch739>
6
</Switch739>
<Switch740>
2
</Switch740>
<Switch741>
19
</Switch741>
<Switch742>
9
</Switch742>
<Switch743>
19
</Switch743>
<Switch744>
3
</Switch744>
<Switch745>
1
</Switch745>
<Switch746>
6
</Switch746>
<Switch747>
8
</Switch747>
<Switch748>
17
</Switch748>
<Switch749>
16
</Switch749>
<Switch750>
7
</Switch750>
<Switch751>
2
</Switch751>
<Switch752>
6
</Switch752>
<Switch753>
19
</Switch753>
<Switch754>
17
</Switch754>
<Switch755>
13
</Switch755>
<Switch756>
0
</Switch756>
<Switch757>
18
</Switch757>
<Switch758>
9
</Switch758>
<Switch759>
1
</Switch759>
<Switch760>
18
</Switch760>
<Switch761>
14
</Switch761>
<Switch762>
5
</Switch762>
<Switch763>
1
</Switch763>
<Switch764>
9
</Switch764>
<Switch765>
17
</Switch765>
<Switch766>
1
</Switch766>
<Switch767>
12
</Switch767>
<Switch768>
14
</Switch768>
<Switch769>
1
</Switch769>
<Switch770>
14
</Switch770>
<Switch771>
18
</Switch771>
<Switch772>
0
</Switch772>
<Switch773>
11
</Switch773>
<Switch774>
9
</Switch774>
<Switch775>
9
</Switch775>
<Switch776>
0
</Switch776>
<Switch777>
8
</Switch777>
<Switch778>
15
</Switch778>
<Switch779>
17
</Switch779>
<Switch780>
5
</Switch780>
<Switch781>
12
</Switch781>
<Switch782>
17
</Switch782>
<Switch783>
6
</Switch783>
<Switch784>
17
</Switch784>
<Switch785>
15
</Switch785>
<Switch786>
4
</Switch786>
<Switch787>
18
</Switch787>
<Switch788>
3
</Switch788>
<Switch789>
13
</Switch789>
<Switch790>
15
</Switch790>
<Switch791>
3
</Switch791>
<Switch792>
15
</Switch792>
<Switch793>
10
</Switch793>
<Switch794>
0
</Switch794>
<Switch795>
14
</Switch795>
<Switch796>
15
</Switch796>
<Switch797>
7
</Switch797>
<Switch798>
9
</Switch798>
<Switch799>
10
</Switch799>
<Switch800>
17
</Switch800>
<Switch801>
0
</Switch801>
<Switch802>
15
</Switch802>
<Switch803>
16
</Switch803>
<Switch804>
17
</Switch804>
<Switch805>
3
</Switch805>
<Switch806>
18
</Switch806>
<Switch807>
12
</Switch807>
<Switch808>
10
</Switch808>
<Switch809>
13
</Switch809>
<Switch810>
1
</Switch810>
<Switch811>
10
</Switch811>
<Switch812>
13
</Switch812>
<Switch813>
17
</Switch813>
<Switch814>
2
</Switch814>
<Switch815>
2
</Switch815>
<Switch816>
17
</Switch816>
<Switch817>
18
</Switch817>
<Switch818>
9
</Switch818>
<Switch819>
6
</Switch819>
<Switch820>
11
</Switch820>
<Switch821>
19
</Switch821>
<Switch822>
8
</Switch822>
<Switch823>
7
</Switch823>
<Switch824>
6
</Switch824>
<Switch825>
18
</Switch825>
<Switch826>
2
</Switch826>
<Switch827>
8
</Switch827>
<Switch828>
16
</Switch828>
<Switch829>
0
</Switch829>
<Switch830>
14
</Switch830>
<Switch831>
3
</Switch831>
<Switch832>
11
</Switch832>
<Switch833>
9
</Switch833>
<Switch834>
17
</Switch834>
<Switch835>
0
</Switch835>
<Switch836>
6
</Switch836>
<Switch837>
3
</Switch837>
<Switch838>
9
</Switch838>
<Switch839>
19
</Switch839>
<Switch840>
8
</Switch840>
<Switch841>
6
</Switch841>
<Switch842>
12
</Switch842>
<Switch843>
18
</Switch843>
<Switch844>
7
</Switch844>
<Switch845>
15
</Switch845>
<Switch846>
4
</Switch846>
<Switch847>
13
</Switch847>
<Switch848>
2
</Switch848>
<Switch849>
10
</Switch849>
<Switch850>
4
</Switch850>
<Switch851>
15
</Switch851>
<Switch852>
14
</Switch852>
<Switch853>
2
</Switch853>
<Switch854>
9
</Switch854>
<Switch855>
18
</Switch855>
</BaseID:1247>
