<?xml version="1.0"?>

<BaseID:125>
<Switch1>
9
</Switch1>
<Switch2>
1
</Switch2>
<Switch3>
5
</Switch3>
<Switch4>
19
</Switch4>
<Switch5>
15
</Switch5>
<Switch6>
15
</Switch6>
<Switch7>
13
</Switch7>
<Switch8>
1
</Switch8>
<Switch9>
13
</Switch9>
<Switch10>
12
</Switch10>
<Switch11>
15
</Switch11>
<Switch12>
10
</Switch12>
<Switch13>
14
</Switch13>
<Switch14>
8
</Switch14>
<Switch15>
17
</Switch15>
<Switch16>
13
</Switch16>
<Switch17>
8
</Switch17>
<Switch18>
0
</Switch18>
<Switch19>
17
</Switch19>
<Switch20>
12
</Switch20>
<Switch21>
6
</Switch21>
<Switch22>
8
</Switch22>
<Switch23>
6
</Switch23>
<Switch24>
15
</Switch24>
<Switch25>
15
</Switch25>
<Switch26>
17
</Switch26>
<Switch27>
8
</Switch27>
<Switch28>
19
</Switch28>
<Switch29>
9
</Switch29>
<Switch30>
16
</Switch30>
<Switch31>
16
</Switch31>
<Switch32>
19
</Switch32>
<Switch33>
3
</Switch33>
<Switch34>
6
</Switch34>
<Switch35>
17
</Switch35>
<Switch36>
13
</Switch36>
<Switch37>
18
</Switch37>
<Switch38>
7
</Switch38>
<Switch39>
5
</Switch39>
<Switch40>
2
</Switch40>
<Switch41>
2
</Switch41>
<Switch42>
10
</Switch42>
<Switch43>
15
</Switch43>
<Switch44>
16
</Switch44>
<Switch45>
1
</Switch45>
<Switch46>
11
</Switch46>
<Switch47>
16
</Switch47>
<Switch48>
17
</Switch48>
<Switch49>
0
</Switch49>
<Switch50>
8
</Switch50>
<Switch51>
12
</Switch51>
<Switch52>
4
</Switch52>
<Switch53>
7
</Switch53>
<Switch54>
6
</Switch54>
<Switch55>
11
</Switch55>
<Switch56>
16
</Switch56>
<Switch57>
16
</Switch57>
<Switch58>
3
</Switch58>
<Switch59>
9
</Switch59>
<Switch60>
8
</Switch60>
<Switch61>
4
</Switch61>
<Switch62>
6
</Switch62>
<Switch63>
2
</Switch63>
<Switch64>
18
</Switch64>
<Switch65>
2
</Switch65>
<Switch66>
11
</Switch66>
<Switch67>
13
</Switch67>
<Switch68>
13
</Switch68>
<Switch69>
8
</Switch69>
<Switch70>
13
</Switch70>
<Switch71>
3
</Switch71>
<Switch72>
11
</Switch72>
<Switch73>
4
</Switch73>
<Switch74>
2
</Switch74>
<Switch75>
12
</Switch75>
<Switch76>
1
</Switch76>
<Switch77>
0
</Switch77>
<Switch78>
17
</Switch78>
<Switch79>
13
</Switch79>
<Switch80>
1
</Switch80>
<Switch81>
11
</Switch81>
<Switch82>
11
</Switch82>
<Switch83>
5
</Switch83>
<Switch84>
5
</Switch84>
<Switch85>
1
</Switch85>
<Switch86>
4
</Switch86>
<Switch87>
3
</Switch87>
<Switch88>
13
</Switch88>
<Switch89>
5
</Switch89>
<Switch90>
14
</Switch90>
<Switch91>
14
</Switch91>
<Switch92>
3
</Switch92>
<Switch93>
10
</Switch93>
<Switch94>
1
</Switch94>
<Switch95>
16
</Switch95>
<Switch96>
8
</Switch96>
<Switch97>
3
</Switch97>
<Switch98>
10
</Switch98>
<Switch99>
16
</Switch99>
<Switch100>
8
</Switch100>
<Switch101>
19
</Switch101>
<Switch102>
9
</Switch102>
<Switch103>
14
</Switch103>
<Switch104>
15
</Switch104>
<Switch105>
13
</Switch105>
<Switch106>
17
</Switch106>
<Switch107>
6
</Switch107>
<Switch108>
19
</Switch108>
<Switch109>
1
</Switch109>
<Switch110>
10
</Switch110>
<Switch111>
10
</Switch111>
<Switch112>
9
</Switch112>
<Switch113>
6
</Switch113>
<Switch114>
18
</Switch114>
<Switch115>
0
</Switch115>
<Switch116>
3
</Switch116>
<Switch117>
1
</Switch117>
<Switch118>
6
</Switch118>
<Switch119>
7
</Switch119>
<Switch120>
16
</Switch120>
<Switch121>
11
</Switch121>
<Switch122>
2
</Switch122>
<Switch123>
5
</Switch123>
<Switch124>
8
</Switch124>
<Switch125>
6
</Switch125>
<Switch126>
4
</Switch126>
<Switch127>
8
</Switch127>
<Switch128>
12
</Switch128>
<Switch129>
17
</Switch129>
<Switch130>
2
</Switch130>
<Switch131>
19
</Switch131>
<Switch132>
10
</Switch132>
<Switch133>
10
</Switch133>
<Switch134>
18
</Switch134>
<Switch135>
5
</Switch135>
<Switch136>
9
</Switch136>
<Switch137>
13
</Switch137>
<Switch138>
18
</Switch138>
<Switch139>
4
</Switch139>
<Switch140>
11
</Switch140>
<Switch141>
11
</Switch141>
<Switch142>
1
</Switch142>
<Switch143>
9
</Switch143>
<Switch144>
1
</Switch144>
<Switch145>
8
</Switch145>
<Switch146>
4
</Switch146>
<Switch147>
16
</Switch147>
<Switch148>
5
</Switch148>
<Switch149>
11
</Switch149>
<Switch150>
16
</Switch150>
<Switch151>
4
</Switch151>
<Switch152>
8
</Switch152>
<Switch153>
13
</Switch153>
<Switch154>
5
</Switch154>
<Switch155>
3
</Switch155>
<Switch156>
18
</Switch156>
<Switch157>
10
</Switch157>
<Switch158>
9
</Switch158>
<Switch159>
13
</Switch159>
<Switch160>
17
</Switch160>
<Switch161>
16
</Switch161>
<Switch162>
11
</Switch162>
<Switch163>
18
</Switch163>
<Switch164>
9
</Switch164>
<Switch165>
16
</Switch165>
<Switch166>
13
</Switch166>
<Switch167>
17
</Switch167>
<Switch168>
11
</Switch168>
<Switch169>
7
</Switch169>
<Switch170>
17
</Switch170>
<Switch171>
2
</Switch171>
<Switch172>
3
</Switch172>
<Switch173>
2
</Switch173>
<Switch174>
7
</Switch174>
<Switch175>
8
</Switch175>
<Switch176>
9
</Switch176>
<Switch177>
10
</Switch177>
<Switch178>
14
</Switch178>
<Switch179>
6
</Switch179>
<Switch180>
4
</Switch180>
<Switch181>
3
</Switch181>
<Switch182>
14
</Switch182>
<Switch183>
9
</Switch183>
<Switch184>
8
</Switch184>
<Switch185>
0
</Switch185>
<Switch186>
1
</Switch186>
<Switch187>
0
</Switch187>
<Switch188>
9
</Switch188>
<Switch189>
17
</Switch189>
<Switch190>
2
</Switch190>
<Switch191>
19
</Switch191>
<Switch192>
13
</Switch192>
<Switch193>
5
</Switch193>
<Switch194>
13
</Switch194>
<Switch195>
12
</Switch195>
<Switch196>
4
</Switch196>
<Switch197>
7
</Switch197>
<Switch198>
10
</Switch198>
<Switch199>
7
</Switch199>
<Switch200>
8
</Switch200>
<Switch201>
7
</Switch201>
<Switch202>
6
</Switch202>
<Switch203>
18
</Switch203>
<Switch204>
15
</Switch204>
<Switch205>
5
</Switch205>
<Switch206>
0
</Switch206>
<Switch207>
6
</Switch207>
<Switch208>
13
</Switch208>
<Switch209>
3
</Switch209>
<Switch210>
10
</Switch210>
<Switch211>
6
</Switch211>
<Switch212>
3
</Switch212>
<Switch213>
1
</Switch213>
<Switch214>
11
</Switch214>
<Switch215>
6
</Switch215>
<Switch216>
18
</Switch216>
<Switch217>
15
</Switch217>
<Switch218>
9
</Switch218>
<Switch219>
7
</Switch219>
<Switch220>
2
</Switch220>
<Switch221>
6
</Switch221>
<Switch222>
12
</Switch222>
<Switch223>
14
</Switch223>
<Switch224>
15
</Switch224>
<Switch225>
3
</Switch225>
<Switch226>
5
</Switch226>
<Switch227>
18
</Switch227>
<Switch228>
13
</Switch228>
<Switch229>
5
</Switch229>
<Switch230>
13
</Switch230>
</BaseID:125>
