<?xml version="1.0"?>

<BaseID:1252>
<Switch1>
13
</Switch1>
<Switch2>
19
</Switch2>
<Switch3>
7
</Switch3>
<Switch4>
5
</Switch4>
<Switch5>
16
</Switch5>
<Switch6>
15
</Switch6>
<Switch7>
1
</Switch7>
<Switch8>
17
</Switch8>
<Switch9>
12
</Switch9>
<Switch10>
19
</Switch10>
<Switch11>
15
</Switch11>
<Switch12>
17
</Switch12>
<Switch13>
5
</Switch13>
<Switch14>
10
</Switch14>
<Switch15>
7
</Switch15>
<Switch16>
8
</Switch16>
<Switch17>
3
</Switch17>
<Switch18>
6
</Switch18>
<Switch19>
10
</Switch19>
<Switch20>
2
</Switch20>
<Switch21>
0
</Switch21>
<Switch22>
8
</Switch22>
<Switch23>
3
</Switch23>
<Switch24>
19
</Switch24>
<Switch25>
19
</Switch25>
<Switch26>
14
</Switch26>
<Switch27>
4
</Switch27>
<Switch28>
17
</Switch28>
<Switch29>
19
</Switch29>
<Switch30>
14
</Switch30>
<Switch31>
2
</Switch31>
<Switch32>
3
</Switch32>
<Switch33>
0
</Switch33>
<Switch34>
1
</Switch34>
<Switch35>
19
</Switch35>
<Switch36>
2
</Switch36>
<Switch37>
12
</Switch37>
<Switch38>
19
</Switch38>
<Switch39>
19
</Switch39>
<Switch40>
0
</Switch40>
<Switch41>
11
</Switch41>
<Switch42>
11
</Switch42>
<Switch43>
17
</Switch43>
<Switch44>
16
</Switch44>
<Switch45>
5
</Switch45>
<Switch46>
19
</Switch46>
<Switch47>
12
</Switch47>
<Switch48>
1
</Switch48>
<Switch49>
6
</Switch49>
<Switch50>
13
</Switch50>
<Switch51>
10
</Switch51>
<Switch52>
7
</Switch52>
<Switch53>
12
</Switch53>
<Switch54>
6
</Switch54>
<Switch55>
16
</Switch55>
<Switch56>
12
</Switch56>
<Switch57>
4
</Switch57>
<Switch58>
4
</Switch58>
<Switch59>
0
</Switch59>
<Switch60>
4
</Switch60>
<Switch61>
15
</Switch61>
<Switch62>
19
</Switch62>
<Switch63>
0
</Switch63>
<Switch64>
7
</Switch64>
<Switch65>
7
</Switch65>
<Switch66>
0
</Switch66>
<Switch67>
8
</Switch67>
<Switch68>
16
</Switch68>
<Switch69>
11
</Switch69>
<Switch70>
12
</Switch70>
<Switch71>
12
</Switch71>
<Switch72>
7
</Switch72>
<Switch73>
15
</Switch73>
<Switch74>
9
</Switch74>
<Switch75>
11
</Switch75>
<Switch76>
17
</Switch76>
<Switch77>
13
</Switch77>
<Switch78>
0
</Switch78>
<Switch79>
16
</Switch79>
<Switch80>
4
</Switch80>
<Switch81>
2
</Switch81>
<Switch82>
4
</Switch82>
<Switch83>
16
</Switch83>
<Switch84>
14
</Switch84>
<Switch85>
6
</Switch85>
<Switch86>
16
</Switch86>
<Switch87>
9
</Switch87>
<Switch88>
7
</Switch88>
<Switch89>
12
</Switch89>
<Switch90>
18
</Switch90>
<Switch91>
11
</Switch91>
<Switch92>
11
</Switch92>
<Switch93>
12
</Switch93>
<Switch94>
16
</Switch94>
<Switch95>
4
</Switch95>
<Switch96>
10
</Switch96>
<Switch97>
10
</Switch97>
<Switch98>
19
</Switch98>
<Switch99>
5
</Switch99>
<Switch100>
18
</Switch100>
<Switch101>
16
</Switch101>
<Switch102>
19
</Switch102>
<Switch103>
11
</Switch103>
<Switch104>
15
</Switch104>
<Switch105>
0
</Switch105>
<Switch106>
16
</Switch106>
<Switch107>
16
</Switch107>
<Switch108>
3
</Switch108>
<Switch109>
13
</Switch109>
<Switch110>
15
</Switch110>
<Switch111>
13
</Switch111>
<Switch112>
5
</Switch112>
<Switch113>
13
</Switch113>
<Switch114>
14
</Switch114>
<Switch115>
5
</Switch115>
<Switch116>
16
</Switch116>
<Switch117>
4
</Switch117>
<Switch118>
5
</Switch118>
<Switch119>
12
</Switch119>
<Switch120>
16
</Switch120>
<Switch121>
15
</Switch121>
<Switch122>
0
</Switch122>
<Switch123>
9
</Switch123>
<Switch124>
17
</Switch124>
<Switch125>
12
</Switch125>
<Switch126>
18
</Switch126>
<Switch127>
2
</Switch127>
<Switch128>
9
</Switch128>
<Switch129>
9
</Switch129>
<Switch130>
0
</Switch130>
<Switch131>
6
</Switch131>
<Switch132>
13
</Switch132>
<Switch133>
4
</Switch133>
<Switch134>
0
</Switch134>
<Switch135>
2
</Switch135>
<Switch136>
4
</Switch136>
<Switch137>
11
</Switch137>
<Switch138>
14
</Switch138>
<Switch139>
1
</Switch139>
<Switch140>
14
</Switch140>
<Switch141>
1
</Switch141>
<Switch142>
16
</Switch142>
<Switch143>
9
</Switch143>
<Switch144>
19
</Switch144>
<Switch145>
13
</Switch145>
<Switch146>
15
</Switch146>
<Switch147>
16
</Switch147>
<Switch148>
8
</Switch148>
<Switch149>
10
</Switch149>
<Switch150>
1
</Switch150>
<Switch151>
11
</Switch151>
<Switch152>
1
</Switch152>
<Switch153>
13
</Switch153>
<Switch154>
18
</Switch154>
<Switch155>
7
</Switch155>
<Switch156>
6
</Switch156>
<Switch157>
12
</Switch157>
<Switch158>
12
</Switch158>
<Switch159>
9
</Switch159>
<Switch160>
16
</Switch160>
<Switch161>
0
</Switch161>
<Switch162>
2
</Switch162>
<Switch163>
0
</Switch163>
<Switch164>
15
</Switch164>
<Switch165>
2
</Switch165>
<Switch166>
18
</Switch166>
<Switch167>
11
</Switch167>
<Switch168>
9
</Switch168>
<Switch169>
6
</Switch169>
<Switch170>
2
</Switch170>
<Switch171>
16
</Switch171>
<Switch172>
6
</Switch172>
<Switch173>
4
</Switch173>
<Switch174>
8
</Switch174>
<Switch175>
13
</Switch175>
<Switch176>
8
</Switch176>
<Switch177>
16
</Switch177>
<Switch178>
11
</Switch178>
<Switch179>
14
</Switch179>
<Switch180>
14
</Switch180>
<Switch181>
14
</Switch181>
<Switch182>
14
</Switch182>
<Switch183>
16
</Switch183>
<Switch184>
0
</Switch184>
<Switch185>
11
</Switch185>
<Switch186>
1
</Switch186>
<Switch187>
4
</Switch187>
<Switch188>
18
</Switch188>
<Switch189>
3
</Switch189>
<Switch190>
19
</Switch190>
<Switch191>
11
</Switch191>
<Switch192>
11
</Switch192>
<Switch193>
0
</Switch193>
<Switch194>
9
</Switch194>
<Switch195>
19
</Switch195>
<Switch196>
2
</Switch196>
<Switch197>
11
</Switch197>
<Switch198>
1
</Switch198>
<Switch199>
3
</Switch199>
<Switch200>
3
</Switch200>
<Switch201>
15
</Switch201>
<Switch202>
8
</Switch202>
<Switch203>
9
</Switch203>
<Switch204>
12
</Switch204>
<Switch205>
15
</Switch205>
<Switch206>
3
</Switch206>
<Switch207>
9
</Switch207>
<Switch208>
18
</Switch208>
<Switch209>
13
</Switch209>
<Switch210>
6
</Switch210>
<Switch211>
10
</Switch211>
<Switch212>
11
</Switch212>
<Switch213>
2
</Switch213>
<Switch214>
14
</Switch214>
<Switch215>
17
</Switch215>
<Switch216>
15
</Switch216>
<Switch217>
4
</Switch217>
<Switch218>
11
</Switch218>
<Switch219>
1
</Switch219>
<Switch220>
10
</Switch220>
<Switch221>
19
</Switch221>
<Switch222>
10
</Switch222>
<Switch223>
7
</Switch223>
<Switch224>
13
</Switch224>
<Switch225>
19
</Switch225>
<Switch226>
9
</Switch226>
<Switch227>
17
</Switch227>
<Switch228>
13
</Switch228>
<Switch229>
3
</Switch229>
<Switch230>
19
</Switch230>
<Switch231>
2
</Switch231>
<Switch232>
10
</Switch232>
<Switch233>
4
</Switch233>
<Switch234>
11
</Switch234>
<Switch235>
3
</Switch235>
<Switch236>
11
</Switch236>
<Switch237>
14
</Switch237>
<Switch238>
16
</Switch238>
<Switch239>
13
</Switch239>
<Switch240>
14
</Switch240>
<Switch241>
17
</Switch241>
<Switch242>
16
</Switch242>
<Switch243>
16
</Switch243>
<Switch244>
18
</Switch244>
<Switch245>
6
</Switch245>
<Switch246>
1
</Switch246>
<Switch247>
15
</Switch247>
<Switch248>
16
</Switch248>
<Switch249>
16
</Switch249>
<Switch250>
1
</Switch250>
<Switch251>
13
</Switch251>
<Switch252>
9
</Switch252>
<Switch253>
13
</Switch253>
<Switch254>
14
</Switch254>
<Switch255>
16
</Switch255>
<Switch256>
11
</Switch256>
<Switch257>
11
</Switch257>
<Switch258>
6
</Switch258>
<Switch259>
12
</Switch259>
<Switch260>
13
</Switch260>
<Switch261>
18
</Switch261>
<Switch262>
17
</Switch262>
<Switch263>
8
</Switch263>
<Switch264>
6
</Switch264>
<Switch265>
11
</Switch265>
<Switch266>
1
</Switch266>
<Switch267>
14
</Switch267>
<Switch268>
3
</Switch268>
<Switch269>
16
</Switch269>
<Switch270>
4
</Switch270>
<Switch271>
1
</Switch271>
<Switch272>
15
</Switch272>
<Switch273>
2
</Switch273>
<Switch274>
13
</Switch274>
<Switch275>
17
</Switch275>
<Switch276>
11
</Switch276>
<Switch277>
12
</Switch277>
<Switch278>
8
</Switch278>
<Switch279>
10
</Switch279>
<Switch280>
7
</Switch280>
<Switch281>
15
</Switch281>
<Switch282>
16
</Switch282>
<Switch283>
9
</Switch283>
<Switch284>
8
</Switch284>
<Switch285>
17
</Switch285>
<Switch286>
6
</Switch286>
<Switch287>
15
</Switch287>
<Switch288>
1
</Switch288>
<Switch289>
3
</Switch289>
<Switch290>
0
</Switch290>
<Switch291>
0
</Switch291>
<Switch292>
1
</Switch292>
<Switch293>
7
</Switch293>
<Switch294>
13
</Switch294>
<Switch295>
1
</Switch295>
<Switch296>
19
</Switch296>
<Switch297>
19
</Switch297>
<Switch298>
9
</Switch298>
<Switch299>
15
</Switch299>
<Switch300>
16
</Switch300>
<Switch301>
10
</Switch301>
<Switch302>
2
</Switch302>
<Switch303>
13
</Switch303>
<Switch304>
11
</Switch304>
<Switch305>
9
</Switch305>
<Switch306>
1
</Switch306>
<Switch307>
0
</Switch307>
<Switch308>
3
</Switch308>
<Switch309>
18
</Switch309>
<Switch310>
14
</Switch310>
<Switch311>
18
</Switch311>
<Switch312>
6
</Switch312>
<Switch313>
9
</Switch313>
<Switch314>
6
</Switch314>
<Switch315>
4
</Switch315>
<Switch316>
13
</Switch316>
<Switch317>
14
</Switch317>
<Switch318>
11
</Switch318>
<Switch319>
17
</Switch319>
<Switch320>
3
</Switch320>
<Switch321>
3
</Switch321>
<Switch322>
7
</Switch322>
<Switch323>
12
</Switch323>
<Switch324>
1
</Switch324>
<Switch325>
18
</Switch325>
<Switch326>
3
</Switch326>
<Switch327>
5
</Switch327>
<Switch328>
4
</Switch328>
<Switch329>
9
</Switch329>
<Switch330>
19
</Switch330>
<Switch331>
13
</Switch331>
<Switch332>
19
</Switch332>
<Switch333>
16
</Switch333>
<Switch334>
15
</Switch334>
<Switch335>
5
</Switch335>
<Switch336>
0
</Switch336>
<Switch337>
3
</Switch337>
<Switch338>
0
</Switch338>
<Switch339>
14
</Switch339>
<Switch340>
8
</Switch340>
<Switch341>
16
</Switch341>
<Switch342>
12
</Switch342>
<Switch343>
2
</Switch343>
<Switch344>
11
</Switch344>
<Switch345>
6
</Switch345>
<Switch346>
8
</Switch346>
<Switch347>
10
</Switch347>
<Switch348>
6
</Switch348>
<Switch349>
5
</Switch349>
<Switch350>
9
</Switch350>
<Switch351>
8
</Switch351>
<Switch352>
9
</Switch352>
<Switch353>
7
</Switch353>
<Switch354>
19
</Switch354>
<Switch355>
4
</Switch355>
<Switch356>
5
</Switch356>
<Switch357>
5
</Switch357>
<Switch358>
2
</Switch358>
<Switch359>
12
</Switch359>
<Switch360>
2
</Switch360>
<Switch361>
15
</Switch361>
<Switch362>
7
</Switch362>
<Switch363>
9
</Switch363>
<Switch364>
15
</Switch364>
<Switch365>
9
</Switch365>
<Switch366>
6
</Switch366>
<Switch367>
0
</Switch367>
<Switch368>
15
</Switch368>
<Switch369>
19
</Switch369>
<Switch370>
6
</Switch370>
<Switch371>
6
</Switch371>
<Switch372>
4
</Switch372>
<Switch373>
7
</Switch373>
<Switch374>
6
</Switch374>
<Switch375>
4
</Switch375>
<Switch376>
19
</Switch376>
<Switch377>
7
</Switch377>
<Switch378>
11
</Switch378>
<Switch379>
8
</Switch379>
<Switch380>
14
</Switch380>
<Switch381>
1
</Switch381>
<Switch382>
19
</Switch382>
<Switch383>
1
</Switch383>
<Switch384>
2
</Switch384>
<Switch385>
12
</Switch385>
<Switch386>
12
</Switch386>
<Switch387>
17
</Switch387>
<Switch388>
10
</Switch388>
<Switch389>
2
</Switch389>
<Switch390>
7
</Switch390>
<Switch391>
10
</Switch391>
<Switch392>
1
</Switch392>
<Switch393>
15
</Switch393>
<Switch394>
5
</Switch394>
<Switch395>
13
</Switch395>
<Switch396>
17
</Switch396>
<Switch397>
14
</Switch397>
<Switch398>
11
</Switch398>
<Switch399>
0
</Switch399>
<Switch400>
0
</Switch400>
<Switch401>
13
</Switch401>
<Switch402>
3
</Switch402>
<Switch403>
12
</Switch403>
<Switch404>
19
</Switch404>
<Switch405>
7
</Switch405>
<Switch406>
15
</Switch406>
<Switch407>
19
</Switch407>
<Switch408>
10
</Switch408>
<Switch409>
18
</Switch409>
<Switch410>
17
</Switch410>
<Switch411>
13
</Switch411>
<Switch412>
18
</Switch412>
<Switch413>
12
</Switch413>
<Switch414>
13
</Switch414>
<Switch415>
0
</Switch415>
<Switch416>
3
</Switch416>
<Switch417>
0
</Switch417>
<Switch418>
10
</Switch418>
<Switch419>
2
</Switch419>
<Switch420>
15
</Switch420>
<Switch421>
10
</Switch421>
<Switch422>
5
</Switch422>
<Switch423>
2
</Switch423>
<Switch424>
13
</Switch424>
<Switch425>
11
</Switch425>
<Switch426>
17
</Switch426>
<Switch427>
8
</Switch427>
<Switch428>
19
</Switch428>
<Switch429>
6
</Switch429>
<Switch430>
12
</Switch430>
<Switch431>
15
</Switch431>
<Switch432>
6
</Switch432>
<Switch433>
1
</Switch433>
<Switch434>
7
</Switch434>
<Switch435>
1
</Switch435>
<Switch436>
11
</Switch436>
<Switch437>
8
</Switch437>
<Switch438>
15
</Switch438>
<Switch439>
18
</Switch439>
<Switch440>
8
</Switch440>
<Switch441>
1
</Switch441>
<Switch442>
12
</Switch442>
<Switch443>
1
</Switch443>
<Switch444>
5
</Switch444>
<Switch445>
0
</Switch445>
<Switch446>
4
</Switch446>
<Switch447>
5
</Switch447>
<Switch448>
0
</Switch448>
<Switch449>
9
</Switch449>
<Switch450>
17
</Switch450>
<Switch451>
15
</Switch451>
<Switch452>
16
</Switch452>
<Switch453>
8
</Switch453>
<Switch454>
17
</Switch454>
<Switch455>
2
</Switch455>
<Switch456>
6
</Switch456>
<Switch457>
1
</Switch457>
<Switch458>
3
</Switch458>
<Switch459>
16
</Switch459>
<Switch460>
3
</Switch460>
<Switch461>
18
</Switch461>
<Switch462>
3
</Switch462>
<Switch463>
11
</Switch463>
<Switch464>
11
</Switch464>
<Switch465>
7
</Switch465>
<Switch466>
2
</Switch466>
<Switch467>
0
</Switch467>
<Switch468>
10
</Switch468>
<Switch469>
1
</Switch469>
<Switch470>
7
</Switch470>
<Switch471>
11
</Switch471>
<Switch472>
12
</Switch472>
<Switch473>
7
</Switch473>
<Switch474>
2
</Switch474>
<Switch475>
5
</Switch475>
<Switch476>
11
</Switch476>
<Switch477>
17
</Switch477>
<Switch478>
16
</Switch478>
<Switch479>
3
</Switch479>
<Switch480>
17
</Switch480>
<Switch481>
14
</Switch481>
<Switch482>
13
</Switch482>
<Switch483>
1
</Switch483>
<Switch484>
13
</Switch484>
<Switch485>
13
</Switch485>
<Switch486>
14
</Switch486>
<Switch487>
12
</Switch487>
<Switch488>
11
</Switch488>
<Switch489>
16
</Switch489>
<Switch490>
7
</Switch490>
<Switch491>
9
</Switch491>
<Switch492>
16
</Switch492>
<Switch493>
6
</Switch493>
<Switch494>
16
</Switch494>
<Switch495>
14
</Switch495>
<Switch496>
13
</Switch496>
<Switch497>
16
</Switch497>
<Switch498>
12
</Switch498>
<Switch499>
2
</Switch499>
<Switch500>
11
</Switch500>
<Switch501>
3
</Switch501>
<Switch502>
3
</Switch502>
<Switch503>
4
</Switch503>
<Switch504>
15
</Switch504>
<Switch505>
12
</Switch505>
<Switch506>
13
</Switch506>
<Switch507>
13
</Switch507>
<Switch508>
8
</Switch508>
<Switch509>
12
</Switch509>
<Switch510>
12
</Switch510>
<Switch511>
0
</Switch511>
<Switch512>
18
</Switch512>
<Switch513>
7
</Switch513>
<Switch514>
3
</Switch514>
<Switch515>
0
</Switch515>
<Switch516>
15
</Switch516>
<Switch517>
17
</Switch517>
<Switch518>
5
</Switch518>
<Switch519>
1
</Switch519>
<Switch520>
9
</Switch520>
<Switch521>
5
</Switch521>
<Switch522>
9
</Switch522>
<Switch523>
7
</Switch523>
<Switch524>
3
</Switch524>
<Switch525>
2
</Switch525>
<Switch526>
16
</Switch526>
<Switch527>
13
</Switch527>
<Switch528>
9
</Switch528>
<Switch529>
2
</Switch529>
<Switch530>
9
</Switch530>
<Switch531>
14
</Switch531>
<Switch532>
19
</Switch532>
<Switch533>
13
</Switch533>
<Switch534>
10
</Switch534>
<Switch535>
6
</Switch535>
<Switch536>
17
</Switch536>
<Switch537>
0
</Switch537>
<Switch538>
16
</Switch538>
<Switch539>
15
</Switch539>
<Switch540>
13
</Switch540>
<Switch541>
5
</Switch541>
<Switch542>
12
</Switch542>
<Switch543>
19
</Switch543>
<Switch544>
2
</Switch544>
<Switch545>
12
</Switch545>
<Switch546>
5
</Switch546>
<Switch547>
10
</Switch547>
<Switch548>
5
</Switch548>
<Switch549>
3
</Switch549>
<Switch550>
6
</Switch550>
<Switch551>
10
</Switch551>
<Switch552>
0
</Switch552>
<Switch553>
10
</Switch553>
<Switch554>
13
</Switch554>
<Switch555>
15
</Switch555>
<Switch556>
18
</Switch556>
<Switch557>
17
</Switch557>
<Switch558>
14
</Switch558>
<Switch559>
0
</Switch559>
<Switch560>
2
</Switch560>
<Switch561>
19
</Switch561>
<Switch562>
18
</Switch562>
<Switch563>
4
</Switch563>
<Switch564>
0
</Switch564>
<Switch565>
1
</Switch565>
<Switch566>
9
</Switch566>
<Switch567>
9
</Switch567>
<Switch568>
18
</Switch568>
<Switch569>
8
</Switch569>
<Switch570>
18
</Switch570>
<Switch571>
17
</Switch571>
<Switch572>
17
</Switch572>
<Switch573>
4
</Switch573>
<Switch574>
14
</Switch574>
<Switch575>
7
</Switch575>
<Switch576>
14
</Switch576>
<Switch577>
14
</Switch577>
<Switch578>
0
</Switch578>
<Switch579>
18
</Switch579>
<Switch580>
16
</Switch580>
<Switch581>
12
</Switch581>
<Switch582>
4
</Switch582>
<Switch583>
9
</Switch583>
<Switch584>
8
</Switch584>
<Switch585>
4
</Switch585>
<Switch586>
3
</Switch586>
<Switch587>
5
</Switch587>
<Switch588>
0
</Switch588>
<Switch589>
8
</Switch589>
<Switch590>
11
</Switch590>
<Switch591>
7
</Switch591>
<Switch592>
2
</Switch592>
<Switch593>
14
</Switch593>
<Switch594>
9
</Switch594>
<Switch595>
9
</Switch595>
<Switch596>
12
</Switch596>
<Switch597>
5
</Switch597>
<Switch598>
11
</Switch598>
<Switch599>
14
</Switch599>
<Switch600>
18
</Switch600>
<Switch601>
6
</Switch601>
<Switch602>
13
</Switch602>
<Switch603>
15
</Switch603>
<Switch604>
0
</Switch604>
<Switch605>
16
</Switch605>
<Switch606>
3
</Switch606>
<Switch607>
2
</Switch607>
<Switch608>
10
</Switch608>
<Switch609>
15
</Switch609>
<Switch610>
8
</Switch610>
<Switch611>
5
</Switch611>
<Switch612>
18
</Switch612>
<Switch613>
0
</Switch613>
<Switch614>
19
</Switch614>
<Switch615>
19
</Switch615>
<Switch616>
16
</Switch616>
<Switch617>
12
</Switch617>
<Switch618>
11
</Switch618>
<Switch619>
19
</Switch619>
<Switch620>
2
</Switch620>
<Switch621>
18
</Switch621>
<Switch622>
3
</Switch622>
<Switch623>
2
</Switch623>
<Switch624>
11
</Switch624>
<Switch625>
19
</Switch625>
<Switch626>
7
</Switch626>
<Switch627>
16
</Switch627>
<Switch628>
10
</Switch628>
<Switch629>
13
</Switch629>
<Switch630>
5
</Switch630>
<Switch631>
10
</Switch631>
<Switch632>
0
</Switch632>
<Switch633>
0
</Switch633>
<Switch634>
4
</Switch634>
<Switch635>
4
</Switch635>
<Switch636>
18
</Switch636>
<Switch637>
5
</Switch637>
<Switch638>
1
</Switch638>
<Switch639>
6
</Switch639>
<Switch640>
10
</Switch640>
<Switch641>
13
</Switch641>
<Switch642>
6
</Switch642>
<Switch643>
1
</Switch643>
<Switch644>
1
</Switch644>
<Switch645>
2
</Switch645>
<Switch646>
12
</Switch646>
<Switch647>
16
</Switch647>
<Switch648>
1
</Switch648>
<Switch649>
1
</Switch649>
<Switch650>
10
</Switch650>
<Switch651>
0
</Switch651>
<Switch652>
9
</Switch652>
<Switch653>
16
</Switch653>
<Switch654>
5
</Switch654>
<Switch655>
1
</Switch655>
<Switch656>
6
</Switch656>
<Switch657>
14
</Switch657>
<Switch658>
13
</Switch658>
<Switch659>
18
</Switch659>
<Switch660>
19
</Switch660>
<Switch661>
2
</Switch661>
<Switch662>
18
</Switch662>
<Switch663>
16
</Switch663>
<Switch664>
5
</Switch664>
<Switch665>
13
</Switch665>
<Switch666>
6
</Switch666>
<Switch667>
4
</Switch667>
<Switch668>
0
</Switch668>
<Switch669>
5
</Switch669>
<Switch670>
0
</Switch670>
<Switch671>
0
</Switch671>
<Switch672>
9
</Switch672>
<Switch673>
11
</Switch673>
<Switch674>
4
</Switch674>
<Switch675>
5
</Switch675>
<Switch676>
16
</Switch676>
<Switch677>
7
</Switch677>
<Switch678>
2
</Switch678>
<Switch679>
19
</Switch679>
<Switch680>
19
</Switch680>
<Switch681>
3
</Switch681>
<Switch682>
6
</Switch682>
<Switch683>
9
</Switch683>
<Switch684>
6
</Switch684>
<Switch685>
10
</Switch685>
<Switch686>
13
</Switch686>
<Switch687>
19
</Switch687>
<Switch688>
11
</Switch688>
<Switch689>
16
</Switch689>
<Switch690>
1
</Switch690>
<Switch691>
2
</Switch691>
<Switch692>
14
</Switch692>
<Switch693>
0
</Switch693>
<Switch694>
11
</Switch694>
<Switch695>
11
</Switch695>
<Switch696>
5
</Switch696>
<Switch697>
1
</Switch697>
<Switch698>
5
</Switch698>
<Switch699>
16
</Switch699>
<Switch700>
9
</Switch700>
<Switch701>
10
</Switch701>
<Switch702>
4
</Switch702>
<Switch703>
16
</Switch703>
<Switch704>
16
</Switch704>
<Switch705>
9
</Switch705>
<Switch706>
0
</Switch706>
<Switch707>
10
</Switch707>
<Switch708>
4
</Switch708>
<Switch709>
11
</Switch709>
<Switch710>
3
</Switch710>
<Switch711>
14
</Switch711>
<Switch712>
6
</Switch712>
<Switch713>
10
</Switch713>
<Switch714>
4
</Switch714>
<Switch715>
16
</Switch715>
</BaseID:1252>
