<?xml version="1.0"?>

<BaseID:1254>
<Switch1>
6
</Switch1>
<Switch2>
8
</Switch2>
<Switch3>
1
</Switch3>
<Switch4>
2
</Switch4>
<Switch5>
10
</Switch5>
<Switch6>
2
</Switch6>
<Switch7>
18
</Switch7>
<Switch8>
11
</Switch8>
<Switch9>
11
</Switch9>
<Switch10>
2
</Switch10>
<Switch11>
9
</Switch11>
<Switch12>
13
</Switch12>
<Switch13>
1
</Switch13>
<Switch14>
13
</Switch14>
<Switch15>
10
</Switch15>
<Switch16>
9
</Switch16>
<Switch17>
14
</Switch17>
<Switch18>
10
</Switch18>
<Switch19>
4
</Switch19>
<Switch20>
1
</Switch20>
<Switch21>
15
</Switch21>
<Switch22>
10
</Switch22>
<Switch23>
15
</Switch23>
<Switch24>
0
</Switch24>
<Switch25>
9
</Switch25>
<Switch26>
18
</Switch26>
<Switch27>
2
</Switch27>
<Switch28>
19
</Switch28>
<Switch29>
19
</Switch29>
<Switch30>
12
</Switch30>
<Switch31>
9
</Switch31>
<Switch32>
17
</Switch32>
<Switch33>
4
</Switch33>
<Switch34>
13
</Switch34>
<Switch35>
11
</Switch35>
<Switch36>
9
</Switch36>
<Switch37>
7
</Switch37>
<Switch38>
8
</Switch38>
<Switch39>
6
</Switch39>
<Switch40>
16
</Switch40>
<Switch41>
0
</Switch41>
<Switch42>
4
</Switch42>
<Switch43>
0
</Switch43>
<Switch44>
6
</Switch44>
<Switch45>
5
</Switch45>
<Switch46>
16
</Switch46>
<Switch47>
13
</Switch47>
<Switch48>
2
</Switch48>
<Switch49>
9
</Switch49>
<Switch50>
0
</Switch50>
<Switch51>
19
</Switch51>
<Switch52>
10
</Switch52>
<Switch53>
10
</Switch53>
<Switch54>
1
</Switch54>
<Switch55>
7
</Switch55>
<Switch56>
2
</Switch56>
<Switch57>
17
</Switch57>
<Switch58>
6
</Switch58>
<Switch59>
1
</Switch59>
<Switch60>
0
</Switch60>
<Switch61>
0
</Switch61>
<Switch62>
10
</Switch62>
<Switch63>
0
</Switch63>
<Switch64>
5
</Switch64>
<Switch65>
8
</Switch65>
<Switch66>
14
</Switch66>
<Switch67>
7
</Switch67>
<Switch68>
6
</Switch68>
<Switch69>
9
</Switch69>
<Switch70>
14
</Switch70>
<Switch71>
0
</Switch71>
<Switch72>
5
</Switch72>
<Switch73>
8
</Switch73>
<Switch74>
12
</Switch74>
<Switch75>
4
</Switch75>
<Switch76>
0
</Switch76>
<Switch77>
12
</Switch77>
<Switch78>
17
</Switch78>
<Switch79>
12
</Switch79>
<Switch80>
17
</Switch80>
<Switch81>
12
</Switch81>
<Switch82>
1
</Switch82>
<Switch83>
19
</Switch83>
<Switch84>
5
</Switch84>
<Switch85>
12
</Switch85>
<Switch86>
4
</Switch86>
<Switch87>
8
</Switch87>
<Switch88>
10
</Switch88>
<Switch89>
7
</Switch89>
<Switch90>
2
</Switch90>
<Switch91>
6
</Switch91>
<Switch92>
16
</Switch92>
<Switch93>
2
</Switch93>
<Switch94>
19
</Switch94>
<Switch95>
19
</Switch95>
<Switch96>
3
</Switch96>
<Switch97>
12
</Switch97>
<Switch98>
6
</Switch98>
<Switch99>
3
</Switch99>
<Switch100>
11
</Switch100>
<Switch101>
13
</Switch101>
<Switch102>
1
</Switch102>
<Switch103>
4
</Switch103>
<Switch104>
10
</Switch104>
<Switch105>
4
</Switch105>
<Switch106>
16
</Switch106>
<Switch107>
4
</Switch107>
<Switch108>
19
</Switch108>
<Switch109>
9
</Switch109>
<Switch110>
16
</Switch110>
<Switch111>
13
</Switch111>
<Switch112>
0
</Switch112>
<Switch113>
1
</Switch113>
<Switch114>
15
</Switch114>
<Switch115>
8
</Switch115>
<Switch116>
5
</Switch116>
<Switch117>
15
</Switch117>
<Switch118>
8
</Switch118>
<Switch119>
16
</Switch119>
<Switch120>
0
</Switch120>
<Switch121>
3
</Switch121>
<Switch122>
12
</Switch122>
<Switch123>
10
</Switch123>
<Switch124>
6
</Switch124>
<Switch125>
0
</Switch125>
<Switch126>
0
</Switch126>
<Switch127>
0
</Switch127>
<Switch128>
8
</Switch128>
<Switch129>
14
</Switch129>
<Switch130>
11
</Switch130>
<Switch131>
7
</Switch131>
<Switch132>
7
</Switch132>
<Switch133>
7
</Switch133>
<Switch134>
13
</Switch134>
<Switch135>
10
</Switch135>
<Switch136>
2
</Switch136>
<Switch137>
13
</Switch137>
<Switch138>
10
</Switch138>
<Switch139>
16
</Switch139>
<Switch140>
1
</Switch140>
<Switch141>
10
</Switch141>
<Switch142>
8
</Switch142>
<Switch143>
18
</Switch143>
<Switch144>
16
</Switch144>
<Switch145>
11
</Switch145>
<Switch146>
16
</Switch146>
<Switch147>
2
</Switch147>
<Switch148>
14
</Switch148>
<Switch149>
17
</Switch149>
<Switch150>
7
</Switch150>
<Switch151>
12
</Switch151>
</BaseID:1254>
