<?xml version="1.0"?>

<BaseID:1255>
<Switch1>
15
</Switch1>
<Switch2>
3
</Switch2>
<Switch3>
17
</Switch3>
<Switch4>
18
</Switch4>
<Switch5>
1
</Switch5>
<Switch6>
5
</Switch6>
<Switch7>
5
</Switch7>
<Switch8>
9
</Switch8>
<Switch9>
4
</Switch9>
<Switch10>
19
</Switch10>
<Switch11>
19
</Switch11>
<Switch12>
7
</Switch12>
<Switch13>
7
</Switch13>
<Switch14>
3
</Switch14>
<Switch15>
9
</Switch15>
<Switch16>
12
</Switch16>
<Switch17>
7
</Switch17>
<Switch18>
15
</Switch18>
<Switch19>
8
</Switch19>
<Switch20>
6
</Switch20>
<Switch21>
15
</Switch21>
<Switch22>
0
</Switch22>
<Switch23>
9
</Switch23>
<Switch24>
3
</Switch24>
<Switch25>
6
</Switch25>
<Switch26>
1
</Switch26>
<Switch27>
11
</Switch27>
<Switch28>
15
</Switch28>
<Switch29>
10
</Switch29>
<Switch30>
1
</Switch30>
<Switch31>
9
</Switch31>
<Switch32>
7
</Switch32>
<Switch33>
18
</Switch33>
<Switch34>
16
</Switch34>
<Switch35>
13
</Switch35>
<Switch36>
10
</Switch36>
<Switch37>
1
</Switch37>
<Switch38>
12
</Switch38>
<Switch39>
15
</Switch39>
<Switch40>
12
</Switch40>
<Switch41>
6
</Switch41>
<Switch42>
3
</Switch42>
<Switch43>
8
</Switch43>
<Switch44>
1
</Switch44>
<Switch45>
17
</Switch45>
<Switch46>
2
</Switch46>
<Switch47>
16
</Switch47>
<Switch48>
3
</Switch48>
<Switch49>
0
</Switch49>
<Switch50>
18
</Switch50>
<Switch51>
14
</Switch51>
<Switch52>
8
</Switch52>
<Switch53>
11
</Switch53>
<Switch54>
19
</Switch54>
<Switch55>
19
</Switch55>
<Switch56>
3
</Switch56>
<Switch57>
10
</Switch57>
<Switch58>
14
</Switch58>
<Switch59>
18
</Switch59>
<Switch60>
10
</Switch60>
<Switch61>
8
</Switch61>
<Switch62>
14
</Switch62>
<Switch63>
3
</Switch63>
<Switch64>
6
</Switch64>
<Switch65>
9
</Switch65>
<Switch66>
3
</Switch66>
<Switch67>
11
</Switch67>
<Switch68>
11
</Switch68>
<Switch69>
2
</Switch69>
<Switch70>
3
</Switch70>
<Switch71>
0
</Switch71>
<Switch72>
7
</Switch72>
<Switch73>
1
</Switch73>
<Switch74>
6
</Switch74>
<Switch75>
15
</Switch75>
<Switch76>
18
</Switch76>
<Switch77>
13
</Switch77>
<Switch78>
6
</Switch78>
<Switch79>
18
</Switch79>
<Switch80>
7
</Switch80>
<Switch81>
15
</Switch81>
<Switch82>
1
</Switch82>
<Switch83>
13
</Switch83>
<Switch84>
18
</Switch84>
<Switch85>
2
</Switch85>
<Switch86>
15
</Switch86>
<Switch87>
0
</Switch87>
<Switch88>
5
</Switch88>
<Switch89>
18
</Switch89>
<Switch90>
7
</Switch90>
<Switch91>
3
</Switch91>
<Switch92>
14
</Switch92>
<Switch93>
15
</Switch93>
<Switch94>
13
</Switch94>
<Switch95>
6
</Switch95>
<Switch96>
12
</Switch96>
<Switch97>
2
</Switch97>
<Switch98>
2
</Switch98>
<Switch99>
3
</Switch99>
<Switch100>
10
</Switch100>
<Switch101>
12
</Switch101>
<Switch102>
1
</Switch102>
<Switch103>
4
</Switch103>
<Switch104>
18
</Switch104>
<Switch105>
19
</Switch105>
<Switch106>
15
</Switch106>
<Switch107>
13
</Switch107>
<Switch108>
5
</Switch108>
<Switch109>
7
</Switch109>
<Switch110>
14
</Switch110>
<Switch111>
16
</Switch111>
<Switch112>
12
</Switch112>
<Switch113>
1
</Switch113>
<Switch114>
14
</Switch114>
<Switch115>
4
</Switch115>
<Switch116>
11
</Switch116>
<Switch117>
1
</Switch117>
<Switch118>
1
</Switch118>
<Switch119>
7
</Switch119>
<Switch120>
14
</Switch120>
<Switch121>
13
</Switch121>
<Switch122>
1
</Switch122>
<Switch123>
0
</Switch123>
<Switch124>
14
</Switch124>
<Switch125>
18
</Switch125>
<Switch126>
4
</Switch126>
<Switch127>
3
</Switch127>
<Switch128>
5
</Switch128>
<Switch129>
19
</Switch129>
<Switch130>
15
</Switch130>
<Switch131>
18
</Switch131>
<Switch132>
2
</Switch132>
<Switch133>
4
</Switch133>
<Switch134>
4
</Switch134>
<Switch135>
14
</Switch135>
<Switch136>
4
</Switch136>
<Switch137>
14
</Switch137>
<Switch138>
7
</Switch138>
<Switch139>
3
</Switch139>
<Switch140>
15
</Switch140>
<Switch141>
8
</Switch141>
<Switch142>
19
</Switch142>
<Switch143>
5
</Switch143>
<Switch144>
10
</Switch144>
<Switch145>
3
</Switch145>
<Switch146>
15
</Switch146>
<Switch147>
6
</Switch147>
<Switch148>
7
</Switch148>
<Switch149>
3
</Switch149>
<Switch150>
12
</Switch150>
<Switch151>
13
</Switch151>
<Switch152>
4
</Switch152>
<Switch153>
5
</Switch153>
<Switch154>
3
</Switch154>
<Switch155>
14
</Switch155>
<Switch156>
18
</Switch156>
<Switch157>
13
</Switch157>
<Switch158>
13
</Switch158>
<Switch159>
6
</Switch159>
<Switch160>
1
</Switch160>
<Switch161>
9
</Switch161>
<Switch162>
1
</Switch162>
<Switch163>
2
</Switch163>
<Switch164>
12
</Switch164>
<Switch165>
1
</Switch165>
<Switch166>
1
</Switch166>
<Switch167>
14
</Switch167>
<Switch168>
7
</Switch168>
<Switch169>
6
</Switch169>
<Switch170>
12
</Switch170>
<Switch171>
7
</Switch171>
<Switch172>
3
</Switch172>
<Switch173>
2
</Switch173>
<Switch174>
9
</Switch174>
<Switch175>
6
</Switch175>
<Switch176>
1
</Switch176>
<Switch177>
2
</Switch177>
<Switch178>
7
</Switch178>
<Switch179>
13
</Switch179>
<Switch180>
19
</Switch180>
<Switch181>
16
</Switch181>
<Switch182>
9
</Switch182>
<Switch183>
13
</Switch183>
<Switch184>
0
</Switch184>
<Switch185>
8
</Switch185>
<Switch186>
5
</Switch186>
<Switch187>
10
</Switch187>
<Switch188>
7
</Switch188>
<Switch189>
12
</Switch189>
<Switch190>
0
</Switch190>
<Switch191>
18
</Switch191>
<Switch192>
12
</Switch192>
<Switch193>
4
</Switch193>
<Switch194>
8
</Switch194>
<Switch195>
12
</Switch195>
<Switch196>
11
</Switch196>
<Switch197>
19
</Switch197>
<Switch198>
15
</Switch198>
<Switch199>
13
</Switch199>
<Switch200>
2
</Switch200>
<Switch201>
9
</Switch201>
<Switch202>
4
</Switch202>
<Switch203>
2
</Switch203>
<Switch204>
5
</Switch204>
<Switch205>
19
</Switch205>
<Switch206>
8
</Switch206>
<Switch207>
10
</Switch207>
<Switch208>
5
</Switch208>
<Switch209>
17
</Switch209>
<Switch210>
3
</Switch210>
<Switch211>
16
</Switch211>
<Switch212>
6
</Switch212>
<Switch213>
0
</Switch213>
<Switch214>
8
</Switch214>
<Switch215>
0
</Switch215>
<Switch216>
6
</Switch216>
<Switch217>
3
</Switch217>
<Switch218>
11
</Switch218>
<Switch219>
2
</Switch219>
<Switch220>
12
</Switch220>
<Switch221>
8
</Switch221>
<Switch222>
11
</Switch222>
<Switch223>
19
</Switch223>
<Switch224>
18
</Switch224>
<Switch225>
15
</Switch225>
<Switch226>
1
</Switch226>
<Switch227>
17
</Switch227>
<Switch228>
3
</Switch228>
<Switch229>
18
</Switch229>
<Switch230>
12
</Switch230>
<Switch231>
15
</Switch231>
<Switch232>
12
</Switch232>
<Switch233>
5
</Switch233>
<Switch234>
5
</Switch234>
<Switch235>
1
</Switch235>
<Switch236>
2
</Switch236>
<Switch237>
15
</Switch237>
<Switch238>
7
</Switch238>
<Switch239>
10
</Switch239>
<Switch240>
17
</Switch240>
<Switch241>
7
</Switch241>
<Switch242>
17
</Switch242>
<Switch243>
3
</Switch243>
<Switch244>
13
</Switch244>
<Switch245>
19
</Switch245>
<Switch246>
17
</Switch246>
<Switch247>
17
</Switch247>
<Switch248>
10
</Switch248>
<Switch249>
14
</Switch249>
<Switch250>
1
</Switch250>
<Switch251>
3
</Switch251>
<Switch252>
14
</Switch252>
<Switch253>
8
</Switch253>
<Switch254>
11
</Switch254>
<Switch255>
10
</Switch255>
<Switch256>
6
</Switch256>
<Switch257>
4
</Switch257>
<Switch258>
10
</Switch258>
<Switch259>
3
</Switch259>
<Switch260>
9
</Switch260>
<Switch261>
11
</Switch261>
<Switch262>
5
</Switch262>
<Switch263>
7
</Switch263>
<Switch264>
14
</Switch264>
<Switch265>
8
</Switch265>
<Switch266>
9
</Switch266>
<Switch267>
14
</Switch267>
<Switch268>
1
</Switch268>
<Switch269>
17
</Switch269>
<Switch270>
15
</Switch270>
<Switch271>
1
</Switch271>
<Switch272>
7
</Switch272>
<Switch273>
11
</Switch273>
<Switch274>
2
</Switch274>
<Switch275>
2
</Switch275>
<Switch276>
15
</Switch276>
<Switch277>
14
</Switch277>
<Switch278>
3
</Switch278>
<Switch279>
18
</Switch279>
<Switch280>
0
</Switch280>
<Switch281>
16
</Switch281>
<Switch282>
0
</Switch282>
<Switch283>
14
</Switch283>
<Switch284>
12
</Switch284>
<Switch285>
0
</Switch285>
<Switch286>
3
</Switch286>
<Switch287>
15
</Switch287>
<Switch288>
10
</Switch288>
<Switch289>
9
</Switch289>
<Switch290>
1
</Switch290>
<Switch291>
15
</Switch291>
<Switch292>
0
</Switch292>
<Switch293>
5
</Switch293>
<Switch294>
9
</Switch294>
<Switch295>
18
</Switch295>
<Switch296>
9
</Switch296>
<Switch297>
0
</Switch297>
<Switch298>
11
</Switch298>
<Switch299>
19
</Switch299>
<Switch300>
7
</Switch300>
<Switch301>
4
</Switch301>
<Switch302>
11
</Switch302>
<Switch303>
8
</Switch303>
<Switch304>
17
</Switch304>
<Switch305>
2
</Switch305>
<Switch306>
19
</Switch306>
<Switch307>
12
</Switch307>
<Switch308>
4
</Switch308>
<Switch309>
12
</Switch309>
<Switch310>
18
</Switch310>
<Switch311>
11
</Switch311>
<Switch312>
12
</Switch312>
<Switch313>
18
</Switch313>
<Switch314>
18
</Switch314>
<Switch315>
13
</Switch315>
<Switch316>
6
</Switch316>
<Switch317>
17
</Switch317>
<Switch318>
17
</Switch318>
<Switch319>
13
</Switch319>
<Switch320>
8
</Switch320>
<Switch321>
3
</Switch321>
<Switch322>
16
</Switch322>
<Switch323>
18
</Switch323>
<Switch324>
17
</Switch324>
<Switch325>
0
</Switch325>
<Switch326>
1
</Switch326>
<Switch327>
19
</Switch327>
<Switch328>
11
</Switch328>
<Switch329>
13
</Switch329>
<Switch330>
3
</Switch330>
<Switch331>
18
</Switch331>
<Switch332>
3
</Switch332>
<Switch333>
3
</Switch333>
<Switch334>
4
</Switch334>
<Switch335>
11
</Switch335>
<Switch336>
12
</Switch336>
<Switch337>
8
</Switch337>
<Switch338>
7
</Switch338>
<Switch339>
7
</Switch339>
<Switch340>
1
</Switch340>
<Switch341>
18
</Switch341>
<Switch342>
8
</Switch342>
<Switch343>
1
</Switch343>
<Switch344>
17
</Switch344>
<Switch345>
1
</Switch345>
<Switch346>
5
</Switch346>
<Switch347>
10
</Switch347>
<Switch348>
1
</Switch348>
<Switch349>
18
</Switch349>
<Switch350>
18
</Switch350>
<Switch351>
5
</Switch351>
<Switch352>
1
</Switch352>
<Switch353>
1
</Switch353>
<Switch354>
9
</Switch354>
<Switch355>
10
</Switch355>
<Switch356>
11
</Switch356>
<Switch357>
5
</Switch357>
<Switch358>
13
</Switch358>
<Switch359>
6
</Switch359>
<Switch360>
5
</Switch360>
<Switch361>
9
</Switch361>
<Switch362>
10
</Switch362>
<Switch363>
13
</Switch363>
<Switch364>
14
</Switch364>
<Switch365>
7
</Switch365>
<Switch366>
6
</Switch366>
<Switch367>
16
</Switch367>
<Switch368>
5
</Switch368>
<Switch369>
0
</Switch369>
<Switch370>
2
</Switch370>
<Switch371>
6
</Switch371>
<Switch372>
5
</Switch372>
<Switch373>
15
</Switch373>
<Switch374>
3
</Switch374>
<Switch375>
19
</Switch375>
<Switch376>
9
</Switch376>
<Switch377>
6
</Switch377>
<Switch378>
0
</Switch378>
<Switch379>
12
</Switch379>
<Switch380>
16
</Switch380>
<Switch381>
3
</Switch381>
<Switch382>
14
</Switch382>
<Switch383>
10
</Switch383>
<Switch384>
5
</Switch384>
<Switch385>
9
</Switch385>
<Switch386>
3
</Switch386>
<Switch387>
16
</Switch387>
<Switch388>
6
</Switch388>
<Switch389>
11
</Switch389>
<Switch390>
8
</Switch390>
<Switch391>
9
</Switch391>
<Switch392>
19
</Switch392>
<Switch393>
10
</Switch393>
<Switch394>
18
</Switch394>
<Switch395>
15
</Switch395>
<Switch396>
15
</Switch396>
<Switch397>
18
</Switch397>
<Switch398>
8
</Switch398>
<Switch399>
18
</Switch399>
<Switch400>
14
</Switch400>
<Switch401>
19
</Switch401>
<Switch402>
12
</Switch402>
<Switch403>
13
</Switch403>
<Switch404>
9
</Switch404>
<Switch405>
19
</Switch405>
<Switch406>
11
</Switch406>
<Switch407>
7
</Switch407>
<Switch408>
6
</Switch408>
<Switch409>
4
</Switch409>
<Switch410>
19
</Switch410>
<Switch411>
6
</Switch411>
<Switch412>
8
</Switch412>
<Switch413>
4
</Switch413>
<Switch414>
8
</Switch414>
<Switch415>
9
</Switch415>
<Switch416>
0
</Switch416>
<Switch417>
9
</Switch417>
<Switch418>
7
</Switch418>
<Switch419>
5
</Switch419>
<Switch420>
15
</Switch420>
<Switch421>
18
</Switch421>
<Switch422>
7
</Switch422>
<Switch423>
13
</Switch423>
<Switch424>
9
</Switch424>
<Switch425>
5
</Switch425>
<Switch426>
13
</Switch426>
<Switch427>
3
</Switch427>
<Switch428>
2
</Switch428>
<Switch429>
11
</Switch429>
<Switch430>
11
</Switch430>
<Switch431>
11
</Switch431>
<Switch432>
12
</Switch432>
<Switch433>
6
</Switch433>
<Switch434>
13
</Switch434>
<Switch435>
4
</Switch435>
<Switch436>
16
</Switch436>
<Switch437>
2
</Switch437>
<Switch438>
2
</Switch438>
<Switch439>
18
</Switch439>
<Switch440>
10
</Switch440>
<Switch441>
14
</Switch441>
<Switch442>
14
</Switch442>
<Switch443>
14
</Switch443>
<Switch444>
0
</Switch444>
<Switch445>
18
</Switch445>
<Switch446>
1
</Switch446>
<Switch447>
13
</Switch447>
<Switch448>
6
</Switch448>
<Switch449>
18
</Switch449>
<Switch450>
11
</Switch450>
<Switch451>
3
</Switch451>
<Switch452>
5
</Switch452>
<Switch453>
18
</Switch453>
<Switch454>
10
</Switch454>
<Switch455>
1
</Switch455>
<Switch456>
19
</Switch456>
<Switch457>
14
</Switch457>
<Switch458>
14
</Switch458>
<Switch459>
19
</Switch459>
<Switch460>
12
</Switch460>
<Switch461>
10
</Switch461>
<Switch462>
7
</Switch462>
<Switch463>
16
</Switch463>
<Switch464>
15
</Switch464>
<Switch465>
3
</Switch465>
<Switch466>
2
</Switch466>
<Switch467>
11
</Switch467>
<Switch468>
18
</Switch468>
<Switch469>
16
</Switch469>
<Switch470>
10
</Switch470>
<Switch471>
2
</Switch471>
<Switch472>
15
</Switch472>
<Switch473>
3
</Switch473>
<Switch474>
2
</Switch474>
<Switch475>
7
</Switch475>
<Switch476>
0
</Switch476>
<Switch477>
16
</Switch477>
<Switch478>
5
</Switch478>
<Switch479>
15
</Switch479>
<Switch480>
3
</Switch480>
<Switch481>
8
</Switch481>
<Switch482>
13
</Switch482>
<Switch483>
8
</Switch483>
<Switch484>
9
</Switch484>
<Switch485>
4
</Switch485>
<Switch486>
4
</Switch486>
<Switch487>
11
</Switch487>
<Switch488>
1
</Switch488>
<Switch489>
17
</Switch489>
<Switch490>
13
</Switch490>
<Switch491>
17
</Switch491>
<Switch492>
12
</Switch492>
<Switch493>
4
</Switch493>
<Switch494>
12
</Switch494>
<Switch495>
0
</Switch495>
<Switch496>
2
</Switch496>
<Switch497>
10
</Switch497>
<Switch498>
5
</Switch498>
<Switch499>
18
</Switch499>
<Switch500>
12
</Switch500>
<Switch501>
14
</Switch501>
<Switch502>
11
</Switch502>
<Switch503>
7
</Switch503>
<Switch504>
10
</Switch504>
<Switch505>
8
</Switch505>
<Switch506>
1
</Switch506>
<Switch507>
16
</Switch507>
<Switch508>
5
</Switch508>
<Switch509>
18
</Switch509>
<Switch510>
7
</Switch510>
<Switch511>
18
</Switch511>
<Switch512>
7
</Switch512>
<Switch513>
18
</Switch513>
<Switch514>
3
</Switch514>
<Switch515>
19
</Switch515>
<Switch516>
2
</Switch516>
<Switch517>
3
</Switch517>
<Switch518>
2
</Switch518>
<Switch519>
3
</Switch519>
<Switch520>
2
</Switch520>
<Switch521>
13
</Switch521>
<Switch522>
14
</Switch522>
<Switch523>
7
</Switch523>
<Switch524>
2
</Switch524>
<Switch525>
0
</Switch525>
<Switch526>
5
</Switch526>
<Switch527>
11
</Switch527>
<Switch528>
19
</Switch528>
<Switch529>
5
</Switch529>
<Switch530>
12
</Switch530>
<Switch531>
1
</Switch531>
<Switch532>
6
</Switch532>
<Switch533>
19
</Switch533>
<Switch534>
19
</Switch534>
<Switch535>
8
</Switch535>
<Switch536>
7
</Switch536>
<Switch537>
13
</Switch537>
<Switch538>
17
</Switch538>
<Switch539>
11
</Switch539>
<Switch540>
10
</Switch540>
<Switch541>
1
</Switch541>
<Switch542>
0
</Switch542>
<Switch543>
15
</Switch543>
<Switch544>
14
</Switch544>
<Switch545>
6
</Switch545>
<Switch546>
11
</Switch546>
<Switch547>
3
</Switch547>
<Switch548>
13
</Switch548>
<Switch549>
15
</Switch549>
<Switch550>
0
</Switch550>
<Switch551>
2
</Switch551>
<Switch552>
8
</Switch552>
<Switch553>
19
</Switch553>
<Switch554>
1
</Switch554>
<Switch555>
4
</Switch555>
<Switch556>
19
</Switch556>
<Switch557>
18
</Switch557>
<Switch558>
18
</Switch558>
<Switch559>
6
</Switch559>
<Switch560>
9
</Switch560>
<Switch561>
18
</Switch561>
<Switch562>
18
</Switch562>
<Switch563>
17
</Switch563>
<Switch564>
6
</Switch564>
<Switch565>
8
</Switch565>
<Switch566>
16
</Switch566>
<Switch567>
14
</Switch567>
<Switch568>
14
</Switch568>
<Switch569>
5
</Switch569>
<Switch570>
5
</Switch570>
<Switch571>
15
</Switch571>
<Switch572>
8
</Switch572>
<Switch573>
16
</Switch573>
<Switch574>
19
</Switch574>
<Switch575>
6
</Switch575>
<Switch576>
7
</Switch576>
<Switch577>
6
</Switch577>
<Switch578>
16
</Switch578>
<Switch579>
6
</Switch579>
<Switch580>
1
</Switch580>
<Switch581>
17
</Switch581>
<Switch582>
17
</Switch582>
<Switch583>
11
</Switch583>
<Switch584>
5
</Switch584>
<Switch585>
11
</Switch585>
<Switch586>
6
</Switch586>
<Switch587>
12
</Switch587>
<Switch588>
19
</Switch588>
<Switch589>
15
</Switch589>
<Switch590>
5
</Switch590>
<Switch591>
9
</Switch591>
<Switch592>
3
</Switch592>
<Switch593>
18
</Switch593>
<Switch594>
19
</Switch594>
<Switch595>
12
</Switch595>
<Switch596>
14
</Switch596>
<Switch597>
11
</Switch597>
<Switch598>
18
</Switch598>
<Switch599>
12
</Switch599>
<Switch600>
19
</Switch600>
<Switch601>
10
</Switch601>
<Switch602>
5
</Switch602>
<Switch603>
3
</Switch603>
<Switch604>
6
</Switch604>
<Switch605>
11
</Switch605>
<Switch606>
9
</Switch606>
<Switch607>
18
</Switch607>
<Switch608>
0
</Switch608>
<Switch609>
11
</Switch609>
<Switch610>
2
</Switch610>
<Switch611>
3
</Switch611>
<Switch612>
2
</Switch612>
<Switch613>
16
</Switch613>
<Switch614>
6
</Switch614>
<Switch615>
7
</Switch615>
<Switch616>
15
</Switch616>
<Switch617>
9
</Switch617>
<Switch618>
14
</Switch618>
<Switch619>
11
</Switch619>
<Switch620>
0
</Switch620>
<Switch621>
9
</Switch621>
<Switch622>
4
</Switch622>
<Switch623>
11
</Switch623>
<Switch624>
7
</Switch624>
<Switch625>
17
</Switch625>
<Switch626>
0
</Switch626>
<Switch627>
7
</Switch627>
<Switch628>
2
</Switch628>
<Switch629>
14
</Switch629>
<Switch630>
3
</Switch630>
<Switch631>
18
</Switch631>
<Switch632>
2
</Switch632>
<Switch633>
14
</Switch633>
<Switch634>
9
</Switch634>
<Switch635>
17
</Switch635>
<Switch636>
16
</Switch636>
<Switch637>
10
</Switch637>
<Switch638>
6
</Switch638>
<Switch639>
3
</Switch639>
<Switch640>
19
</Switch640>
<Switch641>
5
</Switch641>
<Switch642>
18
</Switch642>
<Switch643>
13
</Switch643>
<Switch644>
12
</Switch644>
<Switch645>
0
</Switch645>
<Switch646>
15
</Switch646>
<Switch647>
10
</Switch647>
<Switch648>
12
</Switch648>
<Switch649>
0
</Switch649>
<Switch650>
16
</Switch650>
<Switch651>
16
</Switch651>
<Switch652>
0
</Switch652>
<Switch653>
18
</Switch653>
<Switch654>
11
</Switch654>
<Switch655>
17
</Switch655>
<Switch656>
11
</Switch656>
<Switch657>
14
</Switch657>
<Switch658>
7
</Switch658>
<Switch659>
2
</Switch659>
<Switch660>
9
</Switch660>
<Switch661>
9
</Switch661>
<Switch662>
5
</Switch662>
<Switch663>
10
</Switch663>
<Switch664>
7
</Switch664>
<Switch665>
14
</Switch665>
<Switch666>
5
</Switch666>
<Switch667>
8
</Switch667>
<Switch668>
3
</Switch668>
<Switch669>
10
</Switch669>
<Switch670>
2
</Switch670>
<Switch671>
10
</Switch671>
<Switch672>
14
</Switch672>
<Switch673>
7
</Switch673>
<Switch674>
2
</Switch674>
<Switch675>
6
</Switch675>
<Switch676>
13
</Switch676>
<Switch677>
13
</Switch677>
<Switch678>
7
</Switch678>
<Switch679>
15
</Switch679>
<Switch680>
13
</Switch680>
<Switch681>
10
</Switch681>
<Switch682>
16
</Switch682>
<Switch683>
17
</Switch683>
<Switch684>
19
</Switch684>
<Switch685>
10
</Switch685>
<Switch686>
4
</Switch686>
<Switch687>
14
</Switch687>
</BaseID:1255>
