<?xml version="1.0"?>

<BaseID:1261>
<Switch1>
18
</Switch1>
<Switch2>
19
</Switch2>
<Switch3>
17
</Switch3>
<Switch4>
17
</Switch4>
<Switch5>
0
</Switch5>
<Switch6>
16
</Switch6>
<Switch7>
4
</Switch7>
<Switch8>
19
</Switch8>
<Switch9>
6
</Switch9>
<Switch10>
5
</Switch10>
<Switch11>
7
</Switch11>
<Switch12>
13
</Switch12>
<Switch13>
15
</Switch13>
<Switch14>
14
</Switch14>
<Switch15>
13
</Switch15>
<Switch16>
17
</Switch16>
<Switch17>
15
</Switch17>
<Switch18>
16
</Switch18>
<Switch19>
14
</Switch19>
<Switch20>
16
</Switch20>
<Switch21>
4
</Switch21>
<Switch22>
15
</Switch22>
<Switch23>
4
</Switch23>
<Switch24>
10
</Switch24>
<Switch25>
8
</Switch25>
<Switch26>
19
</Switch26>
<Switch27>
8
</Switch27>
<Switch28>
9
</Switch28>
<Switch29>
11
</Switch29>
<Switch30>
13
</Switch30>
<Switch31>
3
</Switch31>
<Switch32>
4
</Switch32>
<Switch33>
10
</Switch33>
<Switch34>
8
</Switch34>
<Switch35>
8
</Switch35>
<Switch36>
5
</Switch36>
<Switch37>
15
</Switch37>
<Switch38>
2
</Switch38>
<Switch39>
4
</Switch39>
<Switch40>
12
</Switch40>
<Switch41>
1
</Switch41>
<Switch42>
9
</Switch42>
<Switch43>
5
</Switch43>
<Switch44>
7
</Switch44>
<Switch45>
0
</Switch45>
<Switch46>
16
</Switch46>
<Switch47>
13
</Switch47>
<Switch48>
2
</Switch48>
<Switch49>
3
</Switch49>
<Switch50>
15
</Switch50>
<Switch51>
19
</Switch51>
<Switch52>
6
</Switch52>
<Switch53>
2
</Switch53>
<Switch54>
6
</Switch54>
<Switch55>
4
</Switch55>
<Switch56>
3
</Switch56>
<Switch57>
15
</Switch57>
<Switch58>
15
</Switch58>
<Switch59>
19
</Switch59>
<Switch60>
4
</Switch60>
<Switch61>
13
</Switch61>
<Switch62>
10
</Switch62>
<Switch63>
16
</Switch63>
<Switch64>
8
</Switch64>
<Switch65>
11
</Switch65>
<Switch66>
3
</Switch66>
<Switch67>
7
</Switch67>
<Switch68>
7
</Switch68>
<Switch69>
3
</Switch69>
<Switch70>
6
</Switch70>
<Switch71>
17
</Switch71>
<Switch72>
18
</Switch72>
<Switch73>
18
</Switch73>
<Switch74>
6
</Switch74>
<Switch75>
16
</Switch75>
<Switch76>
0
</Switch76>
<Switch77>
12
</Switch77>
<Switch78>
17
</Switch78>
<Switch79>
19
</Switch79>
<Switch80>
2
</Switch80>
<Switch81>
2
</Switch81>
<Switch82>
17
</Switch82>
<Switch83>
6
</Switch83>
<Switch84>
9
</Switch84>
<Switch85>
8
</Switch85>
<Switch86>
9
</Switch86>
<Switch87>
11
</Switch87>
<Switch88>
7
</Switch88>
<Switch89>
14
</Switch89>
<Switch90>
6
</Switch90>
<Switch91>
10
</Switch91>
<Switch92>
4
</Switch92>
<Switch93>
8
</Switch93>
<Switch94>
9
</Switch94>
<Switch95>
8
</Switch95>
<Switch96>
0
</Switch96>
<Switch97>
16
</Switch97>
<Switch98>
17
</Switch98>
<Switch99>
2
</Switch99>
<Switch100>
8
</Switch100>
<Switch101>
16
</Switch101>
<Switch102>
14
</Switch102>
<Switch103>
3
</Switch103>
<Switch104>
13
</Switch104>
<Switch105>
16
</Switch105>
<Switch106>
1
</Switch106>
<Switch107>
12
</Switch107>
<Switch108>
16
</Switch108>
<Switch109>
3
</Switch109>
<Switch110>
2
</Switch110>
<Switch111>
15
</Switch111>
<Switch112>
11
</Switch112>
<Switch113>
7
</Switch113>
<Switch114>
1
</Switch114>
<Switch115>
7
</Switch115>
<Switch116>
5
</Switch116>
<Switch117>
14
</Switch117>
<Switch118>
18
</Switch118>
<Switch119>
9
</Switch119>
<Switch120>
11
</Switch120>
<Switch121>
1
</Switch121>
<Switch122>
1
</Switch122>
<Switch123>
9
</Switch123>
<Switch124>
6
</Switch124>
<Switch125>
15
</Switch125>
<Switch126>
13
</Switch126>
<Switch127>
12
</Switch127>
<Switch128>
9
</Switch128>
<Switch129>
7
</Switch129>
<Switch130>
8
</Switch130>
<Switch131>
10
</Switch131>
<Switch132>
15
</Switch132>
<Switch133>
3
</Switch133>
<Switch134>
8
</Switch134>
<Switch135>
5
</Switch135>
<Switch136>
2
</Switch136>
<Switch137>
17
</Switch137>
<Switch138>
13
</Switch138>
<Switch139>
1
</Switch139>
<Switch140>
5
</Switch140>
<Switch141>
16
</Switch141>
<Switch142>
12
</Switch142>
<Switch143>
12
</Switch143>
<Switch144>
3
</Switch144>
<Switch145>
0
</Switch145>
<Switch146>
8
</Switch146>
<Switch147>
6
</Switch147>
<Switch148>
1
</Switch148>
<Switch149>
0
</Switch149>
<Switch150>
11
</Switch150>
<Switch151>
9
</Switch151>
<Switch152>
9
</Switch152>
<Switch153>
1
</Switch153>
<Switch154>
0
</Switch154>
<Switch155>
14
</Switch155>
<Switch156>
14
</Switch156>
<Switch157>
3
</Switch157>
<Switch158>
8
</Switch158>
<Switch159>
19
</Switch159>
<Switch160>
5
</Switch160>
<Switch161>
3
</Switch161>
<Switch162>
7
</Switch162>
<Switch163>
18
</Switch163>
<Switch164>
13
</Switch164>
<Switch165>
16
</Switch165>
<Switch166>
17
</Switch166>
<Switch167>
12
</Switch167>
<Switch168>
3
</Switch168>
<Switch169>
16
</Switch169>
<Switch170>
15
</Switch170>
<Switch171>
16
</Switch171>
<Switch172>
1
</Switch172>
<Switch173>
11
</Switch173>
<Switch174>
13
</Switch174>
<Switch175>
11
</Switch175>
<Switch176>
13
</Switch176>
<Switch177>
12
</Switch177>
<Switch178>
17
</Switch178>
<Switch179>
19
</Switch179>
<Switch180>
6
</Switch180>
<Switch181>
8
</Switch181>
<Switch182>
9
</Switch182>
<Switch183>
12
</Switch183>
<Switch184>
15
</Switch184>
<Switch185>
8
</Switch185>
<Switch186>
17
</Switch186>
<Switch187>
7
</Switch187>
<Switch188>
3
</Switch188>
<Switch189>
11
</Switch189>
<Switch190>
8
</Switch190>
<Switch191>
15
</Switch191>
<Switch192>
6
</Switch192>
<Switch193>
4
</Switch193>
<Switch194>
3
</Switch194>
<Switch195>
10
</Switch195>
<Switch196>
10
</Switch196>
<Switch197>
2
</Switch197>
<Switch198>
1
</Switch198>
<Switch199>
5
</Switch199>
<Switch200>
10
</Switch200>
<Switch201>
9
</Switch201>
<Switch202>
2
</Switch202>
<Switch203>
8
</Switch203>
<Switch204>
12
</Switch204>
<Switch205>
14
</Switch205>
<Switch206>
18
</Switch206>
<Switch207>
16
</Switch207>
<Switch208>
13
</Switch208>
<Switch209>
3
</Switch209>
<Switch210>
0
</Switch210>
<Switch211>
15
</Switch211>
<Switch212>
8
</Switch212>
<Switch213>
9
</Switch213>
<Switch214>
8
</Switch214>
<Switch215>
2
</Switch215>
<Switch216>
8
</Switch216>
<Switch217>
11
</Switch217>
<Switch218>
18
</Switch218>
<Switch219>
15
</Switch219>
<Switch220>
14
</Switch220>
<Switch221>
8
</Switch221>
<Switch222>
19
</Switch222>
<Switch223>
2
</Switch223>
<Switch224>
11
</Switch224>
<Switch225>
10
</Switch225>
<Switch226>
19
</Switch226>
<Switch227>
3
</Switch227>
<Switch228>
18
</Switch228>
<Switch229>
13
</Switch229>
<Switch230>
13
</Switch230>
<Switch231>
9
</Switch231>
<Switch232>
14
</Switch232>
<Switch233>
4
</Switch233>
<Switch234>
2
</Switch234>
<Switch235>
1
</Switch235>
<Switch236>
11
</Switch236>
<Switch237>
6
</Switch237>
<Switch238>
11
</Switch238>
<Switch239>
11
</Switch239>
<Switch240>
8
</Switch240>
<Switch241>
13
</Switch241>
<Switch242>
6
</Switch242>
<Switch243>
18
</Switch243>
<Switch244>
14
</Switch244>
<Switch245>
17
</Switch245>
<Switch246>
16
</Switch246>
<Switch247>
7
</Switch247>
<Switch248>
0
</Switch248>
<Switch249>
2
</Switch249>
<Switch250>
19
</Switch250>
<Switch251>
18
</Switch251>
<Switch252>
19
</Switch252>
<Switch253>
13
</Switch253>
<Switch254>
3
</Switch254>
<Switch255>
13
</Switch255>
<Switch256>
4
</Switch256>
<Switch257>
1
</Switch257>
<Switch258>
3
</Switch258>
<Switch259>
12
</Switch259>
<Switch260>
16
</Switch260>
<Switch261>
3
</Switch261>
<Switch262>
18
</Switch262>
<Switch263>
3
</Switch263>
<Switch264>
3
</Switch264>
<Switch265>
0
</Switch265>
<Switch266>
4
</Switch266>
<Switch267>
16
</Switch267>
<Switch268>
6
</Switch268>
<Switch269>
17
</Switch269>
<Switch270>
19
</Switch270>
<Switch271>
19
</Switch271>
<Switch272>
4
</Switch272>
<Switch273>
18
</Switch273>
<Switch274>
6
</Switch274>
<Switch275>
18
</Switch275>
<Switch276>
5
</Switch276>
<Switch277>
12
</Switch277>
<Switch278>
13
</Switch278>
<Switch279>
2
</Switch279>
<Switch280>
11
</Switch280>
<Switch281>
6
</Switch281>
<Switch282>
7
</Switch282>
<Switch283>
17
</Switch283>
<Switch284>
1
</Switch284>
<Switch285>
3
</Switch285>
<Switch286>
5
</Switch286>
<Switch287>
8
</Switch287>
<Switch288>
9
</Switch288>
<Switch289>
9
</Switch289>
<Switch290>
0
</Switch290>
<Switch291>
9
</Switch291>
<Switch292>
13
</Switch292>
<Switch293>
9
</Switch293>
<Switch294>
3
</Switch294>
<Switch295>
5
</Switch295>
<Switch296>
13
</Switch296>
<Switch297>
11
</Switch297>
<Switch298>
15
</Switch298>
<Switch299>
19
</Switch299>
<Switch300>
5
</Switch300>
<Switch301>
15
</Switch301>
<Switch302>
12
</Switch302>
<Switch303>
17
</Switch303>
<Switch304>
11
</Switch304>
<Switch305>
14
</Switch305>
<Switch306>
17
</Switch306>
<Switch307>
17
</Switch307>
<Switch308>
17
</Switch308>
<Switch309>
7
</Switch309>
<Switch310>
15
</Switch310>
<Switch311>
17
</Switch311>
<Switch312>
9
</Switch312>
<Switch313>
17
</Switch313>
<Switch314>
18
</Switch314>
<Switch315>
19
</Switch315>
<Switch316>
17
</Switch316>
<Switch317>
2
</Switch317>
<Switch318>
14
</Switch318>
<Switch319>
15
</Switch319>
<Switch320>
10
</Switch320>
<Switch321>
14
</Switch321>
<Switch322>
6
</Switch322>
<Switch323>
18
</Switch323>
<Switch324>
0
</Switch324>
<Switch325>
13
</Switch325>
<Switch326>
11
</Switch326>
<Switch327>
5
</Switch327>
<Switch328>
1
</Switch328>
<Switch329>
4
</Switch329>
<Switch330>
15
</Switch330>
<Switch331>
4
</Switch331>
<Switch332>
11
</Switch332>
<Switch333>
11
</Switch333>
<Switch334>
9
</Switch334>
<Switch335>
9
</Switch335>
<Switch336>
8
</Switch336>
<Switch337>
1
</Switch337>
<Switch338>
2
</Switch338>
<Switch339>
14
</Switch339>
<Switch340>
1
</Switch340>
<Switch341>
17
</Switch341>
<Switch342>
10
</Switch342>
<Switch343>
10
</Switch343>
<Switch344>
7
</Switch344>
<Switch345>
1
</Switch345>
<Switch346>
1
</Switch346>
<Switch347>
8
</Switch347>
<Switch348>
14
</Switch348>
<Switch349>
1
</Switch349>
<Switch350>
16
</Switch350>
<Switch351>
1
</Switch351>
<Switch352>
3
</Switch352>
<Switch353>
0
</Switch353>
<Switch354>
11
</Switch354>
<Switch355>
16
</Switch355>
<Switch356>
6
</Switch356>
<Switch357>
3
</Switch357>
<Switch358>
18
</Switch358>
<Switch359>
5
</Switch359>
<Switch360>
17
</Switch360>
<Switch361>
3
</Switch361>
<Switch362>
9
</Switch362>
<Switch363>
11
</Switch363>
<Switch364>
1
</Switch364>
<Switch365>
18
</Switch365>
<Switch366>
13
</Switch366>
<Switch367>
7
</Switch367>
<Switch368>
7
</Switch368>
<Switch369>
11
</Switch369>
<Switch370>
5
</Switch370>
<Switch371>
17
</Switch371>
<Switch372>
14
</Switch372>
<Switch373>
11
</Switch373>
<Switch374>
13
</Switch374>
<Switch375>
14
</Switch375>
<Switch376>
7
</Switch376>
<Switch377>
0
</Switch377>
<Switch378>
7
</Switch378>
<Switch379>
17
</Switch379>
<Switch380>
13
</Switch380>
<Switch381>
0
</Switch381>
<Switch382>
8
</Switch382>
<Switch383>
15
</Switch383>
<Switch384>
1
</Switch384>
<Switch385>
7
</Switch385>
<Switch386>
5
</Switch386>
<Switch387>
10
</Switch387>
<Switch388>
3
</Switch388>
<Switch389>
10
</Switch389>
<Switch390>
15
</Switch390>
<Switch391>
13
</Switch391>
<Switch392>
7
</Switch392>
<Switch393>
16
</Switch393>
<Switch394>
13
</Switch394>
<Switch395>
18
</Switch395>
<Switch396>
10
</Switch396>
<Switch397>
7
</Switch397>
<Switch398>
18
</Switch398>
<Switch399>
19
</Switch399>
<Switch400>
8
</Switch400>
<Switch401>
4
</Switch401>
<Switch402>
11
</Switch402>
<Switch403>
3
</Switch403>
<Switch404>
19
</Switch404>
<Switch405>
17
</Switch405>
<Switch406>
18
</Switch406>
<Switch407>
0
</Switch407>
<Switch408>
19
</Switch408>
<Switch409>
12
</Switch409>
<Switch410>
12
</Switch410>
<Switch411>
4
</Switch411>
<Switch412>
6
</Switch412>
<Switch413>
12
</Switch413>
<Switch414>
2
</Switch414>
<Switch415>
17
</Switch415>
<Switch416>
11
</Switch416>
<Switch417>
7
</Switch417>
<Switch418>
8
</Switch418>
<Switch419>
16
</Switch419>
<Switch420>
14
</Switch420>
<Switch421>
7
</Switch421>
<Switch422>
8
</Switch422>
<Switch423>
15
</Switch423>
</BaseID:1261>
