<?xml version="1.0"?>

<BaseID:1263>
<Switch1>
3
</Switch1>
<Switch2>
10
</Switch2>
<Switch3>
8
</Switch3>
<Switch4>
5
</Switch4>
<Switch5>
18
</Switch5>
<Switch6>
9
</Switch6>
<Switch7>
9
</Switch7>
<Switch8>
12
</Switch8>
<Switch9>
4
</Switch9>
<Switch10>
18
</Switch10>
<Switch11>
19
</Switch11>
<Switch12>
19
</Switch12>
<Switch13>
9
</Switch13>
<Switch14>
12
</Switch14>
<Switch15>
13
</Switch15>
<Switch16>
14
</Switch16>
<Switch17>
14
</Switch17>
<Switch18>
11
</Switch18>
<Switch19>
2
</Switch19>
<Switch20>
17
</Switch20>
<Switch21>
9
</Switch21>
<Switch22>
7
</Switch22>
<Switch23>
7
</Switch23>
<Switch24>
0
</Switch24>
<Switch25>
19
</Switch25>
<Switch26>
3
</Switch26>
<Switch27>
0
</Switch27>
<Switch28>
8
</Switch28>
<Switch29>
18
</Switch29>
<Switch30>
12
</Switch30>
<Switch31>
0
</Switch31>
<Switch32>
6
</Switch32>
<Switch33>
7
</Switch33>
<Switch34>
1
</Switch34>
<Switch35>
0
</Switch35>
<Switch36>
17
</Switch36>
<Switch37>
2
</Switch37>
<Switch38>
5
</Switch38>
<Switch39>
17
</Switch39>
<Switch40>
2
</Switch40>
<Switch41>
17
</Switch41>
<Switch42>
11
</Switch42>
<Switch43>
10
</Switch43>
<Switch44>
17
</Switch44>
<Switch45>
16
</Switch45>
<Switch46>
13
</Switch46>
<Switch47>
0
</Switch47>
<Switch48>
6
</Switch48>
<Switch49>
6
</Switch49>
<Switch50>
8
</Switch50>
<Switch51>
9
</Switch51>
<Switch52>
8
</Switch52>
<Switch53>
5
</Switch53>
<Switch54>
0
</Switch54>
<Switch55>
8
</Switch55>
<Switch56>
13
</Switch56>
<Switch57>
12
</Switch57>
<Switch58>
13
</Switch58>
<Switch59>
4
</Switch59>
<Switch60>
14
</Switch60>
<Switch61>
1
</Switch61>
<Switch62>
14
</Switch62>
<Switch63>
5
</Switch63>
<Switch64>
11
</Switch64>
<Switch65>
19
</Switch65>
<Switch66>
9
</Switch66>
<Switch67>
15
</Switch67>
<Switch68>
2
</Switch68>
<Switch69>
15
</Switch69>
<Switch70>
4
</Switch70>
<Switch71>
13
</Switch71>
<Switch72>
15
</Switch72>
<Switch73>
7
</Switch73>
<Switch74>
4
</Switch74>
<Switch75>
14
</Switch75>
<Switch76>
19
</Switch76>
<Switch77>
4
</Switch77>
<Switch78>
12
</Switch78>
<Switch79>
12
</Switch79>
<Switch80>
18
</Switch80>
<Switch81>
16
</Switch81>
<Switch82>
17
</Switch82>
<Switch83>
18
</Switch83>
<Switch84>
12
</Switch84>
<Switch85>
4
</Switch85>
<Switch86>
8
</Switch86>
<Switch87>
8
</Switch87>
<Switch88>
11
</Switch88>
<Switch89>
0
</Switch89>
<Switch90>
12
</Switch90>
<Switch91>
17
</Switch91>
<Switch92>
7
</Switch92>
<Switch93>
1
</Switch93>
<Switch94>
15
</Switch94>
<Switch95>
1
</Switch95>
<Switch96>
6
</Switch96>
<Switch97>
8
</Switch97>
<Switch98>
12
</Switch98>
<Switch99>
15
</Switch99>
<Switch100>
15
</Switch100>
<Switch101>
5
</Switch101>
<Switch102>
4
</Switch102>
<Switch103>
14
</Switch103>
<Switch104>
2
</Switch104>
<Switch105>
7
</Switch105>
<Switch106>
19
</Switch106>
<Switch107>
15
</Switch107>
<Switch108>
3
</Switch108>
<Switch109>
11
</Switch109>
<Switch110>
0
</Switch110>
<Switch111>
13
</Switch111>
<Switch112>
1
</Switch112>
<Switch113>
12
</Switch113>
<Switch114>
2
</Switch114>
<Switch115>
1
</Switch115>
<Switch116>
2
</Switch116>
<Switch117>
14
</Switch117>
<Switch118>
1
</Switch118>
<Switch119>
18
</Switch119>
<Switch120>
13
</Switch120>
<Switch121>
0
</Switch121>
<Switch122>
4
</Switch122>
<Switch123>
14
</Switch123>
<Switch124>
3
</Switch124>
<Switch125>
0
</Switch125>
<Switch126>
11
</Switch126>
<Switch127>
12
</Switch127>
<Switch128>
18
</Switch128>
<Switch129>
5
</Switch129>
<Switch130>
8
</Switch130>
<Switch131>
18
</Switch131>
<Switch132>
4
</Switch132>
<Switch133>
12
</Switch133>
<Switch134>
13
</Switch134>
<Switch135>
11
</Switch135>
<Switch136>
5
</Switch136>
<Switch137>
16
</Switch137>
<Switch138>
4
</Switch138>
<Switch139>
4
</Switch139>
<Switch140>
8
</Switch140>
<Switch141>
16
</Switch141>
<Switch142>
14
</Switch142>
<Switch143>
19
</Switch143>
<Switch144>
8
</Switch144>
<Switch145>
15
</Switch145>
<Switch146>
14
</Switch146>
<Switch147>
17
</Switch147>
<Switch148>
3
</Switch148>
<Switch149>
11
</Switch149>
<Switch150>
6
</Switch150>
<Switch151>
15
</Switch151>
<Switch152>
4
</Switch152>
<Switch153>
11
</Switch153>
<Switch154>
1
</Switch154>
<Switch155>
6
</Switch155>
<Switch156>
6
</Switch156>
<Switch157>
16
</Switch157>
<Switch158>
15
</Switch158>
<Switch159>
3
</Switch159>
<Switch160>
5
</Switch160>
<Switch161>
7
</Switch161>
<Switch162>
19
</Switch162>
<Switch163>
5
</Switch163>
<Switch164>
17
</Switch164>
<Switch165>
0
</Switch165>
<Switch166>
2
</Switch166>
<Switch167>
0
</Switch167>
<Switch168>
5
</Switch168>
<Switch169>
6
</Switch169>
<Switch170>
13
</Switch170>
<Switch171>
11
</Switch171>
<Switch172>
11
</Switch172>
<Switch173>
19
</Switch173>
<Switch174>
13
</Switch174>
<Switch175>
3
</Switch175>
<Switch176>
11
</Switch176>
<Switch177>
17
</Switch177>
<Switch178>
15
</Switch178>
<Switch179>
16
</Switch179>
<Switch180>
17
</Switch180>
</BaseID:1263>
