<?xml version="1.0"?>

<BaseID:1269>
<Switch1>
7
</Switch1>
<Switch2>
10
</Switch2>
<Switch3>
8
</Switch3>
<Switch4>
13
</Switch4>
<Switch5>
10
</Switch5>
<Switch6>
2
</Switch6>
<Switch7>
6
</Switch7>
<Switch8>
4
</Switch8>
<Switch9>
13
</Switch9>
<Switch10>
19
</Switch10>
<Switch11>
10
</Switch11>
<Switch12>
9
</Switch12>
<Switch13>
7
</Switch13>
<Switch14>
17
</Switch14>
<Switch15>
12
</Switch15>
<Switch16>
12
</Switch16>
<Switch17>
5
</Switch17>
<Switch18>
0
</Switch18>
<Switch19>
10
</Switch19>
<Switch20>
12
</Switch20>
<Switch21>
18
</Switch21>
<Switch22>
12
</Switch22>
<Switch23>
5
</Switch23>
<Switch24>
8
</Switch24>
<Switch25>
7
</Switch25>
<Switch26>
14
</Switch26>
<Switch27>
12
</Switch27>
<Switch28>
18
</Switch28>
<Switch29>
18
</Switch29>
<Switch30>
18
</Switch30>
<Switch31>
8
</Switch31>
<Switch32>
18
</Switch32>
<Switch33>
5
</Switch33>
<Switch34>
17
</Switch34>
<Switch35>
5
</Switch35>
<Switch36>
14
</Switch36>
<Switch37>
7
</Switch37>
<Switch38>
9
</Switch38>
<Switch39>
7
</Switch39>
<Switch40>
7
</Switch40>
<Switch41>
4
</Switch41>
<Switch42>
0
</Switch42>
<Switch43>
19
</Switch43>
<Switch44>
12
</Switch44>
<Switch45>
11
</Switch45>
<Switch46>
2
</Switch46>
<Switch47>
13
</Switch47>
<Switch48>
2
</Switch48>
<Switch49>
10
</Switch49>
<Switch50>
19
</Switch50>
<Switch51>
3
</Switch51>
<Switch52>
11
</Switch52>
<Switch53>
10
</Switch53>
<Switch54>
16
</Switch54>
<Switch55>
9
</Switch55>
<Switch56>
13
</Switch56>
<Switch57>
8
</Switch57>
<Switch58>
11
</Switch58>
<Switch59>
1
</Switch59>
<Switch60>
7
</Switch60>
<Switch61>
15
</Switch61>
<Switch62>
10
</Switch62>
<Switch63>
1
</Switch63>
<Switch64>
0
</Switch64>
<Switch65>
3
</Switch65>
<Switch66>
9
</Switch66>
<Switch67>
11
</Switch67>
<Switch68>
12
</Switch68>
<Switch69>
7
</Switch69>
<Switch70>
12
</Switch70>
<Switch71>
1
</Switch71>
<Switch72>
3
</Switch72>
<Switch73>
16
</Switch73>
<Switch74>
19
</Switch74>
<Switch75>
4
</Switch75>
<Switch76>
9
</Switch76>
<Switch77>
15
</Switch77>
<Switch78>
13
</Switch78>
<Switch79>
19
</Switch79>
<Switch80>
4
</Switch80>
<Switch81>
10
</Switch81>
<Switch82>
0
</Switch82>
<Switch83>
5
</Switch83>
<Switch84>
1
</Switch84>
<Switch85>
10
</Switch85>
<Switch86>
7
</Switch86>
<Switch87>
11
</Switch87>
<Switch88>
14
</Switch88>
<Switch89>
0
</Switch89>
<Switch90>
8
</Switch90>
<Switch91>
7
</Switch91>
<Switch92>
13
</Switch92>
<Switch93>
18
</Switch93>
<Switch94>
1
</Switch94>
<Switch95>
2
</Switch95>
<Switch96>
3
</Switch96>
<Switch97>
9
</Switch97>
<Switch98>
5
</Switch98>
<Switch99>
9
</Switch99>
<Switch100>
16
</Switch100>
<Switch101>
18
</Switch101>
<Switch102>
7
</Switch102>
<Switch103>
1
</Switch103>
<Switch104>
6
</Switch104>
<Switch105>
14
</Switch105>
<Switch106>
10
</Switch106>
<Switch107>
8
</Switch107>
<Switch108>
17
</Switch108>
<Switch109>
3
</Switch109>
<Switch110>
2
</Switch110>
<Switch111>
4
</Switch111>
<Switch112>
9
</Switch112>
<Switch113>
4
</Switch113>
<Switch114>
0
</Switch114>
<Switch115>
19
</Switch115>
<Switch116>
19
</Switch116>
<Switch117>
0
</Switch117>
<Switch118>
17
</Switch118>
<Switch119>
9
</Switch119>
<Switch120>
19
</Switch120>
<Switch121>
12
</Switch121>
<Switch122>
4
</Switch122>
<Switch123>
10
</Switch123>
<Switch124>
12
</Switch124>
<Switch125>
0
</Switch125>
<Switch126>
12
</Switch126>
<Switch127>
4
</Switch127>
<Switch128>
2
</Switch128>
<Switch129>
8
</Switch129>
<Switch130>
9
</Switch130>
<Switch131>
5
</Switch131>
<Switch132>
1
</Switch132>
<Switch133>
0
</Switch133>
<Switch134>
12
</Switch134>
<Switch135>
1
</Switch135>
<Switch136>
14
</Switch136>
<Switch137>
9
</Switch137>
<Switch138>
15
</Switch138>
<Switch139>
12
</Switch139>
<Switch140>
15
</Switch140>
<Switch141>
11
</Switch141>
<Switch142>
4
</Switch142>
<Switch143>
11
</Switch143>
<Switch144>
4
</Switch144>
<Switch145>
4
</Switch145>
<Switch146>
10
</Switch146>
<Switch147>
10
</Switch147>
<Switch148>
5
</Switch148>
<Switch149>
7
</Switch149>
<Switch150>
1
</Switch150>
<Switch151>
14
</Switch151>
<Switch152>
8
</Switch152>
<Switch153>
15
</Switch153>
<Switch154>
15
</Switch154>
<Switch155>
12
</Switch155>
<Switch156>
11
</Switch156>
<Switch157>
19
</Switch157>
<Switch158>
11
</Switch158>
<Switch159>
10
</Switch159>
<Switch160>
19
</Switch160>
<Switch161>
11
</Switch161>
<Switch162>
10
</Switch162>
<Switch163>
12
</Switch163>
<Switch164>
8
</Switch164>
<Switch165>
13
</Switch165>
<Switch166>
9
</Switch166>
<Switch167>
11
</Switch167>
<Switch168>
13
</Switch168>
<Switch169>
5
</Switch169>
<Switch170>
10
</Switch170>
<Switch171>
8
</Switch171>
<Switch172>
8
</Switch172>
<Switch173>
2
</Switch173>
<Switch174>
8
</Switch174>
<Switch175>
5
</Switch175>
<Switch176>
3
</Switch176>
<Switch177>
11
</Switch177>
<Switch178>
14
</Switch178>
<Switch179>
10
</Switch179>
<Switch180>
10
</Switch180>
<Switch181>
15
</Switch181>
<Switch182>
17
</Switch182>
<Switch183>
1
</Switch183>
<Switch184>
9
</Switch184>
<Switch185>
10
</Switch185>
<Switch186>
1
</Switch186>
<Switch187>
11
</Switch187>
<Switch188>
7
</Switch188>
<Switch189>
8
</Switch189>
<Switch190>
9
</Switch190>
<Switch191>
15
</Switch191>
<Switch192>
5
</Switch192>
<Switch193>
11
</Switch193>
<Switch194>
3
</Switch194>
<Switch195>
2
</Switch195>
<Switch196>
4
</Switch196>
<Switch197>
0
</Switch197>
<Switch198>
8
</Switch198>
<Switch199>
18
</Switch199>
<Switch200>
5
</Switch200>
<Switch201>
19
</Switch201>
<Switch202>
9
</Switch202>
<Switch203>
15
</Switch203>
<Switch204>
4
</Switch204>
<Switch205>
6
</Switch205>
<Switch206>
6
</Switch206>
<Switch207>
0
</Switch207>
<Switch208>
1
</Switch208>
<Switch209>
5
</Switch209>
<Switch210>
17
</Switch210>
<Switch211>
14
</Switch211>
<Switch212>
19
</Switch212>
<Switch213>
19
</Switch213>
<Switch214>
11
</Switch214>
<Switch215>
1
</Switch215>
<Switch216>
14
</Switch216>
<Switch217>
16
</Switch217>
<Switch218>
15
</Switch218>
<Switch219>
3
</Switch219>
<Switch220>
3
</Switch220>
<Switch221>
19
</Switch221>
<Switch222>
12
</Switch222>
<Switch223>
13
</Switch223>
<Switch224>
12
</Switch224>
<Switch225>
15
</Switch225>
<Switch226>
0
</Switch226>
<Switch227>
14
</Switch227>
<Switch228>
14
</Switch228>
<Switch229>
15
</Switch229>
<Switch230>
19
</Switch230>
<Switch231>
18
</Switch231>
<Switch232>
16
</Switch232>
<Switch233>
10
</Switch233>
<Switch234>
18
</Switch234>
<Switch235>
18
</Switch235>
<Switch236>
10
</Switch236>
<Switch237>
1
</Switch237>
<Switch238>
2
</Switch238>
<Switch239>
14
</Switch239>
<Switch240>
6
</Switch240>
<Switch241>
8
</Switch241>
<Switch242>
13
</Switch242>
<Switch243>
7
</Switch243>
<Switch244>
11
</Switch244>
<Switch245>
17
</Switch245>
<Switch246>
12
</Switch246>
<Switch247>
19
</Switch247>
<Switch248>
7
</Switch248>
<Switch249>
5
</Switch249>
<Switch250>
8
</Switch250>
<Switch251>
14
</Switch251>
<Switch252>
16
</Switch252>
<Switch253>
11
</Switch253>
<Switch254>
18
</Switch254>
<Switch255>
8
</Switch255>
<Switch256>
15
</Switch256>
<Switch257>
3
</Switch257>
<Switch258>
17
</Switch258>
<Switch259>
13
</Switch259>
<Switch260>
2
</Switch260>
<Switch261>
4
</Switch261>
<Switch262>
10
</Switch262>
<Switch263>
4
</Switch263>
<Switch264>
13
</Switch264>
<Switch265>
15
</Switch265>
<Switch266>
12
</Switch266>
<Switch267>
1
</Switch267>
<Switch268>
18
</Switch268>
<Switch269>
12
</Switch269>
<Switch270>
0
</Switch270>
<Switch271>
9
</Switch271>
<Switch272>
1
</Switch272>
<Switch273>
19
</Switch273>
<Switch274>
12
</Switch274>
<Switch275>
17
</Switch275>
<Switch276>
7
</Switch276>
<Switch277>
15
</Switch277>
<Switch278>
19
</Switch278>
<Switch279>
0
</Switch279>
<Switch280>
13
</Switch280>
<Switch281>
2
</Switch281>
<Switch282>
8
</Switch282>
<Switch283>
14
</Switch283>
<Switch284>
13
</Switch284>
<Switch285>
6
</Switch285>
<Switch286>
8
</Switch286>
<Switch287>
10
</Switch287>
<Switch288>
0
</Switch288>
<Switch289>
16
</Switch289>
<Switch290>
11
</Switch290>
<Switch291>
6
</Switch291>
<Switch292>
3
</Switch292>
<Switch293>
0
</Switch293>
<Switch294>
15
</Switch294>
<Switch295>
14
</Switch295>
<Switch296>
16
</Switch296>
<Switch297>
13
</Switch297>
<Switch298>
16
</Switch298>
<Switch299>
15
</Switch299>
<Switch300>
9
</Switch300>
<Switch301>
15
</Switch301>
<Switch302>
15
</Switch302>
<Switch303>
7
</Switch303>
<Switch304>
8
</Switch304>
<Switch305>
3
</Switch305>
<Switch306>
10
</Switch306>
<Switch307>
3
</Switch307>
<Switch308>
14
</Switch308>
<Switch309>
10
</Switch309>
<Switch310>
18
</Switch310>
<Switch311>
13
</Switch311>
<Switch312>
18
</Switch312>
<Switch313>
2
</Switch313>
<Switch314>
15
</Switch314>
<Switch315>
3
</Switch315>
<Switch316>
11
</Switch316>
<Switch317>
11
</Switch317>
<Switch318>
14
</Switch318>
<Switch319>
4
</Switch319>
<Switch320>
14
</Switch320>
<Switch321>
10
</Switch321>
<Switch322>
9
</Switch322>
<Switch323>
18
</Switch323>
<Switch324>
13
</Switch324>
<Switch325>
12
</Switch325>
<Switch326>
8
</Switch326>
<Switch327>
18
</Switch327>
<Switch328>
12
</Switch328>
<Switch329>
9
</Switch329>
<Switch330>
16
</Switch330>
<Switch331>
1
</Switch331>
<Switch332>
19
</Switch332>
<Switch333>
6
</Switch333>
<Switch334>
8
</Switch334>
<Switch335>
15
</Switch335>
<Switch336>
2
</Switch336>
<Switch337>
14
</Switch337>
<Switch338>
5
</Switch338>
<Switch339>
6
</Switch339>
<Switch340>
17
</Switch340>
<Switch341>
3
</Switch341>
<Switch342>
11
</Switch342>
<Switch343>
8
</Switch343>
</BaseID:1269>
