<?xml version="1.0"?>

<BaseID:127>
<Switch1>
0
</Switch1>
<Switch2>
8
</Switch2>
<Switch3>
7
</Switch3>
<Switch4>
11
</Switch4>
<Switch5>
14
</Switch5>
<Switch6>
7
</Switch6>
<Switch7>
1
</Switch7>
<Switch8>
17
</Switch8>
<Switch9>
14
</Switch9>
<Switch10>
15
</Switch10>
<Switch11>
15
</Switch11>
<Switch12>
12
</Switch12>
<Switch13>
14
</Switch13>
<Switch14>
0
</Switch14>
<Switch15>
9
</Switch15>
<Switch16>
13
</Switch16>
<Switch17>
15
</Switch17>
<Switch18>
13
</Switch18>
<Switch19>
19
</Switch19>
<Switch20>
0
</Switch20>
<Switch21>
18
</Switch21>
<Switch22>
13
</Switch22>
<Switch23>
5
</Switch23>
<Switch24>
16
</Switch24>
<Switch25>
4
</Switch25>
<Switch26>
6
</Switch26>
<Switch27>
9
</Switch27>
<Switch28>
16
</Switch28>
<Switch29>
18
</Switch29>
<Switch30>
1
</Switch30>
<Switch31>
5
</Switch31>
<Switch32>
13
</Switch32>
<Switch33>
2
</Switch33>
<Switch34>
16
</Switch34>
<Switch35>
11
</Switch35>
<Switch36>
1
</Switch36>
<Switch37>
7
</Switch37>
<Switch38>
16
</Switch38>
<Switch39>
10
</Switch39>
<Switch40>
2
</Switch40>
<Switch41>
7
</Switch41>
<Switch42>
8
</Switch42>
<Switch43>
12
</Switch43>
<Switch44>
17
</Switch44>
<Switch45>
4
</Switch45>
<Switch46>
15
</Switch46>
<Switch47>
9
</Switch47>
<Switch48>
11
</Switch48>
<Switch49>
3
</Switch49>
<Switch50>
19
</Switch50>
<Switch51>
8
</Switch51>
<Switch52>
1
</Switch52>
<Switch53>
6
</Switch53>
<Switch54>
2
</Switch54>
<Switch55>
19
</Switch55>
<Switch56>
13
</Switch56>
<Switch57>
18
</Switch57>
<Switch58>
17
</Switch58>
<Switch59>
5
</Switch59>
<Switch60>
13
</Switch60>
<Switch61>
1
</Switch61>
<Switch62>
8
</Switch62>
<Switch63>
8
</Switch63>
<Switch64>
11
</Switch64>
<Switch65>
15
</Switch65>
<Switch66>
0
</Switch66>
<Switch67>
6
</Switch67>
<Switch68>
15
</Switch68>
<Switch69>
6
</Switch69>
<Switch70>
5
</Switch70>
<Switch71>
18
</Switch71>
<Switch72>
4
</Switch72>
<Switch73>
16
</Switch73>
<Switch74>
17
</Switch74>
<Switch75>
4
</Switch75>
<Switch76>
3
</Switch76>
<Switch77>
4
</Switch77>
<Switch78>
7
</Switch78>
<Switch79>
1
</Switch79>
<Switch80>
3
</Switch80>
<Switch81>
10
</Switch81>
<Switch82>
5
</Switch82>
<Switch83>
12
</Switch83>
<Switch84>
6
</Switch84>
<Switch85>
17
</Switch85>
<Switch86>
8
</Switch86>
<Switch87>
15
</Switch87>
<Switch88>
13
</Switch88>
<Switch89>
3
</Switch89>
<Switch90>
5
</Switch90>
<Switch91>
6
</Switch91>
<Switch92>
13
</Switch92>
<Switch93>
4
</Switch93>
<Switch94>
6
</Switch94>
<Switch95>
7
</Switch95>
<Switch96>
6
</Switch96>
<Switch97>
7
</Switch97>
<Switch98>
15
</Switch98>
<Switch99>
2
</Switch99>
<Switch100>
6
</Switch100>
<Switch101>
19
</Switch101>
<Switch102>
10
</Switch102>
<Switch103>
3
</Switch103>
<Switch104>
11
</Switch104>
<Switch105>
13
</Switch105>
<Switch106>
10
</Switch106>
<Switch107>
18
</Switch107>
<Switch108>
19
</Switch108>
<Switch109>
16
</Switch109>
<Switch110>
0
</Switch110>
<Switch111>
15
</Switch111>
<Switch112>
13
</Switch112>
<Switch113>
18
</Switch113>
<Switch114>
9
</Switch114>
<Switch115>
0
</Switch115>
<Switch116>
17
</Switch116>
<Switch117>
1
</Switch117>
<Switch118>
9
</Switch118>
<Switch119>
1
</Switch119>
<Switch120>
16
</Switch120>
<Switch121>
2
</Switch121>
<Switch122>
0
</Switch122>
<Switch123>
7
</Switch123>
<Switch124>
13
</Switch124>
<Switch125>
5
</Switch125>
<Switch126>
2
</Switch126>
<Switch127>
13
</Switch127>
<Switch128>
8
</Switch128>
<Switch129>
7
</Switch129>
<Switch130>
13
</Switch130>
<Switch131>
7
</Switch131>
<Switch132>
14
</Switch132>
<Switch133>
9
</Switch133>
<Switch134>
7
</Switch134>
<Switch135>
4
</Switch135>
<Switch136>
19
</Switch136>
<Switch137>
15
</Switch137>
<Switch138>
15
</Switch138>
<Switch139>
15
</Switch139>
<Switch140>
0
</Switch140>
<Switch141>
18
</Switch141>
<Switch142>
5
</Switch142>
<Switch143>
10
</Switch143>
<Switch144>
17
</Switch144>
<Switch145>
19
</Switch145>
<Switch146>
18
</Switch146>
<Switch147>
8
</Switch147>
<Switch148>
6
</Switch148>
<Switch149>
12
</Switch149>
<Switch150>
11
</Switch150>
<Switch151>
2
</Switch151>
<Switch152>
18
</Switch152>
<Switch153>
8
</Switch153>
<Switch154>
17
</Switch154>
<Switch155>
5
</Switch155>
<Switch156>
17
</Switch156>
<Switch157>
18
</Switch157>
<Switch158>
13
</Switch158>
<Switch159>
18
</Switch159>
<Switch160>
15
</Switch160>
<Switch161>
7
</Switch161>
<Switch162>
2
</Switch162>
<Switch163>
14
</Switch163>
<Switch164>
10
</Switch164>
<Switch165>
6
</Switch165>
<Switch166>
12
</Switch166>
<Switch167>
5
</Switch167>
<Switch168>
1
</Switch168>
<Switch169>
18
</Switch169>
<Switch170>
9
</Switch170>
<Switch171>
3
</Switch171>
<Switch172>
3
</Switch172>
<Switch173>
3
</Switch173>
<Switch174>
19
</Switch174>
<Switch175>
7
</Switch175>
<Switch176>
11
</Switch176>
<Switch177>
17
</Switch177>
<Switch178>
1
</Switch178>
<Switch179>
4
</Switch179>
<Switch180>
18
</Switch180>
<Switch181>
7
</Switch181>
<Switch182>
11
</Switch182>
<Switch183>
4
</Switch183>
<Switch184>
7
</Switch184>
<Switch185>
0
</Switch185>
<Switch186>
5
</Switch186>
<Switch187>
7
</Switch187>
<Switch188>
16
</Switch188>
<Switch189>
12
</Switch189>
<Switch190>
11
</Switch190>
<Switch191>
6
</Switch191>
<Switch192>
18
</Switch192>
<Switch193>
13
</Switch193>
<Switch194>
3
</Switch194>
<Switch195>
19
</Switch195>
<Switch196>
10
</Switch196>
<Switch197>
5
</Switch197>
<Switch198>
8
</Switch198>
<Switch199>
18
</Switch199>
<Switch200>
11
</Switch200>
<Switch201>
0
</Switch201>
<Switch202>
11
</Switch202>
<Switch203>
9
</Switch203>
<Switch204>
8
</Switch204>
<Switch205>
12
</Switch205>
<Switch206>
2
</Switch206>
<Switch207>
16
</Switch207>
<Switch208>
3
</Switch208>
<Switch209>
13
</Switch209>
<Switch210>
12
</Switch210>
<Switch211>
15
</Switch211>
<Switch212>
8
</Switch212>
<Switch213>
6
</Switch213>
<Switch214>
4
</Switch214>
<Switch215>
13
</Switch215>
<Switch216>
16
</Switch216>
<Switch217>
10
</Switch217>
<Switch218>
10
</Switch218>
<Switch219>
15
</Switch219>
<Switch220>
19
</Switch220>
<Switch221>
19
</Switch221>
<Switch222>
12
</Switch222>
<Switch223>
6
</Switch223>
<Switch224>
0
</Switch224>
<Switch225>
7
</Switch225>
<Switch226>
3
</Switch226>
<Switch227>
14
</Switch227>
<Switch228>
8
</Switch228>
<Switch229>
9
</Switch229>
<Switch230>
8
</Switch230>
<Switch231>
0
</Switch231>
<Switch232>
2
</Switch232>
<Switch233>
0
</Switch233>
<Switch234>
2
</Switch234>
<Switch235>
10
</Switch235>
<Switch236>
6
</Switch236>
<Switch237>
19
</Switch237>
<Switch238>
2
</Switch238>
<Switch239>
14
</Switch239>
<Switch240>
13
</Switch240>
<Switch241>
11
</Switch241>
<Switch242>
2
</Switch242>
<Switch243>
2
</Switch243>
<Switch244>
5
</Switch244>
<Switch245>
17
</Switch245>
<Switch246>
0
</Switch246>
<Switch247>
0
</Switch247>
<Switch248>
7
</Switch248>
<Switch249>
3
</Switch249>
<Switch250>
14
</Switch250>
<Switch251>
11
</Switch251>
<Switch252>
1
</Switch252>
<Switch253>
4
</Switch253>
<Switch254>
8
</Switch254>
<Switch255>
12
</Switch255>
<Switch256>
19
</Switch256>
<Switch257>
9
</Switch257>
<Switch258>
2
</Switch258>
<Switch259>
6
</Switch259>
<Switch260>
17
</Switch260>
<Switch261>
12
</Switch261>
<Switch262>
0
</Switch262>
<Switch263>
13
</Switch263>
<Switch264>
2
</Switch264>
<Switch265>
7
</Switch265>
<Switch266>
12
</Switch266>
<Switch267>
6
</Switch267>
<Switch268>
9
</Switch268>
<Switch269>
9
</Switch269>
<Switch270>
10
</Switch270>
<Switch271>
18
</Switch271>
<Switch272>
17
</Switch272>
<Switch273>
13
</Switch273>
<Switch274>
8
</Switch274>
<Switch275>
16
</Switch275>
<Switch276>
13
</Switch276>
<Switch277>
12
</Switch277>
<Switch278>
9
</Switch278>
<Switch279>
9
</Switch279>
<Switch280>
17
</Switch280>
<Switch281>
18
</Switch281>
<Switch282>
8
</Switch282>
<Switch283>
7
</Switch283>
<Switch284>
19
</Switch284>
<Switch285>
4
</Switch285>
<Switch286>
14
</Switch286>
<Switch287>
14
</Switch287>
<Switch288>
6
</Switch288>
<Switch289>
14
</Switch289>
<Switch290>
8
</Switch290>
<Switch291>
19
</Switch291>
<Switch292>
11
</Switch292>
<Switch293>
16
</Switch293>
<Switch294>
12
</Switch294>
<Switch295>
7
</Switch295>
<Switch296>
16
</Switch296>
<Switch297>
11
</Switch297>
<Switch298>
7
</Switch298>
<Switch299>
8
</Switch299>
<Switch300>
6
</Switch300>
<Switch301>
2
</Switch301>
<Switch302>
15
</Switch302>
<Switch303>
19
</Switch303>
<Switch304>
16
</Switch304>
<Switch305>
18
</Switch305>
<Switch306>
19
</Switch306>
<Switch307>
14
</Switch307>
<Switch308>
7
</Switch308>
<Switch309>
11
</Switch309>
<Switch310>
0
</Switch310>
<Switch311>
8
</Switch311>
<Switch312>
15
</Switch312>
<Switch313>
16
</Switch313>
<Switch314>
9
</Switch314>
<Switch315>
0
</Switch315>
<Switch316>
16
</Switch316>
<Switch317>
6
</Switch317>
<Switch318>
15
</Switch318>
<Switch319>
7
</Switch319>
<Switch320>
12
</Switch320>
<Switch321>
10
</Switch321>
<Switch322>
14
</Switch322>
<Switch323>
19
</Switch323>
<Switch324>
10
</Switch324>
<Switch325>
6
</Switch325>
<Switch326>
19
</Switch326>
<Switch327>
9
</Switch327>
<Switch328>
6
</Switch328>
<Switch329>
11
</Switch329>
<Switch330>
18
</Switch330>
<Switch331>
1
</Switch331>
<Switch332>
8
</Switch332>
<Switch333>
5
</Switch333>
<Switch334>
13
</Switch334>
<Switch335>
1
</Switch335>
<Switch336>
0
</Switch336>
<Switch337>
7
</Switch337>
<Switch338>
16
</Switch338>
<Switch339>
12
</Switch339>
<Switch340>
7
</Switch340>
<Switch341>
1
</Switch341>
<Switch342>
13
</Switch342>
<Switch343>
10
</Switch343>
<Switch344>
19
</Switch344>
<Switch345>
12
</Switch345>
<Switch346>
8
</Switch346>
<Switch347>
18
</Switch347>
<Switch348>
13
</Switch348>
<Switch349>
9
</Switch349>
<Switch350>
7
</Switch350>
<Switch351>
7
</Switch351>
<Switch352>
3
</Switch352>
<Switch353>
2
</Switch353>
<Switch354>
3
</Switch354>
<Switch355>
16
</Switch355>
<Switch356>
18
</Switch356>
<Switch357>
2
</Switch357>
<Switch358>
14
</Switch358>
<Switch359>
19
</Switch359>
<Switch360>
18
</Switch360>
<Switch361>
0
</Switch361>
<Switch362>
18
</Switch362>
<Switch363>
13
</Switch363>
<Switch364>
17
</Switch364>
<Switch365>
8
</Switch365>
<Switch366>
4
</Switch366>
<Switch367>
8
</Switch367>
<Switch368>
2
</Switch368>
<Switch369>
18
</Switch369>
<Switch370>
10
</Switch370>
<Switch371>
13
</Switch371>
<Switch372>
10
</Switch372>
<Switch373>
12
</Switch373>
<Switch374>
19
</Switch374>
<Switch375>
17
</Switch375>
<Switch376>
6
</Switch376>
<Switch377>
6
</Switch377>
<Switch378>
13
</Switch378>
<Switch379>
0
</Switch379>
<Switch380>
1
</Switch380>
<Switch381>
9
</Switch381>
<Switch382>
6
</Switch382>
<Switch383>
10
</Switch383>
<Switch384>
14
</Switch384>
<Switch385>
9
</Switch385>
<Switch386>
7
</Switch386>
<Switch387>
15
</Switch387>
<Switch388>
13
</Switch388>
<Switch389>
16
</Switch389>
<Switch390>
5
</Switch390>
<Switch391>
5
</Switch391>
<Switch392>
6
</Switch392>
<Switch393>
5
</Switch393>
<Switch394>
18
</Switch394>
<Switch395>
19
</Switch395>
<Switch396>
10
</Switch396>
<Switch397>
14
</Switch397>
<Switch398>
12
</Switch398>
<Switch399>
8
</Switch399>
<Switch400>
6
</Switch400>
<Switch401>
15
</Switch401>
<Switch402>
2
</Switch402>
<Switch403>
19
</Switch403>
<Switch404>
4
</Switch404>
<Switch405>
14
</Switch405>
<Switch406>
0
</Switch406>
<Switch407>
19
</Switch407>
<Switch408>
17
</Switch408>
<Switch409>
19
</Switch409>
<Switch410>
4
</Switch410>
<Switch411>
0
</Switch411>
<Switch412>
9
</Switch412>
<Switch413>
13
</Switch413>
<Switch414>
19
</Switch414>
<Switch415>
5
</Switch415>
<Switch416>
5
</Switch416>
<Switch417>
0
</Switch417>
<Switch418>
3
</Switch418>
<Switch419>
19
</Switch419>
<Switch420>
14
</Switch420>
<Switch421>
4
</Switch421>
<Switch422>
16
</Switch422>
<Switch423>
19
</Switch423>
<Switch424>
7
</Switch424>
<Switch425>
15
</Switch425>
<Switch426>
6
</Switch426>
<Switch427>
12
</Switch427>
<Switch428>
1
</Switch428>
<Switch429>
6
</Switch429>
<Switch430>
8
</Switch430>
<Switch431>
18
</Switch431>
<Switch432>
13
</Switch432>
<Switch433>
0
</Switch433>
<Switch434>
19
</Switch434>
<Switch435>
15
</Switch435>
<Switch436>
8
</Switch436>
<Switch437>
9
</Switch437>
<Switch438>
18
</Switch438>
<Switch439>
3
</Switch439>
<Switch440>
14
</Switch440>
<Switch441>
7
</Switch441>
<Switch442>
14
</Switch442>
<Switch443>
11
</Switch443>
<Switch444>
12
</Switch444>
<Switch445>
15
</Switch445>
<Switch446>
11
</Switch446>
<Switch447>
14
</Switch447>
<Switch448>
7
</Switch448>
<Switch449>
6
</Switch449>
<Switch450>
6
</Switch450>
<Switch451>
1
</Switch451>
<Switch452>
11
</Switch452>
<Switch453>
18
</Switch453>
<Switch454>
15
</Switch454>
<Switch455>
13
</Switch455>
<Switch456>
14
</Switch456>
<Switch457>
5
</Switch457>
<Switch458>
14
</Switch458>
<Switch459>
16
</Switch459>
<Switch460>
18
</Switch460>
<Switch461>
2
</Switch461>
<Switch462>
13
</Switch462>
<Switch463>
4
</Switch463>
<Switch464>
9
</Switch464>
<Switch465>
16
</Switch465>
<Switch466>
1
</Switch466>
<Switch467>
16
</Switch467>
<Switch468>
6
</Switch468>
<Switch469>
3
</Switch469>
<Switch470>
10
</Switch470>
<Switch471>
1
</Switch471>
<Switch472>
7
</Switch472>
<Switch473>
16
</Switch473>
<Switch474>
14
</Switch474>
<Switch475>
4
</Switch475>
<Switch476>
15
</Switch476>
<Switch477>
13
</Switch477>
<Switch478>
6
</Switch478>
<Switch479>
7
</Switch479>
<Switch480>
14
</Switch480>
<Switch481>
19
</Switch481>
<Switch482>
8
</Switch482>
<Switch483>
5
</Switch483>
<Switch484>
0
</Switch484>
<Switch485>
10
</Switch485>
<Switch486>
5
</Switch486>
<Switch487>
4
</Switch487>
<Switch488>
13
</Switch488>
<Switch489>
3
</Switch489>
<Switch490>
10
</Switch490>
<Switch491>
10
</Switch491>
<Switch492>
16
</Switch492>
<Switch493>
8
</Switch493>
<Switch494>
15
</Switch494>
<Switch495>
4
</Switch495>
<Switch496>
0
</Switch496>
<Switch497>
8
</Switch497>
<Switch498>
0
</Switch498>
<Switch499>
8
</Switch499>
<Switch500>
0
</Switch500>
<Switch501>
13
</Switch501>
<Switch502>
0
</Switch502>
<Switch503>
17
</Switch503>
<Switch504>
10
</Switch504>
<Switch505>
4
</Switch505>
<Switch506>
16
</Switch506>
<Switch507>
17
</Switch507>
<Switch508>
17
</Switch508>
<Switch509>
5
</Switch509>
<Switch510>
16
</Switch510>
<Switch511>
15
</Switch511>
<Switch512>
1
</Switch512>
<Switch513>
0
</Switch513>
<Switch514>
13
</Switch514>
<Switch515>
6
</Switch515>
<Switch516>
2
</Switch516>
<Switch517>
19
</Switch517>
<Switch518>
15
</Switch518>
<Switch519>
19
</Switch519>
<Switch520>
6
</Switch520>
<Switch521>
18
</Switch521>
<Switch522>
3
</Switch522>
<Switch523>
7
</Switch523>
<Switch524>
4
</Switch524>
<Switch525>
1
</Switch525>
<Switch526>
6
</Switch526>
<Switch527>
9
</Switch527>
<Switch528>
16
</Switch528>
<Switch529>
18
</Switch529>
<Switch530>
0
</Switch530>
<Switch531>
7
</Switch531>
<Switch532>
7
</Switch532>
<Switch533>
3
</Switch533>
<Switch534>
7
</Switch534>
<Switch535>
15
</Switch535>
<Switch536>
1
</Switch536>
<Switch537>
15
</Switch537>
<Switch538>
13
</Switch538>
<Switch539>
3
</Switch539>
<Switch540>
15
</Switch540>
<Switch541>
1
</Switch541>
<Switch542>
17
</Switch542>
<Switch543>
2
</Switch543>
<Switch544>
16
</Switch544>
<Switch545>
4
</Switch545>
<Switch546>
6
</Switch546>
<Switch547>
9
</Switch547>
<Switch548>
4
</Switch548>
<Switch549>
3
</Switch549>
<Switch550>
17
</Switch550>
<Switch551>
10
</Switch551>
<Switch552>
8
</Switch552>
<Switch553>
9
</Switch553>
<Switch554>
12
</Switch554>
<Switch555>
7
</Switch555>
<Switch556>
9
</Switch556>
<Switch557>
13
</Switch557>
<Switch558>
1
</Switch558>
<Switch559>
15
</Switch559>
<Switch560>
2
</Switch560>
<Switch561>
18
</Switch561>
<Switch562>
10
</Switch562>
<Switch563>
3
</Switch563>
<Switch564>
14
</Switch564>
<Switch565>
1
</Switch565>
<Switch566>
4
</Switch566>
<Switch567>
0
</Switch567>
<Switch568>
6
</Switch568>
<Switch569>
4
</Switch569>
<Switch570>
7
</Switch570>
<Switch571>
17
</Switch571>
<Switch572>
17
</Switch572>
<Switch573>
6
</Switch573>
<Switch574>
8
</Switch574>
<Switch575>
12
</Switch575>
<Switch576>
11
</Switch576>
<Switch577>
16
</Switch577>
<Switch578>
18
</Switch578>
<Switch579>
2
</Switch579>
<Switch580>
11
</Switch580>
<Switch581>
1
</Switch581>
<Switch582>
19
</Switch582>
<Switch583>
13
</Switch583>
<Switch584>
14
</Switch584>
<Switch585>
9
</Switch585>
<Switch586>
18
</Switch586>
<Switch587>
1
</Switch587>
<Switch588>
4
</Switch588>
<Switch589>
17
</Switch589>
<Switch590>
1
</Switch590>
<Switch591>
14
</Switch591>
<Switch592>
7
</Switch592>
<Switch593>
18
</Switch593>
<Switch594>
1
</Switch594>
<Switch595>
10
</Switch595>
<Switch596>
2
</Switch596>
<Switch597>
19
</Switch597>
<Switch598>
8
</Switch598>
<Switch599>
19
</Switch599>
<Switch600>
7
</Switch600>
<Switch601>
3
</Switch601>
<Switch602>
8
</Switch602>
<Switch603>
4
</Switch603>
<Switch604>
18
</Switch604>
<Switch605>
0
</Switch605>
<Switch606>
18
</Switch606>
<Switch607>
9
</Switch607>
<Switch608>
18
</Switch608>
<Switch609>
15
</Switch609>
<Switch610>
9
</Switch610>
<Switch611>
16
</Switch611>
<Switch612>
3
</Switch612>
<Switch613>
8
</Switch613>
<Switch614>
4
</Switch614>
<Switch615>
8
</Switch615>
<Switch616>
6
</Switch616>
<Switch617>
5
</Switch617>
<Switch618>
0
</Switch618>
<Switch619>
6
</Switch619>
<Switch620>
16
</Switch620>
<Switch621>
14
</Switch621>
<Switch622>
6
</Switch622>
<Switch623>
7
</Switch623>
<Switch624>
1
</Switch624>
<Switch625>
13
</Switch625>
<Switch626>
2
</Switch626>
<Switch627>
17
</Switch627>
<Switch628>
14
</Switch628>
<Switch629>
13
</Switch629>
<Switch630>
4
</Switch630>
<Switch631>
11
</Switch631>
<Switch632>
19
</Switch632>
<Switch633>
5
</Switch633>
<Switch634>
0
</Switch634>
<Switch635>
12
</Switch635>
<Switch636>
19
</Switch636>
<Switch637>
7
</Switch637>
<Switch638>
15
</Switch638>
<Switch639>
18
</Switch639>
<Switch640>
17
</Switch640>
<Switch641>
18
</Switch641>
<Switch642>
8
</Switch642>
<Switch643>
12
</Switch643>
<Switch644>
3
</Switch644>
<Switch645>
1
</Switch645>
<Switch646>
13
</Switch646>
<Switch647>
15
</Switch647>
<Switch648>
14
</Switch648>
<Switch649>
9
</Switch649>
<Switch650>
18
</Switch650>
<Switch651>
17
</Switch651>
<Switch652>
10
</Switch652>
<Switch653>
15
</Switch653>
<Switch654>
16
</Switch654>
<Switch655>
16
</Switch655>
<Switch656>
10
</Switch656>
<Switch657>
8
</Switch657>
<Switch658>
8
</Switch658>
<Switch659>
3
</Switch659>
<Switch660>
0
</Switch660>
<Switch661>
3
</Switch661>
<Switch662>
7
</Switch662>
<Switch663>
14
</Switch663>
<Switch664>
13
</Switch664>
<Switch665>
5
</Switch665>
<Switch666>
13
</Switch666>
<Switch667>
16
</Switch667>
<Switch668>
3
</Switch668>
<Switch669>
11
</Switch669>
<Switch670>
19
</Switch670>
<Switch671>
5
</Switch671>
<Switch672>
4
</Switch672>
<Switch673>
3
</Switch673>
<Switch674>
6
</Switch674>
<Switch675>
14
</Switch675>
<Switch676>
0
</Switch676>
<Switch677>
4
</Switch677>
<Switch678>
6
</Switch678>
<Switch679>
7
</Switch679>
<Switch680>
12
</Switch680>
<Switch681>
10
</Switch681>
<Switch682>
16
</Switch682>
<Switch683>
19
</Switch683>
<Switch684>
9
</Switch684>
<Switch685>
19
</Switch685>
<Switch686>
11
</Switch686>
<Switch687>
15
</Switch687>
<Switch688>
1
</Switch688>
<Switch689>
1
</Switch689>
<Switch690>
6
</Switch690>
<Switch691>
5
</Switch691>
<Switch692>
16
</Switch692>
<Switch693>
0
</Switch693>
<Switch694>
11
</Switch694>
<Switch695>
15
</Switch695>
<Switch696>
15
</Switch696>
<Switch697>
3
</Switch697>
<Switch698>
1
</Switch698>
<Switch699>
13
</Switch699>
<Switch700>
2
</Switch700>
<Switch701>
7
</Switch701>
<Switch702>
9
</Switch702>
<Switch703>
8
</Switch703>
<Switch704>
3
</Switch704>
<Switch705>
1
</Switch705>
<Switch706>
19
</Switch706>
<Switch707>
17
</Switch707>
</BaseID:127>
