<?xml version="1.0"?>

<BaseID:133>
<Switch1>
4
</Switch1>
<Switch2>
9
</Switch2>
<Switch3>
9
</Switch3>
<Switch4>
0
</Switch4>
<Switch5>
4
</Switch5>
<Switch6>
3
</Switch6>
<Switch7>
4
</Switch7>
<Switch8>
12
</Switch8>
<Switch9>
2
</Switch9>
<Switch10>
11
</Switch10>
<Switch11>
4
</Switch11>
<Switch12>
15
</Switch12>
<Switch13>
17
</Switch13>
<Switch14>
14
</Switch14>
<Switch15>
13
</Switch15>
<Switch16>
4
</Switch16>
<Switch17>
11
</Switch17>
<Switch18>
0
</Switch18>
<Switch19>
9
</Switch19>
<Switch20>
9
</Switch20>
<Switch21>
11
</Switch21>
<Switch22>
6
</Switch22>
<Switch23>
8
</Switch23>
<Switch24>
10
</Switch24>
<Switch25>
11
</Switch25>
<Switch26>
3
</Switch26>
<Switch27>
8
</Switch27>
<Switch28>
2
</Switch28>
<Switch29>
4
</Switch29>
<Switch30>
15
</Switch30>
<Switch31>
6
</Switch31>
<Switch32>
10
</Switch32>
<Switch33>
16
</Switch33>
<Switch34>
1
</Switch34>
<Switch35>
19
</Switch35>
<Switch36>
5
</Switch36>
<Switch37>
16
</Switch37>
<Switch38>
18
</Switch38>
<Switch39>
16
</Switch39>
<Switch40>
11
</Switch40>
<Switch41>
0
</Switch41>
<Switch42>
15
</Switch42>
<Switch43>
9
</Switch43>
<Switch44>
5
</Switch44>
<Switch45>
9
</Switch45>
<Switch46>
19
</Switch46>
<Switch47>
4
</Switch47>
<Switch48>
3
</Switch48>
<Switch49>
2
</Switch49>
<Switch50>
15
</Switch50>
<Switch51>
15
</Switch51>
<Switch52>
5
</Switch52>
<Switch53>
6
</Switch53>
<Switch54>
7
</Switch54>
<Switch55>
19
</Switch55>
<Switch56>
14
</Switch56>
<Switch57>
17
</Switch57>
<Switch58>
14
</Switch58>
<Switch59>
16
</Switch59>
<Switch60>
15
</Switch60>
<Switch61>
5
</Switch61>
<Switch62>
4
</Switch62>
<Switch63>
6
</Switch63>
<Switch64>
0
</Switch64>
<Switch65>
1
</Switch65>
<Switch66>
16
</Switch66>
<Switch67>
6
</Switch67>
<Switch68>
12
</Switch68>
<Switch69>
3
</Switch69>
<Switch70>
4
</Switch70>
<Switch71>
7
</Switch71>
<Switch72>
9
</Switch72>
<Switch73>
8
</Switch73>
<Switch74>
7
</Switch74>
<Switch75>
5
</Switch75>
<Switch76>
7
</Switch76>
<Switch77>
13
</Switch77>
<Switch78>
5
</Switch78>
<Switch79>
8
</Switch79>
<Switch80>
7
</Switch80>
<Switch81>
11
</Switch81>
<Switch82>
3
</Switch82>
<Switch83>
8
</Switch83>
<Switch84>
18
</Switch84>
<Switch85>
10
</Switch85>
<Switch86>
11
</Switch86>
<Switch87>
4
</Switch87>
<Switch88>
8
</Switch88>
<Switch89>
19
</Switch89>
<Switch90>
1
</Switch90>
<Switch91>
16
</Switch91>
<Switch92>
11
</Switch92>
<Switch93>
17
</Switch93>
<Switch94>
4
</Switch94>
<Switch95>
10
</Switch95>
<Switch96>
3
</Switch96>
<Switch97>
11
</Switch97>
<Switch98>
14
</Switch98>
<Switch99>
18
</Switch99>
<Switch100>
11
</Switch100>
<Switch101>
1
</Switch101>
<Switch102>
6
</Switch102>
<Switch103>
2
</Switch103>
<Switch104>
3
</Switch104>
<Switch105>
5
</Switch105>
<Switch106>
12
</Switch106>
<Switch107>
18
</Switch107>
<Switch108>
13
</Switch108>
<Switch109>
1
</Switch109>
<Switch110>
4
</Switch110>
<Switch111>
19
</Switch111>
<Switch112>
11
</Switch112>
<Switch113>
6
</Switch113>
<Switch114>
9
</Switch114>
<Switch115>
7
</Switch115>
<Switch116>
3
</Switch116>
<Switch117>
19
</Switch117>
<Switch118>
13
</Switch118>
<Switch119>
14
</Switch119>
<Switch120>
15
</Switch120>
<Switch121>
0
</Switch121>
<Switch122>
13
</Switch122>
<Switch123>
0
</Switch123>
<Switch124>
0
</Switch124>
<Switch125>
14
</Switch125>
<Switch126>
11
</Switch126>
<Switch127>
11
</Switch127>
<Switch128>
13
</Switch128>
<Switch129>
2
</Switch129>
<Switch130>
12
</Switch130>
<Switch131>
11
</Switch131>
<Switch132>
8
</Switch132>
<Switch133>
6
</Switch133>
<Switch134>
5
</Switch134>
<Switch135>
8
</Switch135>
<Switch136>
8
</Switch136>
<Switch137>
12
</Switch137>
<Switch138>
1
</Switch138>
<Switch139>
13
</Switch139>
<Switch140>
11
</Switch140>
<Switch141>
17
</Switch141>
<Switch142>
8
</Switch142>
<Switch143>
4
</Switch143>
<Switch144>
0
</Switch144>
<Switch145>
9
</Switch145>
<Switch146>
8
</Switch146>
<Switch147>
6
</Switch147>
<Switch148>
10
</Switch148>
<Switch149>
10
</Switch149>
<Switch150>
9
</Switch150>
<Switch151>
13
</Switch151>
<Switch152>
15
</Switch152>
<Switch153>
18
</Switch153>
<Switch154>
12
</Switch154>
<Switch155>
7
</Switch155>
<Switch156>
7
</Switch156>
<Switch157>
18
</Switch157>
<Switch158>
13
</Switch158>
<Switch159>
15
</Switch159>
<Switch160>
1
</Switch160>
<Switch161>
17
</Switch161>
<Switch162>
17
</Switch162>
<Switch163>
4
</Switch163>
<Switch164>
4
</Switch164>
<Switch165>
11
</Switch165>
<Switch166>
11
</Switch166>
<Switch167>
18
</Switch167>
<Switch168>
8
</Switch168>
<Switch169>
16
</Switch169>
<Switch170>
7
</Switch170>
<Switch171>
18
</Switch171>
<Switch172>
4
</Switch172>
<Switch173>
1
</Switch173>
<Switch174>
9
</Switch174>
<Switch175>
0
</Switch175>
<Switch176>
0
</Switch176>
<Switch177>
2
</Switch177>
<Switch178>
13
</Switch178>
<Switch179>
4
</Switch179>
<Switch180>
8
</Switch180>
<Switch181>
5
</Switch181>
<Switch182>
19
</Switch182>
<Switch183>
18
</Switch183>
<Switch184>
8
</Switch184>
<Switch185>
3
</Switch185>
<Switch186>
2
</Switch186>
<Switch187>
15
</Switch187>
<Switch188>
12
</Switch188>
<Switch189>
0
</Switch189>
<Switch190>
6
</Switch190>
<Switch191>
2
</Switch191>
<Switch192>
15
</Switch192>
<Switch193>
5
</Switch193>
<Switch194>
14
</Switch194>
<Switch195>
15
</Switch195>
<Switch196>
3
</Switch196>
<Switch197>
15
</Switch197>
<Switch198>
6
</Switch198>
<Switch199>
19
</Switch199>
<Switch200>
7
</Switch200>
<Switch201>
7
</Switch201>
<Switch202>
6
</Switch202>
<Switch203>
1
</Switch203>
<Switch204>
14
</Switch204>
<Switch205>
2
</Switch205>
<Switch206>
15
</Switch206>
<Switch207>
6
</Switch207>
<Switch208>
17
</Switch208>
<Switch209>
10
</Switch209>
<Switch210>
15
</Switch210>
<Switch211>
12
</Switch211>
<Switch212>
16
</Switch212>
<Switch213>
10
</Switch213>
<Switch214>
15
</Switch214>
<Switch215>
12
</Switch215>
<Switch216>
11
</Switch216>
<Switch217>
15
</Switch217>
<Switch218>
15
</Switch218>
<Switch219>
2
</Switch219>
<Switch220>
14
</Switch220>
<Switch221>
0
</Switch221>
<Switch222>
14
</Switch222>
<Switch223>
14
</Switch223>
<Switch224>
8
</Switch224>
<Switch225>
10
</Switch225>
<Switch226>
15
</Switch226>
<Switch227>
14
</Switch227>
<Switch228>
1
</Switch228>
<Switch229>
13
</Switch229>
<Switch230>
8
</Switch230>
<Switch231>
0
</Switch231>
<Switch232>
2
</Switch232>
<Switch233>
14
</Switch233>
<Switch234>
9
</Switch234>
<Switch235>
18
</Switch235>
<Switch236>
18
</Switch236>
<Switch237>
7
</Switch237>
<Switch238>
7
</Switch238>
<Switch239>
3
</Switch239>
<Switch240>
3
</Switch240>
<Switch241>
8
</Switch241>
<Switch242>
7
</Switch242>
<Switch243>
16
</Switch243>
<Switch244>
1
</Switch244>
<Switch245>
12
</Switch245>
<Switch246>
9
</Switch246>
<Switch247>
4
</Switch247>
<Switch248>
11
</Switch248>
<Switch249>
3
</Switch249>
<Switch250>
17
</Switch250>
<Switch251>
10
</Switch251>
<Switch252>
7
</Switch252>
<Switch253>
11
</Switch253>
<Switch254>
17
</Switch254>
<Switch255>
10
</Switch255>
<Switch256>
6
</Switch256>
<Switch257>
3
</Switch257>
<Switch258>
19
</Switch258>
<Switch259>
19
</Switch259>
<Switch260>
17
</Switch260>
<Switch261>
15
</Switch261>
<Switch262>
15
</Switch262>
<Switch263>
0
</Switch263>
<Switch264>
12
</Switch264>
<Switch265>
4
</Switch265>
<Switch266>
4
</Switch266>
<Switch267>
5
</Switch267>
<Switch268>
3
</Switch268>
<Switch269>
3
</Switch269>
<Switch270>
11
</Switch270>
<Switch271>
1
</Switch271>
<Switch272>
12
</Switch272>
<Switch273>
13
</Switch273>
<Switch274>
0
</Switch274>
<Switch275>
18
</Switch275>
<Switch276>
6
</Switch276>
<Switch277>
3
</Switch277>
<Switch278>
1
</Switch278>
<Switch279>
5
</Switch279>
<Switch280>
16
</Switch280>
<Switch281>
11
</Switch281>
<Switch282>
11
</Switch282>
<Switch283>
17
</Switch283>
<Switch284>
9
</Switch284>
<Switch285>
15
</Switch285>
<Switch286>
7
</Switch286>
<Switch287>
19
</Switch287>
<Switch288>
12
</Switch288>
<Switch289>
17
</Switch289>
<Switch290>
3
</Switch290>
<Switch291>
8
</Switch291>
<Switch292>
0
</Switch292>
<Switch293>
8
</Switch293>
<Switch294>
1
</Switch294>
<Switch295>
19
</Switch295>
<Switch296>
10
</Switch296>
<Switch297>
3
</Switch297>
<Switch298>
9
</Switch298>
<Switch299>
1
</Switch299>
<Switch300>
12
</Switch300>
<Switch301>
4
</Switch301>
<Switch302>
16
</Switch302>
<Switch303>
15
</Switch303>
<Switch304>
6
</Switch304>
<Switch305>
9
</Switch305>
<Switch306>
19
</Switch306>
<Switch307>
15
</Switch307>
<Switch308>
12
</Switch308>
<Switch309>
11
</Switch309>
<Switch310>
7
</Switch310>
<Switch311>
8
</Switch311>
<Switch312>
18
</Switch312>
<Switch313>
3
</Switch313>
<Switch314>
7
</Switch314>
<Switch315>
16
</Switch315>
<Switch316>
17
</Switch316>
<Switch317>
2
</Switch317>
<Switch318>
9
</Switch318>
<Switch319>
11
</Switch319>
<Switch320>
3
</Switch320>
<Switch321>
11
</Switch321>
<Switch322>
10
</Switch322>
<Switch323>
18
</Switch323>
<Switch324>
6
</Switch324>
<Switch325>
9
</Switch325>
<Switch326>
16
</Switch326>
<Switch327>
18
</Switch327>
<Switch328>
10
</Switch328>
<Switch329>
8
</Switch329>
<Switch330>
5
</Switch330>
<Switch331>
4
</Switch331>
<Switch332>
0
</Switch332>
<Switch333>
6
</Switch333>
<Switch334>
18
</Switch334>
<Switch335>
18
</Switch335>
<Switch336>
8
</Switch336>
<Switch337>
11
</Switch337>
<Switch338>
19
</Switch338>
<Switch339>
8
</Switch339>
<Switch340>
15
</Switch340>
<Switch341>
4
</Switch341>
<Switch342>
7
</Switch342>
<Switch343>
8
</Switch343>
<Switch344>
18
</Switch344>
<Switch345>
2
</Switch345>
<Switch346>
9
</Switch346>
<Switch347>
15
</Switch347>
<Switch348>
14
</Switch348>
<Switch349>
7
</Switch349>
<Switch350>
13
</Switch350>
<Switch351>
18
</Switch351>
<Switch352>
17
</Switch352>
<Switch353>
15
</Switch353>
<Switch354>
4
</Switch354>
<Switch355>
14
</Switch355>
<Switch356>
19
</Switch356>
<Switch357>
0
</Switch357>
<Switch358>
2
</Switch358>
<Switch359>
0
</Switch359>
<Switch360>
6
</Switch360>
<Switch361>
14
</Switch361>
<Switch362>
2
</Switch362>
<Switch363>
8
</Switch363>
<Switch364>
12
</Switch364>
<Switch365>
19
</Switch365>
<Switch366>
5
</Switch366>
<Switch367>
5
</Switch367>
<Switch368>
14
</Switch368>
<Switch369>
4
</Switch369>
<Switch370>
13
</Switch370>
<Switch371>
15
</Switch371>
<Switch372>
11
</Switch372>
<Switch373>
11
</Switch373>
<Switch374>
18
</Switch374>
<Switch375>
17
</Switch375>
<Switch376>
11
</Switch376>
<Switch377>
13
</Switch377>
<Switch378>
14
</Switch378>
<Switch379>
10
</Switch379>
<Switch380>
18
</Switch380>
<Switch381>
9
</Switch381>
<Switch382>
4
</Switch382>
<Switch383>
3
</Switch383>
<Switch384>
1
</Switch384>
<Switch385>
14
</Switch385>
<Switch386>
3
</Switch386>
<Switch387>
18
</Switch387>
<Switch388>
19
</Switch388>
<Switch389>
15
</Switch389>
<Switch390>
13
</Switch390>
<Switch391>
10
</Switch391>
<Switch392>
5
</Switch392>
<Switch393>
7
</Switch393>
<Switch394>
0
</Switch394>
<Switch395>
7
</Switch395>
<Switch396>
0
</Switch396>
<Switch397>
0
</Switch397>
<Switch398>
6
</Switch398>
<Switch399>
1
</Switch399>
<Switch400>
17
</Switch400>
<Switch401>
4
</Switch401>
<Switch402>
17
</Switch402>
<Switch403>
13
</Switch403>
<Switch404>
7
</Switch404>
<Switch405>
2
</Switch405>
<Switch406>
18
</Switch406>
<Switch407>
8
</Switch407>
<Switch408>
5
</Switch408>
<Switch409>
7
</Switch409>
<Switch410>
1
</Switch410>
<Switch411>
5
</Switch411>
<Switch412>
3
</Switch412>
<Switch413>
19
</Switch413>
<Switch414>
15
</Switch414>
<Switch415>
10
</Switch415>
<Switch416>
11
</Switch416>
<Switch417>
7
</Switch417>
<Switch418>
16
</Switch418>
<Switch419>
3
</Switch419>
<Switch420>
13
</Switch420>
<Switch421>
5
</Switch421>
<Switch422>
4
</Switch422>
<Switch423>
7
</Switch423>
<Switch424>
12
</Switch424>
<Switch425>
0
</Switch425>
<Switch426>
2
</Switch426>
<Switch427>
11
</Switch427>
<Switch428>
0
</Switch428>
<Switch429>
14
</Switch429>
<Switch430>
11
</Switch430>
<Switch431>
5
</Switch431>
<Switch432>
16
</Switch432>
<Switch433>
14
</Switch433>
<Switch434>
2
</Switch434>
<Switch435>
14
</Switch435>
<Switch436>
12
</Switch436>
<Switch437>
7
</Switch437>
<Switch438>
8
</Switch438>
<Switch439>
0
</Switch439>
<Switch440>
1
</Switch440>
</BaseID:133>
