<?xml version="1.0"?>

<BaseID:138>
<Switch1>
15
</Switch1>
<Switch2>
16
</Switch2>
<Switch3>
9
</Switch3>
<Switch4>
13
</Switch4>
<Switch5>
5
</Switch5>
<Switch6>
12
</Switch6>
<Switch7>
8
</Switch7>
<Switch8>
5
</Switch8>
<Switch9>
6
</Switch9>
<Switch10>
1
</Switch10>
<Switch11>
19
</Switch11>
<Switch12>
13
</Switch12>
<Switch13>
3
</Switch13>
<Switch14>
19
</Switch14>
<Switch15>
16
</Switch15>
<Switch16>
12
</Switch16>
<Switch17>
4
</Switch17>
<Switch18>
5
</Switch18>
<Switch19>
10
</Switch19>
<Switch20>
16
</Switch20>
<Switch21>
0
</Switch21>
<Switch22>
7
</Switch22>
<Switch23>
13
</Switch23>
<Switch24>
16
</Switch24>
<Switch25>
2
</Switch25>
<Switch26>
8
</Switch26>
<Switch27>
2
</Switch27>
<Switch28>
18
</Switch28>
<Switch29>
9
</Switch29>
<Switch30>
6
</Switch30>
<Switch31>
0
</Switch31>
<Switch32>
13
</Switch32>
<Switch33>
0
</Switch33>
<Switch34>
6
</Switch34>
<Switch35>
9
</Switch35>
<Switch36>
13
</Switch36>
<Switch37>
5
</Switch37>
<Switch38>
17
</Switch38>
<Switch39>
17
</Switch39>
<Switch40>
0
</Switch40>
<Switch41>
17
</Switch41>
<Switch42>
9
</Switch42>
<Switch43>
12
</Switch43>
<Switch44>
9
</Switch44>
<Switch45>
17
</Switch45>
<Switch46>
19
</Switch46>
<Switch47>
15
</Switch47>
<Switch48>
12
</Switch48>
<Switch49>
19
</Switch49>
<Switch50>
17
</Switch50>
<Switch51>
5
</Switch51>
<Switch52>
0
</Switch52>
<Switch53>
7
</Switch53>
<Switch54>
7
</Switch54>
<Switch55>
16
</Switch55>
<Switch56>
5
</Switch56>
<Switch57>
1
</Switch57>
<Switch58>
15
</Switch58>
<Switch59>
12
</Switch59>
<Switch60>
11
</Switch60>
<Switch61>
2
</Switch61>
<Switch62>
17
</Switch62>
<Switch63>
11
</Switch63>
<Switch64>
17
</Switch64>
<Switch65>
11
</Switch65>
<Switch66>
18
</Switch66>
<Switch67>
8
</Switch67>
<Switch68>
3
</Switch68>
<Switch69>
9
</Switch69>
<Switch70>
5
</Switch70>
<Switch71>
1
</Switch71>
<Switch72>
17
</Switch72>
<Switch73>
18
</Switch73>
<Switch74>
5
</Switch74>
<Switch75>
7
</Switch75>
<Switch76>
12
</Switch76>
<Switch77>
13
</Switch77>
<Switch78>
10
</Switch78>
<Switch79>
7
</Switch79>
<Switch80>
19
</Switch80>
<Switch81>
14
</Switch81>
<Switch82>
10
</Switch82>
<Switch83>
19
</Switch83>
<Switch84>
4
</Switch84>
<Switch85>
13
</Switch85>
<Switch86>
0
</Switch86>
<Switch87>
4
</Switch87>
<Switch88>
11
</Switch88>
<Switch89>
17
</Switch89>
<Switch90>
3
</Switch90>
<Switch91>
10
</Switch91>
<Switch92>
16
</Switch92>
<Switch93>
1
</Switch93>
<Switch94>
1
</Switch94>
<Switch95>
13
</Switch95>
<Switch96>
13
</Switch96>
<Switch97>
19
</Switch97>
<Switch98>
1
</Switch98>
<Switch99>
11
</Switch99>
<Switch100>
1
</Switch100>
<Switch101>
13
</Switch101>
<Switch102>
12
</Switch102>
<Switch103>
14
</Switch103>
<Switch104>
0
</Switch104>
<Switch105>
13
</Switch105>
<Switch106>
19
</Switch106>
<Switch107>
13
</Switch107>
<Switch108>
4
</Switch108>
<Switch109>
16
</Switch109>
<Switch110>
5
</Switch110>
<Switch111>
15
</Switch111>
<Switch112>
17
</Switch112>
<Switch113>
12
</Switch113>
<Switch114>
11
</Switch114>
<Switch115>
1
</Switch115>
<Switch116>
11
</Switch116>
<Switch117>
8
</Switch117>
<Switch118>
5
</Switch118>
<Switch119>
14
</Switch119>
<Switch120>
16
</Switch120>
<Switch121>
17
</Switch121>
<Switch122>
5
</Switch122>
<Switch123>
13
</Switch123>
<Switch124>
17
</Switch124>
<Switch125>
14
</Switch125>
<Switch126>
0
</Switch126>
<Switch127>
1
</Switch127>
<Switch128>
5
</Switch128>
<Switch129>
16
</Switch129>
<Switch130>
9
</Switch130>
<Switch131>
8
</Switch131>
<Switch132>
14
</Switch132>
<Switch133>
8
</Switch133>
<Switch134>
13
</Switch134>
<Switch135>
11
</Switch135>
<Switch136>
16
</Switch136>
<Switch137>
7
</Switch137>
<Switch138>
13
</Switch138>
<Switch139>
6
</Switch139>
<Switch140>
12
</Switch140>
<Switch141>
9
</Switch141>
<Switch142>
7
</Switch142>
<Switch143>
9
</Switch143>
<Switch144>
18
</Switch144>
<Switch145>
1
</Switch145>
<Switch146>
4
</Switch146>
<Switch147>
10
</Switch147>
<Switch148>
13
</Switch148>
<Switch149>
1
</Switch149>
<Switch150>
11
</Switch150>
<Switch151>
18
</Switch151>
<Switch152>
13
</Switch152>
<Switch153>
17
</Switch153>
<Switch154>
19
</Switch154>
<Switch155>
8
</Switch155>
<Switch156>
19
</Switch156>
<Switch157>
7
</Switch157>
<Switch158>
15
</Switch158>
<Switch159>
13
</Switch159>
<Switch160>
15
</Switch160>
<Switch161>
10
</Switch161>
<Switch162>
3
</Switch162>
<Switch163>
11
</Switch163>
<Switch164>
19
</Switch164>
<Switch165>
19
</Switch165>
<Switch166>
16
</Switch166>
<Switch167>
7
</Switch167>
<Switch168>
3
</Switch168>
<Switch169>
15
</Switch169>
<Switch170>
13
</Switch170>
<Switch171>
13
</Switch171>
<Switch172>
13
</Switch172>
<Switch173>
14
</Switch173>
<Switch174>
13
</Switch174>
<Switch175>
8
</Switch175>
<Switch176>
1
</Switch176>
<Switch177>
18
</Switch177>
<Switch178>
12
</Switch178>
<Switch179>
7
</Switch179>
<Switch180>
15
</Switch180>
<Switch181>
11
</Switch181>
<Switch182>
9
</Switch182>
<Switch183>
16
</Switch183>
<Switch184>
18
</Switch184>
<Switch185>
18
</Switch185>
<Switch186>
7
</Switch186>
<Switch187>
11
</Switch187>
<Switch188>
5
</Switch188>
<Switch189>
6
</Switch189>
<Switch190>
0
</Switch190>
<Switch191>
8
</Switch191>
<Switch192>
13
</Switch192>
<Switch193>
6
</Switch193>
<Switch194>
12
</Switch194>
<Switch195>
10
</Switch195>
<Switch196>
18
</Switch196>
<Switch197>
2
</Switch197>
<Switch198>
2
</Switch198>
<Switch199>
7
</Switch199>
<Switch200>
11
</Switch200>
<Switch201>
1
</Switch201>
<Switch202>
9
</Switch202>
<Switch203>
10
</Switch203>
<Switch204>
5
</Switch204>
<Switch205>
8
</Switch205>
<Switch206>
6
</Switch206>
<Switch207>
3
</Switch207>
<Switch208>
0
</Switch208>
<Switch209>
1
</Switch209>
<Switch210>
17
</Switch210>
<Switch211>
7
</Switch211>
<Switch212>
16
</Switch212>
<Switch213>
7
</Switch213>
<Switch214>
16
</Switch214>
<Switch215>
12
</Switch215>
<Switch216>
6
</Switch216>
<Switch217>
10
</Switch217>
<Switch218>
7
</Switch218>
<Switch219>
19
</Switch219>
<Switch220>
19
</Switch220>
<Switch221>
7
</Switch221>
<Switch222>
15
</Switch222>
<Switch223>
5
</Switch223>
<Switch224>
8
</Switch224>
<Switch225>
7
</Switch225>
<Switch226>
18
</Switch226>
<Switch227>
8
</Switch227>
<Switch228>
14
</Switch228>
<Switch229>
5
</Switch229>
<Switch230>
19
</Switch230>
<Switch231>
0
</Switch231>
<Switch232>
9
</Switch232>
<Switch233>
5
</Switch233>
<Switch234>
11
</Switch234>
<Switch235>
18
</Switch235>
<Switch236>
7
</Switch236>
<Switch237>
10
</Switch237>
<Switch238>
3
</Switch238>
<Switch239>
4
</Switch239>
<Switch240>
5
</Switch240>
<Switch241>
8
</Switch241>
<Switch242>
14
</Switch242>
<Switch243>
6
</Switch243>
<Switch244>
0
</Switch244>
<Switch245>
9
</Switch245>
<Switch246>
3
</Switch246>
<Switch247>
14
</Switch247>
<Switch248>
3
</Switch248>
<Switch249>
11
</Switch249>
<Switch250>
1
</Switch250>
<Switch251>
4
</Switch251>
<Switch252>
6
</Switch252>
<Switch253>
11
</Switch253>
<Switch254>
15
</Switch254>
<Switch255>
13
</Switch255>
<Switch256>
12
</Switch256>
<Switch257>
0
</Switch257>
<Switch258>
18
</Switch258>
<Switch259>
10
</Switch259>
<Switch260>
15
</Switch260>
<Switch261>
11
</Switch261>
<Switch262>
18
</Switch262>
<Switch263>
8
</Switch263>
<Switch264>
9
</Switch264>
<Switch265>
7
</Switch265>
<Switch266>
17
</Switch266>
<Switch267>
4
</Switch267>
<Switch268>
7
</Switch268>
<Switch269>
17
</Switch269>
<Switch270>
15
</Switch270>
<Switch271>
5
</Switch271>
<Switch272>
4
</Switch272>
<Switch273>
2
</Switch273>
<Switch274>
19
</Switch274>
<Switch275>
9
</Switch275>
<Switch276>
7
</Switch276>
<Switch277>
12
</Switch277>
<Switch278>
7
</Switch278>
<Switch279>
1
</Switch279>
<Switch280>
7
</Switch280>
<Switch281>
7
</Switch281>
<Switch282>
3
</Switch282>
<Switch283>
9
</Switch283>
<Switch284>
1
</Switch284>
<Switch285>
6
</Switch285>
<Switch286>
9
</Switch286>
<Switch287>
5
</Switch287>
<Switch288>
17
</Switch288>
<Switch289>
3
</Switch289>
<Switch290>
17
</Switch290>
<Switch291>
2
</Switch291>
<Switch292>
10
</Switch292>
<Switch293>
0
</Switch293>
<Switch294>
8
</Switch294>
<Switch295>
12
</Switch295>
<Switch296>
2
</Switch296>
<Switch297>
3
</Switch297>
<Switch298>
17
</Switch298>
<Switch299>
12
</Switch299>
<Switch300>
13
</Switch300>
<Switch301>
1
</Switch301>
<Switch302>
7
</Switch302>
<Switch303>
19
</Switch303>
<Switch304>
3
</Switch304>
<Switch305>
15
</Switch305>
<Switch306>
12
</Switch306>
<Switch307>
8
</Switch307>
<Switch308>
18
</Switch308>
<Switch309>
1
</Switch309>
<Switch310>
12
</Switch310>
<Switch311>
19
</Switch311>
<Switch312>
11
</Switch312>
<Switch313>
8
</Switch313>
<Switch314>
15
</Switch314>
<Switch315>
6
</Switch315>
<Switch316>
0
</Switch316>
<Switch317>
12
</Switch317>
<Switch318>
8
</Switch318>
<Switch319>
7
</Switch319>
<Switch320>
15
</Switch320>
<Switch321>
7
</Switch321>
<Switch322>
17
</Switch322>
<Switch323>
12
</Switch323>
<Switch324>
9
</Switch324>
<Switch325>
14
</Switch325>
<Switch326>
0
</Switch326>
<Switch327>
8
</Switch327>
<Switch328>
17
</Switch328>
<Switch329>
14
</Switch329>
<Switch330>
13
</Switch330>
<Switch331>
15
</Switch331>
<Switch332>
2
</Switch332>
<Switch333>
17
</Switch333>
<Switch334>
7
</Switch334>
<Switch335>
2
</Switch335>
<Switch336>
4
</Switch336>
<Switch337>
19
</Switch337>
<Switch338>
5
</Switch338>
<Switch339>
17
</Switch339>
<Switch340>
12
</Switch340>
<Switch341>
0
</Switch341>
<Switch342>
1
</Switch342>
<Switch343>
14
</Switch343>
<Switch344>
2
</Switch344>
<Switch345>
13
</Switch345>
<Switch346>
7
</Switch346>
<Switch347>
3
</Switch347>
<Switch348>
12
</Switch348>
<Switch349>
8
</Switch349>
<Switch350>
13
</Switch350>
<Switch351>
16
</Switch351>
<Switch352>
9
</Switch352>
<Switch353>
16
</Switch353>
<Switch354>
8
</Switch354>
<Switch355>
18
</Switch355>
<Switch356>
7
</Switch356>
<Switch357>
11
</Switch357>
<Switch358>
15
</Switch358>
<Switch359>
0
</Switch359>
<Switch360>
6
</Switch360>
<Switch361>
18
</Switch361>
<Switch362>
3
</Switch362>
<Switch363>
1
</Switch363>
<Switch364>
1
</Switch364>
<Switch365>
7
</Switch365>
<Switch366>
18
</Switch366>
<Switch367>
14
</Switch367>
<Switch368>
8
</Switch368>
<Switch369>
10
</Switch369>
<Switch370>
14
</Switch370>
<Switch371>
14
</Switch371>
<Switch372>
13
</Switch372>
<Switch373>
4
</Switch373>
<Switch374>
18
</Switch374>
<Switch375>
12
</Switch375>
<Switch376>
2
</Switch376>
<Switch377>
7
</Switch377>
<Switch378>
13
</Switch378>
<Switch379>
5
</Switch379>
<Switch380>
15
</Switch380>
<Switch381>
7
</Switch381>
<Switch382>
7
</Switch382>
<Switch383>
12
</Switch383>
<Switch384>
0
</Switch384>
<Switch385>
15
</Switch385>
<Switch386>
4
</Switch386>
<Switch387>
19
</Switch387>
<Switch388>
9
</Switch388>
<Switch389>
7
</Switch389>
<Switch390>
8
</Switch390>
<Switch391>
16
</Switch391>
<Switch392>
13
</Switch392>
<Switch393>
17
</Switch393>
<Switch394>
17
</Switch394>
<Switch395>
8
</Switch395>
<Switch396>
2
</Switch396>
<Switch397>
16
</Switch397>
<Switch398>
5
</Switch398>
<Switch399>
15
</Switch399>
<Switch400>
19
</Switch400>
<Switch401>
1
</Switch401>
<Switch402>
11
</Switch402>
<Switch403>
3
</Switch403>
<Switch404>
2
</Switch404>
<Switch405>
18
</Switch405>
<Switch406>
1
</Switch406>
<Switch407>
3
</Switch407>
<Switch408>
13
</Switch408>
<Switch409>
12
</Switch409>
<Switch410>
4
</Switch410>
<Switch411>
0
</Switch411>
<Switch412>
3
</Switch412>
<Switch413>
13
</Switch413>
<Switch414>
15
</Switch414>
<Switch415>
11
</Switch415>
<Switch416>
12
</Switch416>
<Switch417>
6
</Switch417>
<Switch418>
3
</Switch418>
<Switch419>
8
</Switch419>
<Switch420>
13
</Switch420>
<Switch421>
4
</Switch421>
<Switch422>
0
</Switch422>
<Switch423>
4
</Switch423>
<Switch424>
2
</Switch424>
<Switch425>
10
</Switch425>
<Switch426>
14
</Switch426>
<Switch427>
14
</Switch427>
<Switch428>
10
</Switch428>
<Switch429>
19
</Switch429>
<Switch430>
11
</Switch430>
<Switch431>
13
</Switch431>
<Switch432>
9
</Switch432>
<Switch433>
18
</Switch433>
<Switch434>
8
</Switch434>
<Switch435>
2
</Switch435>
<Switch436>
6
</Switch436>
<Switch437>
18
</Switch437>
<Switch438>
3
</Switch438>
<Switch439>
16
</Switch439>
<Switch440>
16
</Switch440>
<Switch441>
13
</Switch441>
<Switch442>
11
</Switch442>
<Switch443>
3
</Switch443>
<Switch444>
4
</Switch444>
<Switch445>
1
</Switch445>
<Switch446>
4
</Switch446>
<Switch447>
4
</Switch447>
<Switch448>
16
</Switch448>
<Switch449>
7
</Switch449>
<Switch450>
7
</Switch450>
<Switch451>
11
</Switch451>
<Switch452>
2
</Switch452>
<Switch453>
8
</Switch453>
<Switch454>
18
</Switch454>
<Switch455>
7
</Switch455>
<Switch456>
12
</Switch456>
<Switch457>
1
</Switch457>
<Switch458>
9
</Switch458>
<Switch459>
7
</Switch459>
<Switch460>
12
</Switch460>
<Switch461>
18
</Switch461>
<Switch462>
8
</Switch462>
<Switch463>
8
</Switch463>
<Switch464>
2
</Switch464>
<Switch465>
11
</Switch465>
<Switch466>
17
</Switch466>
<Switch467>
18
</Switch467>
<Switch468>
13
</Switch468>
<Switch469>
19
</Switch469>
<Switch470>
6
</Switch470>
<Switch471>
7
</Switch471>
<Switch472>
3
</Switch472>
<Switch473>
15
</Switch473>
<Switch474>
0
</Switch474>
<Switch475>
14
</Switch475>
<Switch476>
8
</Switch476>
<Switch477>
12
</Switch477>
<Switch478>
11
</Switch478>
<Switch479>
9
</Switch479>
<Switch480>
10
</Switch480>
<Switch481>
5
</Switch481>
<Switch482>
14
</Switch482>
<Switch483>
8
</Switch483>
<Switch484>
12
</Switch484>
<Switch485>
7
</Switch485>
<Switch486>
19
</Switch486>
<Switch487>
15
</Switch487>
<Switch488>
12
</Switch488>
<Switch489>
2
</Switch489>
<Switch490>
16
</Switch490>
<Switch491>
6
</Switch491>
<Switch492>
16
</Switch492>
<Switch493>
9
</Switch493>
<Switch494>
5
</Switch494>
<Switch495>
3
</Switch495>
<Switch496>
13
</Switch496>
<Switch497>
15
</Switch497>
<Switch498>
2
</Switch498>
<Switch499>
8
</Switch499>
<Switch500>
15
</Switch500>
<Switch501>
2
</Switch501>
<Switch502>
14
</Switch502>
<Switch503>
4
</Switch503>
<Switch504>
18
</Switch504>
<Switch505>
1
</Switch505>
<Switch506>
18
</Switch506>
<Switch507>
6
</Switch507>
<Switch508>
17
</Switch508>
<Switch509>
17
</Switch509>
<Switch510>
16
</Switch510>
<Switch511>
13
</Switch511>
<Switch512>
16
</Switch512>
<Switch513>
0
</Switch513>
<Switch514>
11
</Switch514>
<Switch515>
2
</Switch515>
<Switch516>
15
</Switch516>
<Switch517>
7
</Switch517>
<Switch518>
19
</Switch518>
<Switch519>
6
</Switch519>
<Switch520>
2
</Switch520>
<Switch521>
6
</Switch521>
<Switch522>
6
</Switch522>
<Switch523>
7
</Switch523>
<Switch524>
15
</Switch524>
<Switch525>
10
</Switch525>
<Switch526>
10
</Switch526>
<Switch527>
16
</Switch527>
<Switch528>
7
</Switch528>
<Switch529>
6
</Switch529>
<Switch530>
7
</Switch530>
<Switch531>
2
</Switch531>
<Switch532>
13
</Switch532>
<Switch533>
11
</Switch533>
<Switch534>
10
</Switch534>
<Switch535>
7
</Switch535>
<Switch536>
8
</Switch536>
<Switch537>
7
</Switch537>
<Switch538>
1
</Switch538>
<Switch539>
2
</Switch539>
<Switch540>
2
</Switch540>
<Switch541>
17
</Switch541>
</BaseID:138>
