<?xml version="1.0"?>

<BaseID:142>
<Switch1>
1
</Switch1>
<Switch2>
6
</Switch2>
<Switch3>
11
</Switch3>
<Switch4>
2
</Switch4>
<Switch5>
17
</Switch5>
<Switch6>
3
</Switch6>
<Switch7>
5
</Switch7>
<Switch8>
12
</Switch8>
<Switch9>
9
</Switch9>
<Switch10>
13
</Switch10>
<Switch11>
12
</Switch11>
<Switch12>
2
</Switch12>
<Switch13>
9
</Switch13>
<Switch14>
6
</Switch14>
<Switch15>
13
</Switch15>
<Switch16>
10
</Switch16>
<Switch17>
2
</Switch17>
<Switch18>
16
</Switch18>
<Switch19>
11
</Switch19>
<Switch20>
12
</Switch20>
<Switch21>
18
</Switch21>
<Switch22>
6
</Switch22>
<Switch23>
17
</Switch23>
<Switch24>
16
</Switch24>
<Switch25>
8
</Switch25>
<Switch26>
18
</Switch26>
<Switch27>
18
</Switch27>
<Switch28>
0
</Switch28>
<Switch29>
5
</Switch29>
<Switch30>
1
</Switch30>
<Switch31>
4
</Switch31>
<Switch32>
19
</Switch32>
<Switch33>
3
</Switch33>
<Switch34>
7
</Switch34>
<Switch35>
8
</Switch35>
<Switch36>
16
</Switch36>
<Switch37>
4
</Switch37>
<Switch38>
19
</Switch38>
<Switch39>
9
</Switch39>
<Switch40>
9
</Switch40>
<Switch41>
15
</Switch41>
<Switch42>
11
</Switch42>
<Switch43>
7
</Switch43>
<Switch44>
15
</Switch44>
<Switch45>
7
</Switch45>
<Switch46>
10
</Switch46>
<Switch47>
19
</Switch47>
<Switch48>
3
</Switch48>
<Switch49>
1
</Switch49>
<Switch50>
15
</Switch50>
<Switch51>
16
</Switch51>
<Switch52>
16
</Switch52>
<Switch53>
13
</Switch53>
<Switch54>
2
</Switch54>
<Switch55>
17
</Switch55>
<Switch56>
4
</Switch56>
<Switch57>
12
</Switch57>
<Switch58>
13
</Switch58>
<Switch59>
7
</Switch59>
<Switch60>
16
</Switch60>
<Switch61>
2
</Switch61>
<Switch62>
1
</Switch62>
<Switch63>
6
</Switch63>
<Switch64>
15
</Switch64>
<Switch65>
15
</Switch65>
<Switch66>
4
</Switch66>
<Switch67>
17
</Switch67>
<Switch68>
15
</Switch68>
<Switch69>
15
</Switch69>
<Switch70>
15
</Switch70>
<Switch71>
18
</Switch71>
<Switch72>
4
</Switch72>
<Switch73>
11
</Switch73>
<Switch74>
10
</Switch74>
<Switch75>
3
</Switch75>
<Switch76>
11
</Switch76>
<Switch77>
15
</Switch77>
<Switch78>
19
</Switch78>
<Switch79>
4
</Switch79>
<Switch80>
19
</Switch80>
<Switch81>
11
</Switch81>
<Switch82>
8
</Switch82>
<Switch83>
15
</Switch83>
<Switch84>
6
</Switch84>
<Switch85>
14
</Switch85>
<Switch86>
12
</Switch86>
<Switch87>
6
</Switch87>
<Switch88>
10
</Switch88>
<Switch89>
18
</Switch89>
<Switch90>
12
</Switch90>
<Switch91>
3
</Switch91>
<Switch92>
12
</Switch92>
<Switch93>
10
</Switch93>
<Switch94>
16
</Switch94>
<Switch95>
5
</Switch95>
<Switch96>
15
</Switch96>
<Switch97>
12
</Switch97>
<Switch98>
17
</Switch98>
<Switch99>
11
</Switch99>
<Switch100>
3
</Switch100>
<Switch101>
3
</Switch101>
<Switch102>
8
</Switch102>
<Switch103>
15
</Switch103>
<Switch104>
8
</Switch104>
<Switch105>
14
</Switch105>
<Switch106>
9
</Switch106>
<Switch107>
9
</Switch107>
<Switch108>
1
</Switch108>
<Switch109>
0
</Switch109>
<Switch110>
1
</Switch110>
<Switch111>
1
</Switch111>
<Switch112>
9
</Switch112>
<Switch113>
17
</Switch113>
<Switch114>
6
</Switch114>
<Switch115>
16
</Switch115>
<Switch116>
0
</Switch116>
<Switch117>
14
</Switch117>
<Switch118>
0
</Switch118>
<Switch119>
19
</Switch119>
<Switch120>
5
</Switch120>
<Switch121>
12
</Switch121>
<Switch122>
9
</Switch122>
<Switch123>
15
</Switch123>
<Switch124>
1
</Switch124>
<Switch125>
5
</Switch125>
<Switch126>
7
</Switch126>
<Switch127>
13
</Switch127>
<Switch128>
16
</Switch128>
<Switch129>
4
</Switch129>
<Switch130>
18
</Switch130>
<Switch131>
16
</Switch131>
<Switch132>
8
</Switch132>
<Switch133>
16
</Switch133>
<Switch134>
1
</Switch134>
<Switch135>
18
</Switch135>
<Switch136>
17
</Switch136>
<Switch137>
5
</Switch137>
<Switch138>
1
</Switch138>
<Switch139>
8
</Switch139>
<Switch140>
1
</Switch140>
<Switch141>
6
</Switch141>
<Switch142>
5
</Switch142>
<Switch143>
18
</Switch143>
<Switch144>
17
</Switch144>
<Switch145>
7
</Switch145>
<Switch146>
2
</Switch146>
<Switch147>
7
</Switch147>
<Switch148>
9
</Switch148>
<Switch149>
16
</Switch149>
<Switch150>
19
</Switch150>
<Switch151>
5
</Switch151>
<Switch152>
2
</Switch152>
<Switch153>
15
</Switch153>
<Switch154>
18
</Switch154>
<Switch155>
2
</Switch155>
<Switch156>
13
</Switch156>
<Switch157>
16
</Switch157>
<Switch158>
12
</Switch158>
<Switch159>
7
</Switch159>
<Switch160>
17
</Switch160>
<Switch161>
9
</Switch161>
<Switch162>
15
</Switch162>
<Switch163>
14
</Switch163>
<Switch164>
10
</Switch164>
<Switch165>
16
</Switch165>
<Switch166>
18
</Switch166>
<Switch167>
12
</Switch167>
<Switch168>
8
</Switch168>
<Switch169>
10
</Switch169>
<Switch170>
10
</Switch170>
<Switch171>
7
</Switch171>
<Switch172>
6
</Switch172>
<Switch173>
14
</Switch173>
<Switch174>
18
</Switch174>
<Switch175>
11
</Switch175>
<Switch176>
12
</Switch176>
<Switch177>
5
</Switch177>
<Switch178>
8
</Switch178>
<Switch179>
8
</Switch179>
<Switch180>
5
</Switch180>
<Switch181>
8
</Switch181>
<Switch182>
8
</Switch182>
</BaseID:142>
