<?xml version="1.0"?>

<BaseID:149>
<Switch1>
10
</Switch1>
<Switch2>
1
</Switch2>
<Switch3>
7
</Switch3>
<Switch4>
9
</Switch4>
<Switch5>
17
</Switch5>
<Switch6>
18
</Switch6>
<Switch7>
15
</Switch7>
<Switch8>
12
</Switch8>
<Switch9>
3
</Switch9>
<Switch10>
5
</Switch10>
<Switch11>
2
</Switch11>
<Switch12>
16
</Switch12>
<Switch13>
5
</Switch13>
<Switch14>
15
</Switch14>
<Switch15>
17
</Switch15>
<Switch16>
14
</Switch16>
<Switch17>
9
</Switch17>
<Switch18>
4
</Switch18>
<Switch19>
18
</Switch19>
<Switch20>
0
</Switch20>
<Switch21>
18
</Switch21>
<Switch22>
17
</Switch22>
<Switch23>
5
</Switch23>
<Switch24>
10
</Switch24>
<Switch25>
9
</Switch25>
<Switch26>
2
</Switch26>
<Switch27>
13
</Switch27>
<Switch28>
6
</Switch28>
<Switch29>
6
</Switch29>
<Switch30>
11
</Switch30>
<Switch31>
1
</Switch31>
<Switch32>
5
</Switch32>
<Switch33>
6
</Switch33>
<Switch34>
8
</Switch34>
<Switch35>
2
</Switch35>
<Switch36>
17
</Switch36>
<Switch37>
17
</Switch37>
<Switch38>
3
</Switch38>
<Switch39>
13
</Switch39>
<Switch40>
11
</Switch40>
<Switch41>
15
</Switch41>
<Switch42>
10
</Switch42>
<Switch43>
9
</Switch43>
<Switch44>
6
</Switch44>
<Switch45>
12
</Switch45>
<Switch46>
17
</Switch46>
<Switch47>
3
</Switch47>
<Switch48>
2
</Switch48>
<Switch49>
6
</Switch49>
<Switch50>
11
</Switch50>
<Switch51>
4
</Switch51>
<Switch52>
8
</Switch52>
<Switch53>
8
</Switch53>
<Switch54>
10
</Switch54>
<Switch55>
1
</Switch55>
<Switch56>
19
</Switch56>
<Switch57>
13
</Switch57>
<Switch58>
4
</Switch58>
<Switch59>
17
</Switch59>
<Switch60>
16
</Switch60>
<Switch61>
13
</Switch61>
<Switch62>
18
</Switch62>
<Switch63>
19
</Switch63>
<Switch64>
11
</Switch64>
<Switch65>
16
</Switch65>
<Switch66>
19
</Switch66>
<Switch67>
2
</Switch67>
<Switch68>
1
</Switch68>
<Switch69>
13
</Switch69>
<Switch70>
2
</Switch70>
<Switch71>
16
</Switch71>
<Switch72>
7
</Switch72>
<Switch73>
19
</Switch73>
<Switch74>
17
</Switch74>
<Switch75>
19
</Switch75>
<Switch76>
13
</Switch76>
<Switch77>
12
</Switch77>
<Switch78>
14
</Switch78>
<Switch79>
3
</Switch79>
<Switch80>
12
</Switch80>
<Switch81>
10
</Switch81>
<Switch82>
4
</Switch82>
<Switch83>
5
</Switch83>
<Switch84>
5
</Switch84>
<Switch85>
12
</Switch85>
<Switch86>
11
</Switch86>
<Switch87>
4
</Switch87>
<Switch88>
6
</Switch88>
<Switch89>
5
</Switch89>
<Switch90>
13
</Switch90>
<Switch91>
18
</Switch91>
<Switch92>
16
</Switch92>
<Switch93>
4
</Switch93>
<Switch94>
1
</Switch94>
<Switch95>
18
</Switch95>
<Switch96>
9
</Switch96>
<Switch97>
16
</Switch97>
<Switch98>
19
</Switch98>
<Switch99>
13
</Switch99>
<Switch100>
13
</Switch100>
<Switch101>
10
</Switch101>
<Switch102>
6
</Switch102>
<Switch103>
7
</Switch103>
<Switch104>
19
</Switch104>
<Switch105>
9
</Switch105>
<Switch106>
6
</Switch106>
<Switch107>
1
</Switch107>
<Switch108>
4
</Switch108>
<Switch109>
14
</Switch109>
<Switch110>
1
</Switch110>
<Switch111>
9
</Switch111>
<Switch112>
2
</Switch112>
<Switch113>
10
</Switch113>
<Switch114>
19
</Switch114>
<Switch115>
18
</Switch115>
<Switch116>
4
</Switch116>
<Switch117>
10
</Switch117>
<Switch118>
11
</Switch118>
<Switch119>
17
</Switch119>
<Switch120>
8
</Switch120>
<Switch121>
10
</Switch121>
<Switch122>
2
</Switch122>
<Switch123>
16
</Switch123>
<Switch124>
4
</Switch124>
<Switch125>
10
</Switch125>
<Switch126>
1
</Switch126>
<Switch127>
11
</Switch127>
<Switch128>
13
</Switch128>
<Switch129>
13
</Switch129>
<Switch130>
11
</Switch130>
<Switch131>
2
</Switch131>
<Switch132>
4
</Switch132>
<Switch133>
19
</Switch133>
<Switch134>
11
</Switch134>
<Switch135>
11
</Switch135>
<Switch136>
15
</Switch136>
<Switch137>
18
</Switch137>
<Switch138>
16
</Switch138>
<Switch139>
1
</Switch139>
<Switch140>
8
</Switch140>
<Switch141>
5
</Switch141>
<Switch142>
10
</Switch142>
<Switch143>
0
</Switch143>
<Switch144>
6
</Switch144>
<Switch145>
2
</Switch145>
<Switch146>
9
</Switch146>
<Switch147>
11
</Switch147>
<Switch148>
9
</Switch148>
<Switch149>
10
</Switch149>
<Switch150>
10
</Switch150>
<Switch151>
8
</Switch151>
<Switch152>
12
</Switch152>
<Switch153>
12
</Switch153>
<Switch154>
19
</Switch154>
<Switch155>
16
</Switch155>
<Switch156>
10
</Switch156>
<Switch157>
18
</Switch157>
<Switch158>
0
</Switch158>
<Switch159>
1
</Switch159>
<Switch160>
9
</Switch160>
<Switch161>
16
</Switch161>
<Switch162>
4
</Switch162>
<Switch163>
16
</Switch163>
<Switch164>
8
</Switch164>
<Switch165>
11
</Switch165>
<Switch166>
5
</Switch166>
<Switch167>
15
</Switch167>
<Switch168>
3
</Switch168>
<Switch169>
1
</Switch169>
<Switch170>
19
</Switch170>
<Switch171>
4
</Switch171>
<Switch172>
5
</Switch172>
<Switch173>
9
</Switch173>
<Switch174>
0
</Switch174>
<Switch175>
0
</Switch175>
<Switch176>
15
</Switch176>
<Switch177>
5
</Switch177>
<Switch178>
14
</Switch178>
<Switch179>
16
</Switch179>
<Switch180>
8
</Switch180>
<Switch181>
16
</Switch181>
<Switch182>
8
</Switch182>
<Switch183>
14
</Switch183>
<Switch184>
2
</Switch184>
<Switch185>
14
</Switch185>
<Switch186>
7
</Switch186>
<Switch187>
8
</Switch187>
<Switch188>
14
</Switch188>
<Switch189>
6
</Switch189>
<Switch190>
15
</Switch190>
<Switch191>
1
</Switch191>
<Switch192>
17
</Switch192>
<Switch193>
0
</Switch193>
<Switch194>
9
</Switch194>
<Switch195>
4
</Switch195>
<Switch196>
19
</Switch196>
<Switch197>
16
</Switch197>
<Switch198>
16
</Switch198>
<Switch199>
12
</Switch199>
<Switch200>
4
</Switch200>
<Switch201>
15
</Switch201>
<Switch202>
5
</Switch202>
<Switch203>
10
</Switch203>
<Switch204>
6
</Switch204>
<Switch205>
18
</Switch205>
<Switch206>
5
</Switch206>
<Switch207>
10
</Switch207>
<Switch208>
14
</Switch208>
<Switch209>
16
</Switch209>
<Switch210>
1
</Switch210>
<Switch211>
9
</Switch211>
<Switch212>
16
</Switch212>
<Switch213>
13
</Switch213>
<Switch214>
1
</Switch214>
<Switch215>
6
</Switch215>
<Switch216>
2
</Switch216>
<Switch217>
5
</Switch217>
<Switch218>
2
</Switch218>
<Switch219>
8
</Switch219>
<Switch220>
2
</Switch220>
<Switch221>
18
</Switch221>
<Switch222>
15
</Switch222>
<Switch223>
13
</Switch223>
<Switch224>
3
</Switch224>
<Switch225>
11
</Switch225>
<Switch226>
7
</Switch226>
<Switch227>
3
</Switch227>
<Switch228>
6
</Switch228>
<Switch229>
13
</Switch229>
<Switch230>
8
</Switch230>
<Switch231>
0
</Switch231>
<Switch232>
13
</Switch232>
<Switch233>
8
</Switch233>
<Switch234>
11
</Switch234>
<Switch235>
18
</Switch235>
<Switch236>
9
</Switch236>
<Switch237>
4
</Switch237>
<Switch238>
0
</Switch238>
<Switch239>
5
</Switch239>
<Switch240>
18
</Switch240>
<Switch241>
3
</Switch241>
<Switch242>
3
</Switch242>
<Switch243>
13
</Switch243>
<Switch244>
7
</Switch244>
<Switch245>
12
</Switch245>
<Switch246>
5
</Switch246>
<Switch247>
13
</Switch247>
<Switch248>
9
</Switch248>
<Switch249>
16
</Switch249>
<Switch250>
1
</Switch250>
<Switch251>
6
</Switch251>
<Switch252>
0
</Switch252>
<Switch253>
0
</Switch253>
<Switch254>
14
</Switch254>
<Switch255>
0
</Switch255>
<Switch256>
1
</Switch256>
<Switch257>
10
</Switch257>
<Switch258>
1
</Switch258>
<Switch259>
11
</Switch259>
<Switch260>
4
</Switch260>
<Switch261>
11
</Switch261>
<Switch262>
17
</Switch262>
<Switch263>
10
</Switch263>
<Switch264>
11
</Switch264>
<Switch265>
0
</Switch265>
<Switch266>
7
</Switch266>
<Switch267>
14
</Switch267>
<Switch268>
16
</Switch268>
<Switch269>
4
</Switch269>
<Switch270>
9
</Switch270>
<Switch271>
17
</Switch271>
<Switch272>
3
</Switch272>
<Switch273>
1
</Switch273>
<Switch274>
7
</Switch274>
<Switch275>
2
</Switch275>
<Switch276>
19
</Switch276>
<Switch277>
5
</Switch277>
<Switch278>
0
</Switch278>
<Switch279>
6
</Switch279>
<Switch280>
10
</Switch280>
<Switch281>
17
</Switch281>
<Switch282>
19
</Switch282>
<Switch283>
17
</Switch283>
<Switch284>
17
</Switch284>
<Switch285>
5
</Switch285>
<Switch286>
6
</Switch286>
<Switch287>
19
</Switch287>
<Switch288>
7
</Switch288>
<Switch289>
12
</Switch289>
<Switch290>
12
</Switch290>
<Switch291>
13
</Switch291>
<Switch292>
15
</Switch292>
<Switch293>
8
</Switch293>
<Switch294>
15
</Switch294>
<Switch295>
3
</Switch295>
<Switch296>
0
</Switch296>
<Switch297>
18
</Switch297>
<Switch298>
1
</Switch298>
<Switch299>
13
</Switch299>
<Switch300>
4
</Switch300>
<Switch301>
4
</Switch301>
<Switch302>
8
</Switch302>
<Switch303>
15
</Switch303>
<Switch304>
1
</Switch304>
<Switch305>
11
</Switch305>
<Switch306>
14
</Switch306>
<Switch307>
2
</Switch307>
<Switch308>
16
</Switch308>
<Switch309>
11
</Switch309>
<Switch310>
2
</Switch310>
<Switch311>
1
</Switch311>
<Switch312>
13
</Switch312>
<Switch313>
13
</Switch313>
<Switch314>
1
</Switch314>
<Switch315>
5
</Switch315>
<Switch316>
5
</Switch316>
<Switch317>
6
</Switch317>
<Switch318>
13
</Switch318>
<Switch319>
13
</Switch319>
<Switch320>
11
</Switch320>
<Switch321>
19
</Switch321>
<Switch322>
4
</Switch322>
<Switch323>
5
</Switch323>
<Switch324>
1
</Switch324>
<Switch325>
18
</Switch325>
<Switch326>
18
</Switch326>
<Switch327>
6
</Switch327>
<Switch328>
14
</Switch328>
<Switch329>
10
</Switch329>
<Switch330>
0
</Switch330>
<Switch331>
14
</Switch331>
<Switch332>
1
</Switch332>
<Switch333>
6
</Switch333>
<Switch334>
9
</Switch334>
<Switch335>
11
</Switch335>
<Switch336>
1
</Switch336>
<Switch337>
12
</Switch337>
<Switch338>
3
</Switch338>
<Switch339>
15
</Switch339>
<Switch340>
12
</Switch340>
<Switch341>
1
</Switch341>
<Switch342>
7
</Switch342>
<Switch343>
7
</Switch343>
<Switch344>
15
</Switch344>
<Switch345>
15
</Switch345>
<Switch346>
3
</Switch346>
<Switch347>
1
</Switch347>
<Switch348>
4
</Switch348>
<Switch349>
2
</Switch349>
<Switch350>
13
</Switch350>
<Switch351>
11
</Switch351>
<Switch352>
19
</Switch352>
<Switch353>
12
</Switch353>
<Switch354>
12
</Switch354>
<Switch355>
15
</Switch355>
<Switch356>
19
</Switch356>
<Switch357>
7
</Switch357>
<Switch358>
10
</Switch358>
<Switch359>
12
</Switch359>
<Switch360>
16
</Switch360>
<Switch361>
10
</Switch361>
<Switch362>
13
</Switch362>
<Switch363>
3
</Switch363>
<Switch364>
6
</Switch364>
<Switch365>
13
</Switch365>
<Switch366>
16
</Switch366>
<Switch367>
15
</Switch367>
<Switch368>
6
</Switch368>
<Switch369>
17
</Switch369>
<Switch370>
19
</Switch370>
<Switch371>
7
</Switch371>
<Switch372>
17
</Switch372>
<Switch373>
4
</Switch373>
<Switch374>
4
</Switch374>
<Switch375>
19
</Switch375>
<Switch376>
15
</Switch376>
<Switch377>
1
</Switch377>
<Switch378>
12
</Switch378>
<Switch379>
11
</Switch379>
<Switch380>
17
</Switch380>
<Switch381>
5
</Switch381>
<Switch382>
8
</Switch382>
<Switch383>
0
</Switch383>
<Switch384>
2
</Switch384>
<Switch385>
7
</Switch385>
<Switch386>
17
</Switch386>
<Switch387>
2
</Switch387>
<Switch388>
8
</Switch388>
<Switch389>
9
</Switch389>
<Switch390>
12
</Switch390>
<Switch391>
19
</Switch391>
<Switch392>
11
</Switch392>
<Switch393>
16
</Switch393>
<Switch394>
12
</Switch394>
</BaseID:149>
