<?xml version="1.0"?>

<BaseID:150>
<Switch1>
9
</Switch1>
<Switch2>
0
</Switch2>
<Switch3>
15
</Switch3>
<Switch4>
4
</Switch4>
<Switch5>
14
</Switch5>
<Switch6>
17
</Switch6>
<Switch7>
16
</Switch7>
<Switch8>
2
</Switch8>
<Switch9>
1
</Switch9>
<Switch10>
7
</Switch10>
<Switch11>
1
</Switch11>
<Switch12>
9
</Switch12>
<Switch13>
16
</Switch13>
<Switch14>
7
</Switch14>
<Switch15>
19
</Switch15>
<Switch16>
7
</Switch16>
<Switch17>
5
</Switch17>
<Switch18>
16
</Switch18>
<Switch19>
2
</Switch19>
<Switch20>
3
</Switch20>
<Switch21>
2
</Switch21>
<Switch22>
2
</Switch22>
<Switch23>
15
</Switch23>
<Switch24>
12
</Switch24>
<Switch25>
6
</Switch25>
<Switch26>
9
</Switch26>
<Switch27>
0
</Switch27>
<Switch28>
5
</Switch28>
<Switch29>
6
</Switch29>
<Switch30>
8
</Switch30>
<Switch31>
14
</Switch31>
<Switch32>
13
</Switch32>
<Switch33>
11
</Switch33>
<Switch34>
4
</Switch34>
<Switch35>
18
</Switch35>
<Switch36>
13
</Switch36>
<Switch37>
7
</Switch37>
<Switch38>
11
</Switch38>
<Switch39>
9
</Switch39>
<Switch40>
2
</Switch40>
<Switch41>
11
</Switch41>
<Switch42>
19
</Switch42>
<Switch43>
1
</Switch43>
<Switch44>
11
</Switch44>
<Switch45>
15
</Switch45>
<Switch46>
0
</Switch46>
<Switch47>
16
</Switch47>
<Switch48>
4
</Switch48>
<Switch49>
2
</Switch49>
<Switch50>
8
</Switch50>
<Switch51>
7
</Switch51>
<Switch52>
4
</Switch52>
<Switch53>
18
</Switch53>
<Switch54>
3
</Switch54>
<Switch55>
14
</Switch55>
<Switch56>
8
</Switch56>
<Switch57>
4
</Switch57>
<Switch58>
7
</Switch58>
<Switch59>
12
</Switch59>
<Switch60>
16
</Switch60>
<Switch61>
13
</Switch61>
<Switch62>
15
</Switch62>
<Switch63>
1
</Switch63>
<Switch64>
9
</Switch64>
<Switch65>
0
</Switch65>
<Switch66>
1
</Switch66>
<Switch67>
15
</Switch67>
<Switch68>
2
</Switch68>
<Switch69>
15
</Switch69>
<Switch70>
16
</Switch70>
<Switch71>
18
</Switch71>
<Switch72>
0
</Switch72>
<Switch73>
5
</Switch73>
<Switch74>
12
</Switch74>
<Switch75>
5
</Switch75>
<Switch76>
13
</Switch76>
<Switch77>
15
</Switch77>
<Switch78>
9
</Switch78>
<Switch79>
14
</Switch79>
<Switch80>
7
</Switch80>
<Switch81>
12
</Switch81>
<Switch82>
7
</Switch82>
<Switch83>
18
</Switch83>
<Switch84>
2
</Switch84>
<Switch85>
12
</Switch85>
<Switch86>
18
</Switch86>
<Switch87>
17
</Switch87>
<Switch88>
8
</Switch88>
<Switch89>
8
</Switch89>
<Switch90>
17
</Switch90>
<Switch91>
5
</Switch91>
<Switch92>
18
</Switch92>
<Switch93>
19
</Switch93>
<Switch94>
12
</Switch94>
<Switch95>
3
</Switch95>
<Switch96>
1
</Switch96>
<Switch97>
0
</Switch97>
<Switch98>
15
</Switch98>
<Switch99>
4
</Switch99>
<Switch100>
11
</Switch100>
<Switch101>
3
</Switch101>
<Switch102>
9
</Switch102>
<Switch103>
13
</Switch103>
<Switch104>
3
</Switch104>
<Switch105>
4
</Switch105>
<Switch106>
3
</Switch106>
<Switch107>
13
</Switch107>
<Switch108>
3
</Switch108>
<Switch109>
8
</Switch109>
<Switch110>
7
</Switch110>
<Switch111>
8
</Switch111>
<Switch112>
17
</Switch112>
<Switch113>
0
</Switch113>
<Switch114>
9
</Switch114>
<Switch115>
1
</Switch115>
<Switch116>
10
</Switch116>
<Switch117>
15
</Switch117>
<Switch118>
18
</Switch118>
<Switch119>
2
</Switch119>
<Switch120>
3
</Switch120>
<Switch121>
19
</Switch121>
<Switch122>
14
</Switch122>
<Switch123>
12
</Switch123>
<Switch124>
6
</Switch124>
<Switch125>
16
</Switch125>
<Switch126>
12
</Switch126>
<Switch127>
19
</Switch127>
<Switch128>
17
</Switch128>
<Switch129>
8
</Switch129>
<Switch130>
14
</Switch130>
<Switch131>
19
</Switch131>
<Switch132>
10
</Switch132>
<Switch133>
0
</Switch133>
<Switch134>
6
</Switch134>
<Switch135>
8
</Switch135>
<Switch136>
12
</Switch136>
<Switch137>
8
</Switch137>
<Switch138>
0
</Switch138>
<Switch139>
13
</Switch139>
<Switch140>
5
</Switch140>
<Switch141>
18
</Switch141>
<Switch142>
9
</Switch142>
<Switch143>
15
</Switch143>
<Switch144>
13
</Switch144>
<Switch145>
13
</Switch145>
<Switch146>
2
</Switch146>
<Switch147>
18
</Switch147>
<Switch148>
14
</Switch148>
<Switch149>
5
</Switch149>
<Switch150>
15
</Switch150>
<Switch151>
12
</Switch151>
<Switch152>
6
</Switch152>
<Switch153>
0
</Switch153>
<Switch154>
0
</Switch154>
<Switch155>
17
</Switch155>
<Switch156>
7
</Switch156>
<Switch157>
0
</Switch157>
<Switch158>
18
</Switch158>
<Switch159>
1
</Switch159>
<Switch160>
15
</Switch160>
<Switch161>
7
</Switch161>
<Switch162>
1
</Switch162>
<Switch163>
5
</Switch163>
<Switch164>
4
</Switch164>
<Switch165>
4
</Switch165>
<Switch166>
1
</Switch166>
<Switch167>
18
</Switch167>
<Switch168>
18
</Switch168>
<Switch169>
16
</Switch169>
<Switch170>
19
</Switch170>
<Switch171>
8
</Switch171>
<Switch172>
19
</Switch172>
<Switch173>
13
</Switch173>
<Switch174>
16
</Switch174>
<Switch175>
13
</Switch175>
<Switch176>
0
</Switch176>
<Switch177>
8
</Switch177>
<Switch178>
2
</Switch178>
<Switch179>
3
</Switch179>
<Switch180>
8
</Switch180>
<Switch181>
5
</Switch181>
<Switch182>
14
</Switch182>
<Switch183>
11
</Switch183>
<Switch184>
5
</Switch184>
<Switch185>
8
</Switch185>
<Switch186>
1
</Switch186>
<Switch187>
4
</Switch187>
<Switch188>
19
</Switch188>
<Switch189>
3
</Switch189>
<Switch190>
10
</Switch190>
<Switch191>
17
</Switch191>
<Switch192>
0
</Switch192>
<Switch193>
18
</Switch193>
<Switch194>
10
</Switch194>
<Switch195>
18
</Switch195>
<Switch196>
2
</Switch196>
<Switch197>
9
</Switch197>
<Switch198>
4
</Switch198>
<Switch199>
16
</Switch199>
<Switch200>
14
</Switch200>
<Switch201>
4
</Switch201>
<Switch202>
4
</Switch202>
<Switch203>
11
</Switch203>
<Switch204>
10
</Switch204>
<Switch205>
1
</Switch205>
<Switch206>
7
</Switch206>
<Switch207>
4
</Switch207>
<Switch208>
2
</Switch208>
<Switch209>
12
</Switch209>
<Switch210>
8
</Switch210>
<Switch211>
16
</Switch211>
<Switch212>
18
</Switch212>
<Switch213>
15
</Switch213>
<Switch214>
19
</Switch214>
<Switch215>
8
</Switch215>
<Switch216>
16
</Switch216>
<Switch217>
14
</Switch217>
<Switch218>
11
</Switch218>
<Switch219>
13
</Switch219>
<Switch220>
9
</Switch220>
<Switch221>
5
</Switch221>
<Switch222>
9
</Switch222>
<Switch223>
19
</Switch223>
<Switch224>
11
</Switch224>
<Switch225>
13
</Switch225>
<Switch226>
19
</Switch226>
<Switch227>
6
</Switch227>
<Switch228>
19
</Switch228>
<Switch229>
1
</Switch229>
<Switch230>
7
</Switch230>
<Switch231>
9
</Switch231>
<Switch232>
8
</Switch232>
<Switch233>
17
</Switch233>
<Switch234>
11
</Switch234>
<Switch235>
14
</Switch235>
<Switch236>
1
</Switch236>
<Switch237>
14
</Switch237>
<Switch238>
19
</Switch238>
<Switch239>
7
</Switch239>
<Switch240>
6
</Switch240>
<Switch241>
18
</Switch241>
<Switch242>
10
</Switch242>
<Switch243>
19
</Switch243>
<Switch244>
18
</Switch244>
<Switch245>
11
</Switch245>
<Switch246>
16
</Switch246>
<Switch247>
18
</Switch247>
<Switch248>
10
</Switch248>
<Switch249>
3
</Switch249>
<Switch250>
16
</Switch250>
<Switch251>
7
</Switch251>
<Switch252>
10
</Switch252>
<Switch253>
6
</Switch253>
<Switch254>
10
</Switch254>
<Switch255>
12
</Switch255>
<Switch256>
18
</Switch256>
<Switch257>
7
</Switch257>
<Switch258>
18
</Switch258>
<Switch259>
12
</Switch259>
<Switch260>
11
</Switch260>
<Switch261>
18
</Switch261>
<Switch262>
1
</Switch262>
<Switch263>
9
</Switch263>
<Switch264>
16
</Switch264>
<Switch265>
15
</Switch265>
<Switch266>
4
</Switch266>
<Switch267>
13
</Switch267>
<Switch268>
15
</Switch268>
<Switch269>
12
</Switch269>
<Switch270>
3
</Switch270>
<Switch271>
19
</Switch271>
<Switch272>
1
</Switch272>
<Switch273>
5
</Switch273>
<Switch274>
18
</Switch274>
<Switch275>
2
</Switch275>
<Switch276>
15
</Switch276>
<Switch277>
17
</Switch277>
<Switch278>
11
</Switch278>
<Switch279>
1
</Switch279>
<Switch280>
4
</Switch280>
<Switch281>
18
</Switch281>
<Switch282>
9
</Switch282>
<Switch283>
3
</Switch283>
<Switch284>
4
</Switch284>
<Switch285>
2
</Switch285>
<Switch286>
2
</Switch286>
<Switch287>
7
</Switch287>
<Switch288>
14
</Switch288>
<Switch289>
17
</Switch289>
<Switch290>
17
</Switch290>
<Switch291>
17
</Switch291>
<Switch292>
14
</Switch292>
<Switch293>
10
</Switch293>
<Switch294>
10
</Switch294>
<Switch295>
0
</Switch295>
<Switch296>
13
</Switch296>
<Switch297>
13
</Switch297>
<Switch298>
3
</Switch298>
<Switch299>
3
</Switch299>
<Switch300>
18
</Switch300>
<Switch301>
16
</Switch301>
<Switch302>
7
</Switch302>
<Switch303>
19
</Switch303>
<Switch304>
15
</Switch304>
<Switch305>
18
</Switch305>
<Switch306>
17
</Switch306>
<Switch307>
14
</Switch307>
<Switch308>
5
</Switch308>
<Switch309>
13
</Switch309>
<Switch310>
0
</Switch310>
<Switch311>
18
</Switch311>
<Switch312>
9
</Switch312>
<Switch313>
8
</Switch313>
<Switch314>
6
</Switch314>
<Switch315>
9
</Switch315>
<Switch316>
17
</Switch316>
<Switch317>
13
</Switch317>
<Switch318>
8
</Switch318>
<Switch319>
17
</Switch319>
<Switch320>
19
</Switch320>
<Switch321>
6
</Switch321>
<Switch322>
9
</Switch322>
<Switch323>
5
</Switch323>
<Switch324>
4
</Switch324>
<Switch325>
7
</Switch325>
<Switch326>
7
</Switch326>
<Switch327>
3
</Switch327>
<Switch328>
4
</Switch328>
<Switch329>
8
</Switch329>
<Switch330>
11
</Switch330>
<Switch331>
2
</Switch331>
<Switch332>
6
</Switch332>
<Switch333>
0
</Switch333>
<Switch334>
0
</Switch334>
<Switch335>
3
</Switch335>
<Switch336>
7
</Switch336>
<Switch337>
16
</Switch337>
<Switch338>
16
</Switch338>
<Switch339>
19
</Switch339>
<Switch340>
17
</Switch340>
<Switch341>
0
</Switch341>
<Switch342>
6
</Switch342>
<Switch343>
11
</Switch343>
<Switch344>
7
</Switch344>
<Switch345>
4
</Switch345>
<Switch346>
8
</Switch346>
<Switch347>
9
</Switch347>
<Switch348>
12
</Switch348>
<Switch349>
4
</Switch349>
<Switch350>
4
</Switch350>
<Switch351>
9
</Switch351>
<Switch352>
4
</Switch352>
<Switch353>
6
</Switch353>
<Switch354>
11
</Switch354>
<Switch355>
12
</Switch355>
<Switch356>
2
</Switch356>
<Switch357>
8
</Switch357>
<Switch358>
3
</Switch358>
<Switch359>
16
</Switch359>
<Switch360>
16
</Switch360>
<Switch361>
7
</Switch361>
<Switch362>
14
</Switch362>
<Switch363>
12
</Switch363>
<Switch364>
17
</Switch364>
<Switch365>
13
</Switch365>
<Switch366>
1
</Switch366>
<Switch367>
19
</Switch367>
<Switch368>
2
</Switch368>
<Switch369>
16
</Switch369>
<Switch370>
1
</Switch370>
<Switch371>
1
</Switch371>
<Switch372>
13
</Switch372>
<Switch373>
4
</Switch373>
<Switch374>
1
</Switch374>
<Switch375>
10
</Switch375>
<Switch376>
19
</Switch376>
<Switch377>
7
</Switch377>
<Switch378>
16
</Switch378>
<Switch379>
2
</Switch379>
<Switch380>
4
</Switch380>
<Switch381>
1
</Switch381>
<Switch382>
19
</Switch382>
<Switch383>
19
</Switch383>
<Switch384>
14
</Switch384>
<Switch385>
19
</Switch385>
<Switch386>
9
</Switch386>
<Switch387>
6
</Switch387>
<Switch388>
18
</Switch388>
<Switch389>
12
</Switch389>
<Switch390>
11
</Switch390>
<Switch391>
10
</Switch391>
<Switch392>
6
</Switch392>
<Switch393>
14
</Switch393>
<Switch394>
6
</Switch394>
<Switch395>
6
</Switch395>
<Switch396>
9
</Switch396>
<Switch397>
15
</Switch397>
<Switch398>
18
</Switch398>
<Switch399>
16
</Switch399>
<Switch400>
0
</Switch400>
<Switch401>
10
</Switch401>
<Switch402>
17
</Switch402>
<Switch403>
11
</Switch403>
<Switch404>
11
</Switch404>
<Switch405>
6
</Switch405>
<Switch406>
10
</Switch406>
<Switch407>
3
</Switch407>
<Switch408>
0
</Switch408>
<Switch409>
17
</Switch409>
<Switch410>
1
</Switch410>
<Switch411>
10
</Switch411>
<Switch412>
12
</Switch412>
<Switch413>
17
</Switch413>
<Switch414>
17
</Switch414>
<Switch415>
15
</Switch415>
<Switch416>
8
</Switch416>
<Switch417>
6
</Switch417>
<Switch418>
0
</Switch418>
<Switch419>
14
</Switch419>
<Switch420>
10
</Switch420>
<Switch421>
13
</Switch421>
<Switch422>
14
</Switch422>
<Switch423>
6
</Switch423>
<Switch424>
6
</Switch424>
<Switch425>
7
</Switch425>
<Switch426>
16
</Switch426>
<Switch427>
11
</Switch427>
<Switch428>
4
</Switch428>
<Switch429>
3
</Switch429>
<Switch430>
16
</Switch430>
<Switch431>
1
</Switch431>
<Switch432>
16
</Switch432>
<Switch433>
1
</Switch433>
<Switch434>
16
</Switch434>
<Switch435>
14
</Switch435>
<Switch436>
18
</Switch436>
<Switch437>
10
</Switch437>
<Switch438>
0
</Switch438>
<Switch439>
0
</Switch439>
<Switch440>
12
</Switch440>
<Switch441>
13
</Switch441>
<Switch442>
18
</Switch442>
<Switch443>
15
</Switch443>
<Switch444>
1
</Switch444>
<Switch445>
13
</Switch445>
<Switch446>
0
</Switch446>
<Switch447>
17
</Switch447>
<Switch448>
3
</Switch448>
<Switch449>
2
</Switch449>
<Switch450>
15
</Switch450>
<Switch451>
9
</Switch451>
<Switch452>
5
</Switch452>
<Switch453>
18
</Switch453>
<Switch454>
0
</Switch454>
<Switch455>
10
</Switch455>
<Switch456>
16
</Switch456>
<Switch457>
3
</Switch457>
<Switch458>
1
</Switch458>
<Switch459>
9
</Switch459>
<Switch460>
12
</Switch460>
<Switch461>
3
</Switch461>
<Switch462>
7
</Switch462>
<Switch463>
18
</Switch463>
<Switch464>
11
</Switch464>
<Switch465>
17
</Switch465>
<Switch466>
17
</Switch466>
<Switch467>
6
</Switch467>
<Switch468>
10
</Switch468>
<Switch469>
16
</Switch469>
<Switch470>
4
</Switch470>
<Switch471>
7
</Switch471>
<Switch472>
4
</Switch472>
<Switch473>
7
</Switch473>
<Switch474>
15
</Switch474>
<Switch475>
9
</Switch475>
<Switch476>
0
</Switch476>
<Switch477>
3
</Switch477>
<Switch478>
2
</Switch478>
<Switch479>
2
</Switch479>
<Switch480>
19
</Switch480>
<Switch481>
0
</Switch481>
<Switch482>
12
</Switch482>
<Switch483>
19
</Switch483>
<Switch484>
7
</Switch484>
<Switch485>
14
</Switch485>
<Switch486>
18
</Switch486>
<Switch487>
17
</Switch487>
<Switch488>
15
</Switch488>
<Switch489>
5
</Switch489>
<Switch490>
11
</Switch490>
<Switch491>
2
</Switch491>
<Switch492>
4
</Switch492>
<Switch493>
13
</Switch493>
<Switch494>
9
</Switch494>
<Switch495>
11
</Switch495>
<Switch496>
17
</Switch496>
<Switch497>
11
</Switch497>
<Switch498>
18
</Switch498>
<Switch499>
19
</Switch499>
<Switch500>
7
</Switch500>
<Switch501>
5
</Switch501>
<Switch502>
9
</Switch502>
<Switch503>
11
</Switch503>
<Switch504>
11
</Switch504>
<Switch505>
0
</Switch505>
<Switch506>
3
</Switch506>
<Switch507>
10
</Switch507>
<Switch508>
2
</Switch508>
<Switch509>
16
</Switch509>
<Switch510>
7
</Switch510>
<Switch511>
1
</Switch511>
<Switch512>
0
</Switch512>
<Switch513>
19
</Switch513>
<Switch514>
18
</Switch514>
<Switch515>
12
</Switch515>
<Switch516>
8
</Switch516>
<Switch517>
15
</Switch517>
<Switch518>
15
</Switch518>
<Switch519>
11
</Switch519>
<Switch520>
7
</Switch520>
<Switch521>
11
</Switch521>
<Switch522>
7
</Switch522>
<Switch523>
11
</Switch523>
<Switch524>
4
</Switch524>
<Switch525>
7
</Switch525>
<Switch526>
17
</Switch526>
<Switch527>
13
</Switch527>
<Switch528>
9
</Switch528>
<Switch529>
15
</Switch529>
<Switch530>
18
</Switch530>
<Switch531>
1
</Switch531>
<Switch532>
13
</Switch532>
<Switch533>
3
</Switch533>
<Switch534>
19
</Switch534>
<Switch535>
1
</Switch535>
<Switch536>
14
</Switch536>
<Switch537>
0
</Switch537>
<Switch538>
8
</Switch538>
<Switch539>
0
</Switch539>
<Switch540>
1
</Switch540>
<Switch541>
5
</Switch541>
<Switch542>
6
</Switch542>
<Switch543>
11
</Switch543>
<Switch544>
13
</Switch544>
<Switch545>
12
</Switch545>
<Switch546>
8
</Switch546>
<Switch547>
3
</Switch547>
<Switch548>
5
</Switch548>
<Switch549>
4
</Switch549>
<Switch550>
16
</Switch550>
<Switch551>
9
</Switch551>
<Switch552>
10
</Switch552>
<Switch553>
13
</Switch553>
<Switch554>
13
</Switch554>
<Switch555>
4
</Switch555>
<Switch556>
0
</Switch556>
<Switch557>
10
</Switch557>
<Switch558>
4
</Switch558>
<Switch559>
11
</Switch559>
<Switch560>
12
</Switch560>
<Switch561>
0
</Switch561>
<Switch562>
8
</Switch562>
<Switch563>
19
</Switch563>
<Switch564>
13
</Switch564>
<Switch565>
3
</Switch565>
<Switch566>
7
</Switch566>
<Switch567>
11
</Switch567>
<Switch568>
9
</Switch568>
<Switch569>
18
</Switch569>
<Switch570>
8
</Switch570>
<Switch571>
13
</Switch571>
<Switch572>
3
</Switch572>
<Switch573>
8
</Switch573>
<Switch574>
19
</Switch574>
<Switch575>
2
</Switch575>
<Switch576>
3
</Switch576>
<Switch577>
18
</Switch577>
<Switch578>
8
</Switch578>
<Switch579>
5
</Switch579>
<Switch580>
16
</Switch580>
<Switch581>
5
</Switch581>
<Switch582>
0
</Switch582>
<Switch583>
2
</Switch583>
<Switch584>
14
</Switch584>
<Switch585>
12
</Switch585>
<Switch586>
13
</Switch586>
<Switch587>
4
</Switch587>
<Switch588>
1
</Switch588>
<Switch589>
3
</Switch589>
<Switch590>
8
</Switch590>
<Switch591>
17
</Switch591>
<Switch592>
14
</Switch592>
<Switch593>
3
</Switch593>
<Switch594>
10
</Switch594>
<Switch595>
10
</Switch595>
<Switch596>
17
</Switch596>
<Switch597>
6
</Switch597>
<Switch598>
16
</Switch598>
<Switch599>
19
</Switch599>
<Switch600>
19
</Switch600>
<Switch601>
7
</Switch601>
<Switch602>
13
</Switch602>
<Switch603>
11
</Switch603>
<Switch604>
7
</Switch604>
<Switch605>
11
</Switch605>
<Switch606>
7
</Switch606>
<Switch607>
16
</Switch607>
<Switch608>
5
</Switch608>
<Switch609>
11
</Switch609>
<Switch610>
4
</Switch610>
<Switch611>
10
</Switch611>
<Switch612>
11
</Switch612>
<Switch613>
14
</Switch613>
<Switch614>
7
</Switch614>
<Switch615>
2
</Switch615>
<Switch616>
8
</Switch616>
<Switch617>
7
</Switch617>
<Switch618>
18
</Switch618>
<Switch619>
12
</Switch619>
<Switch620>
13
</Switch620>
<Switch621>
16
</Switch621>
<Switch622>
9
</Switch622>
<Switch623>
16
</Switch623>
<Switch624>
18
</Switch624>
<Switch625>
19
</Switch625>
<Switch626>
18
</Switch626>
<Switch627>
14
</Switch627>
<Switch628>
19
</Switch628>
<Switch629>
2
</Switch629>
<Switch630>
19
</Switch630>
<Switch631>
17
</Switch631>
<Switch632>
9
</Switch632>
<Switch633>
6
</Switch633>
<Switch634>
13
</Switch634>
<Switch635>
14
</Switch635>
<Switch636>
13
</Switch636>
<Switch637>
12
</Switch637>
<Switch638>
9
</Switch638>
<Switch639>
4
</Switch639>
<Switch640>
8
</Switch640>
<Switch641>
3
</Switch641>
<Switch642>
18
</Switch642>
<Switch643>
2
</Switch643>
<Switch644>
5
</Switch644>
<Switch645>
3
</Switch645>
<Switch646>
6
</Switch646>
<Switch647>
13
</Switch647>
<Switch648>
19
</Switch648>
<Switch649>
3
</Switch649>
<Switch650>
6
</Switch650>
<Switch651>
5
</Switch651>
<Switch652>
18
</Switch652>
<Switch653>
19
</Switch653>
<Switch654>
1
</Switch654>
<Switch655>
19
</Switch655>
<Switch656>
1
</Switch656>
<Switch657>
0
</Switch657>
<Switch658>
5
</Switch658>
<Switch659>
11
</Switch659>
<Switch660>
14
</Switch660>
<Switch661>
8
</Switch661>
<Switch662>
19
</Switch662>
<Switch663>
11
</Switch663>
<Switch664>
3
</Switch664>
<Switch665>
12
</Switch665>
<Switch666>
5
</Switch666>
<Switch667>
0
</Switch667>
<Switch668>
6
</Switch668>
<Switch669>
13
</Switch669>
<Switch670>
9
</Switch670>
<Switch671>
7
</Switch671>
<Switch672>
12
</Switch672>
<Switch673>
11
</Switch673>
<Switch674>
8
</Switch674>
<Switch675>
13
</Switch675>
<Switch676>
6
</Switch676>
<Switch677>
0
</Switch677>
<Switch678>
16
</Switch678>
<Switch679>
0
</Switch679>
<Switch680>
0
</Switch680>
<Switch681>
4
</Switch681>
<Switch682>
16
</Switch682>
<Switch683>
16
</Switch683>
<Switch684>
15
</Switch684>
<Switch685>
11
</Switch685>
<Switch686>
19
</Switch686>
<Switch687>
18
</Switch687>
<Switch688>
19
</Switch688>
<Switch689>
8
</Switch689>
<Switch690>
8
</Switch690>
<Switch691>
8
</Switch691>
<Switch692>
2
</Switch692>
<Switch693>
1
</Switch693>
<Switch694>
12
</Switch694>
<Switch695>
3
</Switch695>
<Switch696>
8
</Switch696>
<Switch697>
8
</Switch697>
<Switch698>
9
</Switch698>
<Switch699>
7
</Switch699>
<Switch700>
12
</Switch700>
<Switch701>
8
</Switch701>
<Switch702>
8
</Switch702>
<Switch703>
4
</Switch703>
<Switch704>
16
</Switch704>
<Switch705>
15
</Switch705>
<Switch706>
7
</Switch706>
<Switch707>
10
</Switch707>
<Switch708>
2
</Switch708>
<Switch709>
9
</Switch709>
<Switch710>
10
</Switch710>
<Switch711>
14
</Switch711>
<Switch712>
7
</Switch712>
<Switch713>
9
</Switch713>
<Switch714>
19
</Switch714>
<Switch715>
4
</Switch715>
<Switch716>
8
</Switch716>
<Switch717>
11
</Switch717>
<Switch718>
12
</Switch718>
<Switch719>
5
</Switch719>
<Switch720>
3
</Switch720>
<Switch721>
0
</Switch721>
<Switch722>
13
</Switch722>
<Switch723>
11
</Switch723>
<Switch724>
7
</Switch724>
<Switch725>
3
</Switch725>
<Switch726>
3
</Switch726>
<Switch727>
0
</Switch727>
<Switch728>
6
</Switch728>
<Switch729>
19
</Switch729>
<Switch730>
1
</Switch730>
<Switch731>
8
</Switch731>
<Switch732>
1
</Switch732>
<Switch733>
15
</Switch733>
<Switch734>
1
</Switch734>
<Switch735>
3
</Switch735>
<Switch736>
13
</Switch736>
<Switch737>
18
</Switch737>
<Switch738>
11
</Switch738>
<Switch739>
2
</Switch739>
<Switch740>
1
</Switch740>
<Switch741>
18
</Switch741>
<Switch742>
7
</Switch742>
<Switch743>
3
</Switch743>
<Switch744>
3
</Switch744>
<Switch745>
18
</Switch745>
<Switch746>
8
</Switch746>
<Switch747>
12
</Switch747>
<Switch748>
9
</Switch748>
<Switch749>
13
</Switch749>
<Switch750>
14
</Switch750>
<Switch751>
9
</Switch751>
<Switch752>
6
</Switch752>
<Switch753>
3
</Switch753>
<Switch754>
9
</Switch754>
<Switch755>
14
</Switch755>
<Switch756>
14
</Switch756>
<Switch757>
0
</Switch757>
<Switch758>
19
</Switch758>
<Switch759>
11
</Switch759>
<Switch760>
14
</Switch760>
<Switch761>
12
</Switch761>
<Switch762>
9
</Switch762>
<Switch763>
19
</Switch763>
<Switch764>
4
</Switch764>
<Switch765>
9
</Switch765>
<Switch766>
9
</Switch766>
<Switch767>
0
</Switch767>
<Switch768>
7
</Switch768>
<Switch769>
12
</Switch769>
<Switch770>
12
</Switch770>
<Switch771>
13
</Switch771>
<Switch772>
19
</Switch772>
<Switch773>
15
</Switch773>
<Switch774>
15
</Switch774>
<Switch775>
12
</Switch775>
<Switch776>
1
</Switch776>
<Switch777>
0
</Switch777>
<Switch778>
0
</Switch778>
<Switch779>
11
</Switch779>
<Switch780>
15
</Switch780>
<Switch781>
3
</Switch781>
<Switch782>
9
</Switch782>
<Switch783>
17
</Switch783>
<Switch784>
11
</Switch784>
<Switch785>
19
</Switch785>
<Switch786>
3
</Switch786>
<Switch787>
13
</Switch787>
<Switch788>
5
</Switch788>
<Switch789>
18
</Switch789>
<Switch790>
5
</Switch790>
<Switch791>
2
</Switch791>
<Switch792>
3
</Switch792>
<Switch793>
4
</Switch793>
<Switch794>
12
</Switch794>
<Switch795>
0
</Switch795>
<Switch796>
1
</Switch796>
<Switch797>
9
</Switch797>
<Switch798>
7
</Switch798>
<Switch799>
16
</Switch799>
<Switch800>
1
</Switch800>
<Switch801>
2
</Switch801>
<Switch802>
18
</Switch802>
<Switch803>
11
</Switch803>
<Switch804>
5
</Switch804>
<Switch805>
4
</Switch805>
<Switch806>
3
</Switch806>
<Switch807>
15
</Switch807>
<Switch808>
5
</Switch808>
<Switch809>
7
</Switch809>
<Switch810>
1
</Switch810>
<Switch811>
14
</Switch811>
<Switch812>
12
</Switch812>
<Switch813>
19
</Switch813>
<Switch814>
15
</Switch814>
<Switch815>
5
</Switch815>
<Switch816>
4
</Switch816>
<Switch817>
0
</Switch817>
<Switch818>
1
</Switch818>
<Switch819>
14
</Switch819>
<Switch820>
14
</Switch820>
<Switch821>
3
</Switch821>
<Switch822>
8
</Switch822>
<Switch823>
11
</Switch823>
<Switch824>
3
</Switch824>
<Switch825>
14
</Switch825>
<Switch826>
4
</Switch826>
<Switch827>
10
</Switch827>
<Switch828>
0
</Switch828>
<Switch829>
9
</Switch829>
<Switch830>
0
</Switch830>
<Switch831>
10
</Switch831>
<Switch832>
4
</Switch832>
<Switch833>
8
</Switch833>
<Switch834>
8
</Switch834>
<Switch835>
3
</Switch835>
<Switch836>
10
</Switch836>
<Switch837>
13
</Switch837>
<Switch838>
10
</Switch838>
<Switch839>
15
</Switch839>
<Switch840>
2
</Switch840>
<Switch841>
10
</Switch841>
<Switch842>
4
</Switch842>
<Switch843>
9
</Switch843>
<Switch844>
6
</Switch844>
<Switch845>
12
</Switch845>
<Switch846>
11
</Switch846>
<Switch847>
6
</Switch847>
<Switch848>
2
</Switch848>
<Switch849>
7
</Switch849>
<Switch850>
2
</Switch850>
<Switch851>
7
</Switch851>
<Switch852>
0
</Switch852>
<Switch853>
10
</Switch853>
<Switch854>
9
</Switch854>
<Switch855>
6
</Switch855>
<Switch856>
18
</Switch856>
<Switch857>
15
</Switch857>
<Switch858>
3
</Switch858>
<Switch859>
10
</Switch859>
<Switch860>
9
</Switch860>
<Switch861>
12
</Switch861>
<Switch862>
19
</Switch862>
<Switch863>
18
</Switch863>
<Switch864>
8
</Switch864>
<Switch865>
9
</Switch865>
<Switch866>
16
</Switch866>
<Switch867>
11
</Switch867>
<Switch868>
10
</Switch868>
<Switch869>
6
</Switch869>
<Switch870>
5
</Switch870>
<Switch871>
1
</Switch871>
<Switch872>
13
</Switch872>
<Switch873>
6
</Switch873>
<Switch874>
17
</Switch874>
</BaseID:150>
