<?xml version="1.0"?>

<BaseID:151>
<Switch1>
17
</Switch1>
<Switch2>
18
</Switch2>
<Switch3>
15
</Switch3>
<Switch4>
9
</Switch4>
<Switch5>
2
</Switch5>
<Switch6>
13
</Switch6>
<Switch7>
11
</Switch7>
<Switch8>
6
</Switch8>
<Switch9>
5
</Switch9>
<Switch10>
0
</Switch10>
<Switch11>
18
</Switch11>
<Switch12>
13
</Switch12>
<Switch13>
14
</Switch13>
<Switch14>
16
</Switch14>
<Switch15>
13
</Switch15>
<Switch16>
11
</Switch16>
<Switch17>
14
</Switch17>
<Switch18>
17
</Switch18>
<Switch19>
2
</Switch19>
<Switch20>
17
</Switch20>
<Switch21>
7
</Switch21>
<Switch22>
1
</Switch22>
<Switch23>
14
</Switch23>
<Switch24>
6
</Switch24>
<Switch25>
4
</Switch25>
<Switch26>
1
</Switch26>
<Switch27>
2
</Switch27>
<Switch28>
3
</Switch28>
<Switch29>
8
</Switch29>
<Switch30>
7
</Switch30>
<Switch31>
10
</Switch31>
<Switch32>
18
</Switch32>
<Switch33>
4
</Switch33>
<Switch34>
19
</Switch34>
<Switch35>
2
</Switch35>
<Switch36>
9
</Switch36>
<Switch37>
5
</Switch37>
<Switch38>
18
</Switch38>
<Switch39>
13
</Switch39>
<Switch40>
13
</Switch40>
<Switch41>
1
</Switch41>
<Switch42>
0
</Switch42>
<Switch43>
16
</Switch43>
<Switch44>
3
</Switch44>
<Switch45>
5
</Switch45>
<Switch46>
13
</Switch46>
<Switch47>
10
</Switch47>
<Switch48>
6
</Switch48>
<Switch49>
8
</Switch49>
<Switch50>
5
</Switch50>
<Switch51>
12
</Switch51>
<Switch52>
3
</Switch52>
<Switch53>
15
</Switch53>
<Switch54>
2
</Switch54>
<Switch55>
17
</Switch55>
<Switch56>
15
</Switch56>
<Switch57>
19
</Switch57>
<Switch58>
7
</Switch58>
<Switch59>
11
</Switch59>
<Switch60>
19
</Switch60>
<Switch61>
5
</Switch61>
<Switch62>
18
</Switch62>
<Switch63>
0
</Switch63>
<Switch64>
18
</Switch64>
<Switch65>
1
</Switch65>
<Switch66>
18
</Switch66>
<Switch67>
13
</Switch67>
<Switch68>
16
</Switch68>
<Switch69>
16
</Switch69>
<Switch70>
8
</Switch70>
<Switch71>
9
</Switch71>
<Switch72>
10
</Switch72>
<Switch73>
1
</Switch73>
<Switch74>
0
</Switch74>
<Switch75>
19
</Switch75>
<Switch76>
18
</Switch76>
<Switch77>
9
</Switch77>
<Switch78>
13
</Switch78>
<Switch79>
17
</Switch79>
<Switch80>
9
</Switch80>
<Switch81>
6
</Switch81>
<Switch82>
9
</Switch82>
<Switch83>
13
</Switch83>
<Switch84>
12
</Switch84>
<Switch85>
0
</Switch85>
<Switch86>
6
</Switch86>
<Switch87>
6
</Switch87>
<Switch88>
8
</Switch88>
<Switch89>
9
</Switch89>
<Switch90>
11
</Switch90>
<Switch91>
16
</Switch91>
<Switch92>
2
</Switch92>
<Switch93>
9
</Switch93>
<Switch94>
7
</Switch94>
<Switch95>
5
</Switch95>
<Switch96>
3
</Switch96>
<Switch97>
18
</Switch97>
<Switch98>
12
</Switch98>
<Switch99>
12
</Switch99>
<Switch100>
14
</Switch100>
<Switch101>
17
</Switch101>
<Switch102>
19
</Switch102>
<Switch103>
1
</Switch103>
<Switch104>
0
</Switch104>
<Switch105>
0
</Switch105>
<Switch106>
17
</Switch106>
<Switch107>
7
</Switch107>
<Switch108>
5
</Switch108>
<Switch109>
5
</Switch109>
<Switch110>
7
</Switch110>
<Switch111>
10
</Switch111>
<Switch112>
18
</Switch112>
<Switch113>
9
</Switch113>
<Switch114>
7
</Switch114>
<Switch115>
16
</Switch115>
<Switch116>
17
</Switch116>
<Switch117>
3
</Switch117>
<Switch118>
18
</Switch118>
<Switch119>
5
</Switch119>
<Switch120>
17
</Switch120>
<Switch121>
12
</Switch121>
<Switch122>
5
</Switch122>
<Switch123>
12
</Switch123>
<Switch124>
19
</Switch124>
<Switch125>
2
</Switch125>
<Switch126>
4
</Switch126>
<Switch127>
6
</Switch127>
<Switch128>
10
</Switch128>
<Switch129>
1
</Switch129>
<Switch130>
2
</Switch130>
<Switch131>
0
</Switch131>
<Switch132>
0
</Switch132>
<Switch133>
6
</Switch133>
<Switch134>
13
</Switch134>
<Switch135>
13
</Switch135>
<Switch136>
5
</Switch136>
<Switch137>
12
</Switch137>
<Switch138>
9
</Switch138>
<Switch139>
0
</Switch139>
<Switch140>
5
</Switch140>
<Switch141>
17
</Switch141>
<Switch142>
4
</Switch142>
<Switch143>
0
</Switch143>
<Switch144>
18
</Switch144>
<Switch145>
13
</Switch145>
<Switch146>
13
</Switch146>
<Switch147>
17
</Switch147>
<Switch148>
4
</Switch148>
<Switch149>
7
</Switch149>
<Switch150>
18
</Switch150>
<Switch151>
15
</Switch151>
<Switch152>
6
</Switch152>
<Switch153>
5
</Switch153>
<Switch154>
5
</Switch154>
<Switch155>
3
</Switch155>
<Switch156>
2
</Switch156>
<Switch157>
10
</Switch157>
<Switch158>
17
</Switch158>
<Switch159>
7
</Switch159>
<Switch160>
17
</Switch160>
<Switch161>
3
</Switch161>
<Switch162>
3
</Switch162>
<Switch163>
15
</Switch163>
<Switch164>
17
</Switch164>
<Switch165>
10
</Switch165>
<Switch166>
7
</Switch166>
<Switch167>
2
</Switch167>
<Switch168>
11
</Switch168>
<Switch169>
11
</Switch169>
<Switch170>
18
</Switch170>
<Switch171>
2
</Switch171>
<Switch172>
9
</Switch172>
<Switch173>
10
</Switch173>
<Switch174>
7
</Switch174>
<Switch175>
7
</Switch175>
<Switch176>
5
</Switch176>
<Switch177>
6
</Switch177>
<Switch178>
1
</Switch178>
<Switch179>
19
</Switch179>
<Switch180>
4
</Switch180>
<Switch181>
12
</Switch181>
<Switch182>
1
</Switch182>
<Switch183>
8
</Switch183>
<Switch184>
7
</Switch184>
<Switch185>
7
</Switch185>
<Switch186>
19
</Switch186>
<Switch187>
5
</Switch187>
<Switch188>
16
</Switch188>
<Switch189>
0
</Switch189>
<Switch190>
3
</Switch190>
<Switch191>
6
</Switch191>
<Switch192>
13
</Switch192>
<Switch193>
8
</Switch193>
<Switch194>
7
</Switch194>
<Switch195>
18
</Switch195>
<Switch196>
1
</Switch196>
<Switch197>
17
</Switch197>
<Switch198>
4
</Switch198>
<Switch199>
3
</Switch199>
<Switch200>
12
</Switch200>
<Switch201>
6
</Switch201>
<Switch202>
3
</Switch202>
<Switch203>
5
</Switch203>
<Switch204>
18
</Switch204>
<Switch205>
11
</Switch205>
<Switch206>
5
</Switch206>
<Switch207>
8
</Switch207>
<Switch208>
11
</Switch208>
<Switch209>
0
</Switch209>
<Switch210>
3
</Switch210>
<Switch211>
12
</Switch211>
<Switch212>
10
</Switch212>
<Switch213>
18
</Switch213>
<Switch214>
4
</Switch214>
<Switch215>
15
</Switch215>
<Switch216>
16
</Switch216>
<Switch217>
12
</Switch217>
<Switch218>
12
</Switch218>
<Switch219>
14
</Switch219>
<Switch220>
4
</Switch220>
<Switch221>
13
</Switch221>
<Switch222>
14
</Switch222>
<Switch223>
18
</Switch223>
<Switch224>
18
</Switch224>
<Switch225>
19
</Switch225>
<Switch226>
18
</Switch226>
<Switch227>
14
</Switch227>
<Switch228>
17
</Switch228>
<Switch229>
0
</Switch229>
<Switch230>
18
</Switch230>
<Switch231>
13
</Switch231>
<Switch232>
18
</Switch232>
<Switch233>
1
</Switch233>
<Switch234>
8
</Switch234>
<Switch235>
17
</Switch235>
<Switch236>
19
</Switch236>
<Switch237>
16
</Switch237>
<Switch238>
10
</Switch238>
<Switch239>
15
</Switch239>
<Switch240>
16
</Switch240>
<Switch241>
10
</Switch241>
<Switch242>
5
</Switch242>
<Switch243>
19
</Switch243>
<Switch244>
17
</Switch244>
<Switch245>
14
</Switch245>
<Switch246>
2
</Switch246>
<Switch247>
5
</Switch247>
<Switch248>
4
</Switch248>
<Switch249>
2
</Switch249>
<Switch250>
14
</Switch250>
<Switch251>
2
</Switch251>
<Switch252>
7
</Switch252>
<Switch253>
4
</Switch253>
<Switch254>
14
</Switch254>
<Switch255>
13
</Switch255>
<Switch256>
19
</Switch256>
<Switch257>
13
</Switch257>
<Switch258>
1
</Switch258>
<Switch259>
9
</Switch259>
<Switch260>
0
</Switch260>
<Switch261>
10
</Switch261>
<Switch262>
2
</Switch262>
<Switch263>
11
</Switch263>
<Switch264>
10
</Switch264>
<Switch265>
0
</Switch265>
<Switch266>
1
</Switch266>
<Switch267>
6
</Switch267>
<Switch268>
0
</Switch268>
<Switch269>
13
</Switch269>
<Switch270>
17
</Switch270>
<Switch271>
11
</Switch271>
<Switch272>
3
</Switch272>
<Switch273>
1
</Switch273>
<Switch274>
0
</Switch274>
</BaseID:151>
