<?xml version="1.0"?>

<BaseID:158>
<Switch1>
3
</Switch1>
<Switch2>
19
</Switch2>
<Switch3>
8
</Switch3>
<Switch4>
7
</Switch4>
<Switch5>
0
</Switch5>
<Switch6>
12
</Switch6>
<Switch7>
5
</Switch7>
<Switch8>
7
</Switch8>
<Switch9>
3
</Switch9>
<Switch10>
2
</Switch10>
<Switch11>
13
</Switch11>
<Switch12>
0
</Switch12>
<Switch13>
0
</Switch13>
<Switch14>
18
</Switch14>
<Switch15>
15
</Switch15>
<Switch16>
13
</Switch16>
<Switch17>
12
</Switch17>
<Switch18>
5
</Switch18>
<Switch19>
17
</Switch19>
<Switch20>
17
</Switch20>
<Switch21>
6
</Switch21>
<Switch22>
9
</Switch22>
<Switch23>
5
</Switch23>
<Switch24>
15
</Switch24>
<Switch25>
18
</Switch25>
<Switch26>
5
</Switch26>
<Switch27>
17
</Switch27>
<Switch28>
4
</Switch28>
<Switch29>
1
</Switch29>
<Switch30>
18
</Switch30>
<Switch31>
2
</Switch31>
<Switch32>
17
</Switch32>
<Switch33>
12
</Switch33>
<Switch34>
1
</Switch34>
<Switch35>
2
</Switch35>
<Switch36>
12
</Switch36>
<Switch37>
2
</Switch37>
<Switch38>
17
</Switch38>
<Switch39>
18
</Switch39>
<Switch40>
14
</Switch40>
<Switch41>
1
</Switch41>
<Switch42>
13
</Switch42>
<Switch43>
3
</Switch43>
<Switch44>
19
</Switch44>
<Switch45>
5
</Switch45>
<Switch46>
7
</Switch46>
<Switch47>
3
</Switch47>
<Switch48>
5
</Switch48>
<Switch49>
7
</Switch49>
<Switch50>
10
</Switch50>
<Switch51>
16
</Switch51>
<Switch52>
10
</Switch52>
<Switch53>
9
</Switch53>
<Switch54>
10
</Switch54>
<Switch55>
8
</Switch55>
<Switch56>
18
</Switch56>
<Switch57>
4
</Switch57>
<Switch58>
10
</Switch58>
<Switch59>
0
</Switch59>
<Switch60>
18
</Switch60>
<Switch61>
8
</Switch61>
<Switch62>
5
</Switch62>
<Switch63>
19
</Switch63>
<Switch64>
8
</Switch64>
<Switch65>
12
</Switch65>
<Switch66>
6
</Switch66>
<Switch67>
0
</Switch67>
<Switch68>
15
</Switch68>
<Switch69>
16
</Switch69>
<Switch70>
18
</Switch70>
<Switch71>
1
</Switch71>
<Switch72>
2
</Switch72>
<Switch73>
15
</Switch73>
<Switch74>
8
</Switch74>
<Switch75>
14
</Switch75>
<Switch76>
17
</Switch76>
<Switch77>
3
</Switch77>
<Switch78>
9
</Switch78>
<Switch79>
0
</Switch79>
<Switch80>
3
</Switch80>
<Switch81>
13
</Switch81>
<Switch82>
6
</Switch82>
<Switch83>
18
</Switch83>
<Switch84>
0
</Switch84>
<Switch85>
19
</Switch85>
<Switch86>
16
</Switch86>
<Switch87>
3
</Switch87>
<Switch88>
19
</Switch88>
<Switch89>
4
</Switch89>
<Switch90>
15
</Switch90>
<Switch91>
12
</Switch91>
<Switch92>
1
</Switch92>
<Switch93>
6
</Switch93>
<Switch94>
19
</Switch94>
<Switch95>
5
</Switch95>
<Switch96>
18
</Switch96>
<Switch97>
15
</Switch97>
<Switch98>
19
</Switch98>
<Switch99>
15
</Switch99>
<Switch100>
16
</Switch100>
<Switch101>
18
</Switch101>
<Switch102>
7
</Switch102>
<Switch103>
4
</Switch103>
<Switch104>
14
</Switch104>
<Switch105>
18
</Switch105>
<Switch106>
17
</Switch106>
<Switch107>
15
</Switch107>
<Switch108>
17
</Switch108>
<Switch109>
17
</Switch109>
<Switch110>
4
</Switch110>
<Switch111>
3
</Switch111>
<Switch112>
11
</Switch112>
<Switch113>
11
</Switch113>
<Switch114>
7
</Switch114>
<Switch115>
19
</Switch115>
<Switch116>
13
</Switch116>
<Switch117>
2
</Switch117>
<Switch118>
9
</Switch118>
<Switch119>
8
</Switch119>
<Switch120>
15
</Switch120>
<Switch121>
2
</Switch121>
<Switch122>
1
</Switch122>
<Switch123>
19
</Switch123>
<Switch124>
16
</Switch124>
<Switch125>
6
</Switch125>
<Switch126>
12
</Switch126>
<Switch127>
7
</Switch127>
<Switch128>
4
</Switch128>
<Switch129>
18
</Switch129>
<Switch130>
7
</Switch130>
<Switch131>
10
</Switch131>
<Switch132>
7
</Switch132>
<Switch133>
16
</Switch133>
<Switch134>
8
</Switch134>
<Switch135>
8
</Switch135>
<Switch136>
2
</Switch136>
<Switch137>
5
</Switch137>
<Switch138>
9
</Switch138>
<Switch139>
1
</Switch139>
<Switch140>
17
</Switch140>
<Switch141>
17
</Switch141>
<Switch142>
1
</Switch142>
<Switch143>
9
</Switch143>
<Switch144>
8
</Switch144>
<Switch145>
3
</Switch145>
<Switch146>
18
</Switch146>
<Switch147>
6
</Switch147>
<Switch148>
15
</Switch148>
<Switch149>
12
</Switch149>
<Switch150>
4
</Switch150>
<Switch151>
9
</Switch151>
<Switch152>
18
</Switch152>
<Switch153>
3
</Switch153>
<Switch154>
0
</Switch154>
<Switch155>
5
</Switch155>
<Switch156>
5
</Switch156>
<Switch157>
2
</Switch157>
<Switch158>
5
</Switch158>
<Switch159>
13
</Switch159>
<Switch160>
13
</Switch160>
<Switch161>
15
</Switch161>
<Switch162>
0
</Switch162>
<Switch163>
2
</Switch163>
<Switch164>
12
</Switch164>
<Switch165>
14
</Switch165>
<Switch166>
2
</Switch166>
<Switch167>
2
</Switch167>
<Switch168>
15
</Switch168>
<Switch169>
0
</Switch169>
<Switch170>
4
</Switch170>
<Switch171>
4
</Switch171>
<Switch172>
19
</Switch172>
<Switch173>
1
</Switch173>
<Switch174>
6
</Switch174>
<Switch175>
8
</Switch175>
<Switch176>
6
</Switch176>
<Switch177>
4
</Switch177>
<Switch178>
10
</Switch178>
<Switch179>
8
</Switch179>
<Switch180>
8
</Switch180>
<Switch181>
15
</Switch181>
<Switch182>
13
</Switch182>
<Switch183>
12
</Switch183>
<Switch184>
10
</Switch184>
<Switch185>
2
</Switch185>
<Switch186>
4
</Switch186>
<Switch187>
11
</Switch187>
<Switch188>
18
</Switch188>
<Switch189>
4
</Switch189>
<Switch190>
8
</Switch190>
<Switch191>
3
</Switch191>
<Switch192>
9
</Switch192>
<Switch193>
9
</Switch193>
<Switch194>
6
</Switch194>
<Switch195>
7
</Switch195>
<Switch196>
7
</Switch196>
<Switch197>
11
</Switch197>
<Switch198>
3
</Switch198>
<Switch199>
12
</Switch199>
<Switch200>
17
</Switch200>
<Switch201>
4
</Switch201>
<Switch202>
13
</Switch202>
<Switch203>
5
</Switch203>
<Switch204>
8
</Switch204>
<Switch205>
18
</Switch205>
<Switch206>
13
</Switch206>
<Switch207>
1
</Switch207>
<Switch208>
5
</Switch208>
<Switch209>
18
</Switch209>
<Switch210>
17
</Switch210>
<Switch211>
4
</Switch211>
<Switch212>
13
</Switch212>
<Switch213>
7
</Switch213>
<Switch214>
12
</Switch214>
<Switch215>
3
</Switch215>
<Switch216>
13
</Switch216>
<Switch217>
7
</Switch217>
<Switch218>
8
</Switch218>
<Switch219>
8
</Switch219>
<Switch220>
16
</Switch220>
<Switch221>
16
</Switch221>
<Switch222>
15
</Switch222>
<Switch223>
1
</Switch223>
<Switch224>
9
</Switch224>
<Switch225>
9
</Switch225>
<Switch226>
3
</Switch226>
<Switch227>
4
</Switch227>
<Switch228>
15
</Switch228>
<Switch229>
0
</Switch229>
<Switch230>
1
</Switch230>
<Switch231>
0
</Switch231>
<Switch232>
7
</Switch232>
<Switch233>
8
</Switch233>
<Switch234>
9
</Switch234>
<Switch235>
4
</Switch235>
<Switch236>
17
</Switch236>
<Switch237>
16
</Switch237>
<Switch238>
13
</Switch238>
<Switch239>
17
</Switch239>
<Switch240>
10
</Switch240>
<Switch241>
14
</Switch241>
<Switch242>
19
</Switch242>
<Switch243>
15
</Switch243>
<Switch244>
18
</Switch244>
<Switch245>
14
</Switch245>
<Switch246>
1
</Switch246>
<Switch247>
12
</Switch247>
<Switch248>
11
</Switch248>
<Switch249>
3
</Switch249>
<Switch250>
4
</Switch250>
<Switch251>
1
</Switch251>
<Switch252>
0
</Switch252>
<Switch253>
4
</Switch253>
<Switch254>
9
</Switch254>
<Switch255>
10
</Switch255>
<Switch256>
0
</Switch256>
<Switch257>
9
</Switch257>
<Switch258>
13
</Switch258>
<Switch259>
13
</Switch259>
<Switch260>
14
</Switch260>
<Switch261>
9
</Switch261>
<Switch262>
15
</Switch262>
<Switch263>
13
</Switch263>
<Switch264>
1
</Switch264>
<Switch265>
0
</Switch265>
<Switch266>
12
</Switch266>
<Switch267>
16
</Switch267>
<Switch268>
12
</Switch268>
<Switch269>
10
</Switch269>
<Switch270>
14
</Switch270>
<Switch271>
6
</Switch271>
<Switch272>
1
</Switch272>
<Switch273>
15
</Switch273>
<Switch274>
18
</Switch274>
<Switch275>
8
</Switch275>
<Switch276>
15
</Switch276>
<Switch277>
2
</Switch277>
<Switch278>
13
</Switch278>
<Switch279>
5
</Switch279>
<Switch280>
3
</Switch280>
<Switch281>
0
</Switch281>
<Switch282>
6
</Switch282>
<Switch283>
6
</Switch283>
<Switch284>
8
</Switch284>
<Switch285>
14
</Switch285>
<Switch286>
18
</Switch286>
<Switch287>
16
</Switch287>
<Switch288>
3
</Switch288>
<Switch289>
0
</Switch289>
<Switch290>
13
</Switch290>
<Switch291>
15
</Switch291>
<Switch292>
6
</Switch292>
<Switch293>
2
</Switch293>
<Switch294>
13
</Switch294>
<Switch295>
10
</Switch295>
<Switch296>
7
</Switch296>
<Switch297>
16
</Switch297>
<Switch298>
13
</Switch298>
<Switch299>
10
</Switch299>
<Switch300>
18
</Switch300>
<Switch301>
5
</Switch301>
<Switch302>
16
</Switch302>
<Switch303>
6
</Switch303>
<Switch304>
1
</Switch304>
<Switch305>
13
</Switch305>
<Switch306>
8
</Switch306>
<Switch307>
16
</Switch307>
<Switch308>
0
</Switch308>
<Switch309>
8
</Switch309>
<Switch310>
2
</Switch310>
<Switch311>
1
</Switch311>
<Switch312>
13
</Switch312>
<Switch313>
0
</Switch313>
<Switch314>
8
</Switch314>
<Switch315>
2
</Switch315>
<Switch316>
17
</Switch316>
<Switch317>
7
</Switch317>
<Switch318>
11
</Switch318>
<Switch319>
6
</Switch319>
<Switch320>
1
</Switch320>
<Switch321>
14
</Switch321>
<Switch322>
14
</Switch322>
<Switch323>
2
</Switch323>
<Switch324>
17
</Switch324>
<Switch325>
2
</Switch325>
<Switch326>
11
</Switch326>
<Switch327>
5
</Switch327>
<Switch328>
14
</Switch328>
<Switch329>
13
</Switch329>
<Switch330>
17
</Switch330>
<Switch331>
17
</Switch331>
<Switch332>
7
</Switch332>
<Switch333>
1
</Switch333>
<Switch334>
4
</Switch334>
<Switch335>
15
</Switch335>
<Switch336>
10
</Switch336>
<Switch337>
8
</Switch337>
<Switch338>
18
</Switch338>
<Switch339>
6
</Switch339>
<Switch340>
5
</Switch340>
<Switch341>
8
</Switch341>
<Switch342>
6
</Switch342>
<Switch343>
7
</Switch343>
<Switch344>
18
</Switch344>
<Switch345>
19
</Switch345>
<Switch346>
3
</Switch346>
<Switch347>
1
</Switch347>
<Switch348>
15
</Switch348>
<Switch349>
19
</Switch349>
<Switch350>
2
</Switch350>
<Switch351>
16
</Switch351>
<Switch352>
10
</Switch352>
<Switch353>
7
</Switch353>
<Switch354>
9
</Switch354>
<Switch355>
17
</Switch355>
<Switch356>
13
</Switch356>
<Switch357>
18
</Switch357>
<Switch358>
18
</Switch358>
<Switch359>
0
</Switch359>
<Switch360>
2
</Switch360>
<Switch361>
6
</Switch361>
<Switch362>
7
</Switch362>
<Switch363>
2
</Switch363>
<Switch364>
15
</Switch364>
<Switch365>
10
</Switch365>
<Switch366>
0
</Switch366>
<Switch367>
19
</Switch367>
<Switch368>
5
</Switch368>
<Switch369>
9
</Switch369>
<Switch370>
3
</Switch370>
<Switch371>
15
</Switch371>
<Switch372>
2
</Switch372>
<Switch373>
2
</Switch373>
<Switch374>
12
</Switch374>
<Switch375>
9
</Switch375>
<Switch376>
9
</Switch376>
<Switch377>
19
</Switch377>
<Switch378>
10
</Switch378>
<Switch379>
9
</Switch379>
<Switch380>
10
</Switch380>
<Switch381>
6
</Switch381>
<Switch382>
9
</Switch382>
<Switch383>
7
</Switch383>
<Switch384>
15
</Switch384>
<Switch385>
8
</Switch385>
<Switch386>
18
</Switch386>
<Switch387>
16
</Switch387>
<Switch388>
15
</Switch388>
<Switch389>
14
</Switch389>
<Switch390>
8
</Switch390>
<Switch391>
9
</Switch391>
<Switch392>
2
</Switch392>
<Switch393>
7
</Switch393>
<Switch394>
5
</Switch394>
<Switch395>
9
</Switch395>
<Switch396>
2
</Switch396>
<Switch397>
4
</Switch397>
<Switch398>
6
</Switch398>
<Switch399>
8
</Switch399>
<Switch400>
1
</Switch400>
<Switch401>
19
</Switch401>
<Switch402>
8
</Switch402>
<Switch403>
14
</Switch403>
<Switch404>
11
</Switch404>
<Switch405>
17
</Switch405>
<Switch406>
12
</Switch406>
<Switch407>
18
</Switch407>
<Switch408>
11
</Switch408>
<Switch409>
14
</Switch409>
<Switch410>
18
</Switch410>
<Switch411>
11
</Switch411>
<Switch412>
1
</Switch412>
<Switch413>
3
</Switch413>
<Switch414>
11
</Switch414>
<Switch415>
5
</Switch415>
<Switch416>
15
</Switch416>
<Switch417>
16
</Switch417>
<Switch418>
12
</Switch418>
<Switch419>
12
</Switch419>
<Switch420>
3
</Switch420>
<Switch421>
2
</Switch421>
<Switch422>
11
</Switch422>
<Switch423>
11
</Switch423>
<Switch424>
18
</Switch424>
<Switch425>
9
</Switch425>
<Switch426>
13
</Switch426>
<Switch427>
1
</Switch427>
<Switch428>
15
</Switch428>
<Switch429>
6
</Switch429>
<Switch430>
1
</Switch430>
<Switch431>
0
</Switch431>
<Switch432>
14
</Switch432>
<Switch433>
10
</Switch433>
<Switch434>
9
</Switch434>
<Switch435>
16
</Switch435>
<Switch436>
15
</Switch436>
<Switch437>
2
</Switch437>
<Switch438>
7
</Switch438>
<Switch439>
9
</Switch439>
<Switch440>
18
</Switch440>
<Switch441>
12
</Switch441>
<Switch442>
3
</Switch442>
<Switch443>
1
</Switch443>
<Switch444>
14
</Switch444>
<Switch445>
4
</Switch445>
<Switch446>
4
</Switch446>
<Switch447>
15
</Switch447>
<Switch448>
7
</Switch448>
<Switch449>
0
</Switch449>
<Switch450>
16
</Switch450>
<Switch451>
1
</Switch451>
<Switch452>
13
</Switch452>
<Switch453>
6
</Switch453>
<Switch454>
10
</Switch454>
<Switch455>
18
</Switch455>
<Switch456>
19
</Switch456>
<Switch457>
15
</Switch457>
<Switch458>
3
</Switch458>
<Switch459>
6
</Switch459>
<Switch460>
0
</Switch460>
<Switch461>
17
</Switch461>
<Switch462>
5
</Switch462>
<Switch463>
14
</Switch463>
<Switch464>
1
</Switch464>
<Switch465>
18
</Switch465>
<Switch466>
17
</Switch466>
<Switch467>
8
</Switch467>
<Switch468>
0
</Switch468>
<Switch469>
13
</Switch469>
<Switch470>
15
</Switch470>
<Switch471>
4
</Switch471>
<Switch472>
1
</Switch472>
<Switch473>
7
</Switch473>
<Switch474>
8
</Switch474>
<Switch475>
15
</Switch475>
<Switch476>
12
</Switch476>
<Switch477>
19
</Switch477>
<Switch478>
8
</Switch478>
<Switch479>
13
</Switch479>
<Switch480>
2
</Switch480>
<Switch481>
6
</Switch481>
<Switch482>
6
</Switch482>
<Switch483>
14
</Switch483>
<Switch484>
9
</Switch484>
<Switch485>
1
</Switch485>
<Switch486>
9
</Switch486>
<Switch487>
13
</Switch487>
<Switch488>
12
</Switch488>
<Switch489>
13
</Switch489>
<Switch490>
4
</Switch490>
<Switch491>
5
</Switch491>
<Switch492>
7
</Switch492>
<Switch493>
5
</Switch493>
<Switch494>
2
</Switch494>
<Switch495>
9
</Switch495>
<Switch496>
9
</Switch496>
<Switch497>
12
</Switch497>
<Switch498>
9
</Switch498>
<Switch499>
15
</Switch499>
<Switch500>
4
</Switch500>
<Switch501>
18
</Switch501>
<Switch502>
18
</Switch502>
<Switch503>
6
</Switch503>
<Switch504>
18
</Switch504>
<Switch505>
13
</Switch505>
<Switch506>
14
</Switch506>
<Switch507>
12
</Switch507>
<Switch508>
2
</Switch508>
<Switch509>
1
</Switch509>
<Switch510>
11
</Switch510>
<Switch511>
3
</Switch511>
<Switch512>
5
</Switch512>
<Switch513>
4
</Switch513>
<Switch514>
5
</Switch514>
<Switch515>
8
</Switch515>
<Switch516>
19
</Switch516>
<Switch517>
16
</Switch517>
<Switch518>
12
</Switch518>
<Switch519>
14
</Switch519>
<Switch520>
9
</Switch520>
<Switch521>
19
</Switch521>
<Switch522>
4
</Switch522>
<Switch523>
9
</Switch523>
<Switch524>
6
</Switch524>
<Switch525>
10
</Switch525>
<Switch526>
8
</Switch526>
<Switch527>
3
</Switch527>
<Switch528>
3
</Switch528>
<Switch529>
19
</Switch529>
<Switch530>
12
</Switch530>
<Switch531>
9
</Switch531>
<Switch532>
0
</Switch532>
<Switch533>
12
</Switch533>
<Switch534>
6
</Switch534>
<Switch535>
7
</Switch535>
<Switch536>
1
</Switch536>
<Switch537>
13
</Switch537>
<Switch538>
5
</Switch538>
<Switch539>
5
</Switch539>
<Switch540>
17
</Switch540>
<Switch541>
13
</Switch541>
<Switch542>
1
</Switch542>
<Switch543>
5
</Switch543>
<Switch544>
19
</Switch544>
<Switch545>
6
</Switch545>
<Switch546>
6
</Switch546>
<Switch547>
10
</Switch547>
<Switch548>
3
</Switch548>
<Switch549>
19
</Switch549>
<Switch550>
7
</Switch550>
<Switch551>
16
</Switch551>
<Switch552>
11
</Switch552>
<Switch553>
10
</Switch553>
<Switch554>
7
</Switch554>
<Switch555>
11
</Switch555>
<Switch556>
11
</Switch556>
<Switch557>
7
</Switch557>
<Switch558>
12
</Switch558>
<Switch559>
11
</Switch559>
<Switch560>
6
</Switch560>
<Switch561>
4
</Switch561>
<Switch562>
12
</Switch562>
<Switch563>
13
</Switch563>
<Switch564>
12
</Switch564>
<Switch565>
5
</Switch565>
<Switch566>
9
</Switch566>
<Switch567>
11
</Switch567>
<Switch568>
6
</Switch568>
<Switch569>
19
</Switch569>
<Switch570>
12
</Switch570>
<Switch571>
1
</Switch571>
<Switch572>
14
</Switch572>
<Switch573>
9
</Switch573>
<Switch574>
3
</Switch574>
<Switch575>
8
</Switch575>
<Switch576>
12
</Switch576>
<Switch577>
18
</Switch577>
<Switch578>
0
</Switch578>
<Switch579>
9
</Switch579>
<Switch580>
12
</Switch580>
<Switch581>
14
</Switch581>
<Switch582>
7
</Switch582>
<Switch583>
11
</Switch583>
<Switch584>
5
</Switch584>
<Switch585>
5
</Switch585>
<Switch586>
12
</Switch586>
<Switch587>
15
</Switch587>
<Switch588>
15
</Switch588>
<Switch589>
10
</Switch589>
<Switch590>
0
</Switch590>
<Switch591>
17
</Switch591>
<Switch592>
3
</Switch592>
<Switch593>
1
</Switch593>
<Switch594>
11
</Switch594>
<Switch595>
19
</Switch595>
<Switch596>
12
</Switch596>
<Switch597>
7
</Switch597>
<Switch598>
14
</Switch598>
<Switch599>
2
</Switch599>
<Switch600>
6
</Switch600>
<Switch601>
16
</Switch601>
<Switch602>
0
</Switch602>
<Switch603>
9
</Switch603>
<Switch604>
15
</Switch604>
<Switch605>
19
</Switch605>
<Switch606>
15
</Switch606>
<Switch607>
6
</Switch607>
<Switch608>
9
</Switch608>
<Switch609>
10
</Switch609>
<Switch610>
17
</Switch610>
<Switch611>
0
</Switch611>
<Switch612>
12
</Switch612>
<Switch613>
0
</Switch613>
<Switch614>
2
</Switch614>
<Switch615>
19
</Switch615>
<Switch616>
12
</Switch616>
<Switch617>
8
</Switch617>
<Switch618>
15
</Switch618>
<Switch619>
8
</Switch619>
<Switch620>
10
</Switch620>
<Switch621>
5
</Switch621>
<Switch622>
6
</Switch622>
<Switch623>
4
</Switch623>
<Switch624>
12
</Switch624>
<Switch625>
12
</Switch625>
<Switch626>
9
</Switch626>
<Switch627>
13
</Switch627>
<Switch628>
16
</Switch628>
<Switch629>
7
</Switch629>
<Switch630>
9
</Switch630>
<Switch631>
12
</Switch631>
<Switch632>
17
</Switch632>
<Switch633>
3
</Switch633>
<Switch634>
5
</Switch634>
<Switch635>
8
</Switch635>
<Switch636>
9
</Switch636>
<Switch637>
4
</Switch637>
<Switch638>
3
</Switch638>
<Switch639>
16
</Switch639>
<Switch640>
5
</Switch640>
<Switch641>
17
</Switch641>
<Switch642>
15
</Switch642>
<Switch643>
4
</Switch643>
<Switch644>
5
</Switch644>
<Switch645>
19
</Switch645>
<Switch646>
2
</Switch646>
<Switch647>
16
</Switch647>
<Switch648>
3
</Switch648>
<Switch649>
8
</Switch649>
<Switch650>
18
</Switch650>
<Switch651>
7
</Switch651>
<Switch652>
1
</Switch652>
<Switch653>
1
</Switch653>
<Switch654>
13
</Switch654>
<Switch655>
10
</Switch655>
<Switch656>
16
</Switch656>
<Switch657>
13
</Switch657>
<Switch658>
19
</Switch658>
<Switch659>
8
</Switch659>
<Switch660>
16
</Switch660>
<Switch661>
8
</Switch661>
<Switch662>
15
</Switch662>
<Switch663>
5
</Switch663>
<Switch664>
1
</Switch664>
<Switch665>
12
</Switch665>
<Switch666>
2
</Switch666>
<Switch667>
19
</Switch667>
<Switch668>
8
</Switch668>
<Switch669>
7
</Switch669>
<Switch670>
10
</Switch670>
<Switch671>
11
</Switch671>
<Switch672>
0
</Switch672>
<Switch673>
19
</Switch673>
<Switch674>
10
</Switch674>
<Switch675>
17
</Switch675>
<Switch676>
12
</Switch676>
<Switch677>
13
</Switch677>
<Switch678>
10
</Switch678>
<Switch679>
18
</Switch679>
<Switch680>
14
</Switch680>
<Switch681>
11
</Switch681>
<Switch682>
3
</Switch682>
<Switch683>
11
</Switch683>
<Switch684>
17
</Switch684>
<Switch685>
17
</Switch685>
<Switch686>
13
</Switch686>
<Switch687>
14
</Switch687>
<Switch688>
8
</Switch688>
<Switch689>
2
</Switch689>
<Switch690>
1
</Switch690>
<Switch691>
2
</Switch691>
<Switch692>
12
</Switch692>
<Switch693>
4
</Switch693>
<Switch694>
10
</Switch694>
<Switch695>
1
</Switch695>
<Switch696>
1
</Switch696>
<Switch697>
19
</Switch697>
<Switch698>
0
</Switch698>
<Switch699>
2
</Switch699>
<Switch700>
8
</Switch700>
<Switch701>
18
</Switch701>
<Switch702>
9
</Switch702>
<Switch703>
17
</Switch703>
<Switch704>
15
</Switch704>
<Switch705>
5
</Switch705>
<Switch706>
7
</Switch706>
<Switch707>
6
</Switch707>
<Switch708>
10
</Switch708>
<Switch709>
11
</Switch709>
<Switch710>
2
</Switch710>
<Switch711>
1
</Switch711>
<Switch712>
2
</Switch712>
<Switch713>
0
</Switch713>
<Switch714>
15
</Switch714>
<Switch715>
0
</Switch715>
<Switch716>
1
</Switch716>
<Switch717>
19
</Switch717>
<Switch718>
7
</Switch718>
<Switch719>
0
</Switch719>
<Switch720>
15
</Switch720>
<Switch721>
9
</Switch721>
<Switch722>
7
</Switch722>
<Switch723>
7
</Switch723>
<Switch724>
12
</Switch724>
<Switch725>
13
</Switch725>
<Switch726>
12
</Switch726>
<Switch727>
0
</Switch727>
<Switch728>
6
</Switch728>
<Switch729>
13
</Switch729>
<Switch730>
10
</Switch730>
<Switch731>
4
</Switch731>
<Switch732>
9
</Switch732>
<Switch733>
3
</Switch733>
<Switch734>
14
</Switch734>
<Switch735>
11
</Switch735>
<Switch736>
13
</Switch736>
<Switch737>
2
</Switch737>
<Switch738>
2
</Switch738>
<Switch739>
7
</Switch739>
<Switch740>
9
</Switch740>
<Switch741>
8
</Switch741>
<Switch742>
14
</Switch742>
<Switch743>
17
</Switch743>
<Switch744>
15
</Switch744>
<Switch745>
12
</Switch745>
<Switch746>
9
</Switch746>
<Switch747>
0
</Switch747>
<Switch748>
4
</Switch748>
<Switch749>
1
</Switch749>
<Switch750>
5
</Switch750>
<Switch751>
0
</Switch751>
<Switch752>
2
</Switch752>
<Switch753>
17
</Switch753>
<Switch754>
4
</Switch754>
<Switch755>
10
</Switch755>
<Switch756>
7
</Switch756>
<Switch757>
4
</Switch757>
<Switch758>
12
</Switch758>
<Switch759>
2
</Switch759>
<Switch760>
18
</Switch760>
<Switch761>
1
</Switch761>
<Switch762>
14
</Switch762>
<Switch763>
5
</Switch763>
<Switch764>
6
</Switch764>
<Switch765>
3
</Switch765>
<Switch766>
18
</Switch766>
<Switch767>
14
</Switch767>
<Switch768>
11
</Switch768>
<Switch769>
18
</Switch769>
<Switch770>
15
</Switch770>
<Switch771>
9
</Switch771>
<Switch772>
18
</Switch772>
<Switch773>
10
</Switch773>
<Switch774>
11
</Switch774>
<Switch775>
14
</Switch775>
<Switch776>
11
</Switch776>
<Switch777>
17
</Switch777>
<Switch778>
18
</Switch778>
<Switch779>
4
</Switch779>
<Switch780>
10
</Switch780>
<Switch781>
12
</Switch781>
<Switch782>
17
</Switch782>
<Switch783>
6
</Switch783>
<Switch784>
15
</Switch784>
<Switch785>
10
</Switch785>
<Switch786>
13
</Switch786>
<Switch787>
4
</Switch787>
<Switch788>
3
</Switch788>
<Switch789>
17
</Switch789>
<Switch790>
2
</Switch790>
<Switch791>
3
</Switch791>
<Switch792>
5
</Switch792>
<Switch793>
3
</Switch793>
<Switch794>
18
</Switch794>
<Switch795>
2
</Switch795>
<Switch796>
9
</Switch796>
<Switch797>
18
</Switch797>
<Switch798>
2
</Switch798>
<Switch799>
4
</Switch799>
<Switch800>
12
</Switch800>
<Switch801>
14
</Switch801>
<Switch802>
5
</Switch802>
<Switch803>
16
</Switch803>
<Switch804>
13
</Switch804>
<Switch805>
7
</Switch805>
<Switch806>
11
</Switch806>
<Switch807>
4
</Switch807>
<Switch808>
16
</Switch808>
<Switch809>
6
</Switch809>
<Switch810>
18
</Switch810>
<Switch811>
19
</Switch811>
<Switch812>
14
</Switch812>
<Switch813>
7
</Switch813>
<Switch814>
1
</Switch814>
<Switch815>
18
</Switch815>
<Switch816>
9
</Switch816>
<Switch817>
13
</Switch817>
<Switch818>
18
</Switch818>
<Switch819>
16
</Switch819>
<Switch820>
14
</Switch820>
<Switch821>
3
</Switch821>
<Switch822>
18
</Switch822>
<Switch823>
7
</Switch823>
<Switch824>
13
</Switch824>
<Switch825>
12
</Switch825>
<Switch826>
18
</Switch826>
<Switch827>
3
</Switch827>
<Switch828>
8
</Switch828>
<Switch829>
16
</Switch829>
<Switch830>
17
</Switch830>
<Switch831>
11
</Switch831>
<Switch832>
9
</Switch832>
<Switch833>
12
</Switch833>
<Switch834>
13
</Switch834>
<Switch835>
19
</Switch835>
<Switch836>
6
</Switch836>
<Switch837>
4
</Switch837>
<Switch838>
0
</Switch838>
<Switch839>
15
</Switch839>
<Switch840>
2
</Switch840>
<Switch841>
15
</Switch841>
<Switch842>
0
</Switch842>
<Switch843>
2
</Switch843>
<Switch844>
6
</Switch844>
<Switch845>
0
</Switch845>
<Switch846>
7
</Switch846>
<Switch847>
12
</Switch847>
<Switch848>
1
</Switch848>
<Switch849>
17
</Switch849>
<Switch850>
10
</Switch850>
<Switch851>
19
</Switch851>
<Switch852>
2
</Switch852>
<Switch853>
4
</Switch853>
<Switch854>
4
</Switch854>
<Switch855>
2
</Switch855>
<Switch856>
9
</Switch856>
<Switch857>
11
</Switch857>
<Switch858>
7
</Switch858>
<Switch859>
7
</Switch859>
<Switch860>
9
</Switch860>
<Switch861>
16
</Switch861>
<Switch862>
7
</Switch862>
<Switch863>
1
</Switch863>
<Switch864>
17
</Switch864>
<Switch865>
10
</Switch865>
<Switch866>
6
</Switch866>
<Switch867>
18
</Switch867>
</BaseID:158>
