<?xml version="1.0"?>

<BaseID:16>
<Switch1>
17
</Switch1>
<Switch2>
14
</Switch2>
<Switch3>
11
</Switch3>
<Switch4>
5
</Switch4>
<Switch5>
15
</Switch5>
<Switch6>
13
</Switch6>
<Switch7>
1
</Switch7>
<Switch8>
12
</Switch8>
<Switch9>
18
</Switch9>
<Switch10>
1
</Switch10>
<Switch11>
6
</Switch11>
<Switch12>
3
</Switch12>
<Switch13>
0
</Switch13>
<Switch14>
19
</Switch14>
<Switch15>
0
</Switch15>
<Switch16>
15
</Switch16>
<Switch17>
12
</Switch17>
<Switch18>
5
</Switch18>
<Switch19>
10
</Switch19>
<Switch20>
17
</Switch20>
<Switch21>
2
</Switch21>
<Switch22>
2
</Switch22>
<Switch23>
4
</Switch23>
<Switch24>
6
</Switch24>
<Switch25>
7
</Switch25>
<Switch26>
4
</Switch26>
<Switch27>
9
</Switch27>
<Switch28>
13
</Switch28>
<Switch29>
4
</Switch29>
<Switch30>
3
</Switch30>
<Switch31>
2
</Switch31>
<Switch32>
14
</Switch32>
<Switch33>
8
</Switch33>
<Switch34>
16
</Switch34>
<Switch35>
8
</Switch35>
<Switch36>
7
</Switch36>
<Switch37>
13
</Switch37>
<Switch38>
1
</Switch38>
<Switch39>
13
</Switch39>
<Switch40>
2
</Switch40>
<Switch41>
0
</Switch41>
<Switch42>
8
</Switch42>
<Switch43>
11
</Switch43>
<Switch44>
18
</Switch44>
<Switch45>
10
</Switch45>
<Switch46>
11
</Switch46>
<Switch47>
6
</Switch47>
<Switch48>
3
</Switch48>
<Switch49>
9
</Switch49>
<Switch50>
19
</Switch50>
<Switch51>
17
</Switch51>
<Switch52>
9
</Switch52>
<Switch53>
15
</Switch53>
<Switch54>
6
</Switch54>
<Switch55>
1
</Switch55>
<Switch56>
13
</Switch56>
<Switch57>
5
</Switch57>
<Switch58>
7
</Switch58>
<Switch59>
18
</Switch59>
<Switch60>
2
</Switch60>
<Switch61>
7
</Switch61>
<Switch62>
0
</Switch62>
<Switch63>
11
</Switch63>
<Switch64>
7
</Switch64>
<Switch65>
12
</Switch65>
<Switch66>
10
</Switch66>
<Switch67>
9
</Switch67>
<Switch68>
14
</Switch68>
<Switch69>
14
</Switch69>
<Switch70>
2
</Switch70>
<Switch71>
11
</Switch71>
<Switch72>
2
</Switch72>
<Switch73>
4
</Switch73>
<Switch74>
5
</Switch74>
<Switch75>
9
</Switch75>
<Switch76>
18
</Switch76>
<Switch77>
4
</Switch77>
<Switch78>
6
</Switch78>
<Switch79>
11
</Switch79>
<Switch80>
5
</Switch80>
<Switch81>
0
</Switch81>
<Switch82>
15
</Switch82>
<Switch83>
2
</Switch83>
<Switch84>
11
</Switch84>
<Switch85>
16
</Switch85>
<Switch86>
13
</Switch86>
<Switch87>
3
</Switch87>
<Switch88>
14
</Switch88>
<Switch89>
19
</Switch89>
<Switch90>
2
</Switch90>
<Switch91>
19
</Switch91>
<Switch92>
19
</Switch92>
<Switch93>
16
</Switch93>
<Switch94>
18
</Switch94>
<Switch95>
18
</Switch95>
<Switch96>
11
</Switch96>
<Switch97>
8
</Switch97>
<Switch98>
10
</Switch98>
<Switch99>
19
</Switch99>
<Switch100>
1
</Switch100>
<Switch101>
5
</Switch101>
<Switch102>
8
</Switch102>
<Switch103>
5
</Switch103>
<Switch104>
6
</Switch104>
<Switch105>
9
</Switch105>
<Switch106>
19
</Switch106>
<Switch107>
9
</Switch107>
<Switch108>
16
</Switch108>
<Switch109>
13
</Switch109>
<Switch110>
8
</Switch110>
<Switch111>
5
</Switch111>
<Switch112>
17
</Switch112>
<Switch113>
6
</Switch113>
<Switch114>
19
</Switch114>
<Switch115>
13
</Switch115>
<Switch116>
16
</Switch116>
<Switch117>
15
</Switch117>
<Switch118>
0
</Switch118>
<Switch119>
5
</Switch119>
<Switch120>
2
</Switch120>
<Switch121>
12
</Switch121>
<Switch122>
17
</Switch122>
<Switch123>
15
</Switch123>
<Switch124>
6
</Switch124>
<Switch125>
7
</Switch125>
<Switch126>
8
</Switch126>
<Switch127>
15
</Switch127>
<Switch128>
12
</Switch128>
<Switch129>
16
</Switch129>
<Switch130>
3
</Switch130>
<Switch131>
1
</Switch131>
<Switch132>
8
</Switch132>
<Switch133>
15
</Switch133>
<Switch134>
8
</Switch134>
<Switch135>
9
</Switch135>
<Switch136>
15
</Switch136>
<Switch137>
11
</Switch137>
<Switch138>
4
</Switch138>
<Switch139>
2
</Switch139>
<Switch140>
19
</Switch140>
<Switch141>
10
</Switch141>
<Switch142>
16
</Switch142>
<Switch143>
14
</Switch143>
<Switch144>
7
</Switch144>
<Switch145>
1
</Switch145>
<Switch146>
6
</Switch146>
<Switch147>
19
</Switch147>
<Switch148>
14
</Switch148>
<Switch149>
10
</Switch149>
<Switch150>
2
</Switch150>
<Switch151>
9
</Switch151>
<Switch152>
9
</Switch152>
<Switch153>
17
</Switch153>
<Switch154>
16
</Switch154>
<Switch155>
6
</Switch155>
<Switch156>
9
</Switch156>
<Switch157>
7
</Switch157>
<Switch158>
15
</Switch158>
<Switch159>
6
</Switch159>
<Switch160>
16
</Switch160>
<Switch161>
16
</Switch161>
<Switch162>
1
</Switch162>
<Switch163>
15
</Switch163>
<Switch164>
7
</Switch164>
<Switch165>
0
</Switch165>
<Switch166>
1
</Switch166>
<Switch167>
17
</Switch167>
<Switch168>
4
</Switch168>
<Switch169>
19
</Switch169>
<Switch170>
7
</Switch170>
<Switch171>
17
</Switch171>
<Switch172>
19
</Switch172>
<Switch173>
15
</Switch173>
<Switch174>
10
</Switch174>
<Switch175>
16
</Switch175>
<Switch176>
2
</Switch176>
<Switch177>
11
</Switch177>
<Switch178>
0
</Switch178>
<Switch179>
7
</Switch179>
<Switch180>
11
</Switch180>
<Switch181>
1
</Switch181>
<Switch182>
4
</Switch182>
<Switch183>
1
</Switch183>
<Switch184>
18
</Switch184>
<Switch185>
8
</Switch185>
<Switch186>
12
</Switch186>
<Switch187>
9
</Switch187>
<Switch188>
11
</Switch188>
<Switch189>
17
</Switch189>
<Switch190>
2
</Switch190>
<Switch191>
14
</Switch191>
<Switch192>
12
</Switch192>
<Switch193>
4
</Switch193>
<Switch194>
0
</Switch194>
<Switch195>
2
</Switch195>
<Switch196>
11
</Switch196>
<Switch197>
8
</Switch197>
<Switch198>
1
</Switch198>
<Switch199>
19
</Switch199>
<Switch200>
19
</Switch200>
<Switch201>
15
</Switch201>
<Switch202>
3
</Switch202>
<Switch203>
5
</Switch203>
<Switch204>
0
</Switch204>
<Switch205>
3
</Switch205>
<Switch206>
3
</Switch206>
<Switch207>
5
</Switch207>
<Switch208>
12
</Switch208>
<Switch209>
11
</Switch209>
<Switch210>
5
</Switch210>
<Switch211>
18
</Switch211>
<Switch212>
15
</Switch212>
<Switch213>
6
</Switch213>
<Switch214>
1
</Switch214>
<Switch215>
6
</Switch215>
<Switch216>
7
</Switch216>
<Switch217>
3
</Switch217>
<Switch218>
3
</Switch218>
<Switch219>
8
</Switch219>
<Switch220>
13
</Switch220>
<Switch221>
12
</Switch221>
<Switch222>
10
</Switch222>
<Switch223>
5
</Switch223>
<Switch224>
19
</Switch224>
<Switch225>
13
</Switch225>
<Switch226>
4
</Switch226>
<Switch227>
9
</Switch227>
<Switch228>
7
</Switch228>
<Switch229>
2
</Switch229>
<Switch230>
9
</Switch230>
<Switch231>
12
</Switch231>
<Switch232>
6
</Switch232>
<Switch233>
1
</Switch233>
<Switch234>
10
</Switch234>
<Switch235>
19
</Switch235>
<Switch236>
15
</Switch236>
<Switch237>
19
</Switch237>
<Switch238>
19
</Switch238>
<Switch239>
10
</Switch239>
<Switch240>
19
</Switch240>
<Switch241>
5
</Switch241>
<Switch242>
13
</Switch242>
<Switch243>
3
</Switch243>
<Switch244>
16
</Switch244>
<Switch245>
7
</Switch245>
<Switch246>
14
</Switch246>
<Switch247>
12
</Switch247>
<Switch248>
14
</Switch248>
<Switch249>
16
</Switch249>
<Switch250>
18
</Switch250>
<Switch251>
1
</Switch251>
<Switch252>
14
</Switch252>
<Switch253>
18
</Switch253>
<Switch254>
2
</Switch254>
<Switch255>
6
</Switch255>
<Switch256>
3
</Switch256>
<Switch257>
9
</Switch257>
<Switch258>
16
</Switch258>
<Switch259>
9
</Switch259>
<Switch260>
7
</Switch260>
<Switch261>
19
</Switch261>
<Switch262>
15
</Switch262>
<Switch263>
17
</Switch263>
<Switch264>
6
</Switch264>
<Switch265>
4
</Switch265>
<Switch266>
19
</Switch266>
<Switch267>
2
</Switch267>
<Switch268>
19
</Switch268>
<Switch269>
11
</Switch269>
<Switch270>
9
</Switch270>
<Switch271>
11
</Switch271>
<Switch272>
16
</Switch272>
<Switch273>
9
</Switch273>
<Switch274>
4
</Switch274>
<Switch275>
10
</Switch275>
<Switch276>
16
</Switch276>
<Switch277>
12
</Switch277>
<Switch278>
2
</Switch278>
<Switch279>
7
</Switch279>
<Switch280>
4
</Switch280>
<Switch281>
17
</Switch281>
<Switch282>
1
</Switch282>
<Switch283>
2
</Switch283>
<Switch284>
18
</Switch284>
<Switch285>
13
</Switch285>
<Switch286>
3
</Switch286>
<Switch287>
4
</Switch287>
<Switch288>
18
</Switch288>
<Switch289>
2
</Switch289>
<Switch290>
2
</Switch290>
<Switch291>
5
</Switch291>
<Switch292>
16
</Switch292>
<Switch293>
2
</Switch293>
<Switch294>
7
</Switch294>
<Switch295>
16
</Switch295>
<Switch296>
7
</Switch296>
<Switch297>
0
</Switch297>
<Switch298>
6
</Switch298>
<Switch299>
18
</Switch299>
<Switch300>
8
</Switch300>
<Switch301>
18
</Switch301>
<Switch302>
1
</Switch302>
<Switch303>
8
</Switch303>
<Switch304>
6
</Switch304>
<Switch305>
15
</Switch305>
<Switch306>
1
</Switch306>
<Switch307>
12
</Switch307>
<Switch308>
10
</Switch308>
<Switch309>
11
</Switch309>
<Switch310>
18
</Switch310>
<Switch311>
3
</Switch311>
<Switch312>
9
</Switch312>
<Switch313>
17
</Switch313>
<Switch314>
1
</Switch314>
<Switch315>
19
</Switch315>
<Switch316>
5
</Switch316>
<Switch317>
9
</Switch317>
<Switch318>
4
</Switch318>
<Switch319>
8
</Switch319>
<Switch320>
1
</Switch320>
<Switch321>
7
</Switch321>
<Switch322>
9
</Switch322>
<Switch323>
9
</Switch323>
<Switch324>
17
</Switch324>
<Switch325>
12
</Switch325>
<Switch326>
8
</Switch326>
<Switch327>
18
</Switch327>
<Switch328>
1
</Switch328>
<Switch329>
17
</Switch329>
<Switch330>
15
</Switch330>
<Switch331>
8
</Switch331>
<Switch332>
14
</Switch332>
<Switch333>
13
</Switch333>
<Switch334>
9
</Switch334>
<Switch335>
8
</Switch335>
<Switch336>
3
</Switch336>
<Switch337>
12
</Switch337>
<Switch338>
10
</Switch338>
<Switch339>
16
</Switch339>
<Switch340>
7
</Switch340>
<Switch341>
10
</Switch341>
<Switch342>
5
</Switch342>
<Switch343>
16
</Switch343>
<Switch344>
4
</Switch344>
<Switch345>
16
</Switch345>
<Switch346>
12
</Switch346>
<Switch347>
15
</Switch347>
<Switch348>
16
</Switch348>
<Switch349>
15
</Switch349>
<Switch350>
10
</Switch350>
<Switch351>
11
</Switch351>
<Switch352>
0
</Switch352>
<Switch353>
4
</Switch353>
<Switch354>
13
</Switch354>
<Switch355>
14
</Switch355>
<Switch356>
18
</Switch356>
<Switch357>
1
</Switch357>
<Switch358>
3
</Switch358>
<Switch359>
2
</Switch359>
<Switch360>
3
</Switch360>
<Switch361>
7
</Switch361>
<Switch362>
6
</Switch362>
<Switch363>
7
</Switch363>
<Switch364>
18
</Switch364>
<Switch365>
15
</Switch365>
<Switch366>
18
</Switch366>
<Switch367>
9
</Switch367>
<Switch368>
13
</Switch368>
<Switch369>
19
</Switch369>
<Switch370>
15
</Switch370>
<Switch371>
15
</Switch371>
<Switch372>
14
</Switch372>
<Switch373>
5
</Switch373>
<Switch374>
4
</Switch374>
<Switch375>
6
</Switch375>
<Switch376>
14
</Switch376>
<Switch377>
19
</Switch377>
<Switch378>
8
</Switch378>
<Switch379>
14
</Switch379>
<Switch380>
6
</Switch380>
<Switch381>
7
</Switch381>
<Switch382>
17
</Switch382>
<Switch383>
7
</Switch383>
<Switch384>
7
</Switch384>
<Switch385>
1
</Switch385>
<Switch386>
18
</Switch386>
<Switch387>
0
</Switch387>
<Switch388>
7
</Switch388>
<Switch389>
1
</Switch389>
<Switch390>
7
</Switch390>
<Switch391>
2
</Switch391>
<Switch392>
10
</Switch392>
<Switch393>
18
</Switch393>
<Switch394>
11
</Switch394>
<Switch395>
7
</Switch395>
<Switch396>
3
</Switch396>
<Switch397>
18
</Switch397>
<Switch398>
11
</Switch398>
<Switch399>
14
</Switch399>
<Switch400>
13
</Switch400>
<Switch401>
7
</Switch401>
<Switch402>
6
</Switch402>
<Switch403>
4
</Switch403>
<Switch404>
15
</Switch404>
<Switch405>
1
</Switch405>
<Switch406>
15
</Switch406>
<Switch407>
13
</Switch407>
<Switch408>
12
</Switch408>
<Switch409>
16
</Switch409>
<Switch410>
7
</Switch410>
<Switch411>
9
</Switch411>
<Switch412>
3
</Switch412>
<Switch413>
17
</Switch413>
<Switch414>
0
</Switch414>
<Switch415>
1
</Switch415>
<Switch416>
13
</Switch416>
<Switch417>
11
</Switch417>
<Switch418>
12
</Switch418>
<Switch419>
9
</Switch419>
<Switch420>
17
</Switch420>
<Switch421>
3
</Switch421>
<Switch422>
1
</Switch422>
<Switch423>
5
</Switch423>
<Switch424>
6
</Switch424>
<Switch425>
15
</Switch425>
<Switch426>
10
</Switch426>
<Switch427>
1
</Switch427>
<Switch428>
14
</Switch428>
<Switch429>
3
</Switch429>
<Switch430>
5
</Switch430>
<Switch431>
18
</Switch431>
<Switch432>
7
</Switch432>
<Switch433>
10
</Switch433>
<Switch434>
0
</Switch434>
<Switch435>
7
</Switch435>
<Switch436>
2
</Switch436>
<Switch437>
18
</Switch437>
<Switch438>
9
</Switch438>
<Switch439>
4
</Switch439>
<Switch440>
19
</Switch440>
<Switch441>
13
</Switch441>
<Switch442>
11
</Switch442>
<Switch443>
19
</Switch443>
<Switch444>
3
</Switch444>
<Switch445>
0
</Switch445>
<Switch446>
7
</Switch446>
<Switch447>
13
</Switch447>
<Switch448>
11
</Switch448>
<Switch449>
0
</Switch449>
<Switch450>
0
</Switch450>
<Switch451>
15
</Switch451>
<Switch452>
7
</Switch452>
<Switch453>
15
</Switch453>
<Switch454>
4
</Switch454>
<Switch455>
2
</Switch455>
<Switch456>
19
</Switch456>
<Switch457>
9
</Switch457>
<Switch458>
3
</Switch458>
<Switch459>
5
</Switch459>
<Switch460>
5
</Switch460>
<Switch461>
13
</Switch461>
<Switch462>
7
</Switch462>
<Switch463>
7
</Switch463>
<Switch464>
6
</Switch464>
<Switch465>
4
</Switch465>
<Switch466>
1
</Switch466>
<Switch467>
13
</Switch467>
<Switch468>
3
</Switch468>
<Switch469>
0
</Switch469>
<Switch470>
18
</Switch470>
<Switch471>
5
</Switch471>
<Switch472>
10
</Switch472>
<Switch473>
1
</Switch473>
<Switch474>
6
</Switch474>
<Switch475>
17
</Switch475>
<Switch476>
19
</Switch476>
<Switch477>
13
</Switch477>
<Switch478>
7
</Switch478>
<Switch479>
15
</Switch479>
<Switch480>
9
</Switch480>
<Switch481>
14
</Switch481>
<Switch482>
8
</Switch482>
<Switch483>
10
</Switch483>
<Switch484>
17
</Switch484>
<Switch485>
19
</Switch485>
<Switch486>
13
</Switch486>
<Switch487>
15
</Switch487>
<Switch488>
9
</Switch488>
<Switch489>
0
</Switch489>
<Switch490>
18
</Switch490>
<Switch491>
5
</Switch491>
<Switch492>
14
</Switch492>
<Switch493>
18
</Switch493>
<Switch494>
14
</Switch494>
<Switch495>
15
</Switch495>
<Switch496>
0
</Switch496>
<Switch497>
3
</Switch497>
<Switch498>
17
</Switch498>
<Switch499>
17
</Switch499>
<Switch500>
3
</Switch500>
<Switch501>
18
</Switch501>
<Switch502>
11
</Switch502>
<Switch503>
18
</Switch503>
<Switch504>
15
</Switch504>
<Switch505>
4
</Switch505>
<Switch506>
2
</Switch506>
<Switch507>
13
</Switch507>
<Switch508>
6
</Switch508>
<Switch509>
11
</Switch509>
<Switch510>
0
</Switch510>
<Switch511>
14
</Switch511>
<Switch512>
3
</Switch512>
<Switch513>
12
</Switch513>
<Switch514>
9
</Switch514>
<Switch515>
17
</Switch515>
<Switch516>
15
</Switch516>
<Switch517>
1
</Switch517>
<Switch518>
7
</Switch518>
<Switch519>
14
</Switch519>
<Switch520>
19
</Switch520>
<Switch521>
16
</Switch521>
<Switch522>
19
</Switch522>
<Switch523>
19
</Switch523>
<Switch524>
0
</Switch524>
<Switch525>
19
</Switch525>
<Switch526>
1
</Switch526>
<Switch527>
11
</Switch527>
<Switch528>
15
</Switch528>
<Switch529>
0
</Switch529>
<Switch530>
0
</Switch530>
<Switch531>
8
</Switch531>
<Switch532>
1
</Switch532>
<Switch533>
9
</Switch533>
<Switch534>
8
</Switch534>
<Switch535>
1
</Switch535>
<Switch536>
4
</Switch536>
<Switch537>
10
</Switch537>
<Switch538>
13
</Switch538>
<Switch539>
6
</Switch539>
<Switch540>
9
</Switch540>
<Switch541>
4
</Switch541>
<Switch542>
5
</Switch542>
<Switch543>
16
</Switch543>
<Switch544>
4
</Switch544>
<Switch545>
2
</Switch545>
<Switch546>
3
</Switch546>
<Switch547>
0
</Switch547>
<Switch548>
18
</Switch548>
<Switch549>
17
</Switch549>
<Switch550>
11
</Switch550>
<Switch551>
4
</Switch551>
<Switch552>
6
</Switch552>
<Switch553>
5
</Switch553>
<Switch554>
2
</Switch554>
<Switch555>
15
</Switch555>
<Switch556>
12
</Switch556>
<Switch557>
8
</Switch557>
<Switch558>
18
</Switch558>
<Switch559>
3
</Switch559>
<Switch560>
8
</Switch560>
<Switch561>
16
</Switch561>
<Switch562>
2
</Switch562>
<Switch563>
1
</Switch563>
<Switch564>
6
</Switch564>
<Switch565>
1
</Switch565>
<Switch566>
4
</Switch566>
<Switch567>
12
</Switch567>
<Switch568>
15
</Switch568>
<Switch569>
15
</Switch569>
<Switch570>
13
</Switch570>
<Switch571>
10
</Switch571>
<Switch572>
18
</Switch572>
<Switch573>
1
</Switch573>
<Switch574>
7
</Switch574>
<Switch575>
8
</Switch575>
<Switch576>
10
</Switch576>
<Switch577>
4
</Switch577>
<Switch578>
6
</Switch578>
<Switch579>
16
</Switch579>
<Switch580>
9
</Switch580>
<Switch581>
13
</Switch581>
<Switch582>
16
</Switch582>
<Switch583>
18
</Switch583>
<Switch584>
14
</Switch584>
<Switch585>
19
</Switch585>
<Switch586>
19
</Switch586>
<Switch587>
16
</Switch587>
<Switch588>
4
</Switch588>
<Switch589>
8
</Switch589>
<Switch590>
9
</Switch590>
<Switch591>
19
</Switch591>
<Switch592>
18
</Switch592>
<Switch593>
14
</Switch593>
<Switch594>
12
</Switch594>
<Switch595>
12
</Switch595>
<Switch596>
8
</Switch596>
<Switch597>
13
</Switch597>
<Switch598>
4
</Switch598>
<Switch599>
8
</Switch599>
<Switch600>
0
</Switch600>
<Switch601>
16
</Switch601>
<Switch602>
8
</Switch602>
<Switch603>
17
</Switch603>
<Switch604>
15
</Switch604>
<Switch605>
5
</Switch605>
<Switch606>
9
</Switch606>
<Switch607>
5
</Switch607>
<Switch608>
19
</Switch608>
<Switch609>
19
</Switch609>
<Switch610>
11
</Switch610>
<Switch611>
0
</Switch611>
<Switch612>
0
</Switch612>
<Switch613>
15
</Switch613>
<Switch614>
15
</Switch614>
<Switch615>
2
</Switch615>
<Switch616>
3
</Switch616>
<Switch617>
7
</Switch617>
<Switch618>
14
</Switch618>
<Switch619>
14
</Switch619>
<Switch620>
7
</Switch620>
<Switch621>
7
</Switch621>
<Switch622>
3
</Switch622>
<Switch623>
15
</Switch623>
<Switch624>
19
</Switch624>
<Switch625>
10
</Switch625>
<Switch626>
8
</Switch626>
<Switch627>
10
</Switch627>
<Switch628>
5
</Switch628>
<Switch629>
10
</Switch629>
<Switch630>
19
</Switch630>
<Switch631>
5
</Switch631>
<Switch632>
5
</Switch632>
<Switch633>
3
</Switch633>
<Switch634>
0
</Switch634>
<Switch635>
19
</Switch635>
<Switch636>
15
</Switch636>
<Switch637>
6
</Switch637>
<Switch638>
16
</Switch638>
<Switch639>
13
</Switch639>
<Switch640>
4
</Switch640>
<Switch641>
17
</Switch641>
<Switch642>
0
</Switch642>
<Switch643>
9
</Switch643>
<Switch644>
4
</Switch644>
<Switch645>
4
</Switch645>
<Switch646>
4
</Switch646>
<Switch647>
13
</Switch647>
<Switch648>
16
</Switch648>
<Switch649>
19
</Switch649>
<Switch650>
3
</Switch650>
<Switch651>
10
</Switch651>
<Switch652>
2
</Switch652>
<Switch653>
19
</Switch653>
<Switch654>
19
</Switch654>
<Switch655>
19
</Switch655>
<Switch656>
1
</Switch656>
<Switch657>
8
</Switch657>
<Switch658>
7
</Switch658>
<Switch659>
14
</Switch659>
<Switch660>
13
</Switch660>
<Switch661>
7
</Switch661>
<Switch662>
2
</Switch662>
<Switch663>
11
</Switch663>
<Switch664>
12
</Switch664>
<Switch665>
2
</Switch665>
<Switch666>
0
</Switch666>
<Switch667>
9
</Switch667>
<Switch668>
7
</Switch668>
<Switch669>
17
</Switch669>
<Switch670>
15
</Switch670>
<Switch671>
14
</Switch671>
<Switch672>
4
</Switch672>
<Switch673>
0
</Switch673>
<Switch674>
6
</Switch674>
<Switch675>
6
</Switch675>
<Switch676>
0
</Switch676>
<Switch677>
3
</Switch677>
<Switch678>
6
</Switch678>
<Switch679>
7
</Switch679>
<Switch680>
10
</Switch680>
</BaseID:16>
