<?xml version="1.0"?>

<BaseID:160>
<Switch1>
14
</Switch1>
<Switch2>
18
</Switch2>
<Switch3>
2
</Switch3>
<Switch4>
6
</Switch4>
<Switch5>
3
</Switch5>
<Switch6>
8
</Switch6>
<Switch7>
5
</Switch7>
<Switch8>
1
</Switch8>
<Switch9>
7
</Switch9>
<Switch10>
13
</Switch10>
<Switch11>
13
</Switch11>
<Switch12>
14
</Switch12>
<Switch13>
5
</Switch13>
<Switch14>
6
</Switch14>
<Switch15>
8
</Switch15>
<Switch16>
6
</Switch16>
<Switch17>
14
</Switch17>
<Switch18>
12
</Switch18>
<Switch19>
2
</Switch19>
<Switch20>
18
</Switch20>
<Switch21>
0
</Switch21>
<Switch22>
17
</Switch22>
<Switch23>
4
</Switch23>
<Switch24>
7
</Switch24>
<Switch25>
2
</Switch25>
<Switch26>
5
</Switch26>
<Switch27>
1
</Switch27>
<Switch28>
19
</Switch28>
<Switch29>
3
</Switch29>
<Switch30>
15
</Switch30>
<Switch31>
7
</Switch31>
<Switch32>
12
</Switch32>
<Switch33>
2
</Switch33>
<Switch34>
19
</Switch34>
<Switch35>
19
</Switch35>
<Switch36>
4
</Switch36>
<Switch37>
1
</Switch37>
<Switch38>
18
</Switch38>
<Switch39>
19
</Switch39>
<Switch40>
10
</Switch40>
<Switch41>
1
</Switch41>
<Switch42>
1
</Switch42>
<Switch43>
12
</Switch43>
<Switch44>
11
</Switch44>
<Switch45>
5
</Switch45>
<Switch46>
15
</Switch46>
<Switch47>
4
</Switch47>
<Switch48>
15
</Switch48>
<Switch49>
0
</Switch49>
<Switch50>
10
</Switch50>
<Switch51>
2
</Switch51>
<Switch52>
13
</Switch52>
<Switch53>
14
</Switch53>
<Switch54>
1
</Switch54>
<Switch55>
13
</Switch55>
<Switch56>
16
</Switch56>
<Switch57>
12
</Switch57>
<Switch58>
11
</Switch58>
<Switch59>
0
</Switch59>
<Switch60>
8
</Switch60>
<Switch61>
19
</Switch61>
<Switch62>
0
</Switch62>
<Switch63>
19
</Switch63>
<Switch64>
0
</Switch64>
<Switch65>
15
</Switch65>
<Switch66>
19
</Switch66>
<Switch67>
19
</Switch67>
<Switch68>
16
</Switch68>
<Switch69>
13
</Switch69>
<Switch70>
4
</Switch70>
<Switch71>
4
</Switch71>
<Switch72>
11
</Switch72>
<Switch73>
7
</Switch73>
<Switch74>
0
</Switch74>
<Switch75>
4
</Switch75>
<Switch76>
12
</Switch76>
<Switch77>
12
</Switch77>
<Switch78>
17
</Switch78>
<Switch79>
12
</Switch79>
<Switch80>
3
</Switch80>
<Switch81>
10
</Switch81>
<Switch82>
8
</Switch82>
<Switch83>
11
</Switch83>
<Switch84>
16
</Switch84>
<Switch85>
5
</Switch85>
<Switch86>
19
</Switch86>
<Switch87>
19
</Switch87>
<Switch88>
11
</Switch88>
<Switch89>
6
</Switch89>
<Switch90>
11
</Switch90>
<Switch91>
17
</Switch91>
<Switch92>
14
</Switch92>
<Switch93>
14
</Switch93>
<Switch94>
1
</Switch94>
<Switch95>
13
</Switch95>
<Switch96>
0
</Switch96>
<Switch97>
6
</Switch97>
<Switch98>
16
</Switch98>
<Switch99>
3
</Switch99>
<Switch100>
11
</Switch100>
<Switch101>
3
</Switch101>
<Switch102>
15
</Switch102>
<Switch103>
4
</Switch103>
<Switch104>
14
</Switch104>
<Switch105>
3
</Switch105>
<Switch106>
2
</Switch106>
<Switch107>
19
</Switch107>
<Switch108>
17
</Switch108>
<Switch109>
2
</Switch109>
<Switch110>
17
</Switch110>
<Switch111>
17
</Switch111>
<Switch112>
13
</Switch112>
<Switch113>
0
</Switch113>
<Switch114>
6
</Switch114>
<Switch115>
1
</Switch115>
<Switch116>
7
</Switch116>
<Switch117>
7
</Switch117>
<Switch118>
7
</Switch118>
<Switch119>
3
</Switch119>
<Switch120>
1
</Switch120>
<Switch121>
17
</Switch121>
<Switch122>
17
</Switch122>
<Switch123>
4
</Switch123>
<Switch124>
2
</Switch124>
<Switch125>
1
</Switch125>
<Switch126>
9
</Switch126>
<Switch127>
6
</Switch127>
<Switch128>
4
</Switch128>
<Switch129>
11
</Switch129>
<Switch130>
8
</Switch130>
<Switch131>
9
</Switch131>
<Switch132>
12
</Switch132>
<Switch133>
15
</Switch133>
<Switch134>
18
</Switch134>
<Switch135>
8
</Switch135>
<Switch136>
5
</Switch136>
<Switch137>
10
</Switch137>
<Switch138>
15
</Switch138>
<Switch139>
15
</Switch139>
<Switch140>
8
</Switch140>
<Switch141>
16
</Switch141>
<Switch142>
3
</Switch142>
<Switch143>
3
</Switch143>
<Switch144>
1
</Switch144>
<Switch145>
13
</Switch145>
<Switch146>
8
</Switch146>
<Switch147>
9
</Switch147>
<Switch148>
15
</Switch148>
<Switch149>
2
</Switch149>
<Switch150>
3
</Switch150>
<Switch151>
5
</Switch151>
<Switch152>
3
</Switch152>
<Switch153>
1
</Switch153>
<Switch154>
15
</Switch154>
<Switch155>
17
</Switch155>
<Switch156>
11
</Switch156>
<Switch157>
14
</Switch157>
<Switch158>
2
</Switch158>
<Switch159>
17
</Switch159>
<Switch160>
12
</Switch160>
<Switch161>
6
</Switch161>
<Switch162>
10
</Switch162>
<Switch163>
6
</Switch163>
<Switch164>
19
</Switch164>
<Switch165>
14
</Switch165>
<Switch166>
15
</Switch166>
<Switch167>
8
</Switch167>
<Switch168>
9
</Switch168>
<Switch169>
16
</Switch169>
<Switch170>
11
</Switch170>
<Switch171>
15
</Switch171>
<Switch172>
4
</Switch172>
<Switch173>
12
</Switch173>
<Switch174>
15
</Switch174>
<Switch175>
9
</Switch175>
<Switch176>
14
</Switch176>
<Switch177>
6
</Switch177>
<Switch178>
18
</Switch178>
<Switch179>
9
</Switch179>
<Switch180>
19
</Switch180>
<Switch181>
2
</Switch181>
<Switch182>
9
</Switch182>
<Switch183>
11
</Switch183>
<Switch184>
3
</Switch184>
<Switch185>
2
</Switch185>
<Switch186>
7
</Switch186>
<Switch187>
4
</Switch187>
<Switch188>
9
</Switch188>
<Switch189>
0
</Switch189>
<Switch190>
17
</Switch190>
<Switch191>
7
</Switch191>
<Switch192>
8
</Switch192>
<Switch193>
18
</Switch193>
<Switch194>
17
</Switch194>
<Switch195>
10
</Switch195>
<Switch196>
5
</Switch196>
<Switch197>
3
</Switch197>
<Switch198>
7
</Switch198>
<Switch199>
7
</Switch199>
<Switch200>
18
</Switch200>
<Switch201>
8
</Switch201>
<Switch202>
11
</Switch202>
<Switch203>
14
</Switch203>
<Switch204>
18
</Switch204>
<Switch205>
5
</Switch205>
<Switch206>
4
</Switch206>
<Switch207>
12
</Switch207>
<Switch208>
5
</Switch208>
<Switch209>
15
</Switch209>
<Switch210>
13
</Switch210>
<Switch211>
6
</Switch211>
<Switch212>
19
</Switch212>
<Switch213>
17
</Switch213>
<Switch214>
1
</Switch214>
<Switch215>
8
</Switch215>
<Switch216>
2
</Switch216>
<Switch217>
11
</Switch217>
<Switch218>
7
</Switch218>
<Switch219>
9
</Switch219>
<Switch220>
5
</Switch220>
<Switch221>
3
</Switch221>
<Switch222>
17
</Switch222>
<Switch223>
0
</Switch223>
<Switch224>
12
</Switch224>
<Switch225>
9
</Switch225>
<Switch226>
4
</Switch226>
<Switch227>
14
</Switch227>
<Switch228>
1
</Switch228>
<Switch229>
2
</Switch229>
<Switch230>
5
</Switch230>
<Switch231>
10
</Switch231>
<Switch232>
0
</Switch232>
<Switch233>
0
</Switch233>
<Switch234>
2
</Switch234>
<Switch235>
10
</Switch235>
<Switch236>
0
</Switch236>
<Switch237>
8
</Switch237>
<Switch238>
7
</Switch238>
<Switch239>
7
</Switch239>
<Switch240>
19
</Switch240>
<Switch241>
4
</Switch241>
<Switch242>
12
</Switch242>
<Switch243>
17
</Switch243>
<Switch244>
16
</Switch244>
<Switch245>
5
</Switch245>
<Switch246>
9
</Switch246>
<Switch247>
10
</Switch247>
<Switch248>
8
</Switch248>
<Switch249>
10
</Switch249>
<Switch250>
5
</Switch250>
<Switch251>
5
</Switch251>
<Switch252>
18
</Switch252>
<Switch253>
4
</Switch253>
<Switch254>
0
</Switch254>
<Switch255>
3
</Switch255>
<Switch256>
4
</Switch256>
<Switch257>
13
</Switch257>
<Switch258>
16
</Switch258>
<Switch259>
0
</Switch259>
<Switch260>
0
</Switch260>
<Switch261>
16
</Switch261>
<Switch262>
19
</Switch262>
<Switch263>
12
</Switch263>
<Switch264>
11
</Switch264>
<Switch265>
18
</Switch265>
<Switch266>
8
</Switch266>
<Switch267>
10
</Switch267>
<Switch268>
6
</Switch268>
<Switch269>
11
</Switch269>
<Switch270>
19
</Switch270>
<Switch271>
7
</Switch271>
<Switch272>
2
</Switch272>
<Switch273>
12
</Switch273>
<Switch274>
18
</Switch274>
<Switch275>
0
</Switch275>
<Switch276>
18
</Switch276>
<Switch277>
13
</Switch277>
<Switch278>
15
</Switch278>
<Switch279>
5
</Switch279>
<Switch280>
4
</Switch280>
<Switch281>
1
</Switch281>
<Switch282>
0
</Switch282>
<Switch283>
14
</Switch283>
<Switch284>
9
</Switch284>
<Switch285>
10
</Switch285>
<Switch286>
3
</Switch286>
<Switch287>
12
</Switch287>
<Switch288>
12
</Switch288>
<Switch289>
6
</Switch289>
<Switch290>
14
</Switch290>
<Switch291>
13
</Switch291>
<Switch292>
17
</Switch292>
<Switch293>
7
</Switch293>
<Switch294>
10
</Switch294>
<Switch295>
18
</Switch295>
<Switch296>
19
</Switch296>
<Switch297>
11
</Switch297>
<Switch298>
1
</Switch298>
<Switch299>
10
</Switch299>
<Switch300>
6
</Switch300>
<Switch301>
17
</Switch301>
<Switch302>
17
</Switch302>
<Switch303>
19
</Switch303>
<Switch304>
19
</Switch304>
<Switch305>
8
</Switch305>
<Switch306>
9
</Switch306>
<Switch307>
0
</Switch307>
<Switch308>
12
</Switch308>
<Switch309>
14
</Switch309>
<Switch310>
15
</Switch310>
<Switch311>
18
</Switch311>
<Switch312>
8
</Switch312>
<Switch313>
8
</Switch313>
<Switch314>
0
</Switch314>
<Switch315>
17
</Switch315>
<Switch316>
1
</Switch316>
<Switch317>
9
</Switch317>
<Switch318>
1
</Switch318>
<Switch319>
8
</Switch319>
<Switch320>
15
</Switch320>
<Switch321>
6
</Switch321>
<Switch322>
15
</Switch322>
<Switch323>
14
</Switch323>
<Switch324>
16
</Switch324>
<Switch325>
14
</Switch325>
<Switch326>
1
</Switch326>
<Switch327>
19
</Switch327>
<Switch328>
19
</Switch328>
<Switch329>
6
</Switch329>
<Switch330>
17
</Switch330>
<Switch331>
5
</Switch331>
<Switch332>
15
</Switch332>
<Switch333>
2
</Switch333>
<Switch334>
9
</Switch334>
<Switch335>
12
</Switch335>
<Switch336>
18
</Switch336>
<Switch337>
0
</Switch337>
<Switch338>
5
</Switch338>
<Switch339>
6
</Switch339>
<Switch340>
18
</Switch340>
<Switch341>
11
</Switch341>
<Switch342>
3
</Switch342>
<Switch343>
17
</Switch343>
<Switch344>
3
</Switch344>
<Switch345>
5
</Switch345>
<Switch346>
9
</Switch346>
<Switch347>
11
</Switch347>
<Switch348>
2
</Switch348>
<Switch349>
1
</Switch349>
<Switch350>
19
</Switch350>
<Switch351>
3
</Switch351>
<Switch352>
15
</Switch352>
<Switch353>
19
</Switch353>
<Switch354>
13
</Switch354>
<Switch355>
5
</Switch355>
<Switch356>
14
</Switch356>
<Switch357>
2
</Switch357>
<Switch358>
18
</Switch358>
<Switch359>
16
</Switch359>
<Switch360>
1
</Switch360>
<Switch361>
9
</Switch361>
<Switch362>
0
</Switch362>
<Switch363>
9
</Switch363>
<Switch364>
10
</Switch364>
<Switch365>
7
</Switch365>
<Switch366>
14
</Switch366>
<Switch367>
17
</Switch367>
<Switch368>
11
</Switch368>
<Switch369>
8
</Switch369>
<Switch370>
0
</Switch370>
<Switch371>
4
</Switch371>
<Switch372>
16
</Switch372>
<Switch373>
16
</Switch373>
<Switch374>
5
</Switch374>
<Switch375>
1
</Switch375>
<Switch376>
8
</Switch376>
<Switch377>
14
</Switch377>
<Switch378>
12
</Switch378>
<Switch379>
2
</Switch379>
<Switch380>
1
</Switch380>
<Switch381>
3
</Switch381>
<Switch382>
5
</Switch382>
<Switch383>
8
</Switch383>
<Switch384>
10
</Switch384>
<Switch385>
7
</Switch385>
<Switch386>
18
</Switch386>
<Switch387>
8
</Switch387>
<Switch388>
14
</Switch388>
<Switch389>
9
</Switch389>
<Switch390>
10
</Switch390>
<Switch391>
1
</Switch391>
<Switch392>
15
</Switch392>
<Switch393>
10
</Switch393>
<Switch394>
7
</Switch394>
<Switch395>
17
</Switch395>
<Switch396>
5
</Switch396>
<Switch397>
11
</Switch397>
<Switch398>
5
</Switch398>
<Switch399>
19
</Switch399>
<Switch400>
18
</Switch400>
<Switch401>
16
</Switch401>
<Switch402>
7
</Switch402>
<Switch403>
16
</Switch403>
<Switch404>
7
</Switch404>
<Switch405>
5
</Switch405>
<Switch406>
1
</Switch406>
<Switch407>
15
</Switch407>
<Switch408>
5
</Switch408>
<Switch409>
4
</Switch409>
<Switch410>
7
</Switch410>
<Switch411>
11
</Switch411>
<Switch412>
5
</Switch412>
<Switch413>
14
</Switch413>
<Switch414>
2
</Switch414>
<Switch415>
12
</Switch415>
<Switch416>
5
</Switch416>
<Switch417>
11
</Switch417>
<Switch418>
5
</Switch418>
<Switch419>
1
</Switch419>
<Switch420>
1
</Switch420>
<Switch421>
18
</Switch421>
<Switch422>
8
</Switch422>
<Switch423>
12
</Switch423>
<Switch424>
11
</Switch424>
<Switch425>
18
</Switch425>
<Switch426>
8
</Switch426>
<Switch427>
1
</Switch427>
<Switch428>
8
</Switch428>
<Switch429>
14
</Switch429>
<Switch430>
14
</Switch430>
<Switch431>
10
</Switch431>
<Switch432>
11
</Switch432>
<Switch433>
19
</Switch433>
<Switch434>
19
</Switch434>
<Switch435>
12
</Switch435>
<Switch436>
11
</Switch436>
<Switch437>
19
</Switch437>
<Switch438>
17
</Switch438>
<Switch439>
6
</Switch439>
<Switch440>
8
</Switch440>
<Switch441>
3
</Switch441>
<Switch442>
8
</Switch442>
<Switch443>
19
</Switch443>
<Switch444>
11
</Switch444>
<Switch445>
18
</Switch445>
<Switch446>
7
</Switch446>
<Switch447>
18
</Switch447>
<Switch448>
0
</Switch448>
<Switch449>
6
</Switch449>
<Switch450>
6
</Switch450>
<Switch451>
6
</Switch451>
<Switch452>
2
</Switch452>
<Switch453>
9
</Switch453>
<Switch454>
2
</Switch454>
<Switch455>
16
</Switch455>
<Switch456>
3
</Switch456>
<Switch457>
13
</Switch457>
<Switch458>
17
</Switch458>
<Switch459>
5
</Switch459>
<Switch460>
13
</Switch460>
<Switch461>
8
</Switch461>
<Switch462>
1
</Switch462>
<Switch463>
5
</Switch463>
<Switch464>
1
</Switch464>
<Switch465>
14
</Switch465>
<Switch466>
3
</Switch466>
<Switch467>
18
</Switch467>
<Switch468>
14
</Switch468>
<Switch469>
0
</Switch469>
<Switch470>
10
</Switch470>
<Switch471>
7
</Switch471>
<Switch472>
18
</Switch472>
<Switch473>
11
</Switch473>
<Switch474>
2
</Switch474>
<Switch475>
16
</Switch475>
<Switch476>
18
</Switch476>
<Switch477>
12
</Switch477>
<Switch478>
12
</Switch478>
<Switch479>
15
</Switch479>
<Switch480>
8
</Switch480>
<Switch481>
7
</Switch481>
<Switch482>
18
</Switch482>
<Switch483>
1
</Switch483>
<Switch484>
14
</Switch484>
<Switch485>
2
</Switch485>
<Switch486>
17
</Switch486>
<Switch487>
11
</Switch487>
<Switch488>
0
</Switch488>
<Switch489>
6
</Switch489>
<Switch490>
1
</Switch490>
<Switch491>
13
</Switch491>
<Switch492>
3
</Switch492>
<Switch493>
18
</Switch493>
<Switch494>
9
</Switch494>
<Switch495>
16
</Switch495>
<Switch496>
14
</Switch496>
<Switch497>
5
</Switch497>
<Switch498>
10
</Switch498>
<Switch499>
0
</Switch499>
<Switch500>
11
</Switch500>
<Switch501>
19
</Switch501>
<Switch502>
7
</Switch502>
<Switch503>
13
</Switch503>
<Switch504>
15
</Switch504>
<Switch505>
7
</Switch505>
<Switch506>
5
</Switch506>
<Switch507>
3
</Switch507>
<Switch508>
10
</Switch508>
<Switch509>
11
</Switch509>
<Switch510>
13
</Switch510>
<Switch511>
14
</Switch511>
<Switch512>
3
</Switch512>
<Switch513>
13
</Switch513>
<Switch514>
7
</Switch514>
<Switch515>
12
</Switch515>
<Switch516>
16
</Switch516>
<Switch517>
10
</Switch517>
<Switch518>
8
</Switch518>
<Switch519>
17
</Switch519>
<Switch520>
14
</Switch520>
<Switch521>
15
</Switch521>
<Switch522>
8
</Switch522>
<Switch523>
5
</Switch523>
<Switch524>
15
</Switch524>
<Switch525>
3
</Switch525>
<Switch526>
6
</Switch526>
<Switch527>
8
</Switch527>
<Switch528>
4
</Switch528>
<Switch529>
16
</Switch529>
<Switch530>
15
</Switch530>
<Switch531>
16
</Switch531>
<Switch532>
15
</Switch532>
<Switch533>
5
</Switch533>
<Switch534>
6
</Switch534>
<Switch535>
5
</Switch535>
<Switch536>
12
</Switch536>
<Switch537>
13
</Switch537>
<Switch538>
1
</Switch538>
<Switch539>
17
</Switch539>
<Switch540>
12
</Switch540>
<Switch541>
19
</Switch541>
<Switch542>
5
</Switch542>
<Switch543>
0
</Switch543>
<Switch544>
14
</Switch544>
<Switch545>
17
</Switch545>
<Switch546>
15
</Switch546>
<Switch547>
9
</Switch547>
<Switch548>
12
</Switch548>
<Switch549>
12
</Switch549>
<Switch550>
16
</Switch550>
<Switch551>
11
</Switch551>
<Switch552>
13
</Switch552>
<Switch553>
14
</Switch553>
<Switch554>
11
</Switch554>
<Switch555>
13
</Switch555>
<Switch556>
11
</Switch556>
<Switch557>
7
</Switch557>
<Switch558>
6
</Switch558>
<Switch559>
5
</Switch559>
<Switch560>
1
</Switch560>
<Switch561>
10
</Switch561>
<Switch562>
15
</Switch562>
<Switch563>
5
</Switch563>
<Switch564>
16
</Switch564>
<Switch565>
8
</Switch565>
<Switch566>
4
</Switch566>
<Switch567>
14
</Switch567>
<Switch568>
15
</Switch568>
<Switch569>
19
</Switch569>
<Switch570>
15
</Switch570>
<Switch571>
17
</Switch571>
<Switch572>
11
</Switch572>
<Switch573>
8
</Switch573>
<Switch574>
16
</Switch574>
<Switch575>
4
</Switch575>
<Switch576>
8
</Switch576>
<Switch577>
7
</Switch577>
<Switch578>
1
</Switch578>
<Switch579>
14
</Switch579>
<Switch580>
19
</Switch580>
<Switch581>
0
</Switch581>
<Switch582>
17
</Switch582>
<Switch583>
1
</Switch583>
<Switch584>
9
</Switch584>
<Switch585>
16
</Switch585>
<Switch586>
4
</Switch586>
<Switch587>
5
</Switch587>
<Switch588>
11
</Switch588>
<Switch589>
19
</Switch589>
<Switch590>
3
</Switch590>
<Switch591>
2
</Switch591>
<Switch592>
19
</Switch592>
<Switch593>
12
</Switch593>
<Switch594>
19
</Switch594>
<Switch595>
10
</Switch595>
<Switch596>
18
</Switch596>
<Switch597>
11
</Switch597>
<Switch598>
1
</Switch598>
<Switch599>
13
</Switch599>
<Switch600>
8
</Switch600>
<Switch601>
9
</Switch601>
<Switch602>
9
</Switch602>
<Switch603>
14
</Switch603>
<Switch604>
8
</Switch604>
<Switch605>
11
</Switch605>
<Switch606>
12
</Switch606>
<Switch607>
11
</Switch607>
<Switch608>
19
</Switch608>
<Switch609>
11
</Switch609>
<Switch610>
17
</Switch610>
<Switch611>
18
</Switch611>
<Switch612>
0
</Switch612>
<Switch613>
11
</Switch613>
<Switch614>
2
</Switch614>
<Switch615>
10
</Switch615>
<Switch616>
6
</Switch616>
<Switch617>
4
</Switch617>
<Switch618>
9
</Switch618>
<Switch619>
5
</Switch619>
<Switch620>
6
</Switch620>
<Switch621>
5
</Switch621>
<Switch622>
5
</Switch622>
<Switch623>
3
</Switch623>
<Switch624>
15
</Switch624>
<Switch625>
14
</Switch625>
<Switch626>
12
</Switch626>
<Switch627>
17
</Switch627>
<Switch628>
12
</Switch628>
<Switch629>
2
</Switch629>
<Switch630>
4
</Switch630>
<Switch631>
17
</Switch631>
<Switch632>
1
</Switch632>
<Switch633>
1
</Switch633>
<Switch634>
1
</Switch634>
<Switch635>
2
</Switch635>
<Switch636>
18
</Switch636>
<Switch637>
15
</Switch637>
<Switch638>
15
</Switch638>
<Switch639>
8
</Switch639>
<Switch640>
2
</Switch640>
<Switch641>
0
</Switch641>
<Switch642>
3
</Switch642>
<Switch643>
16
</Switch643>
<Switch644>
3
</Switch644>
<Switch645>
8
</Switch645>
<Switch646>
4
</Switch646>
<Switch647>
19
</Switch647>
<Switch648>
0
</Switch648>
<Switch649>
0
</Switch649>
<Switch650>
1
</Switch650>
<Switch651>
5
</Switch651>
<Switch652>
0
</Switch652>
<Switch653>
0
</Switch653>
<Switch654>
18
</Switch654>
<Switch655>
5
</Switch655>
<Switch656>
5
</Switch656>
<Switch657>
4
</Switch657>
<Switch658>
8
</Switch658>
<Switch659>
17
</Switch659>
<Switch660>
6
</Switch660>
<Switch661>
10
</Switch661>
<Switch662>
10
</Switch662>
<Switch663>
7
</Switch663>
<Switch664>
5
</Switch664>
<Switch665>
1
</Switch665>
<Switch666>
6
</Switch666>
<Switch667>
3
</Switch667>
<Switch668>
6
</Switch668>
<Switch669>
0
</Switch669>
<Switch670>
17
</Switch670>
<Switch671>
16
</Switch671>
<Switch672>
4
</Switch672>
<Switch673>
19
</Switch673>
<Switch674>
7
</Switch674>
<Switch675>
10
</Switch675>
<Switch676>
13
</Switch676>
<Switch677>
19
</Switch677>
<Switch678>
11
</Switch678>
<Switch679>
15
</Switch679>
<Switch680>
15
</Switch680>
<Switch681>
18
</Switch681>
<Switch682>
15
</Switch682>
<Switch683>
13
</Switch683>
<Switch684>
6
</Switch684>
<Switch685>
17
</Switch685>
<Switch686>
0
</Switch686>
<Switch687>
0
</Switch687>
<Switch688>
5
</Switch688>
<Switch689>
14
</Switch689>
<Switch690>
1
</Switch690>
<Switch691>
1
</Switch691>
<Switch692>
8
</Switch692>
<Switch693>
9
</Switch693>
<Switch694>
2
</Switch694>
<Switch695>
10
</Switch695>
<Switch696>
3
</Switch696>
<Switch697>
7
</Switch697>
<Switch698>
16
</Switch698>
<Switch699>
3
</Switch699>
<Switch700>
6
</Switch700>
<Switch701>
11
</Switch701>
<Switch702>
16
</Switch702>
<Switch703>
14
</Switch703>
<Switch704>
3
</Switch704>
<Switch705>
0
</Switch705>
<Switch706>
1
</Switch706>
<Switch707>
3
</Switch707>
<Switch708>
6
</Switch708>
<Switch709>
13
</Switch709>
<Switch710>
18
</Switch710>
<Switch711>
19
</Switch711>
<Switch712>
14
</Switch712>
<Switch713>
7
</Switch713>
<Switch714>
2
</Switch714>
<Switch715>
17
</Switch715>
<Switch716>
11
</Switch716>
<Switch717>
14
</Switch717>
<Switch718>
7
</Switch718>
<Switch719>
11
</Switch719>
<Switch720>
7
</Switch720>
<Switch721>
7
</Switch721>
<Switch722>
18
</Switch722>
<Switch723>
3
</Switch723>
<Switch724>
15
</Switch724>
<Switch725>
14
</Switch725>
<Switch726>
17
</Switch726>
<Switch727>
3
</Switch727>
<Switch728>
5
</Switch728>
<Switch729>
5
</Switch729>
<Switch730>
19
</Switch730>
<Switch731>
5
</Switch731>
<Switch732>
1
</Switch732>
<Switch733>
14
</Switch733>
<Switch734>
2
</Switch734>
<Switch735>
7
</Switch735>
<Switch736>
17
</Switch736>
<Switch737>
3
</Switch737>
<Switch738>
6
</Switch738>
<Switch739>
11
</Switch739>
<Switch740>
16
</Switch740>
<Switch741>
8
</Switch741>
<Switch742>
14
</Switch742>
<Switch743>
2
</Switch743>
<Switch744>
3
</Switch744>
<Switch745>
15
</Switch745>
<Switch746>
3
</Switch746>
<Switch747>
5
</Switch747>
<Switch748>
15
</Switch748>
<Switch749>
2
</Switch749>
<Switch750>
17
</Switch750>
<Switch751>
19
</Switch751>
<Switch752>
3
</Switch752>
<Switch753>
16
</Switch753>
<Switch754>
15
</Switch754>
<Switch755>
2
</Switch755>
<Switch756>
3
</Switch756>
<Switch757>
2
</Switch757>
</BaseID:160>
