<?xml version="1.0"?>

<BaseID:164>
<Switch1>
14
</Switch1>
<Switch2>
10
</Switch2>
<Switch3>
6
</Switch3>
<Switch4>
16
</Switch4>
<Switch5>
0
</Switch5>
<Switch6>
17
</Switch6>
<Switch7>
15
</Switch7>
<Switch8>
14
</Switch8>
<Switch9>
13
</Switch9>
<Switch10>
6
</Switch10>
<Switch11>
1
</Switch11>
<Switch12>
4
</Switch12>
<Switch13>
11
</Switch13>
<Switch14>
14
</Switch14>
<Switch15>
13
</Switch15>
<Switch16>
16
</Switch16>
<Switch17>
1
</Switch17>
<Switch18>
12
</Switch18>
<Switch19>
5
</Switch19>
<Switch20>
10
</Switch20>
<Switch21>
15
</Switch21>
<Switch22>
1
</Switch22>
<Switch23>
10
</Switch23>
<Switch24>
4
</Switch24>
<Switch25>
2
</Switch25>
<Switch26>
4
</Switch26>
<Switch27>
9
</Switch27>
<Switch28>
9
</Switch28>
<Switch29>
5
</Switch29>
<Switch30>
3
</Switch30>
<Switch31>
14
</Switch31>
<Switch32>
13
</Switch32>
<Switch33>
3
</Switch33>
<Switch34>
7
</Switch34>
<Switch35>
16
</Switch35>
<Switch36>
3
</Switch36>
<Switch37>
8
</Switch37>
<Switch38>
3
</Switch38>
<Switch39>
6
</Switch39>
<Switch40>
18
</Switch40>
<Switch41>
14
</Switch41>
<Switch42>
8
</Switch42>
<Switch43>
16
</Switch43>
<Switch44>
10
</Switch44>
<Switch45>
11
</Switch45>
<Switch46>
9
</Switch46>
<Switch47>
1
</Switch47>
<Switch48>
11
</Switch48>
<Switch49>
14
</Switch49>
<Switch50>
18
</Switch50>
<Switch51>
19
</Switch51>
<Switch52>
7
</Switch52>
<Switch53>
4
</Switch53>
<Switch54>
15
</Switch54>
<Switch55>
12
</Switch55>
<Switch56>
0
</Switch56>
<Switch57>
14
</Switch57>
<Switch58>
15
</Switch58>
<Switch59>
6
</Switch59>
<Switch60>
1
</Switch60>
<Switch61>
17
</Switch61>
<Switch62>
12
</Switch62>
<Switch63>
7
</Switch63>
<Switch64>
13
</Switch64>
<Switch65>
17
</Switch65>
<Switch66>
18
</Switch66>
<Switch67>
8
</Switch67>
<Switch68>
4
</Switch68>
<Switch69>
18
</Switch69>
<Switch70>
11
</Switch70>
<Switch71>
4
</Switch71>
<Switch72>
11
</Switch72>
<Switch73>
17
</Switch73>
<Switch74>
17
</Switch74>
<Switch75>
16
</Switch75>
<Switch76>
6
</Switch76>
<Switch77>
0
</Switch77>
<Switch78>
0
</Switch78>
<Switch79>
1
</Switch79>
<Switch80>
1
</Switch80>
<Switch81>
2
</Switch81>
<Switch82>
8
</Switch82>
<Switch83>
6
</Switch83>
<Switch84>
19
</Switch84>
<Switch85>
2
</Switch85>
<Switch86>
14
</Switch86>
<Switch87>
4
</Switch87>
<Switch88>
19
</Switch88>
<Switch89>
18
</Switch89>
<Switch90>
3
</Switch90>
<Switch91>
16
</Switch91>
<Switch92>
14
</Switch92>
<Switch93>
19
</Switch93>
<Switch94>
5
</Switch94>
<Switch95>
8
</Switch95>
<Switch96>
19
</Switch96>
<Switch97>
12
</Switch97>
<Switch98>
15
</Switch98>
<Switch99>
18
</Switch99>
<Switch100>
1
</Switch100>
<Switch101>
5
</Switch101>
<Switch102>
10
</Switch102>
<Switch103>
2
</Switch103>
<Switch104>
10
</Switch104>
<Switch105>
3
</Switch105>
<Switch106>
1
</Switch106>
<Switch107>
15
</Switch107>
<Switch108>
13
</Switch108>
<Switch109>
1
</Switch109>
<Switch110>
6
</Switch110>
<Switch111>
6
</Switch111>
<Switch112>
10
</Switch112>
<Switch113>
2
</Switch113>
<Switch114>
17
</Switch114>
<Switch115>
4
</Switch115>
<Switch116>
2
</Switch116>
<Switch117>
18
</Switch117>
<Switch118>
2
</Switch118>
<Switch119>
5
</Switch119>
<Switch120>
19
</Switch120>
<Switch121>
10
</Switch121>
<Switch122>
8
</Switch122>
<Switch123>
1
</Switch123>
<Switch124>
11
</Switch124>
<Switch125>
13
</Switch125>
<Switch126>
5
</Switch126>
<Switch127>
3
</Switch127>
<Switch128>
4
</Switch128>
<Switch129>
17
</Switch129>
<Switch130>
18
</Switch130>
<Switch131>
1
</Switch131>
<Switch132>
12
</Switch132>
<Switch133>
11
</Switch133>
<Switch134>
7
</Switch134>
<Switch135>
16
</Switch135>
<Switch136>
18
</Switch136>
<Switch137>
3
</Switch137>
<Switch138>
1
</Switch138>
<Switch139>
13
</Switch139>
<Switch140>
17
</Switch140>
<Switch141>
16
</Switch141>
<Switch142>
3
</Switch142>
<Switch143>
0
</Switch143>
<Switch144>
18
</Switch144>
<Switch145>
12
</Switch145>
<Switch146>
3
</Switch146>
<Switch147>
13
</Switch147>
<Switch148>
1
</Switch148>
<Switch149>
3
</Switch149>
<Switch150>
18
</Switch150>
<Switch151>
17
</Switch151>
<Switch152>
10
</Switch152>
<Switch153>
15
</Switch153>
<Switch154>
7
</Switch154>
<Switch155>
12
</Switch155>
<Switch156>
16
</Switch156>
<Switch157>
9
</Switch157>
<Switch158>
6
</Switch158>
<Switch159>
9
</Switch159>
<Switch160>
11
</Switch160>
<Switch161>
2
</Switch161>
<Switch162>
19
</Switch162>
<Switch163>
9
</Switch163>
<Switch164>
4
</Switch164>
<Switch165>
1
</Switch165>
<Switch166>
15
</Switch166>
<Switch167>
2
</Switch167>
<Switch168>
9
</Switch168>
<Switch169>
17
</Switch169>
<Switch170>
11
</Switch170>
<Switch171>
0
</Switch171>
<Switch172>
0
</Switch172>
<Switch173>
2
</Switch173>
<Switch174>
9
</Switch174>
<Switch175>
15
</Switch175>
<Switch176>
12
</Switch176>
<Switch177>
2
</Switch177>
<Switch178>
12
</Switch178>
<Switch179>
1
</Switch179>
<Switch180>
12
</Switch180>
<Switch181>
10
</Switch181>
<Switch182>
3
</Switch182>
<Switch183>
18
</Switch183>
<Switch184>
5
</Switch184>
<Switch185>
19
</Switch185>
<Switch186>
6
</Switch186>
<Switch187>
18
</Switch187>
<Switch188>
14
</Switch188>
<Switch189>
19
</Switch189>
<Switch190>
0
</Switch190>
<Switch191>
14
</Switch191>
<Switch192>
7
</Switch192>
<Switch193>
9
</Switch193>
<Switch194>
19
</Switch194>
<Switch195>
11
</Switch195>
<Switch196>
13
</Switch196>
<Switch197>
14
</Switch197>
<Switch198>
6
</Switch198>
<Switch199>
4
</Switch199>
<Switch200>
9
</Switch200>
<Switch201>
1
</Switch201>
<Switch202>
8
</Switch202>
<Switch203>
15
</Switch203>
<Switch204>
5
</Switch204>
<Switch205>
2
</Switch205>
<Switch206>
9
</Switch206>
<Switch207>
11
</Switch207>
<Switch208>
18
</Switch208>
<Switch209>
14
</Switch209>
<Switch210>
2
</Switch210>
<Switch211>
17
</Switch211>
<Switch212>
5
</Switch212>
<Switch213>
11
</Switch213>
<Switch214>
0
</Switch214>
<Switch215>
10
</Switch215>
<Switch216>
11
</Switch216>
<Switch217>
8
</Switch217>
<Switch218>
6
</Switch218>
<Switch219>
5
</Switch219>
<Switch220>
12
</Switch220>
<Switch221>
17
</Switch221>
<Switch222>
4
</Switch222>
<Switch223>
18
</Switch223>
<Switch224>
7
</Switch224>
<Switch225>
9
</Switch225>
<Switch226>
16
</Switch226>
<Switch227>
6
</Switch227>
<Switch228>
0
</Switch228>
<Switch229>
15
</Switch229>
<Switch230>
7
</Switch230>
<Switch231>
18
</Switch231>
<Switch232>
3
</Switch232>
<Switch233>
3
</Switch233>
<Switch234>
0
</Switch234>
<Switch235>
3
</Switch235>
<Switch236>
5
</Switch236>
<Switch237>
14
</Switch237>
<Switch238>
6
</Switch238>
<Switch239>
0
</Switch239>
<Switch240>
6
</Switch240>
<Switch241>
2
</Switch241>
<Switch242>
16
</Switch242>
<Switch243>
1
</Switch243>
<Switch244>
6
</Switch244>
<Switch245>
10
</Switch245>
<Switch246>
6
</Switch246>
<Switch247>
7
</Switch247>
<Switch248>
14
</Switch248>
<Switch249>
13
</Switch249>
<Switch250>
0
</Switch250>
<Switch251>
8
</Switch251>
<Switch252>
6
</Switch252>
<Switch253>
17
</Switch253>
<Switch254>
10
</Switch254>
<Switch255>
1
</Switch255>
<Switch256>
16
</Switch256>
<Switch257>
14
</Switch257>
<Switch258>
15
</Switch258>
<Switch259>
3
</Switch259>
<Switch260>
8
</Switch260>
<Switch261>
16
</Switch261>
<Switch262>
18
</Switch262>
<Switch263>
19
</Switch263>
<Switch264>
15
</Switch264>
<Switch265>
19
</Switch265>
<Switch266>
4
</Switch266>
<Switch267>
2
</Switch267>
<Switch268>
15
</Switch268>
<Switch269>
7
</Switch269>
<Switch270>
9
</Switch270>
<Switch271>
18
</Switch271>
<Switch272>
9
</Switch272>
<Switch273>
5
</Switch273>
<Switch274>
6
</Switch274>
<Switch275>
3
</Switch275>
<Switch276>
10
</Switch276>
<Switch277>
2
</Switch277>
<Switch278>
4
</Switch278>
<Switch279>
18
</Switch279>
<Switch280>
8
</Switch280>
<Switch281>
6
</Switch281>
<Switch282>
18
</Switch282>
<Switch283>
8
</Switch283>
<Switch284>
8
</Switch284>
<Switch285>
3
</Switch285>
<Switch286>
1
</Switch286>
<Switch287>
6
</Switch287>
<Switch288>
10
</Switch288>
<Switch289>
12
</Switch289>
<Switch290>
12
</Switch290>
<Switch291>
1
</Switch291>
<Switch292>
1
</Switch292>
<Switch293>
9
</Switch293>
<Switch294>
0
</Switch294>
<Switch295>
17
</Switch295>
<Switch296>
17
</Switch296>
<Switch297>
2
</Switch297>
<Switch298>
10
</Switch298>
<Switch299>
4
</Switch299>
<Switch300>
15
</Switch300>
<Switch301>
4
</Switch301>
<Switch302>
9
</Switch302>
<Switch303>
13
</Switch303>
<Switch304>
18
</Switch304>
<Switch305>
16
</Switch305>
<Switch306>
3
</Switch306>
<Switch307>
14
</Switch307>
<Switch308>
13
</Switch308>
<Switch309>
15
</Switch309>
<Switch310>
11
</Switch310>
<Switch311>
15
</Switch311>
<Switch312>
14
</Switch312>
<Switch313>
19
</Switch313>
<Switch314>
13
</Switch314>
<Switch315>
12
</Switch315>
<Switch316>
7
</Switch316>
<Switch317>
5
</Switch317>
<Switch318>
17
</Switch318>
<Switch319>
19
</Switch319>
<Switch320>
8
</Switch320>
<Switch321>
15
</Switch321>
<Switch322>
12
</Switch322>
<Switch323>
8
</Switch323>
<Switch324>
19
</Switch324>
<Switch325>
17
</Switch325>
<Switch326>
1
</Switch326>
<Switch327>
2
</Switch327>
<Switch328>
0
</Switch328>
<Switch329>
15
</Switch329>
<Switch330>
16
</Switch330>
<Switch331>
8
</Switch331>
<Switch332>
1
</Switch332>
<Switch333>
11
</Switch333>
<Switch334>
11
</Switch334>
<Switch335>
0
</Switch335>
<Switch336>
3
</Switch336>
<Switch337>
9
</Switch337>
<Switch338>
9
</Switch338>
<Switch339>
3
</Switch339>
<Switch340>
0
</Switch340>
<Switch341>
15
</Switch341>
<Switch342>
6
</Switch342>
<Switch343>
2
</Switch343>
<Switch344>
16
</Switch344>
<Switch345>
8
</Switch345>
<Switch346>
6
</Switch346>
<Switch347>
5
</Switch347>
<Switch348>
2
</Switch348>
<Switch349>
13
</Switch349>
<Switch350>
11
</Switch350>
<Switch351>
3
</Switch351>
<Switch352>
7
</Switch352>
<Switch353>
8
</Switch353>
<Switch354>
17
</Switch354>
<Switch355>
5
</Switch355>
<Switch356>
7
</Switch356>
<Switch357>
12
</Switch357>
<Switch358>
0
</Switch358>
<Switch359>
0
</Switch359>
<Switch360>
9
</Switch360>
<Switch361>
1
</Switch361>
<Switch362>
12
</Switch362>
<Switch363>
10
</Switch363>
<Switch364>
18
</Switch364>
<Switch365>
1
</Switch365>
<Switch366>
14
</Switch366>
<Switch367>
13
</Switch367>
<Switch368>
10
</Switch368>
<Switch369>
1
</Switch369>
<Switch370>
11
</Switch370>
<Switch371>
8
</Switch371>
<Switch372>
9
</Switch372>
<Switch373>
8
</Switch373>
<Switch374>
6
</Switch374>
<Switch375>
3
</Switch375>
<Switch376>
1
</Switch376>
<Switch377>
9
</Switch377>
<Switch378>
3
</Switch378>
<Switch379>
10
</Switch379>
<Switch380>
13
</Switch380>
<Switch381>
7
</Switch381>
<Switch382>
7
</Switch382>
<Switch383>
1
</Switch383>
<Switch384>
0
</Switch384>
<Switch385>
13
</Switch385>
<Switch386>
8
</Switch386>
<Switch387>
7
</Switch387>
<Switch388>
16
</Switch388>
<Switch389>
16
</Switch389>
<Switch390>
13
</Switch390>
<Switch391>
13
</Switch391>
<Switch392>
4
</Switch392>
<Switch393>
2
</Switch393>
<Switch394>
16
</Switch394>
<Switch395>
7
</Switch395>
<Switch396>
5
</Switch396>
<Switch397>
17
</Switch397>
<Switch398>
8
</Switch398>
<Switch399>
14
</Switch399>
<Switch400>
4
</Switch400>
<Switch401>
1
</Switch401>
<Switch402>
1
</Switch402>
<Switch403>
13
</Switch403>
<Switch404>
15
</Switch404>
<Switch405>
19
</Switch405>
<Switch406>
2
</Switch406>
<Switch407>
13
</Switch407>
<Switch408>
19
</Switch408>
<Switch409>
3
</Switch409>
<Switch410>
14
</Switch410>
<Switch411>
15
</Switch411>
<Switch412>
5
</Switch412>
<Switch413>
12
</Switch413>
<Switch414>
0
</Switch414>
<Switch415>
2
</Switch415>
<Switch416>
12
</Switch416>
<Switch417>
4
</Switch417>
<Switch418>
2
</Switch418>
<Switch419>
11
</Switch419>
<Switch420>
10
</Switch420>
<Switch421>
3
</Switch421>
<Switch422>
2
</Switch422>
<Switch423>
2
</Switch423>
<Switch424>
5
</Switch424>
<Switch425>
2
</Switch425>
<Switch426>
6
</Switch426>
<Switch427>
10
</Switch427>
<Switch428>
14
</Switch428>
<Switch429>
9
</Switch429>
<Switch430>
9
</Switch430>
<Switch431>
12
</Switch431>
<Switch432>
9
</Switch432>
<Switch433>
0
</Switch433>
<Switch434>
11
</Switch434>
<Switch435>
13
</Switch435>
<Switch436>
15
</Switch436>
<Switch437>
3
</Switch437>
<Switch438>
15
</Switch438>
<Switch439>
14
</Switch439>
<Switch440>
8
</Switch440>
<Switch441>
13
</Switch441>
<Switch442>
13
</Switch442>
<Switch443>
9
</Switch443>
<Switch444>
5
</Switch444>
<Switch445>
12
</Switch445>
<Switch446>
19
</Switch446>
<Switch447>
15
</Switch447>
<Switch448>
6
</Switch448>
<Switch449>
8
</Switch449>
<Switch450>
1
</Switch450>
<Switch451>
4
</Switch451>
<Switch452>
10
</Switch452>
<Switch453>
6
</Switch453>
<Switch454>
0
</Switch454>
<Switch455>
3
</Switch455>
<Switch456>
15
</Switch456>
<Switch457>
19
</Switch457>
<Switch458>
0
</Switch458>
<Switch459>
19
</Switch459>
<Switch460>
10
</Switch460>
<Switch461>
6
</Switch461>
<Switch462>
18
</Switch462>
<Switch463>
16
</Switch463>
<Switch464>
12
</Switch464>
<Switch465>
14
</Switch465>
<Switch466>
1
</Switch466>
</BaseID:164>
