<?xml version="1.0"?>

<BaseID:170>
<Switch1>
1
</Switch1>
<Switch2>
19
</Switch2>
<Switch3>
4
</Switch3>
<Switch4>
18
</Switch4>
<Switch5>
3
</Switch5>
<Switch6>
15
</Switch6>
<Switch7>
7
</Switch7>
<Switch8>
5
</Switch8>
<Switch9>
14
</Switch9>
<Switch10>
16
</Switch10>
<Switch11>
16
</Switch11>
<Switch12>
2
</Switch12>
<Switch13>
19
</Switch13>
<Switch14>
1
</Switch14>
<Switch15>
14
</Switch15>
<Switch16>
9
</Switch16>
<Switch17>
6
</Switch17>
<Switch18>
14
</Switch18>
<Switch19>
6
</Switch19>
<Switch20>
18
</Switch20>
<Switch21>
19
</Switch21>
<Switch22>
15
</Switch22>
<Switch23>
2
</Switch23>
<Switch24>
2
</Switch24>
<Switch25>
9
</Switch25>
<Switch26>
9
</Switch26>
<Switch27>
5
</Switch27>
<Switch28>
2
</Switch28>
<Switch29>
16
</Switch29>
<Switch30>
7
</Switch30>
<Switch31>
6
</Switch31>
<Switch32>
16
</Switch32>
<Switch33>
9
</Switch33>
<Switch34>
13
</Switch34>
<Switch35>
7
</Switch35>
<Switch36>
17
</Switch36>
<Switch37>
17
</Switch37>
<Switch38>
14
</Switch38>
<Switch39>
9
</Switch39>
<Switch40>
7
</Switch40>
<Switch41>
11
</Switch41>
<Switch42>
1
</Switch42>
<Switch43>
14
</Switch43>
<Switch44>
19
</Switch44>
<Switch45>
9
</Switch45>
<Switch46>
16
</Switch46>
<Switch47>
4
</Switch47>
<Switch48>
14
</Switch48>
<Switch49>
13
</Switch49>
<Switch50>
0
</Switch50>
<Switch51>
17
</Switch51>
<Switch52>
6
</Switch52>
<Switch53>
15
</Switch53>
<Switch54>
16
</Switch54>
<Switch55>
17
</Switch55>
<Switch56>
16
</Switch56>
<Switch57>
3
</Switch57>
<Switch58>
12
</Switch58>
<Switch59>
19
</Switch59>
<Switch60>
2
</Switch60>
<Switch61>
6
</Switch61>
<Switch62>
13
</Switch62>
<Switch63>
8
</Switch63>
<Switch64>
15
</Switch64>
<Switch65>
1
</Switch65>
<Switch66>
12
</Switch66>
<Switch67>
11
</Switch67>
<Switch68>
14
</Switch68>
<Switch69>
4
</Switch69>
<Switch70>
5
</Switch70>
</BaseID:170>
