<?xml version="1.0"?>

<BaseID:177>
<Switch1>
19
</Switch1>
<Switch2>
1
</Switch2>
<Switch3>
18
</Switch3>
<Switch4>
9
</Switch4>
<Switch5>
15
</Switch5>
<Switch6>
16
</Switch6>
<Switch7>
19
</Switch7>
<Switch8>
15
</Switch8>
<Switch9>
4
</Switch9>
<Switch10>
17
</Switch10>
<Switch11>
8
</Switch11>
<Switch12>
5
</Switch12>
<Switch13>
15
</Switch13>
<Switch14>
1
</Switch14>
<Switch15>
3
</Switch15>
<Switch16>
1
</Switch16>
<Switch17>
8
</Switch17>
<Switch18>
1
</Switch18>
<Switch19>
17
</Switch19>
<Switch20>
17
</Switch20>
<Switch21>
4
</Switch21>
<Switch22>
11
</Switch22>
<Switch23>
9
</Switch23>
<Switch24>
12
</Switch24>
<Switch25>
12
</Switch25>
<Switch26>
14
</Switch26>
<Switch27>
15
</Switch27>
<Switch28>
10
</Switch28>
<Switch29>
9
</Switch29>
<Switch30>
16
</Switch30>
<Switch31>
13
</Switch31>
<Switch32>
2
</Switch32>
<Switch33>
16
</Switch33>
<Switch34>
14
</Switch34>
<Switch35>
8
</Switch35>
<Switch36>
2
</Switch36>
<Switch37>
10
</Switch37>
<Switch38>
5
</Switch38>
<Switch39>
6
</Switch39>
<Switch40>
7
</Switch40>
<Switch41>
8
</Switch41>
<Switch42>
12
</Switch42>
<Switch43>
17
</Switch43>
<Switch44>
18
</Switch44>
<Switch45>
0
</Switch45>
<Switch46>
9
</Switch46>
<Switch47>
9
</Switch47>
<Switch48>
10
</Switch48>
<Switch49>
0
</Switch49>
<Switch50>
7
</Switch50>
<Switch51>
10
</Switch51>
<Switch52>
15
</Switch52>
<Switch53>
16
</Switch53>
<Switch54>
14
</Switch54>
<Switch55>
3
</Switch55>
<Switch56>
4
</Switch56>
<Switch57>
19
</Switch57>
<Switch58>
13
</Switch58>
<Switch59>
11
</Switch59>
<Switch60>
18
</Switch60>
<Switch61>
0
</Switch61>
<Switch62>
16
</Switch62>
<Switch63>
6
</Switch63>
<Switch64>
18
</Switch64>
<Switch65>
11
</Switch65>
<Switch66>
17
</Switch66>
<Switch67>
14
</Switch67>
<Switch68>
14
</Switch68>
<Switch69>
15
</Switch69>
<Switch70>
11
</Switch70>
<Switch71>
17
</Switch71>
<Switch72>
12
</Switch72>
<Switch73>
7
</Switch73>
<Switch74>
19
</Switch74>
<Switch75>
14
</Switch75>
<Switch76>
10
</Switch76>
<Switch77>
17
</Switch77>
<Switch78>
15
</Switch78>
<Switch79>
11
</Switch79>
<Switch80>
9
</Switch80>
<Switch81>
7
</Switch81>
<Switch82>
8
</Switch82>
<Switch83>
1
</Switch83>
<Switch84>
9
</Switch84>
<Switch85>
12
</Switch85>
<Switch86>
12
</Switch86>
<Switch87>
7
</Switch87>
<Switch88>
11
</Switch88>
<Switch89>
19
</Switch89>
<Switch90>
8
</Switch90>
<Switch91>
2
</Switch91>
<Switch92>
0
</Switch92>
<Switch93>
7
</Switch93>
<Switch94>
9
</Switch94>
<Switch95>
6
</Switch95>
<Switch96>
6
</Switch96>
<Switch97>
4
</Switch97>
<Switch98>
18
</Switch98>
<Switch99>
7
</Switch99>
<Switch100>
12
</Switch100>
<Switch101>
7
</Switch101>
<Switch102>
18
</Switch102>
<Switch103>
11
</Switch103>
<Switch104>
1
</Switch104>
<Switch105>
5
</Switch105>
<Switch106>
4
</Switch106>
<Switch107>
7
</Switch107>
<Switch108>
6
</Switch108>
<Switch109>
8
</Switch109>
<Switch110>
11
</Switch110>
<Switch111>
17
</Switch111>
<Switch112>
15
</Switch112>
<Switch113>
2
</Switch113>
<Switch114>
1
</Switch114>
<Switch115>
9
</Switch115>
<Switch116>
8
</Switch116>
<Switch117>
0
</Switch117>
<Switch118>
8
</Switch118>
</BaseID:177>
