<?xml version="1.0"?>

<BaseID:18>
<Switch1>
10
</Switch1>
<Switch2>
9
</Switch2>
<Switch3>
3
</Switch3>
<Switch4>
5
</Switch4>
<Switch5>
3
</Switch5>
<Switch6>
19
</Switch6>
<Switch7>
10
</Switch7>
<Switch8>
13
</Switch8>
<Switch9>
11
</Switch9>
<Switch10>
8
</Switch10>
<Switch11>
8
</Switch11>
<Switch12>
0
</Switch12>
<Switch13>
17
</Switch13>
<Switch14>
11
</Switch14>
<Switch15>
5
</Switch15>
<Switch16>
19
</Switch16>
<Switch17>
12
</Switch17>
<Switch18>
0
</Switch18>
<Switch19>
3
</Switch19>
<Switch20>
0
</Switch20>
<Switch21>
7
</Switch21>
<Switch22>
11
</Switch22>
<Switch23>
17
</Switch23>
<Switch24>
11
</Switch24>
<Switch25>
8
</Switch25>
<Switch26>
6
</Switch26>
<Switch27>
17
</Switch27>
<Switch28>
14
</Switch28>
<Switch29>
8
</Switch29>
<Switch30>
15
</Switch30>
<Switch31>
3
</Switch31>
<Switch32>
2
</Switch32>
<Switch33>
0
</Switch33>
<Switch34>
15
</Switch34>
<Switch35>
2
</Switch35>
<Switch36>
0
</Switch36>
<Switch37>
19
</Switch37>
<Switch38>
9
</Switch38>
<Switch39>
6
</Switch39>
<Switch40>
4
</Switch40>
<Switch41>
16
</Switch41>
<Switch42>
16
</Switch42>
<Switch43>
16
</Switch43>
<Switch44>
12
</Switch44>
<Switch45>
7
</Switch45>
<Switch46>
12
</Switch46>
<Switch47>
17
</Switch47>
<Switch48>
5
</Switch48>
<Switch49>
1
</Switch49>
<Switch50>
12
</Switch50>
<Switch51>
1
</Switch51>
<Switch52>
6
</Switch52>
<Switch53>
11
</Switch53>
<Switch54>
5
</Switch54>
<Switch55>
13
</Switch55>
<Switch56>
17
</Switch56>
<Switch57>
1
</Switch57>
<Switch58>
15
</Switch58>
<Switch59>
1
</Switch59>
<Switch60>
4
</Switch60>
<Switch61>
7
</Switch61>
<Switch62>
19
</Switch62>
<Switch63>
7
</Switch63>
<Switch64>
9
</Switch64>
<Switch65>
5
</Switch65>
<Switch66>
19
</Switch66>
<Switch67>
9
</Switch67>
<Switch68>
19
</Switch68>
<Switch69>
1
</Switch69>
<Switch70>
9
</Switch70>
<Switch71>
18
</Switch71>
<Switch72>
9
</Switch72>
<Switch73>
10
</Switch73>
<Switch74>
19
</Switch74>
<Switch75>
8
</Switch75>
<Switch76>
9
</Switch76>
<Switch77>
1
</Switch77>
<Switch78>
4
</Switch78>
<Switch79>
15
</Switch79>
<Switch80>
18
</Switch80>
<Switch81>
15
</Switch81>
<Switch82>
2
</Switch82>
<Switch83>
18
</Switch83>
<Switch84>
14
</Switch84>
<Switch85>
1
</Switch85>
<Switch86>
12
</Switch86>
<Switch87>
2
</Switch87>
<Switch88>
7
</Switch88>
<Switch89>
11
</Switch89>
<Switch90>
2
</Switch90>
<Switch91>
3
</Switch91>
<Switch92>
12
</Switch92>
<Switch93>
17
</Switch93>
<Switch94>
3
</Switch94>
<Switch95>
12
</Switch95>
<Switch96>
17
</Switch96>
<Switch97>
17
</Switch97>
<Switch98>
11
</Switch98>
<Switch99>
4
</Switch99>
<Switch100>
5
</Switch100>
<Switch101>
15
</Switch101>
<Switch102>
7
</Switch102>
<Switch103>
15
</Switch103>
<Switch104>
1
</Switch104>
<Switch105>
11
</Switch105>
<Switch106>
14
</Switch106>
<Switch107>
6
</Switch107>
<Switch108>
1
</Switch108>
<Switch109>
3
</Switch109>
<Switch110>
10
</Switch110>
<Switch111>
10
</Switch111>
<Switch112>
5
</Switch112>
<Switch113>
13
</Switch113>
<Switch114>
13
</Switch114>
<Switch115>
9
</Switch115>
<Switch116>
15
</Switch116>
<Switch117>
0
</Switch117>
<Switch118>
18
</Switch118>
<Switch119>
19
</Switch119>
<Switch120>
13
</Switch120>
<Switch121>
4
</Switch121>
<Switch122>
11
</Switch122>
<Switch123>
17
</Switch123>
<Switch124>
11
</Switch124>
<Switch125>
13
</Switch125>
<Switch126>
4
</Switch126>
<Switch127>
15
</Switch127>
<Switch128>
6
</Switch128>
<Switch129>
12
</Switch129>
<Switch130>
10
</Switch130>
<Switch131>
3
</Switch131>
<Switch132>
10
</Switch132>
<Switch133>
4
</Switch133>
<Switch134>
14
</Switch134>
<Switch135>
8
</Switch135>
<Switch136>
6
</Switch136>
<Switch137>
11
</Switch137>
<Switch138>
10
</Switch138>
<Switch139>
9
</Switch139>
<Switch140>
3
</Switch140>
<Switch141>
18
</Switch141>
<Switch142>
15
</Switch142>
<Switch143>
19
</Switch143>
<Switch144>
12
</Switch144>
<Switch145>
5
</Switch145>
<Switch146>
0
</Switch146>
<Switch147>
13
</Switch147>
<Switch148>
9
</Switch148>
<Switch149>
12
</Switch149>
<Switch150>
7
</Switch150>
<Switch151>
2
</Switch151>
<Switch152>
10
</Switch152>
<Switch153>
10
</Switch153>
<Switch154>
10
</Switch154>
<Switch155>
18
</Switch155>
<Switch156>
4
</Switch156>
<Switch157>
3
</Switch157>
<Switch158>
18
</Switch158>
<Switch159>
6
</Switch159>
<Switch160>
19
</Switch160>
<Switch161>
17
</Switch161>
<Switch162>
4
</Switch162>
<Switch163>
2
</Switch163>
<Switch164>
7
</Switch164>
<Switch165>
1
</Switch165>
<Switch166>
11
</Switch166>
<Switch167>
13
</Switch167>
<Switch168>
1
</Switch168>
<Switch169>
8
</Switch169>
<Switch170>
14
</Switch170>
<Switch171>
13
</Switch171>
<Switch172>
16
</Switch172>
<Switch173>
1
</Switch173>
<Switch174>
10
</Switch174>
<Switch175>
13
</Switch175>
<Switch176>
2
</Switch176>
<Switch177>
9
</Switch177>
<Switch178>
13
</Switch178>
<Switch179>
12
</Switch179>
<Switch180>
1
</Switch180>
<Switch181>
6
</Switch181>
<Switch182>
5
</Switch182>
<Switch183>
3
</Switch183>
<Switch184>
0
</Switch184>
<Switch185>
6
</Switch185>
<Switch186>
4
</Switch186>
<Switch187>
10
</Switch187>
<Switch188>
3
</Switch188>
<Switch189>
19
</Switch189>
<Switch190>
8
</Switch190>
<Switch191>
5
</Switch191>
<Switch192>
10
</Switch192>
<Switch193>
9
</Switch193>
<Switch194>
17
</Switch194>
<Switch195>
2
</Switch195>
<Switch196>
19
</Switch196>
<Switch197>
0
</Switch197>
<Switch198>
2
</Switch198>
<Switch199>
0
</Switch199>
<Switch200>
2
</Switch200>
<Switch201>
16
</Switch201>
<Switch202>
14
</Switch202>
<Switch203>
13
</Switch203>
<Switch204>
18
</Switch204>
<Switch205>
12
</Switch205>
<Switch206>
9
</Switch206>
<Switch207>
5
</Switch207>
<Switch208>
2
</Switch208>
<Switch209>
10
</Switch209>
<Switch210>
0
</Switch210>
<Switch211>
12
</Switch211>
<Switch212>
10
</Switch212>
<Switch213>
9
</Switch213>
<Switch214>
1
</Switch214>
<Switch215>
11
</Switch215>
<Switch216>
1
</Switch216>
<Switch217>
4
</Switch217>
<Switch218>
15
</Switch218>
<Switch219>
8
</Switch219>
<Switch220>
1
</Switch220>
<Switch221>
18
</Switch221>
<Switch222>
7
</Switch222>
<Switch223>
3
</Switch223>
<Switch224>
1
</Switch224>
<Switch225>
12
</Switch225>
<Switch226>
1
</Switch226>
<Switch227>
1
</Switch227>
<Switch228>
2
</Switch228>
<Switch229>
3
</Switch229>
<Switch230>
6
</Switch230>
<Switch231>
18
</Switch231>
<Switch232>
8
</Switch232>
<Switch233>
5
</Switch233>
<Switch234>
10
</Switch234>
<Switch235>
3
</Switch235>
<Switch236>
5
</Switch236>
<Switch237>
7
</Switch237>
<Switch238>
13
</Switch238>
<Switch239>
3
</Switch239>
<Switch240>
6
</Switch240>
<Switch241>
19
</Switch241>
<Switch242>
7
</Switch242>
<Switch243>
11
</Switch243>
<Switch244>
9
</Switch244>
<Switch245>
5
</Switch245>
<Switch246>
18
</Switch246>
<Switch247>
14
</Switch247>
<Switch248>
14
</Switch248>
<Switch249>
19
</Switch249>
<Switch250>
5
</Switch250>
<Switch251>
2
</Switch251>
<Switch252>
9
</Switch252>
<Switch253>
7
</Switch253>
<Switch254>
15
</Switch254>
<Switch255>
1
</Switch255>
<Switch256>
2
</Switch256>
<Switch257>
5
</Switch257>
<Switch258>
16
</Switch258>
<Switch259>
12
</Switch259>
<Switch260>
5
</Switch260>
<Switch261>
5
</Switch261>
<Switch262>
16
</Switch262>
<Switch263>
6
</Switch263>
<Switch264>
5
</Switch264>
<Switch265>
17
</Switch265>
<Switch266>
10
</Switch266>
<Switch267>
14
</Switch267>
<Switch268>
0
</Switch268>
<Switch269>
7
</Switch269>
<Switch270>
5
</Switch270>
<Switch271>
10
</Switch271>
<Switch272>
16
</Switch272>
<Switch273>
10
</Switch273>
<Switch274>
7
</Switch274>
<Switch275>
0
</Switch275>
<Switch276>
5
</Switch276>
<Switch277>
10
</Switch277>
<Switch278>
6
</Switch278>
<Switch279>
7
</Switch279>
<Switch280>
15
</Switch280>
<Switch281>
1
</Switch281>
<Switch282>
1
</Switch282>
<Switch283>
11
</Switch283>
<Switch284>
11
</Switch284>
<Switch285>
3
</Switch285>
<Switch286>
11
</Switch286>
<Switch287>
10
</Switch287>
<Switch288>
19
</Switch288>
<Switch289>
10
</Switch289>
<Switch290>
3
</Switch290>
<Switch291>
3
</Switch291>
<Switch292>
7
</Switch292>
<Switch293>
19
</Switch293>
<Switch294>
4
</Switch294>
<Switch295>
13
</Switch295>
<Switch296>
4
</Switch296>
<Switch297>
0
</Switch297>
<Switch298>
19
</Switch298>
<Switch299>
2
</Switch299>
<Switch300>
7
</Switch300>
<Switch301>
7
</Switch301>
<Switch302>
3
</Switch302>
<Switch303>
14
</Switch303>
<Switch304>
17
</Switch304>
<Switch305>
1
</Switch305>
<Switch306>
5
</Switch306>
<Switch307>
3
</Switch307>
<Switch308>
14
</Switch308>
<Switch309>
17
</Switch309>
<Switch310>
2
</Switch310>
<Switch311>
6
</Switch311>
<Switch312>
4
</Switch312>
<Switch313>
16
</Switch313>
<Switch314>
3
</Switch314>
<Switch315>
3
</Switch315>
<Switch316>
12
</Switch316>
<Switch317>
12
</Switch317>
<Switch318>
16
</Switch318>
<Switch319>
15
</Switch319>
<Switch320>
5
</Switch320>
<Switch321>
9
</Switch321>
<Switch322>
1
</Switch322>
<Switch323>
11
</Switch323>
<Switch324>
13
</Switch324>
<Switch325>
4
</Switch325>
<Switch326>
13
</Switch326>
<Switch327>
2
</Switch327>
<Switch328>
8
</Switch328>
<Switch329>
12
</Switch329>
<Switch330>
16
</Switch330>
<Switch331>
11
</Switch331>
<Switch332>
19
</Switch332>
<Switch333>
15
</Switch333>
<Switch334>
4
</Switch334>
<Switch335>
9
</Switch335>
<Switch336>
5
</Switch336>
<Switch337>
1
</Switch337>
<Switch338>
0
</Switch338>
<Switch339>
15
</Switch339>
<Switch340>
9
</Switch340>
<Switch341>
9
</Switch341>
<Switch342>
18
</Switch342>
<Switch343>
16
</Switch343>
<Switch344>
5
</Switch344>
<Switch345>
1
</Switch345>
<Switch346>
11
</Switch346>
<Switch347>
18
</Switch347>
<Switch348>
16
</Switch348>
<Switch349>
8
</Switch349>
<Switch350>
2
</Switch350>
<Switch351>
19
</Switch351>
<Switch352>
0
</Switch352>
<Switch353>
15
</Switch353>
<Switch354>
1
</Switch354>
<Switch355>
2
</Switch355>
<Switch356>
14
</Switch356>
<Switch357>
4
</Switch357>
<Switch358>
16
</Switch358>
<Switch359>
11
</Switch359>
<Switch360>
3
</Switch360>
<Switch361>
7
</Switch361>
<Switch362>
16
</Switch362>
<Switch363>
1
</Switch363>
<Switch364>
7
</Switch364>
<Switch365>
8
</Switch365>
<Switch366>
11
</Switch366>
<Switch367>
4
</Switch367>
<Switch368>
0
</Switch368>
<Switch369>
14
</Switch369>
<Switch370>
16
</Switch370>
<Switch371>
10
</Switch371>
<Switch372>
6
</Switch372>
<Switch373>
10
</Switch373>
<Switch374>
1
</Switch374>
<Switch375>
5
</Switch375>
<Switch376>
6
</Switch376>
<Switch377>
3
</Switch377>
<Switch378>
18
</Switch378>
<Switch379>
4
</Switch379>
<Switch380>
10
</Switch380>
<Switch381>
18
</Switch381>
<Switch382>
16
</Switch382>
<Switch383>
19
</Switch383>
<Switch384>
0
</Switch384>
<Switch385>
12
</Switch385>
<Switch386>
5
</Switch386>
<Switch387>
17
</Switch387>
<Switch388>
3
</Switch388>
<Switch389>
15
</Switch389>
<Switch390>
16
</Switch390>
<Switch391>
4
</Switch391>
<Switch392>
15
</Switch392>
<Switch393>
10
</Switch393>
<Switch394>
13
</Switch394>
<Switch395>
16
</Switch395>
<Switch396>
7
</Switch396>
<Switch397>
4
</Switch397>
<Switch398>
9
</Switch398>
<Switch399>
13
</Switch399>
<Switch400>
6
</Switch400>
<Switch401>
0
</Switch401>
<Switch402>
1
</Switch402>
<Switch403>
19
</Switch403>
<Switch404>
11
</Switch404>
<Switch405>
8
</Switch405>
<Switch406>
0
</Switch406>
<Switch407>
4
</Switch407>
<Switch408>
11
</Switch408>
<Switch409>
0
</Switch409>
<Switch410>
2
</Switch410>
<Switch411>
13
</Switch411>
<Switch412>
10
</Switch412>
<Switch413>
11
</Switch413>
<Switch414>
7
</Switch414>
<Switch415>
3
</Switch415>
<Switch416>
1
</Switch416>
<Switch417>
11
</Switch417>
<Switch418>
17
</Switch418>
<Switch419>
13
</Switch419>
<Switch420>
2
</Switch420>
<Switch421>
2
</Switch421>
<Switch422>
15
</Switch422>
<Switch423>
14
</Switch423>
<Switch424>
13
</Switch424>
<Switch425>
9
</Switch425>
<Switch426>
2
</Switch426>
<Switch427>
12
</Switch427>
<Switch428>
4
</Switch428>
<Switch429>
10
</Switch429>
<Switch430>
6
</Switch430>
<Switch431>
12
</Switch431>
<Switch432>
7
</Switch432>
<Switch433>
14
</Switch433>
<Switch434>
15
</Switch434>
<Switch435>
14
</Switch435>
<Switch436>
2
</Switch436>
<Switch437>
0
</Switch437>
<Switch438>
19
</Switch438>
<Switch439>
14
</Switch439>
<Switch440>
0
</Switch440>
<Switch441>
14
</Switch441>
<Switch442>
1
</Switch442>
<Switch443>
9
</Switch443>
<Switch444>
0
</Switch444>
<Switch445>
17
</Switch445>
<Switch446>
2
</Switch446>
<Switch447>
6
</Switch447>
<Switch448>
11
</Switch448>
<Switch449>
5
</Switch449>
<Switch450>
19
</Switch450>
<Switch451>
4
</Switch451>
<Switch452>
18
</Switch452>
<Switch453>
16
</Switch453>
<Switch454>
6
</Switch454>
<Switch455>
8
</Switch455>
<Switch456>
1
</Switch456>
<Switch457>
15
</Switch457>
<Switch458>
4
</Switch458>
<Switch459>
9
</Switch459>
<Switch460>
5
</Switch460>
<Switch461>
3
</Switch461>
<Switch462>
10
</Switch462>
<Switch463>
16
</Switch463>
<Switch464>
15
</Switch464>
<Switch465>
1
</Switch465>
<Switch466>
3
</Switch466>
<Switch467>
15
</Switch467>
<Switch468>
11
</Switch468>
<Switch469>
9
</Switch469>
<Switch470>
5
</Switch470>
<Switch471>
10
</Switch471>
<Switch472>
8
</Switch472>
<Switch473>
2
</Switch473>
<Switch474>
10
</Switch474>
<Switch475>
0
</Switch475>
<Switch476>
13
</Switch476>
<Switch477>
6
</Switch477>
<Switch478>
3
</Switch478>
<Switch479>
12
</Switch479>
<Switch480>
6
</Switch480>
<Switch481>
18
</Switch481>
<Switch482>
16
</Switch482>
<Switch483>
19
</Switch483>
<Switch484>
5
</Switch484>
<Switch485>
13
</Switch485>
<Switch486>
4
</Switch486>
<Switch487>
15
</Switch487>
<Switch488>
19
</Switch488>
<Switch489>
6
</Switch489>
<Switch490>
9
</Switch490>
<Switch491>
11
</Switch491>
<Switch492>
3
</Switch492>
<Switch493>
5
</Switch493>
<Switch494>
8
</Switch494>
<Switch495>
6
</Switch495>
<Switch496>
9
</Switch496>
<Switch497>
13
</Switch497>
<Switch498>
3
</Switch498>
<Switch499>
14
</Switch499>
<Switch500>
13
</Switch500>
<Switch501>
3
</Switch501>
<Switch502>
15
</Switch502>
<Switch503>
9
</Switch503>
<Switch504>
1
</Switch504>
<Switch505>
4
</Switch505>
<Switch506>
9
</Switch506>
<Switch507>
14
</Switch507>
<Switch508>
5
</Switch508>
<Switch509>
10
</Switch509>
<Switch510>
0
</Switch510>
<Switch511>
6
</Switch511>
<Switch512>
5
</Switch512>
<Switch513>
2
</Switch513>
<Switch514>
5
</Switch514>
<Switch515>
19
</Switch515>
<Switch516>
7
</Switch516>
<Switch517>
1
</Switch517>
<Switch518>
19
</Switch518>
<Switch519>
7
</Switch519>
<Switch520>
3
</Switch520>
<Switch521>
4
</Switch521>
<Switch522>
7
</Switch522>
<Switch523>
6
</Switch523>
<Switch524>
17
</Switch524>
<Switch525>
2
</Switch525>
<Switch526>
5
</Switch526>
<Switch527>
17
</Switch527>
<Switch528>
3
</Switch528>
<Switch529>
10
</Switch529>
<Switch530>
1
</Switch530>
<Switch531>
11
</Switch531>
<Switch532>
8
</Switch532>
<Switch533>
11
</Switch533>
<Switch534>
12
</Switch534>
<Switch535>
2
</Switch535>
<Switch536>
9
</Switch536>
<Switch537>
15
</Switch537>
<Switch538>
2
</Switch538>
<Switch539>
7
</Switch539>
<Switch540>
15
</Switch540>
<Switch541>
3
</Switch541>
<Switch542>
1
</Switch542>
<Switch543>
4
</Switch543>
<Switch544>
2
</Switch544>
<Switch545>
17
</Switch545>
<Switch546>
13
</Switch546>
<Switch547>
10
</Switch547>
<Switch548>
8
</Switch548>
<Switch549>
9
</Switch549>
<Switch550>
4
</Switch550>
<Switch551>
7
</Switch551>
<Switch552>
9
</Switch552>
<Switch553>
10
</Switch553>
<Switch554>
0
</Switch554>
<Switch555>
2
</Switch555>
<Switch556>
12
</Switch556>
<Switch557>
5
</Switch557>
<Switch558>
16
</Switch558>
<Switch559>
6
</Switch559>
<Switch560>
12
</Switch560>
<Switch561>
0
</Switch561>
<Switch562>
12
</Switch562>
<Switch563>
6
</Switch563>
<Switch564>
17
</Switch564>
<Switch565>
12
</Switch565>
<Switch566>
1
</Switch566>
<Switch567>
2
</Switch567>
<Switch568>
14
</Switch568>
<Switch569>
1
</Switch569>
<Switch570>
5
</Switch570>
<Switch571>
19
</Switch571>
<Switch572>
19
</Switch572>
<Switch573>
19
</Switch573>
<Switch574>
19
</Switch574>
<Switch575>
17
</Switch575>
<Switch576>
19
</Switch576>
<Switch577>
18
</Switch577>
<Switch578>
4
</Switch578>
<Switch579>
6
</Switch579>
<Switch580>
9
</Switch580>
<Switch581>
12
</Switch581>
<Switch582>
7
</Switch582>
<Switch583>
7
</Switch583>
<Switch584>
5
</Switch584>
<Switch585>
8
</Switch585>
<Switch586>
18
</Switch586>
<Switch587>
15
</Switch587>
<Switch588>
7
</Switch588>
<Switch589>
11
</Switch589>
<Switch590>
18
</Switch590>
<Switch591>
8
</Switch591>
<Switch592>
7
</Switch592>
<Switch593>
2
</Switch593>
<Switch594>
4
</Switch594>
<Switch595>
19
</Switch595>
<Switch596>
15
</Switch596>
<Switch597>
2
</Switch597>
<Switch598>
14
</Switch598>
<Switch599>
8
</Switch599>
<Switch600>
18
</Switch600>
<Switch601>
4
</Switch601>
<Switch602>
6
</Switch602>
<Switch603>
11
</Switch603>
<Switch604>
1
</Switch604>
<Switch605>
9
</Switch605>
<Switch606>
18
</Switch606>
<Switch607>
1
</Switch607>
<Switch608>
17
</Switch608>
<Switch609>
3
</Switch609>
<Switch610>
6
</Switch610>
<Switch611>
14
</Switch611>
<Switch612>
2
</Switch612>
<Switch613>
7
</Switch613>
<Switch614>
3
</Switch614>
<Switch615>
9
</Switch615>
<Switch616>
11
</Switch616>
<Switch617>
13
</Switch617>
<Switch618>
16
</Switch618>
<Switch619>
2
</Switch619>
<Switch620>
18
</Switch620>
<Switch621>
14
</Switch621>
<Switch622>
3
</Switch622>
<Switch623>
12
</Switch623>
<Switch624>
5
</Switch624>
<Switch625>
9
</Switch625>
<Switch626>
9
</Switch626>
<Switch627>
18
</Switch627>
<Switch628>
15
</Switch628>
<Switch629>
18
</Switch629>
<Switch630>
15
</Switch630>
<Switch631>
17
</Switch631>
<Switch632>
6
</Switch632>
<Switch633>
9
</Switch633>
<Switch634>
6
</Switch634>
<Switch635>
1
</Switch635>
<Switch636>
10
</Switch636>
<Switch637>
18
</Switch637>
<Switch638>
18
</Switch638>
<Switch639>
5
</Switch639>
<Switch640>
9
</Switch640>
<Switch641>
6
</Switch641>
<Switch642>
15
</Switch642>
<Switch643>
17
</Switch643>
<Switch644>
13
</Switch644>
<Switch645>
16
</Switch645>
<Switch646>
17
</Switch646>
<Switch647>
18
</Switch647>
<Switch648>
18
</Switch648>
<Switch649>
11
</Switch649>
<Switch650>
2
</Switch650>
<Switch651>
13
</Switch651>
<Switch652>
6
</Switch652>
<Switch653>
13
</Switch653>
<Switch654>
10
</Switch654>
<Switch655>
18
</Switch655>
<Switch656>
6
</Switch656>
<Switch657>
9
</Switch657>
<Switch658>
3
</Switch658>
<Switch659>
15
</Switch659>
<Switch660>
8
</Switch660>
<Switch661>
14
</Switch661>
<Switch662>
3
</Switch662>
<Switch663>
12
</Switch663>
<Switch664>
14
</Switch664>
<Switch665>
3
</Switch665>
<Switch666>
0
</Switch666>
<Switch667>
10
</Switch667>
<Switch668>
6
</Switch668>
<Switch669>
16
</Switch669>
<Switch670>
2
</Switch670>
<Switch671>
13
</Switch671>
<Switch672>
17
</Switch672>
<Switch673>
7
</Switch673>
<Switch674>
4
</Switch674>
<Switch675>
17
</Switch675>
<Switch676>
0
</Switch676>
<Switch677>
1
</Switch677>
<Switch678>
0
</Switch678>
<Switch679>
12
</Switch679>
<Switch680>
0
</Switch680>
<Switch681>
0
</Switch681>
<Switch682>
17
</Switch682>
<Switch683>
5
</Switch683>
<Switch684>
18
</Switch684>
<Switch685>
4
</Switch685>
<Switch686>
16
</Switch686>
<Switch687>
9
</Switch687>
<Switch688>
14
</Switch688>
<Switch689>
17
</Switch689>
<Switch690>
11
</Switch690>
<Switch691>
18
</Switch691>
<Switch692>
14
</Switch692>
<Switch693>
16
</Switch693>
<Switch694>
3
</Switch694>
<Switch695>
2
</Switch695>
<Switch696>
10
</Switch696>
<Switch697>
12
</Switch697>
<Switch698>
16
</Switch698>
<Switch699>
18
</Switch699>
<Switch700>
8
</Switch700>
<Switch701>
9
</Switch701>
<Switch702>
11
</Switch702>
<Switch703>
12
</Switch703>
<Switch704>
6
</Switch704>
<Switch705>
0
</Switch705>
<Switch706>
11
</Switch706>
<Switch707>
12
</Switch707>
<Switch708>
19
</Switch708>
<Switch709>
1
</Switch709>
<Switch710>
5
</Switch710>
<Switch711>
15
</Switch711>
<Switch712>
19
</Switch712>
<Switch713>
9
</Switch713>
<Switch714>
11
</Switch714>
<Switch715>
6
</Switch715>
<Switch716>
14
</Switch716>
<Switch717>
4
</Switch717>
<Switch718>
17
</Switch718>
<Switch719>
13
</Switch719>
<Switch720>
13
</Switch720>
<Switch721>
7
</Switch721>
<Switch722>
15
</Switch722>
<Switch723>
0
</Switch723>
<Switch724>
2
</Switch724>
<Switch725>
12
</Switch725>
<Switch726>
18
</Switch726>
<Switch727>
7
</Switch727>
<Switch728>
2
</Switch728>
<Switch729>
18
</Switch729>
<Switch730>
6
</Switch730>
<Switch731>
18
</Switch731>
<Switch732>
0
</Switch732>
<Switch733>
1
</Switch733>
<Switch734>
8
</Switch734>
<Switch735>
15
</Switch735>
<Switch736>
16
</Switch736>
<Switch737>
15
</Switch737>
<Switch738>
18
</Switch738>
<Switch739>
8
</Switch739>
<Switch740>
9
</Switch740>
<Switch741>
17
</Switch741>
<Switch742>
4
</Switch742>
<Switch743>
6
</Switch743>
<Switch744>
17
</Switch744>
<Switch745>
1
</Switch745>
<Switch746>
18
</Switch746>
<Switch747>
17
</Switch747>
<Switch748>
3
</Switch748>
<Switch749>
8
</Switch749>
<Switch750>
12
</Switch750>
<Switch751>
3
</Switch751>
<Switch752>
7
</Switch752>
<Switch753>
9
</Switch753>
<Switch754>
9
</Switch754>
<Switch755>
7
</Switch755>
<Switch756>
19
</Switch756>
<Switch757>
4
</Switch757>
<Switch758>
17
</Switch758>
<Switch759>
14
</Switch759>
<Switch760>
14
</Switch760>
<Switch761>
10
</Switch761>
<Switch762>
2
</Switch762>
<Switch763>
12
</Switch763>
<Switch764>
3
</Switch764>
<Switch765>
10
</Switch765>
<Switch766>
6
</Switch766>
<Switch767>
1
</Switch767>
<Switch768>
19
</Switch768>
<Switch769>
17
</Switch769>
<Switch770>
12
</Switch770>
<Switch771>
4
</Switch771>
<Switch772>
14
</Switch772>
<Switch773>
15
</Switch773>
<Switch774>
16
</Switch774>
<Switch775>
10
</Switch775>
<Switch776>
0
</Switch776>
<Switch777>
18
</Switch777>
<Switch778>
13
</Switch778>
<Switch779>
8
</Switch779>
<Switch780>
9
</Switch780>
<Switch781>
0
</Switch781>
<Switch782>
6
</Switch782>
<Switch783>
6
</Switch783>
<Switch784>
0
</Switch784>
<Switch785>
12
</Switch785>
<Switch786>
16
</Switch786>
<Switch787>
0
</Switch787>
<Switch788>
14
</Switch788>
<Switch789>
18
</Switch789>
<Switch790>
8
</Switch790>
<Switch791>
7
</Switch791>
<Switch792>
17
</Switch792>
<Switch793>
16
</Switch793>
<Switch794>
4
</Switch794>
<Switch795>
13
</Switch795>
<Switch796>
12
</Switch796>
<Switch797>
18
</Switch797>
<Switch798>
17
</Switch798>
<Switch799>
3
</Switch799>
<Switch800>
14
</Switch800>
<Switch801>
14
</Switch801>
<Switch802>
9
</Switch802>
<Switch803>
8
</Switch803>
<Switch804>
3
</Switch804>
<Switch805>
13
</Switch805>
<Switch806>
7
</Switch806>
<Switch807>
14
</Switch807>
<Switch808>
17
</Switch808>
<Switch809>
18
</Switch809>
<Switch810>
8
</Switch810>
<Switch811>
16
</Switch811>
<Switch812>
14
</Switch812>
<Switch813>
17
</Switch813>
<Switch814>
15
</Switch814>
<Switch815>
0
</Switch815>
<Switch816>
12
</Switch816>
<Switch817>
12
</Switch817>
<Switch818>
12
</Switch818>
<Switch819>
11
</Switch819>
<Switch820>
6
</Switch820>
<Switch821>
17
</Switch821>
<Switch822>
14
</Switch822>
<Switch823>
7
</Switch823>
<Switch824>
9
</Switch824>
<Switch825>
0
</Switch825>
<Switch826>
1
</Switch826>
<Switch827>
10
</Switch827>
<Switch828>
11
</Switch828>
<Switch829>
4
</Switch829>
<Switch830>
1
</Switch830>
<Switch831>
8
</Switch831>
<Switch832>
7
</Switch832>
<Switch833>
6
</Switch833>
<Switch834>
9
</Switch834>
<Switch835>
3
</Switch835>
<Switch836>
7
</Switch836>
<Switch837>
15
</Switch837>
<Switch838>
2
</Switch838>
<Switch839>
19
</Switch839>
<Switch840>
8
</Switch840>
<Switch841>
2
</Switch841>
<Switch842>
19
</Switch842>
<Switch843>
10
</Switch843>
<Switch844>
13
</Switch844>
<Switch845>
9
</Switch845>
<Switch846>
2
</Switch846>
<Switch847>
14
</Switch847>
<Switch848>
11
</Switch848>
<Switch849>
4
</Switch849>
<Switch850>
10
</Switch850>
<Switch851>
5
</Switch851>
</BaseID:18>
