<?xml version="1.0"?>

<BaseID:182>
<Switch1>
13
</Switch1>
<Switch2>
5
</Switch2>
<Switch3>
18
</Switch3>
<Switch4>
6
</Switch4>
<Switch5>
0
</Switch5>
<Switch6>
3
</Switch6>
<Switch7>
0
</Switch7>
<Switch8>
3
</Switch8>
<Switch9>
5
</Switch9>
<Switch10>
4
</Switch10>
<Switch11>
3
</Switch11>
<Switch12>
1
</Switch12>
<Switch13>
4
</Switch13>
<Switch14>
16
</Switch14>
<Switch15>
10
</Switch15>
<Switch16>
11
</Switch16>
<Switch17>
12
</Switch17>
<Switch18>
3
</Switch18>
<Switch19>
16
</Switch19>
<Switch20>
10
</Switch20>
<Switch21>
2
</Switch21>
<Switch22>
18
</Switch22>
<Switch23>
18
</Switch23>
<Switch24>
3
</Switch24>
<Switch25>
7
</Switch25>
<Switch26>
8
</Switch26>
<Switch27>
6
</Switch27>
<Switch28>
12
</Switch28>
<Switch29>
10
</Switch29>
<Switch30>
18
</Switch30>
<Switch31>
4
</Switch31>
<Switch32>
19
</Switch32>
<Switch33>
12
</Switch33>
<Switch34>
10
</Switch34>
<Switch35>
15
</Switch35>
<Switch36>
8
</Switch36>
<Switch37>
8
</Switch37>
<Switch38>
15
</Switch38>
<Switch39>
17
</Switch39>
<Switch40>
9
</Switch40>
<Switch41>
15
</Switch41>
<Switch42>
2
</Switch42>
<Switch43>
9
</Switch43>
<Switch44>
0
</Switch44>
<Switch45>
4
</Switch45>
<Switch46>
6
</Switch46>
<Switch47>
18
</Switch47>
<Switch48>
10
</Switch48>
<Switch49>
6
</Switch49>
<Switch50>
1
</Switch50>
<Switch51>
9
</Switch51>
<Switch52>
4
</Switch52>
<Switch53>
6
</Switch53>
<Switch54>
8
</Switch54>
<Switch55>
8
</Switch55>
<Switch56>
3
</Switch56>
<Switch57>
1
</Switch57>
<Switch58>
14
</Switch58>
<Switch59>
9
</Switch59>
<Switch60>
9
</Switch60>
<Switch61>
7
</Switch61>
<Switch62>
10
</Switch62>
<Switch63>
2
</Switch63>
<Switch64>
6
</Switch64>
<Switch65>
5
</Switch65>
<Switch66>
6
</Switch66>
<Switch67>
18
</Switch67>
<Switch68>
10
</Switch68>
<Switch69>
2
</Switch69>
<Switch70>
4
</Switch70>
<Switch71>
9
</Switch71>
<Switch72>
9
</Switch72>
<Switch73>
12
</Switch73>
<Switch74>
8
</Switch74>
<Switch75>
6
</Switch75>
<Switch76>
17
</Switch76>
<Switch77>
11
</Switch77>
<Switch78>
0
</Switch78>
<Switch79>
18
</Switch79>
<Switch80>
8
</Switch80>
<Switch81>
15
</Switch81>
<Switch82>
13
</Switch82>
<Switch83>
3
</Switch83>
<Switch84>
19
</Switch84>
<Switch85>
15
</Switch85>
<Switch86>
1
</Switch86>
<Switch87>
3
</Switch87>
<Switch88>
0
</Switch88>
<Switch89>
2
</Switch89>
<Switch90>
19
</Switch90>
<Switch91>
2
</Switch91>
<Switch92>
1
</Switch92>
<Switch93>
13
</Switch93>
<Switch94>
19
</Switch94>
<Switch95>
13
</Switch95>
<Switch96>
8
</Switch96>
<Switch97>
7
</Switch97>
<Switch98>
3
</Switch98>
<Switch99>
8
</Switch99>
<Switch100>
16
</Switch100>
<Switch101>
6
</Switch101>
<Switch102>
11
</Switch102>
<Switch103>
0
</Switch103>
<Switch104>
8
</Switch104>
<Switch105>
19
</Switch105>
<Switch106>
19
</Switch106>
<Switch107>
7
</Switch107>
<Switch108>
18
</Switch108>
<Switch109>
9
</Switch109>
<Switch110>
1
</Switch110>
<Switch111>
3
</Switch111>
<Switch112>
5
</Switch112>
<Switch113>
15
</Switch113>
<Switch114>
18
</Switch114>
<Switch115>
9
</Switch115>
<Switch116>
17
</Switch116>
<Switch117>
7
</Switch117>
<Switch118>
7
</Switch118>
<Switch119>
7
</Switch119>
<Switch120>
2
</Switch120>
<Switch121>
0
</Switch121>
<Switch122>
14
</Switch122>
<Switch123>
12
</Switch123>
<Switch124>
8
</Switch124>
<Switch125>
4
</Switch125>
<Switch126>
17
</Switch126>
<Switch127>
19
</Switch127>
<Switch128>
2
</Switch128>
<Switch129>
11
</Switch129>
<Switch130>
10
</Switch130>
<Switch131>
0
</Switch131>
<Switch132>
13
</Switch132>
<Switch133>
3
</Switch133>
<Switch134>
1
</Switch134>
<Switch135>
10
</Switch135>
<Switch136>
13
</Switch136>
<Switch137>
17
</Switch137>
<Switch138>
3
</Switch138>
<Switch139>
0
</Switch139>
<Switch140>
3
</Switch140>
<Switch141>
18
</Switch141>
<Switch142>
1
</Switch142>
<Switch143>
3
</Switch143>
<Switch144>
10
</Switch144>
<Switch145>
3
</Switch145>
<Switch146>
5
</Switch146>
<Switch147>
8
</Switch147>
<Switch148>
12
</Switch148>
<Switch149>
3
</Switch149>
<Switch150>
13
</Switch150>
<Switch151>
8
</Switch151>
<Switch152>
4
</Switch152>
<Switch153>
14
</Switch153>
<Switch154>
7
</Switch154>
<Switch155>
3
</Switch155>
<Switch156>
10
</Switch156>
<Switch157>
19
</Switch157>
<Switch158>
12
</Switch158>
<Switch159>
15
</Switch159>
<Switch160>
11
</Switch160>
<Switch161>
0
</Switch161>
<Switch162>
10
</Switch162>
<Switch163>
10
</Switch163>
<Switch164>
7
</Switch164>
<Switch165>
10
</Switch165>
<Switch166>
12
</Switch166>
<Switch167>
15
</Switch167>
<Switch168>
13
</Switch168>
<Switch169>
0
</Switch169>
<Switch170>
4
</Switch170>
<Switch171>
8
</Switch171>
<Switch172>
10
</Switch172>
<Switch173>
13
</Switch173>
<Switch174>
17
</Switch174>
<Switch175>
8
</Switch175>
<Switch176>
14
</Switch176>
<Switch177>
18
</Switch177>
<Switch178>
14
</Switch178>
<Switch179>
8
</Switch179>
<Switch180>
5
</Switch180>
<Switch181>
2
</Switch181>
<Switch182>
16
</Switch182>
<Switch183>
2
</Switch183>
<Switch184>
6
</Switch184>
<Switch185>
0
</Switch185>
<Switch186>
8
</Switch186>
<Switch187>
17
</Switch187>
<Switch188>
15
</Switch188>
<Switch189>
7
</Switch189>
<Switch190>
5
</Switch190>
<Switch191>
9
</Switch191>
<Switch192>
8
</Switch192>
<Switch193>
10
</Switch193>
<Switch194>
9
</Switch194>
<Switch195>
12
</Switch195>
<Switch196>
17
</Switch196>
<Switch197>
11
</Switch197>
<Switch198>
2
</Switch198>
<Switch199>
19
</Switch199>
<Switch200>
3
</Switch200>
<Switch201>
6
</Switch201>
<Switch202>
13
</Switch202>
<Switch203>
19
</Switch203>
<Switch204>
2
</Switch204>
<Switch205>
15
</Switch205>
<Switch206>
7
</Switch206>
<Switch207>
4
</Switch207>
<Switch208>
10
</Switch208>
<Switch209>
12
</Switch209>
<Switch210>
13
</Switch210>
<Switch211>
4
</Switch211>
<Switch212>
4
</Switch212>
<Switch213>
14
</Switch213>
<Switch214>
14
</Switch214>
<Switch215>
17
</Switch215>
<Switch216>
17
</Switch216>
<Switch217>
15
</Switch217>
<Switch218>
3
</Switch218>
<Switch219>
3
</Switch219>
<Switch220>
2
</Switch220>
<Switch221>
4
</Switch221>
<Switch222>
18
</Switch222>
<Switch223>
5
</Switch223>
<Switch224>
15
</Switch224>
<Switch225>
5
</Switch225>
<Switch226>
16
</Switch226>
<Switch227>
15
</Switch227>
<Switch228>
2
</Switch228>
<Switch229>
18
</Switch229>
<Switch230>
14
</Switch230>
<Switch231>
10
</Switch231>
<Switch232>
7
</Switch232>
<Switch233>
3
</Switch233>
<Switch234>
15
</Switch234>
<Switch235>
14
</Switch235>
<Switch236>
11
</Switch236>
<Switch237>
4
</Switch237>
<Switch238>
13
</Switch238>
<Switch239>
1
</Switch239>
<Switch240>
13
</Switch240>
<Switch241>
18
</Switch241>
<Switch242>
17
</Switch242>
<Switch243>
16
</Switch243>
<Switch244>
17
</Switch244>
<Switch245>
1
</Switch245>
<Switch246>
1
</Switch246>
<Switch247>
5
</Switch247>
<Switch248>
0
</Switch248>
<Switch249>
18
</Switch249>
<Switch250>
17
</Switch250>
<Switch251>
4
</Switch251>
<Switch252>
17
</Switch252>
<Switch253>
18
</Switch253>
<Switch254>
1
</Switch254>
<Switch255>
19
</Switch255>
<Switch256>
7
</Switch256>
<Switch257>
6
</Switch257>
<Switch258>
3
</Switch258>
<Switch259>
14
</Switch259>
<Switch260>
8
</Switch260>
<Switch261>
3
</Switch261>
<Switch262>
16
</Switch262>
<Switch263>
17
</Switch263>
<Switch264>
2
</Switch264>
<Switch265>
9
</Switch265>
<Switch266>
6
</Switch266>
<Switch267>
5
</Switch267>
<Switch268>
0
</Switch268>
<Switch269>
15
</Switch269>
<Switch270>
6
</Switch270>
<Switch271>
1
</Switch271>
<Switch272>
16
</Switch272>
<Switch273>
2
</Switch273>
<Switch274>
11
</Switch274>
<Switch275>
1
</Switch275>
<Switch276>
0
</Switch276>
<Switch277>
16
</Switch277>
<Switch278>
19
</Switch278>
<Switch279>
14
</Switch279>
<Switch280>
19
</Switch280>
<Switch281>
13
</Switch281>
<Switch282>
9
</Switch282>
<Switch283>
13
</Switch283>
<Switch284>
6
</Switch284>
<Switch285>
9
</Switch285>
<Switch286>
13
</Switch286>
<Switch287>
3
</Switch287>
<Switch288>
17
</Switch288>
<Switch289>
4
</Switch289>
<Switch290>
9
</Switch290>
<Switch291>
11
</Switch291>
<Switch292>
9
</Switch292>
<Switch293>
13
</Switch293>
<Switch294>
4
</Switch294>
<Switch295>
10
</Switch295>
<Switch296>
15
</Switch296>
<Switch297>
6
</Switch297>
<Switch298>
17
</Switch298>
<Switch299>
11
</Switch299>
<Switch300>
19
</Switch300>
<Switch301>
2
</Switch301>
<Switch302>
18
</Switch302>
<Switch303>
14
</Switch303>
<Switch304>
18
</Switch304>
<Switch305>
6
</Switch305>
<Switch306>
18
</Switch306>
<Switch307>
15
</Switch307>
<Switch308>
13
</Switch308>
<Switch309>
11
</Switch309>
<Switch310>
6
</Switch310>
<Switch311>
16
</Switch311>
<Switch312>
19
</Switch312>
<Switch313>
1
</Switch313>
<Switch314>
8
</Switch314>
<Switch315>
1
</Switch315>
<Switch316>
11
</Switch316>
<Switch317>
16
</Switch317>
<Switch318>
18
</Switch318>
<Switch319>
1
</Switch319>
<Switch320>
16
</Switch320>
<Switch321>
15
</Switch321>
<Switch322>
19
</Switch322>
<Switch323>
6
</Switch323>
<Switch324>
14
</Switch324>
<Switch325>
17
</Switch325>
<Switch326>
11
</Switch326>
<Switch327>
14
</Switch327>
<Switch328>
15
</Switch328>
<Switch329>
9
</Switch329>
<Switch330>
13
</Switch330>
<Switch331>
12
</Switch331>
<Switch332>
14
</Switch332>
<Switch333>
19
</Switch333>
<Switch334>
9
</Switch334>
<Switch335>
14
</Switch335>
<Switch336>
3
</Switch336>
<Switch337>
10
</Switch337>
<Switch338>
12
</Switch338>
<Switch339>
1
</Switch339>
<Switch340>
19
</Switch340>
<Switch341>
9
</Switch341>
<Switch342>
1
</Switch342>
<Switch343>
7
</Switch343>
<Switch344>
0
</Switch344>
<Switch345>
12
</Switch345>
<Switch346>
14
</Switch346>
<Switch347>
14
</Switch347>
<Switch348>
6
</Switch348>
<Switch349>
16
</Switch349>
<Switch350>
8
</Switch350>
<Switch351>
1
</Switch351>
<Switch352>
17
</Switch352>
<Switch353>
11
</Switch353>
<Switch354>
8
</Switch354>
<Switch355>
4
</Switch355>
<Switch356>
11
</Switch356>
<Switch357>
15
</Switch357>
<Switch358>
4
</Switch358>
<Switch359>
1
</Switch359>
<Switch360>
5
</Switch360>
<Switch361>
15
</Switch361>
<Switch362>
5
</Switch362>
<Switch363>
17
</Switch363>
<Switch364>
18
</Switch364>
<Switch365>
19
</Switch365>
<Switch366>
7
</Switch366>
<Switch367>
15
</Switch367>
<Switch368>
8
</Switch368>
<Switch369>
4
</Switch369>
<Switch370>
2
</Switch370>
<Switch371>
3
</Switch371>
<Switch372>
8
</Switch372>
<Switch373>
15
</Switch373>
<Switch374>
8
</Switch374>
<Switch375>
12
</Switch375>
<Switch376>
12
</Switch376>
<Switch377>
16
</Switch377>
<Switch378>
14
</Switch378>
<Switch379>
8
</Switch379>
<Switch380>
8
</Switch380>
<Switch381>
1
</Switch381>
<Switch382>
16
</Switch382>
<Switch383>
15
</Switch383>
<Switch384>
3
</Switch384>
<Switch385>
13
</Switch385>
<Switch386>
17
</Switch386>
</BaseID:182>
