<?xml version="1.0"?>

<BaseID:184>
<Switch1>
15
</Switch1>
<Switch2>
0
</Switch2>
<Switch3>
10
</Switch3>
<Switch4>
16
</Switch4>
<Switch5>
2
</Switch5>
<Switch6>
4
</Switch6>
<Switch7>
19
</Switch7>
<Switch8>
18
</Switch8>
<Switch9>
11
</Switch9>
<Switch10>
7
</Switch10>
<Switch11>
9
</Switch11>
<Switch12>
16
</Switch12>
<Switch13>
8
</Switch13>
<Switch14>
12
</Switch14>
<Switch15>
12
</Switch15>
<Switch16>
11
</Switch16>
<Switch17>
2
</Switch17>
<Switch18>
5
</Switch18>
<Switch19>
12
</Switch19>
<Switch20>
14
</Switch20>
<Switch21>
12
</Switch21>
<Switch22>
4
</Switch22>
<Switch23>
6
</Switch23>
<Switch24>
5
</Switch24>
<Switch25>
12
</Switch25>
<Switch26>
15
</Switch26>
<Switch27>
8
</Switch27>
<Switch28>
11
</Switch28>
<Switch29>
4
</Switch29>
<Switch30>
2
</Switch30>
<Switch31>
13
</Switch31>
<Switch32>
8
</Switch32>
<Switch33>
5
</Switch33>
<Switch34>
19
</Switch34>
<Switch35>
2
</Switch35>
<Switch36>
13
</Switch36>
<Switch37>
6
</Switch37>
<Switch38>
8
</Switch38>
<Switch39>
16
</Switch39>
<Switch40>
0
</Switch40>
<Switch41>
12
</Switch41>
<Switch42>
13
</Switch42>
<Switch43>
0
</Switch43>
<Switch44>
17
</Switch44>
<Switch45>
13
</Switch45>
<Switch46>
13
</Switch46>
<Switch47>
6
</Switch47>
<Switch48>
12
</Switch48>
<Switch49>
8
</Switch49>
<Switch50>
7
</Switch50>
<Switch51>
2
</Switch51>
<Switch52>
6
</Switch52>
<Switch53>
0
</Switch53>
<Switch54>
18
</Switch54>
<Switch55>
12
</Switch55>
<Switch56>
5
</Switch56>
<Switch57>
12
</Switch57>
<Switch58>
9
</Switch58>
<Switch59>
6
</Switch59>
<Switch60>
11
</Switch60>
<Switch61>
3
</Switch61>
<Switch62>
2
</Switch62>
<Switch63>
12
</Switch63>
<Switch64>
19
</Switch64>
<Switch65>
4
</Switch65>
<Switch66>
9
</Switch66>
<Switch67>
17
</Switch67>
<Switch68>
12
</Switch68>
<Switch69>
14
</Switch69>
<Switch70>
5
</Switch70>
<Switch71>
17
</Switch71>
<Switch72>
4
</Switch72>
<Switch73>
19
</Switch73>
<Switch74>
1
</Switch74>
<Switch75>
15
</Switch75>
<Switch76>
1
</Switch76>
<Switch77>
15
</Switch77>
<Switch78>
0
</Switch78>
<Switch79>
18
</Switch79>
<Switch80>
11
</Switch80>
<Switch81>
0
</Switch81>
<Switch82>
3
</Switch82>
<Switch83>
11
</Switch83>
<Switch84>
1
</Switch84>
<Switch85>
0
</Switch85>
<Switch86>
7
</Switch86>
<Switch87>
6
</Switch87>
<Switch88>
18
</Switch88>
<Switch89>
3
</Switch89>
<Switch90>
11
</Switch90>
<Switch91>
2
</Switch91>
<Switch92>
0
</Switch92>
<Switch93>
0
</Switch93>
<Switch94>
9
</Switch94>
<Switch95>
18
</Switch95>
<Switch96>
7
</Switch96>
<Switch97>
19
</Switch97>
<Switch98>
0
</Switch98>
<Switch99>
11
</Switch99>
<Switch100>
16
</Switch100>
<Switch101>
1
</Switch101>
<Switch102>
3
</Switch102>
<Switch103>
4
</Switch103>
<Switch104>
6
</Switch104>
<Switch105>
11
</Switch105>
<Switch106>
17
</Switch106>
<Switch107>
18
</Switch107>
<Switch108>
15
</Switch108>
<Switch109>
4
</Switch109>
<Switch110>
12
</Switch110>
<Switch111>
8
</Switch111>
<Switch112>
9
</Switch112>
<Switch113>
3
</Switch113>
<Switch114>
14
</Switch114>
<Switch115>
18
</Switch115>
<Switch116>
3
</Switch116>
<Switch117>
14
</Switch117>
<Switch118>
14
</Switch118>
<Switch119>
6
</Switch119>
<Switch120>
18
</Switch120>
<Switch121>
10
</Switch121>
<Switch122>
0
</Switch122>
<Switch123>
0
</Switch123>
<Switch124>
1
</Switch124>
<Switch125>
11
</Switch125>
<Switch126>
4
</Switch126>
<Switch127>
17
</Switch127>
<Switch128>
4
</Switch128>
<Switch129>
18
</Switch129>
<Switch130>
16
</Switch130>
<Switch131>
15
</Switch131>
<Switch132>
18
</Switch132>
<Switch133>
18
</Switch133>
<Switch134>
5
</Switch134>
<Switch135>
0
</Switch135>
<Switch136>
14
</Switch136>
<Switch137>
9
</Switch137>
<Switch138>
19
</Switch138>
<Switch139>
8
</Switch139>
<Switch140>
16
</Switch140>
<Switch141>
1
</Switch141>
<Switch142>
15
</Switch142>
<Switch143>
16
</Switch143>
<Switch144>
6
</Switch144>
<Switch145>
8
</Switch145>
<Switch146>
14
</Switch146>
<Switch147>
5
</Switch147>
<Switch148>
17
</Switch148>
<Switch149>
4
</Switch149>
<Switch150>
1
</Switch150>
<Switch151>
2
</Switch151>
<Switch152>
3
</Switch152>
<Switch153>
12
</Switch153>
<Switch154>
8
</Switch154>
<Switch155>
12
</Switch155>
<Switch156>
10
</Switch156>
<Switch157>
7
</Switch157>
<Switch158>
14
</Switch158>
<Switch159>
16
</Switch159>
<Switch160>
10
</Switch160>
<Switch161>
18
</Switch161>
<Switch162>
3
</Switch162>
<Switch163>
14
</Switch163>
<Switch164>
1
</Switch164>
<Switch165>
2
</Switch165>
<Switch166>
5
</Switch166>
<Switch167>
5
</Switch167>
<Switch168>
8
</Switch168>
<Switch169>
8
</Switch169>
<Switch170>
10
</Switch170>
<Switch171>
14
</Switch171>
<Switch172>
12
</Switch172>
<Switch173>
3
</Switch173>
<Switch174>
7
</Switch174>
<Switch175>
7
</Switch175>
<Switch176>
2
</Switch176>
<Switch177>
8
</Switch177>
<Switch178>
14
</Switch178>
<Switch179>
13
</Switch179>
<Switch180>
3
</Switch180>
<Switch181>
19
</Switch181>
<Switch182>
10
</Switch182>
<Switch183>
2
</Switch183>
<Switch184>
3
</Switch184>
<Switch185>
9
</Switch185>
<Switch186>
11
</Switch186>
<Switch187>
17
</Switch187>
<Switch188>
12
</Switch188>
<Switch189>
10
</Switch189>
<Switch190>
1
</Switch190>
<Switch191>
3
</Switch191>
<Switch192>
14
</Switch192>
<Switch193>
7
</Switch193>
<Switch194>
15
</Switch194>
<Switch195>
4
</Switch195>
<Switch196>
10
</Switch196>
<Switch197>
18
</Switch197>
<Switch198>
13
</Switch198>
<Switch199>
7
</Switch199>
<Switch200>
4
</Switch200>
<Switch201>
5
</Switch201>
<Switch202>
15
</Switch202>
<Switch203>
11
</Switch203>
<Switch204>
1
</Switch204>
<Switch205>
4
</Switch205>
<Switch206>
1
</Switch206>
<Switch207>
19
</Switch207>
<Switch208>
17
</Switch208>
<Switch209>
10
</Switch209>
<Switch210>
11
</Switch210>
<Switch211>
18
</Switch211>
<Switch212>
12
</Switch212>
<Switch213>
12
</Switch213>
<Switch214>
10
</Switch214>
<Switch215>
12
</Switch215>
<Switch216>
16
</Switch216>
<Switch217>
14
</Switch217>
<Switch218>
6
</Switch218>
<Switch219>
12
</Switch219>
<Switch220>
3
</Switch220>
<Switch221>
7
</Switch221>
<Switch222>
7
</Switch222>
<Switch223>
14
</Switch223>
<Switch224>
2
</Switch224>
<Switch225>
19
</Switch225>
<Switch226>
7
</Switch226>
<Switch227>
0
</Switch227>
<Switch228>
17
</Switch228>
<Switch229>
12
</Switch229>
<Switch230>
10
</Switch230>
<Switch231>
2
</Switch231>
<Switch232>
18
</Switch232>
<Switch233>
3
</Switch233>
<Switch234>
0
</Switch234>
<Switch235>
5
</Switch235>
<Switch236>
10
</Switch236>
<Switch237>
1
</Switch237>
<Switch238>
13
</Switch238>
<Switch239>
14
</Switch239>
<Switch240>
12
</Switch240>
<Switch241>
6
</Switch241>
<Switch242>
19
</Switch242>
<Switch243>
7
</Switch243>
<Switch244>
9
</Switch244>
<Switch245>
1
</Switch245>
<Switch246>
9
</Switch246>
<Switch247>
17
</Switch247>
<Switch248>
5
</Switch248>
<Switch249>
6
</Switch249>
<Switch250>
12
</Switch250>
<Switch251>
12
</Switch251>
<Switch252>
18
</Switch252>
<Switch253>
9
</Switch253>
<Switch254>
5
</Switch254>
<Switch255>
14
</Switch255>
<Switch256>
15
</Switch256>
<Switch257>
1
</Switch257>
<Switch258>
15
</Switch258>
<Switch259>
11
</Switch259>
<Switch260>
1
</Switch260>
<Switch261>
17
</Switch261>
<Switch262>
11
</Switch262>
<Switch263>
15
</Switch263>
<Switch264>
11
</Switch264>
<Switch265>
2
</Switch265>
<Switch266>
8
</Switch266>
<Switch267>
17
</Switch267>
<Switch268>
13
</Switch268>
<Switch269>
10
</Switch269>
<Switch270>
14
</Switch270>
<Switch271>
11
</Switch271>
<Switch272>
1
</Switch272>
<Switch273>
13
</Switch273>
<Switch274>
17
</Switch274>
<Switch275>
9
</Switch275>
<Switch276>
1
</Switch276>
<Switch277>
3
</Switch277>
<Switch278>
2
</Switch278>
<Switch279>
18
</Switch279>
<Switch280>
1
</Switch280>
<Switch281>
14
</Switch281>
<Switch282>
9
</Switch282>
<Switch283>
2
</Switch283>
<Switch284>
2
</Switch284>
<Switch285>
5
</Switch285>
<Switch286>
3
</Switch286>
<Switch287>
9
</Switch287>
<Switch288>
1
</Switch288>
<Switch289>
2
</Switch289>
<Switch290>
0
</Switch290>
<Switch291>
9
</Switch291>
<Switch292>
10
</Switch292>
<Switch293>
9
</Switch293>
<Switch294>
14
</Switch294>
<Switch295>
5
</Switch295>
<Switch296>
1
</Switch296>
<Switch297>
15
</Switch297>
<Switch298>
0
</Switch298>
<Switch299>
6
</Switch299>
<Switch300>
2
</Switch300>
<Switch301>
15
</Switch301>
<Switch302>
17
</Switch302>
<Switch303>
6
</Switch303>
<Switch304>
1
</Switch304>
<Switch305>
18
</Switch305>
<Switch306>
1
</Switch306>
<Switch307>
15
</Switch307>
<Switch308>
17
</Switch308>
<Switch309>
14
</Switch309>
<Switch310>
19
</Switch310>
<Switch311>
6
</Switch311>
<Switch312>
2
</Switch312>
<Switch313>
1
</Switch313>
<Switch314>
1
</Switch314>
<Switch315>
10
</Switch315>
<Switch316>
18
</Switch316>
<Switch317>
4
</Switch317>
<Switch318>
13
</Switch318>
<Switch319>
17
</Switch319>
<Switch320>
1
</Switch320>
<Switch321>
16
</Switch321>
<Switch322>
5
</Switch322>
<Switch323>
1
</Switch323>
<Switch324>
9
</Switch324>
<Switch325>
8
</Switch325>
<Switch326>
17
</Switch326>
<Switch327>
7
</Switch327>
<Switch328>
5
</Switch328>
<Switch329>
13
</Switch329>
<Switch330>
13
</Switch330>
<Switch331>
14
</Switch331>
<Switch332>
14
</Switch332>
<Switch333>
19
</Switch333>
<Switch334>
2
</Switch334>
<Switch335>
15
</Switch335>
<Switch336>
4
</Switch336>
<Switch337>
10
</Switch337>
<Switch338>
3
</Switch338>
<Switch339>
14
</Switch339>
<Switch340>
8
</Switch340>
<Switch341>
10
</Switch341>
<Switch342>
18
</Switch342>
<Switch343>
16
</Switch343>
<Switch344>
11
</Switch344>
<Switch345>
11
</Switch345>
<Switch346>
13
</Switch346>
<Switch347>
0
</Switch347>
<Switch348>
19
</Switch348>
<Switch349>
16
</Switch349>
<Switch350>
6
</Switch350>
<Switch351>
9
</Switch351>
<Switch352>
17
</Switch352>
<Switch353>
18
</Switch353>
<Switch354>
14
</Switch354>
<Switch355>
16
</Switch355>
<Switch356>
10
</Switch356>
<Switch357>
18
</Switch357>
<Switch358>
17
</Switch358>
<Switch359>
11
</Switch359>
<Switch360>
19
</Switch360>
<Switch361>
1
</Switch361>
<Switch362>
12
</Switch362>
<Switch363>
10
</Switch363>
<Switch364>
13
</Switch364>
<Switch365>
4
</Switch365>
<Switch366>
5
</Switch366>
<Switch367>
19
</Switch367>
<Switch368>
15
</Switch368>
<Switch369>
0
</Switch369>
<Switch370>
4
</Switch370>
<Switch371>
18
</Switch371>
<Switch372>
7
</Switch372>
<Switch373>
14
</Switch373>
<Switch374>
12
</Switch374>
<Switch375>
11
</Switch375>
<Switch376>
19
</Switch376>
<Switch377>
9
</Switch377>
<Switch378>
4
</Switch378>
<Switch379>
3
</Switch379>
<Switch380>
4
</Switch380>
<Switch381>
18
</Switch381>
<Switch382>
3
</Switch382>
<Switch383>
16
</Switch383>
<Switch384>
2
</Switch384>
<Switch385>
9
</Switch385>
<Switch386>
3
</Switch386>
<Switch387>
10
</Switch387>
<Switch388>
16
</Switch388>
<Switch389>
6
</Switch389>
<Switch390>
10
</Switch390>
<Switch391>
4
</Switch391>
<Switch392>
12
</Switch392>
<Switch393>
10
</Switch393>
<Switch394>
12
</Switch394>
<Switch395>
17
</Switch395>
<Switch396>
2
</Switch396>
<Switch397>
1
</Switch397>
<Switch398>
18
</Switch398>
<Switch399>
8
</Switch399>
<Switch400>
0
</Switch400>
<Switch401>
0
</Switch401>
<Switch402>
7
</Switch402>
<Switch403>
7
</Switch403>
<Switch404>
1
</Switch404>
<Switch405>
16
</Switch405>
<Switch406>
12
</Switch406>
<Switch407>
12
</Switch407>
<Switch408>
8
</Switch408>
<Switch409>
2
</Switch409>
<Switch410>
2
</Switch410>
<Switch411>
7
</Switch411>
<Switch412>
10
</Switch412>
<Switch413>
14
</Switch413>
<Switch414>
16
</Switch414>
<Switch415>
5
</Switch415>
<Switch416>
13
</Switch416>
<Switch417>
0
</Switch417>
<Switch418>
13
</Switch418>
<Switch419>
18
</Switch419>
<Switch420>
15
</Switch420>
<Switch421>
14
</Switch421>
<Switch422>
15
</Switch422>
<Switch423>
11
</Switch423>
<Switch424>
6
</Switch424>
<Switch425>
8
</Switch425>
<Switch426>
6
</Switch426>
<Switch427>
16
</Switch427>
<Switch428>
17
</Switch428>
<Switch429>
13
</Switch429>
<Switch430>
8
</Switch430>
<Switch431>
12
</Switch431>
<Switch432>
1
</Switch432>
<Switch433>
11
</Switch433>
<Switch434>
1
</Switch434>
<Switch435>
0
</Switch435>
<Switch436>
3
</Switch436>
<Switch437>
3
</Switch437>
<Switch438>
12
</Switch438>
<Switch439>
0
</Switch439>
<Switch440>
17
</Switch440>
<Switch441>
7
</Switch441>
<Switch442>
12
</Switch442>
<Switch443>
6
</Switch443>
<Switch444>
4
</Switch444>
<Switch445>
8
</Switch445>
<Switch446>
13
</Switch446>
<Switch447>
17
</Switch447>
<Switch448>
16
</Switch448>
<Switch449>
12
</Switch449>
<Switch450>
7
</Switch450>
<Switch451>
1
</Switch451>
<Switch452>
16
</Switch452>
<Switch453>
1
</Switch453>
<Switch454>
2
</Switch454>
<Switch455>
10
</Switch455>
<Switch456>
18
</Switch456>
<Switch457>
4
</Switch457>
<Switch458>
9
</Switch458>
<Switch459>
19
</Switch459>
<Switch460>
7
</Switch460>
<Switch461>
14
</Switch461>
<Switch462>
16
</Switch462>
<Switch463>
6
</Switch463>
<Switch464>
8
</Switch464>
<Switch465>
1
</Switch465>
<Switch466>
4
</Switch466>
<Switch467>
10
</Switch467>
<Switch468>
16
</Switch468>
<Switch469>
18
</Switch469>
<Switch470>
10
</Switch470>
<Switch471>
0
</Switch471>
<Switch472>
18
</Switch472>
<Switch473>
3
</Switch473>
<Switch474>
13
</Switch474>
<Switch475>
10
</Switch475>
<Switch476>
7
</Switch476>
<Switch477>
8
</Switch477>
<Switch478>
10
</Switch478>
<Switch479>
17
</Switch479>
<Switch480>
1
</Switch480>
<Switch481>
16
</Switch481>
<Switch482>
5
</Switch482>
<Switch483>
11
</Switch483>
<Switch484>
15
</Switch484>
<Switch485>
6
</Switch485>
<Switch486>
5
</Switch486>
<Switch487>
15
</Switch487>
<Switch488>
9
</Switch488>
<Switch489>
1
</Switch489>
<Switch490>
17
</Switch490>
<Switch491>
1
</Switch491>
<Switch492>
8
</Switch492>
<Switch493>
14
</Switch493>
<Switch494>
14
</Switch494>
<Switch495>
2
</Switch495>
<Switch496>
19
</Switch496>
<Switch497>
4
</Switch497>
<Switch498>
6
</Switch498>
<Switch499>
12
</Switch499>
<Switch500>
1
</Switch500>
<Switch501>
11
</Switch501>
<Switch502>
11
</Switch502>
<Switch503>
2
</Switch503>
<Switch504>
3
</Switch504>
<Switch505>
6
</Switch505>
<Switch506>
1
</Switch506>
<Switch507>
16
</Switch507>
<Switch508>
15
</Switch508>
<Switch509>
18
</Switch509>
<Switch510>
6
</Switch510>
<Switch511>
2
</Switch511>
<Switch512>
2
</Switch512>
<Switch513>
8
</Switch513>
<Switch514>
4
</Switch514>
<Switch515>
19
</Switch515>
<Switch516>
15
</Switch516>
<Switch517>
14
</Switch517>
<Switch518>
9
</Switch518>
<Switch519>
5
</Switch519>
<Switch520>
13
</Switch520>
<Switch521>
4
</Switch521>
<Switch522>
10
</Switch522>
<Switch523>
7
</Switch523>
<Switch524>
19
</Switch524>
<Switch525>
10
</Switch525>
<Switch526>
10
</Switch526>
<Switch527>
4
</Switch527>
<Switch528>
8
</Switch528>
<Switch529>
6
</Switch529>
<Switch530>
11
</Switch530>
<Switch531>
15
</Switch531>
<Switch532>
6
</Switch532>
<Switch533>
12
</Switch533>
<Switch534>
7
</Switch534>
<Switch535>
4
</Switch535>
<Switch536>
4
</Switch536>
<Switch537>
1
</Switch537>
<Switch538>
12
</Switch538>
<Switch539>
3
</Switch539>
<Switch540>
19
</Switch540>
<Switch541>
9
</Switch541>
<Switch542>
10
</Switch542>
<Switch543>
19
</Switch543>
<Switch544>
1
</Switch544>
<Switch545>
5
</Switch545>
<Switch546>
19
</Switch546>
<Switch547>
2
</Switch547>
<Switch548>
9
</Switch548>
<Switch549>
14
</Switch549>
<Switch550>
9
</Switch550>
<Switch551>
19
</Switch551>
<Switch552>
15
</Switch552>
<Switch553>
0
</Switch553>
<Switch554>
12
</Switch554>
<Switch555>
1
</Switch555>
<Switch556>
1
</Switch556>
<Switch557>
2
</Switch557>
<Switch558>
3
</Switch558>
<Switch559>
4
</Switch559>
<Switch560>
5
</Switch560>
<Switch561>
19
</Switch561>
<Switch562>
9
</Switch562>
<Switch563>
3
</Switch563>
<Switch564>
18
</Switch564>
<Switch565>
10
</Switch565>
<Switch566>
9
</Switch566>
<Switch567>
13
</Switch567>
<Switch568>
1
</Switch568>
<Switch569>
7
</Switch569>
<Switch570>
11
</Switch570>
<Switch571>
8
</Switch571>
<Switch572>
19
</Switch572>
<Switch573>
15
</Switch573>
<Switch574>
6
</Switch574>
<Switch575>
8
</Switch575>
<Switch576>
12
</Switch576>
<Switch577>
6
</Switch577>
<Switch578>
6
</Switch578>
<Switch579>
4
</Switch579>
<Switch580>
0
</Switch580>
<Switch581>
12
</Switch581>
<Switch582>
3
</Switch582>
<Switch583>
16
</Switch583>
<Switch584>
8
</Switch584>
<Switch585>
13
</Switch585>
<Switch586>
0
</Switch586>
<Switch587>
15
</Switch587>
<Switch588>
5
</Switch588>
<Switch589>
2
</Switch589>
<Switch590>
11
</Switch590>
<Switch591>
11
</Switch591>
<Switch592>
12
</Switch592>
<Switch593>
10
</Switch593>
<Switch594>
10
</Switch594>
<Switch595>
3
</Switch595>
<Switch596>
5
</Switch596>
<Switch597>
9
</Switch597>
<Switch598>
7
</Switch598>
<Switch599>
9
</Switch599>
<Switch600>
14
</Switch600>
<Switch601>
13
</Switch601>
<Switch602>
9
</Switch602>
<Switch603>
11
</Switch603>
<Switch604>
4
</Switch604>
<Switch605>
6
</Switch605>
<Switch606>
14
</Switch606>
<Switch607>
17
</Switch607>
<Switch608>
5
</Switch608>
<Switch609>
0
</Switch609>
<Switch610>
5
</Switch610>
<Switch611>
4
</Switch611>
<Switch612>
13
</Switch612>
<Switch613>
13
</Switch613>
<Switch614>
5
</Switch614>
<Switch615>
17
</Switch615>
<Switch616>
10
</Switch616>
<Switch617>
0
</Switch617>
<Switch618>
17
</Switch618>
<Switch619>
12
</Switch619>
<Switch620>
16
</Switch620>
<Switch621>
2
</Switch621>
<Switch622>
0
</Switch622>
<Switch623>
11
</Switch623>
<Switch624>
7
</Switch624>
<Switch625>
3
</Switch625>
<Switch626>
9
</Switch626>
<Switch627>
4
</Switch627>
<Switch628>
8
</Switch628>
<Switch629>
17
</Switch629>
<Switch630>
7
</Switch630>
<Switch631>
1
</Switch631>
<Switch632>
7
</Switch632>
<Switch633>
6
</Switch633>
<Switch634>
10
</Switch634>
<Switch635>
3
</Switch635>
<Switch636>
2
</Switch636>
<Switch637>
12
</Switch637>
<Switch638>
5
</Switch638>
<Switch639>
6
</Switch639>
<Switch640>
11
</Switch640>
<Switch641>
18
</Switch641>
<Switch642>
9
</Switch642>
<Switch643>
11
</Switch643>
<Switch644>
11
</Switch644>
<Switch645>
9
</Switch645>
<Switch646>
0
</Switch646>
<Switch647>
7
</Switch647>
<Switch648>
7
</Switch648>
<Switch649>
4
</Switch649>
<Switch650>
8
</Switch650>
<Switch651>
0
</Switch651>
<Switch652>
17
</Switch652>
</BaseID:184>
