<?xml version="1.0"?>

<BaseID:187>
<Switch1>
10
</Switch1>
<Switch2>
1
</Switch2>
<Switch3>
19
</Switch3>
<Switch4>
13
</Switch4>
<Switch5>
19
</Switch5>
<Switch6>
7
</Switch6>
<Switch7>
9
</Switch7>
<Switch8>
19
</Switch8>
<Switch9>
16
</Switch9>
<Switch10>
12
</Switch10>
<Switch11>
18
</Switch11>
<Switch12>
12
</Switch12>
<Switch13>
7
</Switch13>
<Switch14>
11
</Switch14>
<Switch15>
5
</Switch15>
<Switch16>
9
</Switch16>
<Switch17>
0
</Switch17>
<Switch18>
3
</Switch18>
<Switch19>
19
</Switch19>
<Switch20>
5
</Switch20>
<Switch21>
19
</Switch21>
<Switch22>
12
</Switch22>
<Switch23>
12
</Switch23>
<Switch24>
1
</Switch24>
<Switch25>
12
</Switch25>
<Switch26>
6
</Switch26>
<Switch27>
18
</Switch27>
<Switch28>
10
</Switch28>
<Switch29>
6
</Switch29>
<Switch30>
8
</Switch30>
<Switch31>
0
</Switch31>
<Switch32>
11
</Switch32>
<Switch33>
14
</Switch33>
<Switch34>
4
</Switch34>
<Switch35>
4
</Switch35>
<Switch36>
7
</Switch36>
<Switch37>
6
</Switch37>
<Switch38>
19
</Switch38>
<Switch39>
14
</Switch39>
<Switch40>
10
</Switch40>
<Switch41>
16
</Switch41>
<Switch42>
10
</Switch42>
<Switch43>
14
</Switch43>
<Switch44>
14
</Switch44>
<Switch45>
5
</Switch45>
<Switch46>
10
</Switch46>
<Switch47>
5
</Switch47>
<Switch48>
6
</Switch48>
<Switch49>
12
</Switch49>
<Switch50>
9
</Switch50>
<Switch51>
3
</Switch51>
<Switch52>
17
</Switch52>
<Switch53>
0
</Switch53>
<Switch54>
6
</Switch54>
<Switch55>
11
</Switch55>
<Switch56>
4
</Switch56>
<Switch57>
4
</Switch57>
<Switch58>
3
</Switch58>
<Switch59>
8
</Switch59>
<Switch60>
1
</Switch60>
<Switch61>
0
</Switch61>
<Switch62>
15
</Switch62>
<Switch63>
13
</Switch63>
<Switch64>
5
</Switch64>
<Switch65>
13
</Switch65>
<Switch66>
2
</Switch66>
<Switch67>
17
</Switch67>
<Switch68>
15
</Switch68>
<Switch69>
10
</Switch69>
<Switch70>
13
</Switch70>
<Switch71>
13
</Switch71>
<Switch72>
19
</Switch72>
<Switch73>
16
</Switch73>
<Switch74>
14
</Switch74>
<Switch75>
15
</Switch75>
<Switch76>
13
</Switch76>
<Switch77>
6
</Switch77>
<Switch78>
13
</Switch78>
<Switch79>
7
</Switch79>
<Switch80>
17
</Switch80>
<Switch81>
2
</Switch81>
<Switch82>
7
</Switch82>
<Switch83>
9
</Switch83>
<Switch84>
12
</Switch84>
<Switch85>
16
</Switch85>
<Switch86>
12
</Switch86>
<Switch87>
2
</Switch87>
<Switch88>
3
</Switch88>
<Switch89>
17
</Switch89>
<Switch90>
16
</Switch90>
<Switch91>
0
</Switch91>
<Switch92>
5
</Switch92>
<Switch93>
19
</Switch93>
<Switch94>
10
</Switch94>
<Switch95>
18
</Switch95>
<Switch96>
7
</Switch96>
<Switch97>
18
</Switch97>
<Switch98>
1
</Switch98>
<Switch99>
1
</Switch99>
<Switch100>
15
</Switch100>
<Switch101>
19
</Switch101>
<Switch102>
16
</Switch102>
<Switch103>
1
</Switch103>
<Switch104>
17
</Switch104>
<Switch105>
8
</Switch105>
<Switch106>
5
</Switch106>
<Switch107>
19
</Switch107>
<Switch108>
13
</Switch108>
<Switch109>
8
</Switch109>
<Switch110>
19
</Switch110>
<Switch111>
12
</Switch111>
<Switch112>
3
</Switch112>
<Switch113>
16
</Switch113>
<Switch114>
8
</Switch114>
<Switch115>
15
</Switch115>
<Switch116>
6
</Switch116>
<Switch117>
12
</Switch117>
<Switch118>
14
</Switch118>
<Switch119>
5
</Switch119>
<Switch120>
17
</Switch120>
<Switch121>
13
</Switch121>
<Switch122>
10
</Switch122>
<Switch123>
2
</Switch123>
<Switch124>
12
</Switch124>
<Switch125>
7
</Switch125>
<Switch126>
11
</Switch126>
<Switch127>
15
</Switch127>
<Switch128>
18
</Switch128>
<Switch129>
6
</Switch129>
<Switch130>
13
</Switch130>
<Switch131>
19
</Switch131>
<Switch132>
3
</Switch132>
<Switch133>
9
</Switch133>
<Switch134>
10
</Switch134>
<Switch135>
11
</Switch135>
<Switch136>
16
</Switch136>
<Switch137>
0
</Switch137>
<Switch138>
19
</Switch138>
<Switch139>
15
</Switch139>
<Switch140>
4
</Switch140>
<Switch141>
17
</Switch141>
<Switch142>
8
</Switch142>
<Switch143>
7
</Switch143>
<Switch144>
15
</Switch144>
<Switch145>
14
</Switch145>
<Switch146>
9
</Switch146>
<Switch147>
7
</Switch147>
<Switch148>
7
</Switch148>
<Switch149>
6
</Switch149>
<Switch150>
16
</Switch150>
<Switch151>
15
</Switch151>
<Switch152>
14
</Switch152>
<Switch153>
18
</Switch153>
<Switch154>
4
</Switch154>
<Switch155>
14
</Switch155>
<Switch156>
19
</Switch156>
<Switch157>
14
</Switch157>
<Switch158>
13
</Switch158>
<Switch159>
5
</Switch159>
<Switch160>
12
</Switch160>
<Switch161>
0
</Switch161>
<Switch162>
11
</Switch162>
<Switch163>
16
</Switch163>
<Switch164>
17
</Switch164>
<Switch165>
1
</Switch165>
<Switch166>
10
</Switch166>
<Switch167>
6
</Switch167>
<Switch168>
16
</Switch168>
<Switch169>
7
</Switch169>
<Switch170>
11
</Switch170>
<Switch171>
12
</Switch171>
<Switch172>
12
</Switch172>
<Switch173>
16
</Switch173>
<Switch174>
12
</Switch174>
<Switch175>
16
</Switch175>
<Switch176>
6
</Switch176>
<Switch177>
18
</Switch177>
<Switch178>
5
</Switch178>
<Switch179>
19
</Switch179>
<Switch180>
10
</Switch180>
<Switch181>
15
</Switch181>
<Switch182>
19
</Switch182>
<Switch183>
8
</Switch183>
<Switch184>
19
</Switch184>
<Switch185>
4
</Switch185>
<Switch186>
3
</Switch186>
<Switch187>
19
</Switch187>
<Switch188>
17
</Switch188>
<Switch189>
17
</Switch189>
</BaseID:187>
