<?xml version="1.0"?>

<BaseID:188>
<Switch1>
4
</Switch1>
<Switch2>
3
</Switch2>
<Switch3>
1
</Switch3>
<Switch4>
2
</Switch4>
<Switch5>
17
</Switch5>
<Switch6>
12
</Switch6>
<Switch7>
13
</Switch7>
<Switch8>
1
</Switch8>
<Switch9>
13
</Switch9>
<Switch10>
4
</Switch10>
<Switch11>
7
</Switch11>
<Switch12>
9
</Switch12>
<Switch13>
3
</Switch13>
<Switch14>
7
</Switch14>
<Switch15>
8
</Switch15>
<Switch16>
13
</Switch16>
<Switch17>
0
</Switch17>
<Switch18>
3
</Switch18>
<Switch19>
10
</Switch19>
<Switch20>
3
</Switch20>
<Switch21>
17
</Switch21>
<Switch22>
3
</Switch22>
<Switch23>
7
</Switch23>
<Switch24>
11
</Switch24>
<Switch25>
3
</Switch25>
<Switch26>
9
</Switch26>
<Switch27>
1
</Switch27>
<Switch28>
15
</Switch28>
<Switch29>
8
</Switch29>
<Switch30>
10
</Switch30>
<Switch31>
3
</Switch31>
<Switch32>
17
</Switch32>
<Switch33>
15
</Switch33>
<Switch34>
8
</Switch34>
<Switch35>
8
</Switch35>
<Switch36>
13
</Switch36>
<Switch37>
0
</Switch37>
<Switch38>
11
</Switch38>
<Switch39>
3
</Switch39>
<Switch40>
7
</Switch40>
<Switch41>
10
</Switch41>
<Switch42>
1
</Switch42>
<Switch43>
12
</Switch43>
<Switch44>
1
</Switch44>
<Switch45>
10
</Switch45>
<Switch46>
19
</Switch46>
<Switch47>
19
</Switch47>
<Switch48>
6
</Switch48>
<Switch49>
16
</Switch49>
<Switch50>
8
</Switch50>
<Switch51>
3
</Switch51>
<Switch52>
5
</Switch52>
<Switch53>
0
</Switch53>
<Switch54>
4
</Switch54>
<Switch55>
9
</Switch55>
<Switch56>
5
</Switch56>
<Switch57>
11
</Switch57>
<Switch58>
11
</Switch58>
<Switch59>
10
</Switch59>
<Switch60>
3
</Switch60>
<Switch61>
5
</Switch61>
<Switch62>
18
</Switch62>
<Switch63>
19
</Switch63>
<Switch64>
10
</Switch64>
<Switch65>
5
</Switch65>
<Switch66>
19
</Switch66>
<Switch67>
1
</Switch67>
<Switch68>
12
</Switch68>
<Switch69>
0
</Switch69>
<Switch70>
0
</Switch70>
<Switch71>
13
</Switch71>
<Switch72>
17
</Switch72>
<Switch73>
6
</Switch73>
<Switch74>
1
</Switch74>
<Switch75>
6
</Switch75>
<Switch76>
5
</Switch76>
<Switch77>
2
</Switch77>
<Switch78>
7
</Switch78>
<Switch79>
9
</Switch79>
<Switch80>
11
</Switch80>
<Switch81>
16
</Switch81>
<Switch82>
1
</Switch82>
<Switch83>
11
</Switch83>
<Switch84>
17
</Switch84>
<Switch85>
6
</Switch85>
<Switch86>
19
</Switch86>
<Switch87>
3
</Switch87>
<Switch88>
4
</Switch88>
<Switch89>
5
</Switch89>
<Switch90>
14
</Switch90>
<Switch91>
19
</Switch91>
<Switch92>
12
</Switch92>
<Switch93>
2
</Switch93>
<Switch94>
15
</Switch94>
<Switch95>
9
</Switch95>
<Switch96>
2
</Switch96>
<Switch97>
1
</Switch97>
<Switch98>
12
</Switch98>
<Switch99>
13
</Switch99>
<Switch100>
6
</Switch100>
<Switch101>
8
</Switch101>
<Switch102>
4
</Switch102>
<Switch103>
6
</Switch103>
<Switch104>
11
</Switch104>
<Switch105>
6
</Switch105>
<Switch106>
0
</Switch106>
<Switch107>
18
</Switch107>
<Switch108>
18
</Switch108>
<Switch109>
4
</Switch109>
<Switch110>
18
</Switch110>
<Switch111>
4
</Switch111>
<Switch112>
18
</Switch112>
<Switch113>
13
</Switch113>
<Switch114>
15
</Switch114>
<Switch115>
2
</Switch115>
<Switch116>
2
</Switch116>
<Switch117>
18
</Switch117>
<Switch118>
18
</Switch118>
<Switch119>
19
</Switch119>
<Switch120>
18
</Switch120>
<Switch121>
16
</Switch121>
<Switch122>
15
</Switch122>
<Switch123>
7
</Switch123>
<Switch124>
9
</Switch124>
<Switch125>
2
</Switch125>
<Switch126>
6
</Switch126>
<Switch127>
13
</Switch127>
<Switch128>
9
</Switch128>
<Switch129>
11
</Switch129>
<Switch130>
8
</Switch130>
<Switch131>
3
</Switch131>
<Switch132>
3
</Switch132>
<Switch133>
6
</Switch133>
<Switch134>
3
</Switch134>
<Switch135>
2
</Switch135>
<Switch136>
9
</Switch136>
<Switch137>
1
</Switch137>
<Switch138>
7
</Switch138>
<Switch139>
4
</Switch139>
<Switch140>
19
</Switch140>
<Switch141>
16
</Switch141>
<Switch142>
18
</Switch142>
<Switch143>
11
</Switch143>
<Switch144>
10
</Switch144>
<Switch145>
10
</Switch145>
<Switch146>
5
</Switch146>
<Switch147>
3
</Switch147>
<Switch148>
5
</Switch148>
<Switch149>
6
</Switch149>
<Switch150>
2
</Switch150>
<Switch151>
1
</Switch151>
<Switch152>
6
</Switch152>
<Switch153>
8
</Switch153>
<Switch154>
17
</Switch154>
<Switch155>
19
</Switch155>
<Switch156>
16
</Switch156>
<Switch157>
2
</Switch157>
<Switch158>
14
</Switch158>
<Switch159>
12
</Switch159>
<Switch160>
6
</Switch160>
<Switch161>
12
</Switch161>
<Switch162>
5
</Switch162>
<Switch163>
5
</Switch163>
<Switch164>
17
</Switch164>
<Switch165>
8
</Switch165>
<Switch166>
1
</Switch166>
<Switch167>
5
</Switch167>
<Switch168>
12
</Switch168>
<Switch169>
15
</Switch169>
<Switch170>
5
</Switch170>
<Switch171>
19
</Switch171>
<Switch172>
5
</Switch172>
<Switch173>
17
</Switch173>
<Switch174>
13
</Switch174>
<Switch175>
14
</Switch175>
<Switch176>
19
</Switch176>
<Switch177>
12
</Switch177>
<Switch178>
16
</Switch178>
<Switch179>
7
</Switch179>
<Switch180>
10
</Switch180>
<Switch181>
4
</Switch181>
<Switch182>
6
</Switch182>
<Switch183>
15
</Switch183>
<Switch184>
11
</Switch184>
<Switch185>
9
</Switch185>
<Switch186>
4
</Switch186>
<Switch187>
11
</Switch187>
<Switch188>
5
</Switch188>
<Switch189>
15
</Switch189>
<Switch190>
9
</Switch190>
<Switch191>
9
</Switch191>
<Switch192>
19
</Switch192>
<Switch193>
19
</Switch193>
<Switch194>
1
</Switch194>
<Switch195>
7
</Switch195>
<Switch196>
5
</Switch196>
<Switch197>
0
</Switch197>
<Switch198>
10
</Switch198>
<Switch199>
12
</Switch199>
<Switch200>
2
</Switch200>
<Switch201>
13
</Switch201>
<Switch202>
10
</Switch202>
<Switch203>
16
</Switch203>
<Switch204>
7
</Switch204>
<Switch205>
1
</Switch205>
<Switch206>
8
</Switch206>
<Switch207>
10
</Switch207>
<Switch208>
9
</Switch208>
<Switch209>
17
</Switch209>
<Switch210>
10
</Switch210>
<Switch211>
1
</Switch211>
<Switch212>
0
</Switch212>
<Switch213>
14
</Switch213>
<Switch214>
0
</Switch214>
<Switch215>
6
</Switch215>
<Switch216>
15
</Switch216>
<Switch217>
13
</Switch217>
<Switch218>
4
</Switch218>
<Switch219>
14
</Switch219>
<Switch220>
13
</Switch220>
<Switch221>
3
</Switch221>
<Switch222>
17
</Switch222>
<Switch223>
8
</Switch223>
<Switch224>
11
</Switch224>
<Switch225>
17
</Switch225>
<Switch226>
8
</Switch226>
<Switch227>
15
</Switch227>
<Switch228>
14
</Switch228>
<Switch229>
8
</Switch229>
<Switch230>
17
</Switch230>
<Switch231>
13
</Switch231>
<Switch232>
16
</Switch232>
<Switch233>
2
</Switch233>
<Switch234>
19
</Switch234>
<Switch235>
7
</Switch235>
<Switch236>
2
</Switch236>
<Switch237>
3
</Switch237>
<Switch238>
2
</Switch238>
<Switch239>
17
</Switch239>
<Switch240>
8
</Switch240>
<Switch241>
8
</Switch241>
<Switch242>
17
</Switch242>
<Switch243>
2
</Switch243>
<Switch244>
3
</Switch244>
<Switch245>
18
</Switch245>
<Switch246>
18
</Switch246>
<Switch247>
7
</Switch247>
<Switch248>
5
</Switch248>
<Switch249>
17
</Switch249>
<Switch250>
6
</Switch250>
<Switch251>
13
</Switch251>
<Switch252>
8
</Switch252>
<Switch253>
11
</Switch253>
<Switch254>
11
</Switch254>
<Switch255>
9
</Switch255>
<Switch256>
2
</Switch256>
<Switch257>
9
</Switch257>
<Switch258>
4
</Switch258>
<Switch259>
11
</Switch259>
<Switch260>
18
</Switch260>
<Switch261>
13
</Switch261>
<Switch262>
11
</Switch262>
<Switch263>
14
</Switch263>
<Switch264>
10
</Switch264>
<Switch265>
7
</Switch265>
<Switch266>
2
</Switch266>
<Switch267>
15
</Switch267>
<Switch268>
17
</Switch268>
<Switch269>
14
</Switch269>
<Switch270>
9
</Switch270>
<Switch271>
5
</Switch271>
<Switch272>
3
</Switch272>
<Switch273>
2
</Switch273>
<Switch274>
13
</Switch274>
<Switch275>
18
</Switch275>
<Switch276>
13
</Switch276>
<Switch277>
13
</Switch277>
<Switch278>
13
</Switch278>
<Switch279>
13
</Switch279>
<Switch280>
1
</Switch280>
<Switch281>
11
</Switch281>
<Switch282>
17
</Switch282>
<Switch283>
0
</Switch283>
<Switch284>
13
</Switch284>
<Switch285>
3
</Switch285>
<Switch286>
3
</Switch286>
<Switch287>
12
</Switch287>
<Switch288>
4
</Switch288>
<Switch289>
15
</Switch289>
<Switch290>
15
</Switch290>
<Switch291>
15
</Switch291>
<Switch292>
5
</Switch292>
<Switch293>
15
</Switch293>
<Switch294>
16
</Switch294>
<Switch295>
6
</Switch295>
<Switch296>
5
</Switch296>
<Switch297>
3
</Switch297>
<Switch298>
18
</Switch298>
<Switch299>
9
</Switch299>
<Switch300>
5
</Switch300>
<Switch301>
4
</Switch301>
<Switch302>
19
</Switch302>
<Switch303>
1
</Switch303>
<Switch304>
8
</Switch304>
<Switch305>
5
</Switch305>
<Switch306>
0
</Switch306>
<Switch307>
16
</Switch307>
<Switch308>
11
</Switch308>
<Switch309>
7
</Switch309>
<Switch310>
9
</Switch310>
<Switch311>
16
</Switch311>
<Switch312>
19
</Switch312>
<Switch313>
14
</Switch313>
<Switch314>
5
</Switch314>
<Switch315>
10
</Switch315>
<Switch316>
13
</Switch316>
<Switch317>
7
</Switch317>
<Switch318>
5
</Switch318>
<Switch319>
5
</Switch319>
<Switch320>
1
</Switch320>
<Switch321>
0
</Switch321>
<Switch322>
0
</Switch322>
<Switch323>
0
</Switch323>
<Switch324>
12
</Switch324>
<Switch325>
2
</Switch325>
<Switch326>
12
</Switch326>
<Switch327>
5
</Switch327>
<Switch328>
7
</Switch328>
<Switch329>
15
</Switch329>
<Switch330>
16
</Switch330>
<Switch331>
17
</Switch331>
<Switch332>
9
</Switch332>
<Switch333>
11
</Switch333>
<Switch334>
5
</Switch334>
<Switch335>
0
</Switch335>
<Switch336>
14
</Switch336>
<Switch337>
9
</Switch337>
<Switch338>
16
</Switch338>
<Switch339>
14
</Switch339>
<Switch340>
15
</Switch340>
<Switch341>
0
</Switch341>
<Switch342>
10
</Switch342>
<Switch343>
12
</Switch343>
<Switch344>
7
</Switch344>
<Switch345>
3
</Switch345>
<Switch346>
15
</Switch346>
<Switch347>
12
</Switch347>
<Switch348>
3
</Switch348>
<Switch349>
15
</Switch349>
<Switch350>
12
</Switch350>
<Switch351>
1
</Switch351>
<Switch352>
5
</Switch352>
<Switch353>
19
</Switch353>
<Switch354>
12
</Switch354>
<Switch355>
2
</Switch355>
<Switch356>
14
</Switch356>
<Switch357>
6
</Switch357>
<Switch358>
6
</Switch358>
<Switch359>
19
</Switch359>
<Switch360>
9
</Switch360>
<Switch361>
18
</Switch361>
<Switch362>
18
</Switch362>
<Switch363>
14
</Switch363>
<Switch364>
10
</Switch364>
<Switch365>
0
</Switch365>
<Switch366>
3
</Switch366>
<Switch367>
17
</Switch367>
<Switch368>
13
</Switch368>
<Switch369>
1
</Switch369>
<Switch370>
12
</Switch370>
<Switch371>
9
</Switch371>
<Switch372>
13
</Switch372>
<Switch373>
12
</Switch373>
<Switch374>
11
</Switch374>
<Switch375>
1
</Switch375>
<Switch376>
8
</Switch376>
<Switch377>
9
</Switch377>
<Switch378>
5
</Switch378>
<Switch379>
13
</Switch379>
<Switch380>
3
</Switch380>
<Switch381>
6
</Switch381>
<Switch382>
6
</Switch382>
<Switch383>
2
</Switch383>
<Switch384>
0
</Switch384>
<Switch385>
17
</Switch385>
<Switch386>
1
</Switch386>
<Switch387>
5
</Switch387>
<Switch388>
8
</Switch388>
<Switch389>
19
</Switch389>
<Switch390>
4
</Switch390>
<Switch391>
4
</Switch391>
<Switch392>
0
</Switch392>
<Switch393>
4
</Switch393>
<Switch394>
2
</Switch394>
<Switch395>
5
</Switch395>
<Switch396>
4
</Switch396>
<Switch397>
19
</Switch397>
<Switch398>
5
</Switch398>
<Switch399>
5
</Switch399>
<Switch400>
5
</Switch400>
<Switch401>
9
</Switch401>
<Switch402>
12
</Switch402>
<Switch403>
8
</Switch403>
<Switch404>
0
</Switch404>
<Switch405>
15
</Switch405>
<Switch406>
1
</Switch406>
<Switch407>
7
</Switch407>
<Switch408>
4
</Switch408>
<Switch409>
9
</Switch409>
<Switch410>
9
</Switch410>
<Switch411>
7
</Switch411>
<Switch412>
11
</Switch412>
<Switch413>
18
</Switch413>
<Switch414>
13
</Switch414>
<Switch415>
18
</Switch415>
<Switch416>
10
</Switch416>
<Switch417>
9
</Switch417>
<Switch418>
5
</Switch418>
<Switch419>
16
</Switch419>
<Switch420>
14
</Switch420>
<Switch421>
17
</Switch421>
<Switch422>
8
</Switch422>
<Switch423>
17
</Switch423>
<Switch424>
14
</Switch424>
<Switch425>
2
</Switch425>
<Switch426>
3
</Switch426>
<Switch427>
5
</Switch427>
<Switch428>
5
</Switch428>
<Switch429>
0
</Switch429>
<Switch430>
6
</Switch430>
<Switch431>
13
</Switch431>
<Switch432>
11
</Switch432>
<Switch433>
18
</Switch433>
<Switch434>
13
</Switch434>
<Switch435>
5
</Switch435>
<Switch436>
9
</Switch436>
<Switch437>
8
</Switch437>
<Switch438>
12
</Switch438>
<Switch439>
15
</Switch439>
<Switch440>
14
</Switch440>
<Switch441>
18
</Switch441>
<Switch442>
7
</Switch442>
<Switch443>
11
</Switch443>
<Switch444>
12
</Switch444>
<Switch445>
17
</Switch445>
<Switch446>
1
</Switch446>
<Switch447>
8
</Switch447>
<Switch448>
11
</Switch448>
<Switch449>
15
</Switch449>
<Switch450>
8
</Switch450>
<Switch451>
8
</Switch451>
<Switch452>
3
</Switch452>
<Switch453>
3
</Switch453>
<Switch454>
11
</Switch454>
<Switch455>
5
</Switch455>
<Switch456>
1
</Switch456>
<Switch457>
7
</Switch457>
<Switch458>
10
</Switch458>
<Switch459>
12
</Switch459>
<Switch460>
0
</Switch460>
<Switch461>
3
</Switch461>
<Switch462>
3
</Switch462>
<Switch463>
18
</Switch463>
<Switch464>
9
</Switch464>
<Switch465>
15
</Switch465>
<Switch466>
6
</Switch466>
<Switch467>
13
</Switch467>
<Switch468>
19
</Switch468>
<Switch469>
17
</Switch469>
<Switch470>
12
</Switch470>
<Switch471>
16
</Switch471>
<Switch472>
18
</Switch472>
<Switch473>
0
</Switch473>
<Switch474>
1
</Switch474>
<Switch475>
16
</Switch475>
<Switch476>
9
</Switch476>
<Switch477>
17
</Switch477>
<Switch478>
8
</Switch478>
<Switch479>
4
</Switch479>
<Switch480>
11
</Switch480>
<Switch481>
4
</Switch481>
<Switch482>
12
</Switch482>
<Switch483>
17
</Switch483>
<Switch484>
11
</Switch484>
<Switch485>
19
</Switch485>
<Switch486>
0
</Switch486>
<Switch487>
11
</Switch487>
<Switch488>
15
</Switch488>
<Switch489>
3
</Switch489>
<Switch490>
17
</Switch490>
<Switch491>
3
</Switch491>
<Switch492>
11
</Switch492>
<Switch493>
4
</Switch493>
<Switch494>
0
</Switch494>
<Switch495>
11
</Switch495>
<Switch496>
16
</Switch496>
<Switch497>
0
</Switch497>
<Switch498>
11
</Switch498>
<Switch499>
3
</Switch499>
<Switch500>
15
</Switch500>
<Switch501>
16
</Switch501>
<Switch502>
0
</Switch502>
<Switch503>
2
</Switch503>
<Switch504>
16
</Switch504>
<Switch505>
0
</Switch505>
<Switch506>
5
</Switch506>
<Switch507>
16
</Switch507>
<Switch508>
16
</Switch508>
<Switch509>
12
</Switch509>
<Switch510>
8
</Switch510>
<Switch511>
11
</Switch511>
<Switch512>
18
</Switch512>
<Switch513>
15
</Switch513>
<Switch514>
11
</Switch514>
<Switch515>
14
</Switch515>
<Switch516>
19
</Switch516>
<Switch517>
7
</Switch517>
<Switch518>
17
</Switch518>
<Switch519>
13
</Switch519>
<Switch520>
6
</Switch520>
<Switch521>
7
</Switch521>
<Switch522>
19
</Switch522>
<Switch523>
5
</Switch523>
<Switch524>
15
</Switch524>
<Switch525>
7
</Switch525>
<Switch526>
9
</Switch526>
<Switch527>
19
</Switch527>
<Switch528>
4
</Switch528>
<Switch529>
6
</Switch529>
<Switch530>
5
</Switch530>
<Switch531>
16
</Switch531>
<Switch532>
4
</Switch532>
<Switch533>
15
</Switch533>
<Switch534>
6
</Switch534>
<Switch535>
5
</Switch535>
<Switch536>
8
</Switch536>
<Switch537>
1
</Switch537>
<Switch538>
2
</Switch538>
<Switch539>
0
</Switch539>
<Switch540>
5
</Switch540>
<Switch541>
19
</Switch541>
<Switch542>
18
</Switch542>
<Switch543>
15
</Switch543>
<Switch544>
5
</Switch544>
<Switch545>
13
</Switch545>
<Switch546>
0
</Switch546>
<Switch547>
16
</Switch547>
<Switch548>
15
</Switch548>
<Switch549>
5
</Switch549>
<Switch550>
8
</Switch550>
<Switch551>
14
</Switch551>
<Switch552>
8
</Switch552>
<Switch553>
11
</Switch553>
<Switch554>
4
</Switch554>
<Switch555>
12
</Switch555>
<Switch556>
15
</Switch556>
<Switch557>
16
</Switch557>
<Switch558>
13
</Switch558>
<Switch559>
8
</Switch559>
<Switch560>
9
</Switch560>
<Switch561>
1
</Switch561>
<Switch562>
18
</Switch562>
</BaseID:188>
