<?xml version="1.0"?>

<BaseID:201>
<Switch1>
1
</Switch1>
<Switch2>
11
</Switch2>
<Switch3>
19
</Switch3>
<Switch4>
18
</Switch4>
<Switch5>
9
</Switch5>
<Switch6>
12
</Switch6>
<Switch7>
5
</Switch7>
<Switch8>
5
</Switch8>
<Switch9>
11
</Switch9>
<Switch10>
7
</Switch10>
<Switch11>
2
</Switch11>
<Switch12>
16
</Switch12>
<Switch13>
7
</Switch13>
<Switch14>
19
</Switch14>
<Switch15>
12
</Switch15>
<Switch16>
1
</Switch16>
<Switch17>
14
</Switch17>
<Switch18>
18
</Switch18>
<Switch19>
18
</Switch19>
<Switch20>
9
</Switch20>
<Switch21>
17
</Switch21>
<Switch22>
4
</Switch22>
<Switch23>
13
</Switch23>
<Switch24>
4
</Switch24>
<Switch25>
9
</Switch25>
<Switch26>
16
</Switch26>
<Switch27>
16
</Switch27>
<Switch28>
11
</Switch28>
<Switch29>
9
</Switch29>
<Switch30>
17
</Switch30>
<Switch31>
6
</Switch31>
<Switch32>
3
</Switch32>
<Switch33>
9
</Switch33>
<Switch34>
10
</Switch34>
<Switch35>
6
</Switch35>
<Switch36>
5
</Switch36>
<Switch37>
0
</Switch37>
<Switch38>
4
</Switch38>
<Switch39>
13
</Switch39>
<Switch40>
9
</Switch40>
<Switch41>
10
</Switch41>
<Switch42>
4
</Switch42>
<Switch43>
2
</Switch43>
<Switch44>
12
</Switch44>
<Switch45>
1
</Switch45>
<Switch46>
9
</Switch46>
<Switch47>
15
</Switch47>
<Switch48>
6
</Switch48>
<Switch49>
6
</Switch49>
<Switch50>
1
</Switch50>
<Switch51>
15
</Switch51>
<Switch52>
2
</Switch52>
<Switch53>
6
</Switch53>
<Switch54>
0
</Switch54>
<Switch55>
18
</Switch55>
<Switch56>
17
</Switch56>
<Switch57>
2
</Switch57>
<Switch58>
19
</Switch58>
<Switch59>
17
</Switch59>
<Switch60>
17
</Switch60>
<Switch61>
16
</Switch61>
<Switch62>
6
</Switch62>
<Switch63>
19
</Switch63>
<Switch64>
6
</Switch64>
<Switch65>
9
</Switch65>
<Switch66>
7
</Switch66>
<Switch67>
6
</Switch67>
<Switch68>
4
</Switch68>
<Switch69>
5
</Switch69>
<Switch70>
3
</Switch70>
<Switch71>
18
</Switch71>
<Switch72>
12
</Switch72>
<Switch73>
18
</Switch73>
<Switch74>
12
</Switch74>
<Switch75>
5
</Switch75>
<Switch76>
17
</Switch76>
<Switch77>
6
</Switch77>
<Switch78>
3
</Switch78>
<Switch79>
7
</Switch79>
<Switch80>
8
</Switch80>
<Switch81>
7
</Switch81>
<Switch82>
17
</Switch82>
<Switch83>
5
</Switch83>
<Switch84>
12
</Switch84>
<Switch85>
12
</Switch85>
<Switch86>
12
</Switch86>
<Switch87>
9
</Switch87>
<Switch88>
11
</Switch88>
<Switch89>
18
</Switch89>
<Switch90>
6
</Switch90>
<Switch91>
8
</Switch91>
<Switch92>
14
</Switch92>
<Switch93>
0
</Switch93>
<Switch94>
4
</Switch94>
<Switch95>
8
</Switch95>
<Switch96>
19
</Switch96>
<Switch97>
1
</Switch97>
<Switch98>
10
</Switch98>
<Switch99>
5
</Switch99>
<Switch100>
6
</Switch100>
<Switch101>
9
</Switch101>
<Switch102>
13
</Switch102>
<Switch103>
4
</Switch103>
<Switch104>
11
</Switch104>
<Switch105>
3
</Switch105>
<Switch106>
19
</Switch106>
<Switch107>
0
</Switch107>
<Switch108>
11
</Switch108>
<Switch109>
14
</Switch109>
<Switch110>
19
</Switch110>
<Switch111>
17
</Switch111>
<Switch112>
6
</Switch112>
<Switch113>
10
</Switch113>
<Switch114>
0
</Switch114>
<Switch115>
18
</Switch115>
<Switch116>
18
</Switch116>
<Switch117>
19
</Switch117>
<Switch118>
8
</Switch118>
<Switch119>
10
</Switch119>
<Switch120>
11
</Switch120>
<Switch121>
9
</Switch121>
<Switch122>
13
</Switch122>
<Switch123>
7
</Switch123>
<Switch124>
0
</Switch124>
<Switch125>
6
</Switch125>
<Switch126>
4
</Switch126>
<Switch127>
8
</Switch127>
<Switch128>
3
</Switch128>
<Switch129>
17
</Switch129>
<Switch130>
15
</Switch130>
<Switch131>
10
</Switch131>
<Switch132>
14
</Switch132>
<Switch133>
19
</Switch133>
<Switch134>
12
</Switch134>
<Switch135>
14
</Switch135>
<Switch136>
17
</Switch136>
<Switch137>
9
</Switch137>
<Switch138>
13
</Switch138>
<Switch139>
13
</Switch139>
<Switch140>
0
</Switch140>
<Switch141>
10
</Switch141>
<Switch142>
3
</Switch142>
<Switch143>
1
</Switch143>
<Switch144>
8
</Switch144>
<Switch145>
19
</Switch145>
<Switch146>
3
</Switch146>
<Switch147>
11
</Switch147>
<Switch148>
18
</Switch148>
<Switch149>
9
</Switch149>
<Switch150>
8
</Switch150>
<Switch151>
6
</Switch151>
<Switch152>
16
</Switch152>
<Switch153>
15
</Switch153>
<Switch154>
14
</Switch154>
<Switch155>
12
</Switch155>
<Switch156>
1
</Switch156>
<Switch157>
17
</Switch157>
<Switch158>
9
</Switch158>
<Switch159>
4
</Switch159>
<Switch160>
1
</Switch160>
<Switch161>
4
</Switch161>
<Switch162>
1
</Switch162>
<Switch163>
5
</Switch163>
<Switch164>
6
</Switch164>
<Switch165>
16
</Switch165>
<Switch166>
10
</Switch166>
<Switch167>
17
</Switch167>
<Switch168>
14
</Switch168>
<Switch169>
0
</Switch169>
<Switch170>
13
</Switch170>
<Switch171>
18
</Switch171>
<Switch172>
9
</Switch172>
<Switch173>
5
</Switch173>
<Switch174>
14
</Switch174>
<Switch175>
14
</Switch175>
<Switch176>
15
</Switch176>
<Switch177>
18
</Switch177>
<Switch178>
2
</Switch178>
<Switch179>
1
</Switch179>
<Switch180>
11
</Switch180>
<Switch181>
17
</Switch181>
<Switch182>
4
</Switch182>
<Switch183>
5
</Switch183>
<Switch184>
3
</Switch184>
<Switch185>
19
</Switch185>
<Switch186>
3
</Switch186>
<Switch187>
10
</Switch187>
<Switch188>
8
</Switch188>
<Switch189>
10
</Switch189>
<Switch190>
11
</Switch190>
<Switch191>
0
</Switch191>
<Switch192>
10
</Switch192>
<Switch193>
12
</Switch193>
<Switch194>
1
</Switch194>
<Switch195>
18
</Switch195>
<Switch196>
17
</Switch196>
<Switch197>
3
</Switch197>
<Switch198>
15
</Switch198>
<Switch199>
13
</Switch199>
<Switch200>
19
</Switch200>
<Switch201>
16
</Switch201>
<Switch202>
13
</Switch202>
<Switch203>
10
</Switch203>
<Switch204>
6
</Switch204>
<Switch205>
16
</Switch205>
<Switch206>
5
</Switch206>
<Switch207>
1
</Switch207>
<Switch208>
7
</Switch208>
<Switch209>
11
</Switch209>
<Switch210>
12
</Switch210>
<Switch211>
11
</Switch211>
<Switch212>
16
</Switch212>
<Switch213>
16
</Switch213>
<Switch214>
17
</Switch214>
<Switch215>
15
</Switch215>
<Switch216>
8
</Switch216>
<Switch217>
19
</Switch217>
<Switch218>
2
</Switch218>
<Switch219>
17
</Switch219>
<Switch220>
0
</Switch220>
<Switch221>
15
</Switch221>
<Switch222>
15
</Switch222>
<Switch223>
11
</Switch223>
<Switch224>
14
</Switch224>
<Switch225>
15
</Switch225>
<Switch226>
19
</Switch226>
<Switch227>
6
</Switch227>
<Switch228>
18
</Switch228>
<Switch229>
12
</Switch229>
<Switch230>
5
</Switch230>
<Switch231>
1
</Switch231>
<Switch232>
16
</Switch232>
<Switch233>
16
</Switch233>
<Switch234>
15
</Switch234>
<Switch235>
1
</Switch235>
<Switch236>
11
</Switch236>
<Switch237>
2
</Switch237>
<Switch238>
18
</Switch238>
<Switch239>
5
</Switch239>
<Switch240>
3
</Switch240>
<Switch241>
2
</Switch241>
<Switch242>
11
</Switch242>
<Switch243>
5
</Switch243>
<Switch244>
19
</Switch244>
<Switch245>
0
</Switch245>
<Switch246>
2
</Switch246>
<Switch247>
7
</Switch247>
<Switch248>
10
</Switch248>
<Switch249>
9
</Switch249>
<Switch250>
8
</Switch250>
<Switch251>
1
</Switch251>
<Switch252>
15
</Switch252>
<Switch253>
15
</Switch253>
<Switch254>
12
</Switch254>
<Switch255>
6
</Switch255>
<Switch256>
4
</Switch256>
<Switch257>
7
</Switch257>
<Switch258>
19
</Switch258>
<Switch259>
15
</Switch259>
<Switch260>
3
</Switch260>
<Switch261>
0
</Switch261>
<Switch262>
14
</Switch262>
<Switch263>
2
</Switch263>
<Switch264>
12
</Switch264>
<Switch265>
18
</Switch265>
<Switch266>
19
</Switch266>
<Switch267>
19
</Switch267>
<Switch268>
16
</Switch268>
<Switch269>
0
</Switch269>
<Switch270>
11
</Switch270>
<Switch271>
4
</Switch271>
<Switch272>
0
</Switch272>
<Switch273>
3
</Switch273>
<Switch274>
9
</Switch274>
<Switch275>
7
</Switch275>
<Switch276>
3
</Switch276>
<Switch277>
9
</Switch277>
<Switch278>
12
</Switch278>
<Switch279>
14
</Switch279>
<Switch280>
5
</Switch280>
<Switch281>
19
</Switch281>
<Switch282>
12
</Switch282>
<Switch283>
2
</Switch283>
<Switch284>
0
</Switch284>
<Switch285>
19
</Switch285>
<Switch286>
18
</Switch286>
<Switch287>
13
</Switch287>
<Switch288>
0
</Switch288>
<Switch289>
6
</Switch289>
<Switch290>
5
</Switch290>
<Switch291>
7
</Switch291>
<Switch292>
7
</Switch292>
<Switch293>
2
</Switch293>
<Switch294>
9
</Switch294>
<Switch295>
8
</Switch295>
<Switch296>
12
</Switch296>
<Switch297>
8
</Switch297>
<Switch298>
3
</Switch298>
<Switch299>
9
</Switch299>
<Switch300>
9
</Switch300>
<Switch301>
9
</Switch301>
<Switch302>
3
</Switch302>
<Switch303>
16
</Switch303>
<Switch304>
17
</Switch304>
<Switch305>
6
</Switch305>
<Switch306>
11
</Switch306>
<Switch307>
5
</Switch307>
<Switch308>
4
</Switch308>
<Switch309>
10
</Switch309>
<Switch310>
9
</Switch310>
<Switch311>
15
</Switch311>
<Switch312>
6
</Switch312>
<Switch313>
7
</Switch313>
<Switch314>
17
</Switch314>
<Switch315>
1
</Switch315>
<Switch316>
14
</Switch316>
<Switch317>
18
</Switch317>
<Switch318>
17
</Switch318>
<Switch319>
19
</Switch319>
<Switch320>
3
</Switch320>
<Switch321>
1
</Switch321>
<Switch322>
4
</Switch322>
<Switch323>
13
</Switch323>
<Switch324>
6
</Switch324>
<Switch325>
2
</Switch325>
<Switch326>
18
</Switch326>
<Switch327>
6
</Switch327>
<Switch328>
11
</Switch328>
<Switch329>
15
</Switch329>
<Switch330>
9
</Switch330>
<Switch331>
13
</Switch331>
<Switch332>
19
</Switch332>
<Switch333>
5
</Switch333>
<Switch334>
3
</Switch334>
<Switch335>
1
</Switch335>
<Switch336>
7
</Switch336>
<Switch337>
19
</Switch337>
<Switch338>
12
</Switch338>
<Switch339>
12
</Switch339>
<Switch340>
2
</Switch340>
<Switch341>
3
</Switch341>
<Switch342>
3
</Switch342>
<Switch343>
11
</Switch343>
<Switch344>
17
</Switch344>
<Switch345>
18
</Switch345>
<Switch346>
18
</Switch346>
<Switch347>
13
</Switch347>
<Switch348>
7
</Switch348>
<Switch349>
13
</Switch349>
<Switch350>
10
</Switch350>
<Switch351>
13
</Switch351>
<Switch352>
9
</Switch352>
<Switch353>
8
</Switch353>
<Switch354>
17
</Switch354>
<Switch355>
1
</Switch355>
<Switch356>
12
</Switch356>
<Switch357>
9
</Switch357>
<Switch358>
14
</Switch358>
<Switch359>
5
</Switch359>
<Switch360>
18
</Switch360>
<Switch361>
11
</Switch361>
<Switch362>
11
</Switch362>
<Switch363>
13
</Switch363>
<Switch364>
4
</Switch364>
<Switch365>
5
</Switch365>
<Switch366>
2
</Switch366>
<Switch367>
17
</Switch367>
<Switch368>
17
</Switch368>
<Switch369>
13
</Switch369>
<Switch370>
14
</Switch370>
<Switch371>
3
</Switch371>
<Switch372>
13
</Switch372>
<Switch373>
13
</Switch373>
<Switch374>
18
</Switch374>
<Switch375>
10
</Switch375>
<Switch376>
1
</Switch376>
<Switch377>
9
</Switch377>
<Switch378>
8
</Switch378>
<Switch379>
5
</Switch379>
<Switch380>
18
</Switch380>
<Switch381>
14
</Switch381>
<Switch382>
0
</Switch382>
<Switch383>
7
</Switch383>
<Switch384>
5
</Switch384>
<Switch385>
7
</Switch385>
<Switch386>
16
</Switch386>
<Switch387>
3
</Switch387>
<Switch388>
5
</Switch388>
<Switch389>
15
</Switch389>
<Switch390>
4
</Switch390>
<Switch391>
17
</Switch391>
<Switch392>
13
</Switch392>
<Switch393>
4
</Switch393>
<Switch394>
7
</Switch394>
<Switch395>
4
</Switch395>
<Switch396>
13
</Switch396>
<Switch397>
4
</Switch397>
<Switch398>
4
</Switch398>
<Switch399>
2
</Switch399>
<Switch400>
16
</Switch400>
<Switch401>
5
</Switch401>
<Switch402>
15
</Switch402>
<Switch403>
17
</Switch403>
<Switch404>
9
</Switch404>
<Switch405>
7
</Switch405>
<Switch406>
0
</Switch406>
<Switch407>
8
</Switch407>
<Switch408>
6
</Switch408>
<Switch409>
6
</Switch409>
<Switch410>
11
</Switch410>
<Switch411>
11
</Switch411>
<Switch412>
3
</Switch412>
<Switch413>
16
</Switch413>
<Switch414>
11
</Switch414>
<Switch415>
0
</Switch415>
<Switch416>
0
</Switch416>
<Switch417>
6
</Switch417>
<Switch418>
9
</Switch418>
<Switch419>
8
</Switch419>
<Switch420>
13
</Switch420>
<Switch421>
19
</Switch421>
<Switch422>
0
</Switch422>
<Switch423>
1
</Switch423>
<Switch424>
6
</Switch424>
<Switch425>
2
</Switch425>
<Switch426>
5
</Switch426>
<Switch427>
14
</Switch427>
<Switch428>
19
</Switch428>
<Switch429>
18
</Switch429>
<Switch430>
5
</Switch430>
<Switch431>
12
</Switch431>
<Switch432>
0
</Switch432>
<Switch433>
4
</Switch433>
<Switch434>
12
</Switch434>
<Switch435>
4
</Switch435>
<Switch436>
10
</Switch436>
<Switch437>
13
</Switch437>
<Switch438>
7
</Switch438>
<Switch439>
0
</Switch439>
<Switch440>
5
</Switch440>
<Switch441>
18
</Switch441>
<Switch442>
2
</Switch442>
<Switch443>
10
</Switch443>
<Switch444>
2
</Switch444>
<Switch445>
0
</Switch445>
<Switch446>
3
</Switch446>
<Switch447>
1
</Switch447>
<Switch448>
1
</Switch448>
<Switch449>
1
</Switch449>
<Switch450>
11
</Switch450>
<Switch451>
6
</Switch451>
<Switch452>
0
</Switch452>
<Switch453>
5
</Switch453>
<Switch454>
18
</Switch454>
<Switch455>
18
</Switch455>
<Switch456>
4
</Switch456>
<Switch457>
17
</Switch457>
<Switch458>
3
</Switch458>
<Switch459>
15
</Switch459>
<Switch460>
16
</Switch460>
<Switch461>
16
</Switch461>
<Switch462>
14
</Switch462>
<Switch463>
16
</Switch463>
<Switch464>
7
</Switch464>
<Switch465>
12
</Switch465>
<Switch466>
9
</Switch466>
<Switch467>
19
</Switch467>
<Switch468>
12
</Switch468>
<Switch469>
12
</Switch469>
<Switch470>
18
</Switch470>
<Switch471>
14
</Switch471>
<Switch472>
2
</Switch472>
<Switch473>
16
</Switch473>
<Switch474>
15
</Switch474>
<Switch475>
19
</Switch475>
<Switch476>
18
</Switch476>
<Switch477>
13
</Switch477>
<Switch478>
13
</Switch478>
<Switch479>
13
</Switch479>
<Switch480>
12
</Switch480>
<Switch481>
12
</Switch481>
<Switch482>
11
</Switch482>
<Switch483>
11
</Switch483>
<Switch484>
6
</Switch484>
<Switch485>
17
</Switch485>
<Switch486>
3
</Switch486>
<Switch487>
8
</Switch487>
<Switch488>
13
</Switch488>
<Switch489>
9
</Switch489>
<Switch490>
15
</Switch490>
<Switch491>
3
</Switch491>
<Switch492>
13
</Switch492>
<Switch493>
17
</Switch493>
<Switch494>
2
</Switch494>
<Switch495>
10
</Switch495>
<Switch496>
8
</Switch496>
<Switch497>
6
</Switch497>
<Switch498>
2
</Switch498>
<Switch499>
19
</Switch499>
<Switch500>
3
</Switch500>
<Switch501>
15
</Switch501>
<Switch502>
5
</Switch502>
<Switch503>
0
</Switch503>
<Switch504>
16
</Switch504>
<Switch505>
6
</Switch505>
<Switch506>
8
</Switch506>
<Switch507>
16
</Switch507>
<Switch508>
13
</Switch508>
<Switch509>
12
</Switch509>
<Switch510>
4
</Switch510>
<Switch511>
18
</Switch511>
<Switch512>
15
</Switch512>
<Switch513>
18
</Switch513>
<Switch514>
13
</Switch514>
<Switch515>
10
</Switch515>
<Switch516>
15
</Switch516>
<Switch517>
4
</Switch517>
<Switch518>
14
</Switch518>
<Switch519>
6
</Switch519>
<Switch520>
5
</Switch520>
<Switch521>
18
</Switch521>
<Switch522>
18
</Switch522>
<Switch523>
11
</Switch523>
<Switch524>
11
</Switch524>
<Switch525>
10
</Switch525>
<Switch526>
5
</Switch526>
<Switch527>
18
</Switch527>
<Switch528>
13
</Switch528>
<Switch529>
6
</Switch529>
<Switch530>
10
</Switch530>
<Switch531>
6
</Switch531>
<Switch532>
7
</Switch532>
<Switch533>
7
</Switch533>
<Switch534>
13
</Switch534>
<Switch535>
12
</Switch535>
<Switch536>
8
</Switch536>
<Switch537>
7
</Switch537>
<Switch538>
18
</Switch538>
<Switch539>
15
</Switch539>
<Switch540>
18
</Switch540>
<Switch541>
16
</Switch541>
<Switch542>
16
</Switch542>
<Switch543>
17
</Switch543>
<Switch544>
7
</Switch544>
<Switch545>
1
</Switch545>
<Switch546>
9
</Switch546>
<Switch547>
11
</Switch547>
<Switch548>
15
</Switch548>
<Switch549>
6
</Switch549>
<Switch550>
11
</Switch550>
<Switch551>
5
</Switch551>
<Switch552>
1
</Switch552>
<Switch553>
3
</Switch553>
<Switch554>
12
</Switch554>
<Switch555>
2
</Switch555>
<Switch556>
4
</Switch556>
<Switch557>
14
</Switch557>
<Switch558>
15
</Switch558>
<Switch559>
19
</Switch559>
<Switch560>
14
</Switch560>
<Switch561>
0
</Switch561>
<Switch562>
10
</Switch562>
<Switch563>
14
</Switch563>
<Switch564>
0
</Switch564>
<Switch565>
19
</Switch565>
<Switch566>
13
</Switch566>
<Switch567>
19
</Switch567>
<Switch568>
13
</Switch568>
<Switch569>
18
</Switch569>
<Switch570>
5
</Switch570>
<Switch571>
6
</Switch571>
<Switch572>
17
</Switch572>
<Switch573>
5
</Switch573>
<Switch574>
10
</Switch574>
<Switch575>
1
</Switch575>
<Switch576>
11
</Switch576>
<Switch577>
11
</Switch577>
<Switch578>
3
</Switch578>
<Switch579>
18
</Switch579>
<Switch580>
10
</Switch580>
<Switch581>
10
</Switch581>
<Switch582>
11
</Switch582>
<Switch583>
4
</Switch583>
<Switch584>
17
</Switch584>
<Switch585>
6
</Switch585>
<Switch586>
13
</Switch586>
<Switch587>
15
</Switch587>
<Switch588>
10
</Switch588>
<Switch589>
6
</Switch589>
<Switch590>
1
</Switch590>
<Switch591>
6
</Switch591>
<Switch592>
16
</Switch592>
<Switch593>
0
</Switch593>
<Switch594>
6
</Switch594>
<Switch595>
17
</Switch595>
<Switch596>
14
</Switch596>
<Switch597>
16
</Switch597>
<Switch598>
5
</Switch598>
<Switch599>
0
</Switch599>
<Switch600>
8
</Switch600>
<Switch601>
13
</Switch601>
<Switch602>
8
</Switch602>
<Switch603>
11
</Switch603>
<Switch604>
14
</Switch604>
<Switch605>
4
</Switch605>
<Switch606>
5
</Switch606>
<Switch607>
0
</Switch607>
<Switch608>
12
</Switch608>
<Switch609>
10
</Switch609>
<Switch610>
18
</Switch610>
<Switch611>
7
</Switch611>
<Switch612>
12
</Switch612>
<Switch613>
16
</Switch613>
<Switch614>
13
</Switch614>
<Switch615>
5
</Switch615>
<Switch616>
4
</Switch616>
<Switch617>
17
</Switch617>
<Switch618>
16
</Switch618>
<Switch619>
0
</Switch619>
<Switch620>
15
</Switch620>
<Switch621>
17
</Switch621>
<Switch622>
2
</Switch622>
<Switch623>
2
</Switch623>
<Switch624>
19
</Switch624>
<Switch625>
10
</Switch625>
<Switch626>
18
</Switch626>
<Switch627>
17
</Switch627>
<Switch628>
5
</Switch628>
<Switch629>
5
</Switch629>
<Switch630>
10
</Switch630>
<Switch631>
12
</Switch631>
<Switch632>
12
</Switch632>
<Switch633>
18
</Switch633>
<Switch634>
13
</Switch634>
<Switch635>
5
</Switch635>
<Switch636>
5
</Switch636>
<Switch637>
0
</Switch637>
<Switch638>
17
</Switch638>
<Switch639>
7
</Switch639>
<Switch640>
17
</Switch640>
<Switch641>
0
</Switch641>
<Switch642>
3
</Switch642>
<Switch643>
10
</Switch643>
<Switch644>
5
</Switch644>
<Switch645>
0
</Switch645>
<Switch646>
13
</Switch646>
<Switch647>
1
</Switch647>
<Switch648>
14
</Switch648>
<Switch649>
2
</Switch649>
<Switch650>
6
</Switch650>
<Switch651>
0
</Switch651>
<Switch652>
9
</Switch652>
<Switch653>
19
</Switch653>
<Switch654>
7
</Switch654>
<Switch655>
4
</Switch655>
<Switch656>
18
</Switch656>
<Switch657>
2
</Switch657>
<Switch658>
14
</Switch658>
<Switch659>
17
</Switch659>
<Switch660>
5
</Switch660>
<Switch661>
6
</Switch661>
<Switch662>
2
</Switch662>
<Switch663>
19
</Switch663>
<Switch664>
6
</Switch664>
<Switch665>
19
</Switch665>
<Switch666>
14
</Switch666>
<Switch667>
0
</Switch667>
<Switch668>
14
</Switch668>
<Switch669>
17
</Switch669>
<Switch670>
15
</Switch670>
<Switch671>
17
</Switch671>
<Switch672>
8
</Switch672>
<Switch673>
18
</Switch673>
<Switch674>
10
</Switch674>
<Switch675>
16
</Switch675>
<Switch676>
2
</Switch676>
<Switch677>
3
</Switch677>
<Switch678>
7
</Switch678>
<Switch679>
7
</Switch679>
<Switch680>
17
</Switch680>
<Switch681>
3
</Switch681>
<Switch682>
19
</Switch682>
<Switch683>
4
</Switch683>
<Switch684>
7
</Switch684>
<Switch685>
13
</Switch685>
<Switch686>
2
</Switch686>
<Switch687>
8
</Switch687>
<Switch688>
6
</Switch688>
<Switch689>
3
</Switch689>
<Switch690>
13
</Switch690>
<Switch691>
13
</Switch691>
<Switch692>
19
</Switch692>
<Switch693>
12
</Switch693>
<Switch694>
4
</Switch694>
<Switch695>
12
</Switch695>
<Switch696>
10
</Switch696>
<Switch697>
6
</Switch697>
<Switch698>
8
</Switch698>
<Switch699>
9
</Switch699>
</BaseID:201>
