<?xml version="1.0"?>

<BaseID:204>
<Switch1>
12
</Switch1>
<Switch2>
13
</Switch2>
<Switch3>
4
</Switch3>
<Switch4>
12
</Switch4>
<Switch5>
0
</Switch5>
<Switch6>
10
</Switch6>
<Switch7>
19
</Switch7>
<Switch8>
9
</Switch8>
<Switch9>
7
</Switch9>
<Switch10>
15
</Switch10>
<Switch11>
15
</Switch11>
<Switch12>
7
</Switch12>
<Switch13>
9
</Switch13>
<Switch14>
14
</Switch14>
<Switch15>
17
</Switch15>
<Switch16>
11
</Switch16>
<Switch17>
15
</Switch17>
<Switch18>
3
</Switch18>
<Switch19>
14
</Switch19>
<Switch20>
3
</Switch20>
<Switch21>
13
</Switch21>
<Switch22>
15
</Switch22>
<Switch23>
17
</Switch23>
<Switch24>
9
</Switch24>
<Switch25>
3
</Switch25>
<Switch26>
1
</Switch26>
<Switch27>
16
</Switch27>
<Switch28>
5
</Switch28>
<Switch29>
9
</Switch29>
<Switch30>
6
</Switch30>
<Switch31>
3
</Switch31>
<Switch32>
0
</Switch32>
<Switch33>
0
</Switch33>
<Switch34>
15
</Switch34>
<Switch35>
0
</Switch35>
<Switch36>
5
</Switch36>
<Switch37>
1
</Switch37>
<Switch38>
13
</Switch38>
<Switch39>
17
</Switch39>
<Switch40>
12
</Switch40>
<Switch41>
5
</Switch41>
<Switch42>
9
</Switch42>
<Switch43>
1
</Switch43>
<Switch44>
10
</Switch44>
<Switch45>
12
</Switch45>
<Switch46>
2
</Switch46>
<Switch47>
1
</Switch47>
<Switch48>
1
</Switch48>
<Switch49>
17
</Switch49>
<Switch50>
0
</Switch50>
<Switch51>
0
</Switch51>
<Switch52>
13
</Switch52>
<Switch53>
6
</Switch53>
<Switch54>
19
</Switch54>
<Switch55>
17
</Switch55>
<Switch56>
19
</Switch56>
<Switch57>
3
</Switch57>
<Switch58>
13
</Switch58>
<Switch59>
1
</Switch59>
<Switch60>
2
</Switch60>
<Switch61>
8
</Switch61>
<Switch62>
5
</Switch62>
<Switch63>
14
</Switch63>
<Switch64>
19
</Switch64>
<Switch65>
16
</Switch65>
<Switch66>
9
</Switch66>
<Switch67>
9
</Switch67>
<Switch68>
11
</Switch68>
<Switch69>
15
</Switch69>
<Switch70>
15
</Switch70>
<Switch71>
5
</Switch71>
<Switch72>
18
</Switch72>
<Switch73>
9
</Switch73>
<Switch74>
4
</Switch74>
<Switch75>
1
</Switch75>
<Switch76>
6
</Switch76>
<Switch77>
1
</Switch77>
<Switch78>
13
</Switch78>
<Switch79>
8
</Switch79>
<Switch80>
15
</Switch80>
<Switch81>
8
</Switch81>
<Switch82>
12
</Switch82>
<Switch83>
5
</Switch83>
<Switch84>
16
</Switch84>
<Switch85>
2
</Switch85>
<Switch86>
12
</Switch86>
<Switch87>
9
</Switch87>
<Switch88>
2
</Switch88>
<Switch89>
10
</Switch89>
<Switch90>
12
</Switch90>
<Switch91>
9
</Switch91>
<Switch92>
14
</Switch92>
<Switch93>
15
</Switch93>
<Switch94>
18
</Switch94>
<Switch95>
5
</Switch95>
<Switch96>
5
</Switch96>
<Switch97>
8
</Switch97>
<Switch98>
3
</Switch98>
<Switch99>
19
</Switch99>
<Switch100>
2
</Switch100>
<Switch101>
10
</Switch101>
<Switch102>
3
</Switch102>
<Switch103>
14
</Switch103>
<Switch104>
6
</Switch104>
<Switch105>
17
</Switch105>
<Switch106>
4
</Switch106>
<Switch107>
15
</Switch107>
<Switch108>
0
</Switch108>
<Switch109>
11
</Switch109>
<Switch110>
17
</Switch110>
<Switch111>
9
</Switch111>
<Switch112>
0
</Switch112>
<Switch113>
17
</Switch113>
<Switch114>
6
</Switch114>
<Switch115>
1
</Switch115>
<Switch116>
10
</Switch116>
<Switch117>
0
</Switch117>
<Switch118>
13
</Switch118>
<Switch119>
17
</Switch119>
<Switch120>
13
</Switch120>
<Switch121>
4
</Switch121>
<Switch122>
7
</Switch122>
<Switch123>
2
</Switch123>
<Switch124>
6
</Switch124>
<Switch125>
18
</Switch125>
<Switch126>
0
</Switch126>
<Switch127>
1
</Switch127>
<Switch128>
12
</Switch128>
<Switch129>
15
</Switch129>
<Switch130>
14
</Switch130>
<Switch131>
2
</Switch131>
<Switch132>
4
</Switch132>
<Switch133>
8
</Switch133>
<Switch134>
18
</Switch134>
<Switch135>
13
</Switch135>
<Switch136>
6
</Switch136>
<Switch137>
14
</Switch137>
<Switch138>
18
</Switch138>
<Switch139>
19
</Switch139>
<Switch140>
6
</Switch140>
<Switch141>
15
</Switch141>
<Switch142>
0
</Switch142>
<Switch143>
9
</Switch143>
<Switch144>
6
</Switch144>
<Switch145>
0
</Switch145>
<Switch146>
6
</Switch146>
<Switch147>
0
</Switch147>
<Switch148>
7
</Switch148>
<Switch149>
8
</Switch149>
<Switch150>
15
</Switch150>
<Switch151>
0
</Switch151>
<Switch152>
10
</Switch152>
<Switch153>
9
</Switch153>
<Switch154>
8
</Switch154>
<Switch155>
2
</Switch155>
<Switch156>
9
</Switch156>
<Switch157>
15
</Switch157>
<Switch158>
5
</Switch158>
<Switch159>
18
</Switch159>
<Switch160>
13
</Switch160>
<Switch161>
18
</Switch161>
<Switch162>
4
</Switch162>
<Switch163>
14
</Switch163>
<Switch164>
7
</Switch164>
<Switch165>
19
</Switch165>
<Switch166>
4
</Switch166>
<Switch167>
17
</Switch167>
<Switch168>
8
</Switch168>
<Switch169>
8
</Switch169>
<Switch170>
1
</Switch170>
<Switch171>
9
</Switch171>
<Switch172>
7
</Switch172>
<Switch173>
11
</Switch173>
<Switch174>
6
</Switch174>
<Switch175>
11
</Switch175>
<Switch176>
7
</Switch176>
<Switch177>
4
</Switch177>
<Switch178>
8
</Switch178>
<Switch179>
6
</Switch179>
<Switch180>
17
</Switch180>
<Switch181>
3
</Switch181>
<Switch182>
9
</Switch182>
<Switch183>
6
</Switch183>
<Switch184>
12
</Switch184>
<Switch185>
17
</Switch185>
<Switch186>
17
</Switch186>
<Switch187>
3
</Switch187>
<Switch188>
15
</Switch188>
<Switch189>
16
</Switch189>
<Switch190>
10
</Switch190>
<Switch191>
3
</Switch191>
<Switch192>
7
</Switch192>
<Switch193>
1
</Switch193>
<Switch194>
7
</Switch194>
<Switch195>
12
</Switch195>
<Switch196>
7
</Switch196>
<Switch197>
7
</Switch197>
<Switch198>
1
</Switch198>
<Switch199>
7
</Switch199>
<Switch200>
6
</Switch200>
<Switch201>
14
</Switch201>
<Switch202>
17
</Switch202>
<Switch203>
1
</Switch203>
<Switch204>
9
</Switch204>
<Switch205>
17
</Switch205>
<Switch206>
0
</Switch206>
<Switch207>
12
</Switch207>
<Switch208>
0
</Switch208>
<Switch209>
10
</Switch209>
<Switch210>
0
</Switch210>
<Switch211>
3
</Switch211>
<Switch212>
19
</Switch212>
<Switch213>
16
</Switch213>
<Switch214>
0
</Switch214>
<Switch215>
12
</Switch215>
<Switch216>
14
</Switch216>
<Switch217>
7
</Switch217>
<Switch218>
17
</Switch218>
<Switch219>
11
</Switch219>
<Switch220>
13
</Switch220>
<Switch221>
12
</Switch221>
<Switch222>
10
</Switch222>
<Switch223>
0
</Switch223>
<Switch224>
16
</Switch224>
<Switch225>
4
</Switch225>
<Switch226>
10
</Switch226>
<Switch227>
2
</Switch227>
<Switch228>
7
</Switch228>
<Switch229>
10
</Switch229>
<Switch230>
8
</Switch230>
<Switch231>
14
</Switch231>
<Switch232>
14
</Switch232>
<Switch233>
5
</Switch233>
<Switch234>
6
</Switch234>
<Switch235>
15
</Switch235>
<Switch236>
4
</Switch236>
<Switch237>
4
</Switch237>
<Switch238>
2
</Switch238>
<Switch239>
15
</Switch239>
<Switch240>
2
</Switch240>
<Switch241>
15
</Switch241>
<Switch242>
18
</Switch242>
<Switch243>
11
</Switch243>
<Switch244>
6
</Switch244>
<Switch245>
7
</Switch245>
<Switch246>
16
</Switch246>
<Switch247>
6
</Switch247>
<Switch248>
13
</Switch248>
<Switch249>
5
</Switch249>
<Switch250>
12
</Switch250>
<Switch251>
12
</Switch251>
<Switch252>
11
</Switch252>
<Switch253>
3
</Switch253>
<Switch254>
3
</Switch254>
<Switch255>
10
</Switch255>
<Switch256>
15
</Switch256>
<Switch257>
11
</Switch257>
<Switch258>
9
</Switch258>
<Switch259>
17
</Switch259>
<Switch260>
3
</Switch260>
<Switch261>
6
</Switch261>
<Switch262>
1
</Switch262>
<Switch263>
19
</Switch263>
<Switch264>
18
</Switch264>
<Switch265>
13
</Switch265>
<Switch266>
8
</Switch266>
<Switch267>
19
</Switch267>
<Switch268>
0
</Switch268>
<Switch269>
5
</Switch269>
<Switch270>
16
</Switch270>
<Switch271>
9
</Switch271>
<Switch272>
7
</Switch272>
<Switch273>
8
</Switch273>
<Switch274>
15
</Switch274>
<Switch275>
15
</Switch275>
<Switch276>
0
</Switch276>
<Switch277>
0
</Switch277>
<Switch278>
1
</Switch278>
<Switch279>
19
</Switch279>
<Switch280>
14
</Switch280>
<Switch281>
9
</Switch281>
<Switch282>
3
</Switch282>
<Switch283>
8
</Switch283>
<Switch284>
3
</Switch284>
<Switch285>
18
</Switch285>
<Switch286>
2
</Switch286>
<Switch287>
1
</Switch287>
<Switch288>
8
</Switch288>
<Switch289>
17
</Switch289>
<Switch290>
4
</Switch290>
<Switch291>
5
</Switch291>
<Switch292>
8
</Switch292>
<Switch293>
14
</Switch293>
<Switch294>
10
</Switch294>
<Switch295>
14
</Switch295>
<Switch296>
8
</Switch296>
<Switch297>
18
</Switch297>
<Switch298>
7
</Switch298>
<Switch299>
5
</Switch299>
<Switch300>
10
</Switch300>
<Switch301>
19
</Switch301>
<Switch302>
5
</Switch302>
<Switch303>
14
</Switch303>
<Switch304>
12
</Switch304>
<Switch305>
16
</Switch305>
<Switch306>
14
</Switch306>
<Switch307>
9
</Switch307>
<Switch308>
17
</Switch308>
<Switch309>
16
</Switch309>
<Switch310>
14
</Switch310>
<Switch311>
4
</Switch311>
<Switch312>
19
</Switch312>
<Switch313>
11
</Switch313>
<Switch314>
4
</Switch314>
<Switch315>
13
</Switch315>
<Switch316>
4
</Switch316>
<Switch317>
4
</Switch317>
<Switch318>
18
</Switch318>
<Switch319>
16
</Switch319>
<Switch320>
10
</Switch320>
<Switch321>
3
</Switch321>
<Switch322>
15
</Switch322>
<Switch323>
18
</Switch323>
<Switch324>
13
</Switch324>
<Switch325>
2
</Switch325>
<Switch326>
5
</Switch326>
<Switch327>
18
</Switch327>
<Switch328>
13
</Switch328>
<Switch329>
0
</Switch329>
<Switch330>
0
</Switch330>
<Switch331>
13
</Switch331>
<Switch332>
2
</Switch332>
<Switch333>
6
</Switch333>
<Switch334>
18
</Switch334>
<Switch335>
9
</Switch335>
<Switch336>
9
</Switch336>
<Switch337>
6
</Switch337>
<Switch338>
7
</Switch338>
<Switch339>
10
</Switch339>
<Switch340>
0
</Switch340>
<Switch341>
14
</Switch341>
<Switch342>
16
</Switch342>
<Switch343>
12
</Switch343>
<Switch344>
13
</Switch344>
<Switch345>
1
</Switch345>
<Switch346>
9
</Switch346>
<Switch347>
14
</Switch347>
<Switch348>
11
</Switch348>
<Switch349>
5
</Switch349>
<Switch350>
5
</Switch350>
<Switch351>
12
</Switch351>
<Switch352>
10
</Switch352>
<Switch353>
17
</Switch353>
<Switch354>
3
</Switch354>
<Switch355>
5
</Switch355>
<Switch356>
7
</Switch356>
<Switch357>
11
</Switch357>
<Switch358>
6
</Switch358>
<Switch359>
7
</Switch359>
<Switch360>
17
</Switch360>
<Switch361>
18
</Switch361>
<Switch362>
17
</Switch362>
<Switch363>
7
</Switch363>
<Switch364>
18
</Switch364>
<Switch365>
10
</Switch365>
<Switch366>
2
</Switch366>
<Switch367>
14
</Switch367>
<Switch368>
18
</Switch368>
<Switch369>
5
</Switch369>
<Switch370>
2
</Switch370>
<Switch371>
14
</Switch371>
<Switch372>
5
</Switch372>
<Switch373>
14
</Switch373>
<Switch374>
18
</Switch374>
<Switch375>
8
</Switch375>
<Switch376>
0
</Switch376>
<Switch377>
17
</Switch377>
<Switch378>
0
</Switch378>
<Switch379>
10
</Switch379>
<Switch380>
6
</Switch380>
<Switch381>
1
</Switch381>
<Switch382>
0
</Switch382>
<Switch383>
0
</Switch383>
<Switch384>
13
</Switch384>
<Switch385>
6
</Switch385>
<Switch386>
2
</Switch386>
<Switch387>
8
</Switch387>
<Switch388>
1
</Switch388>
<Switch389>
12
</Switch389>
<Switch390>
7
</Switch390>
<Switch391>
2
</Switch391>
<Switch392>
0
</Switch392>
<Switch393>
2
</Switch393>
<Switch394>
0
</Switch394>
<Switch395>
15
</Switch395>
<Switch396>
1
</Switch396>
<Switch397>
8
</Switch397>
<Switch398>
18
</Switch398>
<Switch399>
18
</Switch399>
<Switch400>
2
</Switch400>
<Switch401>
6
</Switch401>
<Switch402>
11
</Switch402>
<Switch403>
14
</Switch403>
<Switch404>
12
</Switch404>
<Switch405>
17
</Switch405>
<Switch406>
10
</Switch406>
<Switch407>
15
</Switch407>
<Switch408>
8
</Switch408>
<Switch409>
0
</Switch409>
<Switch410>
15
</Switch410>
<Switch411>
11
</Switch411>
<Switch412>
12
</Switch412>
<Switch413>
13
</Switch413>
<Switch414>
10
</Switch414>
<Switch415>
17
</Switch415>
<Switch416>
17
</Switch416>
<Switch417>
4
</Switch417>
<Switch418>
10
</Switch418>
<Switch419>
4
</Switch419>
<Switch420>
19
</Switch420>
<Switch421>
13
</Switch421>
<Switch422>
14
</Switch422>
<Switch423>
18
</Switch423>
<Switch424>
18
</Switch424>
<Switch425>
14
</Switch425>
<Switch426>
12
</Switch426>
<Switch427>
14
</Switch427>
<Switch428>
16
</Switch428>
<Switch429>
2
</Switch429>
<Switch430>
14
</Switch430>
<Switch431>
5
</Switch431>
<Switch432>
11
</Switch432>
<Switch433>
9
</Switch433>
<Switch434>
6
</Switch434>
<Switch435>
4
</Switch435>
<Switch436>
10
</Switch436>
<Switch437>
1
</Switch437>
<Switch438>
9
</Switch438>
<Switch439>
10
</Switch439>
<Switch440>
16
</Switch440>
<Switch441>
14
</Switch441>
<Switch442>
9
</Switch442>
<Switch443>
8
</Switch443>
<Switch444>
10
</Switch444>
<Switch445>
12
</Switch445>
<Switch446>
5
</Switch446>
<Switch447>
18
</Switch447>
<Switch448>
11
</Switch448>
<Switch449>
13
</Switch449>
<Switch450>
6
</Switch450>
<Switch451>
6
</Switch451>
<Switch452>
18
</Switch452>
<Switch453>
14
</Switch453>
<Switch454>
7
</Switch454>
<Switch455>
5
</Switch455>
<Switch456>
6
</Switch456>
<Switch457>
18
</Switch457>
<Switch458>
1
</Switch458>
<Switch459>
18
</Switch459>
<Switch460>
17
</Switch460>
<Switch461>
7
</Switch461>
<Switch462>
5
</Switch462>
<Switch463>
14
</Switch463>
<Switch464>
8
</Switch464>
<Switch465>
5
</Switch465>
<Switch466>
16
</Switch466>
<Switch467>
6
</Switch467>
<Switch468>
11
</Switch468>
<Switch469>
9
</Switch469>
<Switch470>
6
</Switch470>
<Switch471>
12
</Switch471>
<Switch472>
10
</Switch472>
<Switch473>
19
</Switch473>
<Switch474>
2
</Switch474>
<Switch475>
5
</Switch475>
<Switch476>
11
</Switch476>
<Switch477>
10
</Switch477>
<Switch478>
10
</Switch478>
<Switch479>
4
</Switch479>
<Switch480>
15
</Switch480>
<Switch481>
6
</Switch481>
<Switch482>
10
</Switch482>
<Switch483>
8
</Switch483>
<Switch484>
17
</Switch484>
<Switch485>
4
</Switch485>
<Switch486>
16
</Switch486>
<Switch487>
0
</Switch487>
<Switch488>
18
</Switch488>
<Switch489>
12
</Switch489>
<Switch490>
19
</Switch490>
<Switch491>
16
</Switch491>
<Switch492>
4
</Switch492>
<Switch493>
0
</Switch493>
<Switch494>
4
</Switch494>
<Switch495>
13
</Switch495>
<Switch496>
4
</Switch496>
<Switch497>
8
</Switch497>
<Switch498>
12
</Switch498>
<Switch499>
10
</Switch499>
<Switch500>
10
</Switch500>
<Switch501>
14
</Switch501>
<Switch502>
7
</Switch502>
<Switch503>
18
</Switch503>
<Switch504>
13
</Switch504>
<Switch505>
14
</Switch505>
<Switch506>
19
</Switch506>
<Switch507>
9
</Switch507>
<Switch508>
12
</Switch508>
<Switch509>
0
</Switch509>
<Switch510>
16
</Switch510>
<Switch511>
10
</Switch511>
<Switch512>
9
</Switch512>
<Switch513>
7
</Switch513>
<Switch514>
15
</Switch514>
<Switch515>
16
</Switch515>
<Switch516>
16
</Switch516>
<Switch517>
10
</Switch517>
<Switch518>
3
</Switch518>
<Switch519>
13
</Switch519>
<Switch520>
5
</Switch520>
<Switch521>
10
</Switch521>
<Switch522>
3
</Switch522>
<Switch523>
1
</Switch523>
<Switch524>
3
</Switch524>
<Switch525>
19
</Switch525>
<Switch526>
19
</Switch526>
<Switch527>
7
</Switch527>
<Switch528>
12
</Switch528>
<Switch529>
12
</Switch529>
<Switch530>
10
</Switch530>
<Switch531>
14
</Switch531>
<Switch532>
7
</Switch532>
<Switch533>
18
</Switch533>
<Switch534>
13
</Switch534>
<Switch535>
7
</Switch535>
<Switch536>
16
</Switch536>
<Switch537>
1
</Switch537>
<Switch538>
18
</Switch538>
<Switch539>
2
</Switch539>
<Switch540>
4
</Switch540>
<Switch541>
5
</Switch541>
<Switch542>
16
</Switch542>
<Switch543>
9
</Switch543>
<Switch544>
9
</Switch544>
<Switch545>
7
</Switch545>
<Switch546>
7
</Switch546>
<Switch547>
16
</Switch547>
<Switch548>
8
</Switch548>
<Switch549>
0
</Switch549>
<Switch550>
0
</Switch550>
<Switch551>
8
</Switch551>
<Switch552>
14
</Switch552>
<Switch553>
9
</Switch553>
<Switch554>
8
</Switch554>
<Switch555>
3
</Switch555>
<Switch556>
17
</Switch556>
<Switch557>
15
</Switch557>
<Switch558>
2
</Switch558>
<Switch559>
0
</Switch559>
<Switch560>
1
</Switch560>
<Switch561>
6
</Switch561>
<Switch562>
18
</Switch562>
</BaseID:204>
