<?xml version="1.0"?>

<BaseID:208>
<Switch1>
14
</Switch1>
<Switch2>
5
</Switch2>
<Switch3>
8
</Switch3>
<Switch4>
15
</Switch4>
<Switch5>
7
</Switch5>
<Switch6>
7
</Switch6>
<Switch7>
8
</Switch7>
<Switch8>
7
</Switch8>
<Switch9>
5
</Switch9>
<Switch10>
9
</Switch10>
<Switch11>
0
</Switch11>
<Switch12>
12
</Switch12>
<Switch13>
5
</Switch13>
<Switch14>
7
</Switch14>
<Switch15>
1
</Switch15>
<Switch16>
5
</Switch16>
<Switch17>
11
</Switch17>
<Switch18>
15
</Switch18>
<Switch19>
7
</Switch19>
<Switch20>
11
</Switch20>
<Switch21>
1
</Switch21>
<Switch22>
6
</Switch22>
<Switch23>
14
</Switch23>
<Switch24>
14
</Switch24>
<Switch25>
19
</Switch25>
<Switch26>
11
</Switch26>
<Switch27>
2
</Switch27>
<Switch28>
8
</Switch28>
<Switch29>
9
</Switch29>
<Switch30>
0
</Switch30>
<Switch31>
0
</Switch31>
<Switch32>
8
</Switch32>
<Switch33>
3
</Switch33>
<Switch34>
6
</Switch34>
<Switch35>
8
</Switch35>
<Switch36>
1
</Switch36>
<Switch37>
5
</Switch37>
<Switch38>
13
</Switch38>
<Switch39>
14
</Switch39>
<Switch40>
6
</Switch40>
<Switch41>
0
</Switch41>
<Switch42>
4
</Switch42>
<Switch43>
12
</Switch43>
<Switch44>
14
</Switch44>
<Switch45>
2
</Switch45>
<Switch46>
3
</Switch46>
<Switch47>
17
</Switch47>
<Switch48>
5
</Switch48>
<Switch49>
10
</Switch49>
<Switch50>
6
</Switch50>
<Switch51>
1
</Switch51>
<Switch52>
17
</Switch52>
<Switch53>
19
</Switch53>
<Switch54>
3
</Switch54>
<Switch55>
6
</Switch55>
<Switch56>
15
</Switch56>
<Switch57>
15
</Switch57>
<Switch58>
5
</Switch58>
<Switch59>
15
</Switch59>
<Switch60>
10
</Switch60>
<Switch61>
15
</Switch61>
<Switch62>
15
</Switch62>
<Switch63>
11
</Switch63>
<Switch64>
7
</Switch64>
<Switch65>
2
</Switch65>
<Switch66>
8
</Switch66>
<Switch67>
17
</Switch67>
<Switch68>
16
</Switch68>
<Switch69>
3
</Switch69>
<Switch70>
5
</Switch70>
<Switch71>
8
</Switch71>
<Switch72>
10
</Switch72>
<Switch73>
13
</Switch73>
<Switch74>
6
</Switch74>
<Switch75>
18
</Switch75>
<Switch76>
10
</Switch76>
<Switch77>
7
</Switch77>
<Switch78>
14
</Switch78>
<Switch79>
6
</Switch79>
<Switch80>
11
</Switch80>
<Switch81>
17
</Switch81>
<Switch82>
9
</Switch82>
<Switch83>
10
</Switch83>
<Switch84>
2
</Switch84>
<Switch85>
14
</Switch85>
<Switch86>
16
</Switch86>
<Switch87>
19
</Switch87>
<Switch88>
0
</Switch88>
<Switch89>
6
</Switch89>
<Switch90>
15
</Switch90>
<Switch91>
0
</Switch91>
<Switch92>
13
</Switch92>
<Switch93>
4
</Switch93>
<Switch94>
4
</Switch94>
<Switch95>
6
</Switch95>
<Switch96>
2
</Switch96>
<Switch97>
6
</Switch97>
<Switch98>
9
</Switch98>
<Switch99>
4
</Switch99>
<Switch100>
4
</Switch100>
<Switch101>
13
</Switch101>
<Switch102>
0
</Switch102>
<Switch103>
17
</Switch103>
<Switch104>
12
</Switch104>
<Switch105>
17
</Switch105>
<Switch106>
6
</Switch106>
<Switch107>
11
</Switch107>
<Switch108>
4
</Switch108>
<Switch109>
8
</Switch109>
<Switch110>
5
</Switch110>
<Switch111>
7
</Switch111>
<Switch112>
16
</Switch112>
<Switch113>
15
</Switch113>
<Switch114>
16
</Switch114>
<Switch115>
7
</Switch115>
<Switch116>
2
</Switch116>
<Switch117>
11
</Switch117>
<Switch118>
6
</Switch118>
<Switch119>
2
</Switch119>
<Switch120>
0
</Switch120>
<Switch121>
6
</Switch121>
<Switch122>
3
</Switch122>
<Switch123>
2
</Switch123>
<Switch124>
8
</Switch124>
<Switch125>
7
</Switch125>
<Switch126>
11
</Switch126>
<Switch127>
12
</Switch127>
<Switch128>
2
</Switch128>
<Switch129>
19
</Switch129>
<Switch130>
7
</Switch130>
<Switch131>
15
</Switch131>
<Switch132>
14
</Switch132>
<Switch133>
18
</Switch133>
<Switch134>
9
</Switch134>
<Switch135>
15
</Switch135>
<Switch136>
12
</Switch136>
<Switch137>
10
</Switch137>
<Switch138>
14
</Switch138>
<Switch139>
6
</Switch139>
<Switch140>
12
</Switch140>
<Switch141>
19
</Switch141>
<Switch142>
16
</Switch142>
<Switch143>
18
</Switch143>
<Switch144>
8
</Switch144>
<Switch145>
0
</Switch145>
<Switch146>
11
</Switch146>
<Switch147>
19
</Switch147>
<Switch148>
14
</Switch148>
<Switch149>
10
</Switch149>
<Switch150>
8
</Switch150>
<Switch151>
3
</Switch151>
<Switch152>
1
</Switch152>
<Switch153>
2
</Switch153>
<Switch154>
4
</Switch154>
<Switch155>
16
</Switch155>
<Switch156>
3
</Switch156>
<Switch157>
5
</Switch157>
<Switch158>
15
</Switch158>
<Switch159>
12
</Switch159>
<Switch160>
7
</Switch160>
<Switch161>
5
</Switch161>
<Switch162>
8
</Switch162>
<Switch163>
13
</Switch163>
<Switch164>
0
</Switch164>
<Switch165>
11
</Switch165>
<Switch166>
1
</Switch166>
<Switch167>
0
</Switch167>
<Switch168>
2
</Switch168>
<Switch169>
2
</Switch169>
<Switch170>
17
</Switch170>
<Switch171>
0
</Switch171>
<Switch172>
15
</Switch172>
<Switch173>
2
</Switch173>
<Switch174>
6
</Switch174>
<Switch175>
5
</Switch175>
<Switch176>
7
</Switch176>
<Switch177>
16
</Switch177>
<Switch178>
6
</Switch178>
<Switch179>
11
</Switch179>
<Switch180>
5
</Switch180>
<Switch181>
6
</Switch181>
<Switch182>
18
</Switch182>
<Switch183>
17
</Switch183>
<Switch184>
9
</Switch184>
<Switch185>
14
</Switch185>
<Switch186>
10
</Switch186>
<Switch187>
10
</Switch187>
<Switch188>
6
</Switch188>
<Switch189>
10
</Switch189>
<Switch190>
4
</Switch190>
<Switch191>
12
</Switch191>
<Switch192>
17
</Switch192>
<Switch193>
0
</Switch193>
<Switch194>
7
</Switch194>
<Switch195>
7
</Switch195>
<Switch196>
9
</Switch196>
<Switch197>
8
</Switch197>
<Switch198>
16
</Switch198>
<Switch199>
1
</Switch199>
<Switch200>
18
</Switch200>
<Switch201>
15
</Switch201>
<Switch202>
15
</Switch202>
<Switch203>
8
</Switch203>
<Switch204>
12
</Switch204>
<Switch205>
17
</Switch205>
<Switch206>
0
</Switch206>
<Switch207>
10
</Switch207>
<Switch208>
13
</Switch208>
<Switch209>
0
</Switch209>
<Switch210>
6
</Switch210>
<Switch211>
6
</Switch211>
<Switch212>
19
</Switch212>
<Switch213>
16
</Switch213>
<Switch214>
10
</Switch214>
<Switch215>
6
</Switch215>
<Switch216>
5
</Switch216>
<Switch217>
11
</Switch217>
<Switch218>
17
</Switch218>
<Switch219>
9
</Switch219>
<Switch220>
10
</Switch220>
<Switch221>
6
</Switch221>
<Switch222>
19
</Switch222>
<Switch223>
18
</Switch223>
<Switch224>
7
</Switch224>
<Switch225>
5
</Switch225>
<Switch226>
12
</Switch226>
<Switch227>
3
</Switch227>
<Switch228>
6
</Switch228>
<Switch229>
0
</Switch229>
<Switch230>
17
</Switch230>
<Switch231>
2
</Switch231>
<Switch232>
7
</Switch232>
<Switch233>
7
</Switch233>
<Switch234>
8
</Switch234>
<Switch235>
7
</Switch235>
<Switch236>
4
</Switch236>
<Switch237>
10
</Switch237>
<Switch238>
13
</Switch238>
<Switch239>
11
</Switch239>
<Switch240>
9
</Switch240>
<Switch241>
10
</Switch241>
<Switch242>
13
</Switch242>
<Switch243>
12
</Switch243>
<Switch244>
17
</Switch244>
<Switch245>
3
</Switch245>
<Switch246>
10
</Switch246>
<Switch247>
5
</Switch247>
<Switch248>
13
</Switch248>
<Switch249>
15
</Switch249>
<Switch250>
5
</Switch250>
<Switch251>
16
</Switch251>
<Switch252>
10
</Switch252>
<Switch253>
8
</Switch253>
<Switch254>
16
</Switch254>
<Switch255>
7
</Switch255>
<Switch256>
11
</Switch256>
<Switch257>
14
</Switch257>
<Switch258>
6
</Switch258>
<Switch259>
5
</Switch259>
<Switch260>
9
</Switch260>
<Switch261>
8
</Switch261>
<Switch262>
12
</Switch262>
<Switch263>
11
</Switch263>
<Switch264>
2
</Switch264>
<Switch265>
9
</Switch265>
<Switch266>
12
</Switch266>
<Switch267>
12
</Switch267>
<Switch268>
13
</Switch268>
<Switch269>
15
</Switch269>
<Switch270>
2
</Switch270>
<Switch271>
1
</Switch271>
<Switch272>
12
</Switch272>
<Switch273>
0
</Switch273>
<Switch274>
16
</Switch274>
<Switch275>
5
</Switch275>
<Switch276>
2
</Switch276>
<Switch277>
9
</Switch277>
<Switch278>
6
</Switch278>
<Switch279>
17
</Switch279>
<Switch280>
4
</Switch280>
<Switch281>
4
</Switch281>
<Switch282>
14
</Switch282>
<Switch283>
8
</Switch283>
<Switch284>
14
</Switch284>
<Switch285>
5
</Switch285>
<Switch286>
14
</Switch286>
<Switch287>
15
</Switch287>
<Switch288>
19
</Switch288>
<Switch289>
13
</Switch289>
<Switch290>
15
</Switch290>
<Switch291>
0
</Switch291>
<Switch292>
0
</Switch292>
<Switch293>
16
</Switch293>
<Switch294>
14
</Switch294>
<Switch295>
12
</Switch295>
<Switch296>
15
</Switch296>
<Switch297>
13
</Switch297>
<Switch298>
3
</Switch298>
<Switch299>
15
</Switch299>
<Switch300>
9
</Switch300>
<Switch301>
0
</Switch301>
<Switch302>
15
</Switch302>
<Switch303>
16
</Switch303>
<Switch304>
14
</Switch304>
<Switch305>
13
</Switch305>
<Switch306>
16
</Switch306>
<Switch307>
7
</Switch307>
<Switch308>
6
</Switch308>
<Switch309>
0
</Switch309>
<Switch310>
3
</Switch310>
<Switch311>
8
</Switch311>
<Switch312>
3
</Switch312>
<Switch313>
5
</Switch313>
<Switch314>
15
</Switch314>
<Switch315>
0
</Switch315>
<Switch316>
7
</Switch316>
<Switch317>
4
</Switch317>
<Switch318>
1
</Switch318>
<Switch319>
6
</Switch319>
<Switch320>
12
</Switch320>
<Switch321>
9
</Switch321>
<Switch322>
10
</Switch322>
<Switch323>
16
</Switch323>
<Switch324>
6
</Switch324>
<Switch325>
7
</Switch325>
<Switch326>
3
</Switch326>
<Switch327>
13
</Switch327>
<Switch328>
10
</Switch328>
<Switch329>
8
</Switch329>
<Switch330>
5
</Switch330>
<Switch331>
1
</Switch331>
<Switch332>
7
</Switch332>
<Switch333>
11
</Switch333>
<Switch334>
18
</Switch334>
<Switch335>
16
</Switch335>
<Switch336>
7
</Switch336>
<Switch337>
1
</Switch337>
<Switch338>
15
</Switch338>
<Switch339>
3
</Switch339>
<Switch340>
9
</Switch340>
<Switch341>
16
</Switch341>
<Switch342>
16
</Switch342>
<Switch343>
4
</Switch343>
<Switch344>
14
</Switch344>
<Switch345>
18
</Switch345>
<Switch346>
18
</Switch346>
<Switch347>
17
</Switch347>
<Switch348>
3
</Switch348>
<Switch349>
2
</Switch349>
<Switch350>
18
</Switch350>
<Switch351>
12
</Switch351>
<Switch352>
5
</Switch352>
<Switch353>
6
</Switch353>
<Switch354>
3
</Switch354>
<Switch355>
18
</Switch355>
<Switch356>
12
</Switch356>
<Switch357>
2
</Switch357>
<Switch358>
2
</Switch358>
<Switch359>
2
</Switch359>
<Switch360>
2
</Switch360>
<Switch361>
4
</Switch361>
<Switch362>
6
</Switch362>
<Switch363>
5
</Switch363>
<Switch364>
4
</Switch364>
<Switch365>
10
</Switch365>
<Switch366>
10
</Switch366>
<Switch367>
5
</Switch367>
<Switch368>
10
</Switch368>
<Switch369>
16
</Switch369>
<Switch370>
10
</Switch370>
<Switch371>
3
</Switch371>
<Switch372>
12
</Switch372>
<Switch373>
18
</Switch373>
<Switch374>
2
</Switch374>
<Switch375>
14
</Switch375>
<Switch376>
5
</Switch376>
<Switch377>
11
</Switch377>
<Switch378>
18
</Switch378>
<Switch379>
1
</Switch379>
<Switch380>
12
</Switch380>
<Switch381>
19
</Switch381>
<Switch382>
1
</Switch382>
<Switch383>
5
</Switch383>
<Switch384>
8
</Switch384>
<Switch385>
16
</Switch385>
<Switch386>
18
</Switch386>
<Switch387>
9
</Switch387>
<Switch388>
16
</Switch388>
<Switch389>
16
</Switch389>
<Switch390>
16
</Switch390>
<Switch391>
15
</Switch391>
<Switch392>
4
</Switch392>
<Switch393>
19
</Switch393>
<Switch394>
10
</Switch394>
<Switch395>
12
</Switch395>
<Switch396>
2
</Switch396>
<Switch397>
5
</Switch397>
<Switch398>
9
</Switch398>
<Switch399>
3
</Switch399>
<Switch400>
9
</Switch400>
<Switch401>
2
</Switch401>
<Switch402>
18
</Switch402>
<Switch403>
6
</Switch403>
<Switch404>
6
</Switch404>
<Switch405>
14
</Switch405>
<Switch406>
4
</Switch406>
<Switch407>
2
</Switch407>
<Switch408>
0
</Switch408>
<Switch409>
8
</Switch409>
<Switch410>
0
</Switch410>
<Switch411>
7
</Switch411>
<Switch412>
18
</Switch412>
<Switch413>
18
</Switch413>
<Switch414>
9
</Switch414>
<Switch415>
17
</Switch415>
<Switch416>
7
</Switch416>
<Switch417>
4
</Switch417>
<Switch418>
7
</Switch418>
<Switch419>
6
</Switch419>
<Switch420>
17
</Switch420>
<Switch421>
15
</Switch421>
<Switch422>
0
</Switch422>
<Switch423>
11
</Switch423>
</BaseID:208>
