<?xml version="1.0"?>

<BaseID:214>
<Switch1>
1
</Switch1>
<Switch2>
9
</Switch2>
<Switch3>
2
</Switch3>
<Switch4>
10
</Switch4>
<Switch5>
15
</Switch5>
<Switch6>
14
</Switch6>
<Switch7>
16
</Switch7>
<Switch8>
3
</Switch8>
<Switch9>
18
</Switch9>
<Switch10>
19
</Switch10>
<Switch11>
7
</Switch11>
<Switch12>
8
</Switch12>
<Switch13>
2
</Switch13>
<Switch14>
18
</Switch14>
<Switch15>
12
</Switch15>
<Switch16>
5
</Switch16>
<Switch17>
16
</Switch17>
<Switch18>
14
</Switch18>
<Switch19>
9
</Switch19>
<Switch20>
10
</Switch20>
<Switch21>
0
</Switch21>
<Switch22>
1
</Switch22>
<Switch23>
10
</Switch23>
<Switch24>
1
</Switch24>
<Switch25>
11
</Switch25>
<Switch26>
10
</Switch26>
<Switch27>
14
</Switch27>
<Switch28>
0
</Switch28>
<Switch29>
13
</Switch29>
<Switch30>
16
</Switch30>
<Switch31>
15
</Switch31>
<Switch32>
1
</Switch32>
<Switch33>
16
</Switch33>
<Switch34>
5
</Switch34>
<Switch35>
7
</Switch35>
<Switch36>
13
</Switch36>
<Switch37>
11
</Switch37>
<Switch38>
1
</Switch38>
<Switch39>
8
</Switch39>
<Switch40>
13
</Switch40>
<Switch41>
6
</Switch41>
<Switch42>
15
</Switch42>
<Switch43>
7
</Switch43>
<Switch44>
2
</Switch44>
<Switch45>
4
</Switch45>
<Switch46>
10
</Switch46>
<Switch47>
0
</Switch47>
<Switch48>
11
</Switch48>
<Switch49>
5
</Switch49>
<Switch50>
14
</Switch50>
<Switch51>
10
</Switch51>
<Switch52>
16
</Switch52>
<Switch53>
5
</Switch53>
<Switch54>
3
</Switch54>
<Switch55>
11
</Switch55>
<Switch56>
2
</Switch56>
<Switch57>
8
</Switch57>
<Switch58>
11
</Switch58>
<Switch59>
15
</Switch59>
<Switch60>
5
</Switch60>
<Switch61>
15
</Switch61>
<Switch62>
11
</Switch62>
<Switch63>
2
</Switch63>
<Switch64>
7
</Switch64>
<Switch65>
9
</Switch65>
<Switch66>
14
</Switch66>
<Switch67>
0
</Switch67>
<Switch68>
14
</Switch68>
<Switch69>
2
</Switch69>
<Switch70>
2
</Switch70>
<Switch71>
2
</Switch71>
<Switch72>
10
</Switch72>
<Switch73>
9
</Switch73>
<Switch74>
1
</Switch74>
<Switch75>
18
</Switch75>
<Switch76>
11
</Switch76>
<Switch77>
10
</Switch77>
<Switch78>
9
</Switch78>
<Switch79>
16
</Switch79>
<Switch80>
14
</Switch80>
<Switch81>
7
</Switch81>
<Switch82>
14
</Switch82>
<Switch83>
12
</Switch83>
<Switch84>
10
</Switch84>
<Switch85>
8
</Switch85>
<Switch86>
0
</Switch86>
<Switch87>
11
</Switch87>
<Switch88>
12
</Switch88>
<Switch89>
5
</Switch89>
<Switch90>
4
</Switch90>
<Switch91>
7
</Switch91>
<Switch92>
3
</Switch92>
<Switch93>
12
</Switch93>
<Switch94>
2
</Switch94>
<Switch95>
7
</Switch95>
<Switch96>
7
</Switch96>
<Switch97>
8
</Switch97>
<Switch98>
1
</Switch98>
<Switch99>
16
</Switch99>
<Switch100>
7
</Switch100>
<Switch101>
6
</Switch101>
<Switch102>
13
</Switch102>
<Switch103>
18
</Switch103>
<Switch104>
10
</Switch104>
<Switch105>
14
</Switch105>
<Switch106>
18
</Switch106>
<Switch107>
3
</Switch107>
<Switch108>
7
</Switch108>
<Switch109>
2
</Switch109>
<Switch110>
19
</Switch110>
<Switch111>
11
</Switch111>
<Switch112>
8
</Switch112>
<Switch113>
15
</Switch113>
<Switch114>
4
</Switch114>
<Switch115>
4
</Switch115>
<Switch116>
13
</Switch116>
<Switch117>
5
</Switch117>
<Switch118>
9
</Switch118>
<Switch119>
16
</Switch119>
<Switch120>
19
</Switch120>
<Switch121>
2
</Switch121>
<Switch122>
17
</Switch122>
<Switch123>
17
</Switch123>
<Switch124>
11
</Switch124>
<Switch125>
3
</Switch125>
<Switch126>
19
</Switch126>
<Switch127>
5
</Switch127>
<Switch128>
5
</Switch128>
<Switch129>
19
</Switch129>
<Switch130>
17
</Switch130>
<Switch131>
5
</Switch131>
<Switch132>
14
</Switch132>
<Switch133>
1
</Switch133>
<Switch134>
17
</Switch134>
<Switch135>
12
</Switch135>
<Switch136>
2
</Switch136>
<Switch137>
1
</Switch137>
<Switch138>
17
</Switch138>
<Switch139>
16
</Switch139>
<Switch140>
7
</Switch140>
<Switch141>
6
</Switch141>
<Switch142>
15
</Switch142>
<Switch143>
1
</Switch143>
<Switch144>
7
</Switch144>
<Switch145>
19
</Switch145>
<Switch146>
3
</Switch146>
<Switch147>
17
</Switch147>
<Switch148>
5
</Switch148>
<Switch149>
8
</Switch149>
<Switch150>
5
</Switch150>
<Switch151>
1
</Switch151>
<Switch152>
19
</Switch152>
<Switch153>
0
</Switch153>
<Switch154>
14
</Switch154>
<Switch155>
18
</Switch155>
<Switch156>
12
</Switch156>
<Switch157>
1
</Switch157>
<Switch158>
16
</Switch158>
<Switch159>
4
</Switch159>
<Switch160>
9
</Switch160>
<Switch161>
5
</Switch161>
<Switch162>
2
</Switch162>
<Switch163>
0
</Switch163>
<Switch164>
11
</Switch164>
<Switch165>
12
</Switch165>
<Switch166>
7
</Switch166>
<Switch167>
16
</Switch167>
<Switch168>
0
</Switch168>
<Switch169>
11
</Switch169>
<Switch170>
14
</Switch170>
<Switch171>
10
</Switch171>
<Switch172>
19
</Switch172>
<Switch173>
19
</Switch173>
<Switch174>
11
</Switch174>
<Switch175>
6
</Switch175>
<Switch176>
1
</Switch176>
<Switch177>
2
</Switch177>
<Switch178>
0
</Switch178>
<Switch179>
12
</Switch179>
<Switch180>
9
</Switch180>
<Switch181>
5
</Switch181>
<Switch182>
6
</Switch182>
<Switch183>
2
</Switch183>
<Switch184>
8
</Switch184>
<Switch185>
19
</Switch185>
<Switch186>
8
</Switch186>
<Switch187>
18
</Switch187>
<Switch188>
19
</Switch188>
<Switch189>
3
</Switch189>
<Switch190>
14
</Switch190>
<Switch191>
4
</Switch191>
<Switch192>
16
</Switch192>
<Switch193>
11
</Switch193>
<Switch194>
13
</Switch194>
<Switch195>
0
</Switch195>
<Switch196>
3
</Switch196>
<Switch197>
11
</Switch197>
<Switch198>
3
</Switch198>
<Switch199>
15
</Switch199>
<Switch200>
9
</Switch200>
<Switch201>
15
</Switch201>
<Switch202>
1
</Switch202>
<Switch203>
9
</Switch203>
</BaseID:214>
