<?xml version="1.0"?>

<BaseID:219>
<Switch1>
8
</Switch1>
<Switch2>
14
</Switch2>
<Switch3>
10
</Switch3>
<Switch4>
14
</Switch4>
<Switch5>
14
</Switch5>
<Switch6>
12
</Switch6>
<Switch7>
2
</Switch7>
<Switch8>
15
</Switch8>
<Switch9>
13
</Switch9>
<Switch10>
19
</Switch10>
<Switch11>
6
</Switch11>
<Switch12>
6
</Switch12>
<Switch13>
4
</Switch13>
<Switch14>
5
</Switch14>
<Switch15>
15
</Switch15>
<Switch16>
19
</Switch16>
<Switch17>
12
</Switch17>
<Switch18>
1
</Switch18>
<Switch19>
15
</Switch19>
<Switch20>
5
</Switch20>
<Switch21>
3
</Switch21>
<Switch22>
1
</Switch22>
<Switch23>
12
</Switch23>
<Switch24>
9
</Switch24>
<Switch25>
14
</Switch25>
<Switch26>
4
</Switch26>
<Switch27>
5
</Switch27>
<Switch28>
10
</Switch28>
<Switch29>
6
</Switch29>
<Switch30>
3
</Switch30>
<Switch31>
14
</Switch31>
<Switch32>
5
</Switch32>
<Switch33>
18
</Switch33>
<Switch34>
3
</Switch34>
<Switch35>
13
</Switch35>
<Switch36>
5
</Switch36>
<Switch37>
5
</Switch37>
<Switch38>
12
</Switch38>
<Switch39>
7
</Switch39>
<Switch40>
9
</Switch40>
<Switch41>
8
</Switch41>
<Switch42>
14
</Switch42>
<Switch43>
10
</Switch43>
<Switch44>
7
</Switch44>
<Switch45>
16
</Switch45>
<Switch46>
1
</Switch46>
<Switch47>
18
</Switch47>
<Switch48>
5
</Switch48>
<Switch49>
9
</Switch49>
<Switch50>
19
</Switch50>
<Switch51>
11
</Switch51>
<Switch52>
6
</Switch52>
<Switch53>
10
</Switch53>
<Switch54>
1
</Switch54>
<Switch55>
0
</Switch55>
<Switch56>
6
</Switch56>
<Switch57>
12
</Switch57>
<Switch58>
14
</Switch58>
<Switch59>
14
</Switch59>
<Switch60>
3
</Switch60>
<Switch61>
11
</Switch61>
<Switch62>
18
</Switch62>
<Switch63>
0
</Switch63>
<Switch64>
9
</Switch64>
<Switch65>
16
</Switch65>
<Switch66>
3
</Switch66>
<Switch67>
7
</Switch67>
<Switch68>
13
</Switch68>
<Switch69>
17
</Switch69>
<Switch70>
6
</Switch70>
<Switch71>
15
</Switch71>
<Switch72>
15
</Switch72>
<Switch73>
19
</Switch73>
<Switch74>
0
</Switch74>
<Switch75>
17
</Switch75>
<Switch76>
17
</Switch76>
<Switch77>
13
</Switch77>
<Switch78>
11
</Switch78>
<Switch79>
13
</Switch79>
<Switch80>
4
</Switch80>
<Switch81>
8
</Switch81>
<Switch82>
17
</Switch82>
<Switch83>
19
</Switch83>
<Switch84>
17
</Switch84>
<Switch85>
19
</Switch85>
<Switch86>
1
</Switch86>
<Switch87>
1
</Switch87>
<Switch88>
13
</Switch88>
<Switch89>
17
</Switch89>
<Switch90>
5
</Switch90>
<Switch91>
4
</Switch91>
<Switch92>
7
</Switch92>
<Switch93>
17
</Switch93>
<Switch94>
16
</Switch94>
<Switch95>
16
</Switch95>
<Switch96>
19
</Switch96>
<Switch97>
12
</Switch97>
<Switch98>
0
</Switch98>
<Switch99>
7
</Switch99>
<Switch100>
17
</Switch100>
<Switch101>
16
</Switch101>
<Switch102>
0
</Switch102>
<Switch103>
14
</Switch103>
<Switch104>
3
</Switch104>
<Switch105>
6
</Switch105>
<Switch106>
9
</Switch106>
<Switch107>
11
</Switch107>
<Switch108>
0
</Switch108>
<Switch109>
11
</Switch109>
<Switch110>
11
</Switch110>
<Switch111>
15
</Switch111>
<Switch112>
18
</Switch112>
<Switch113>
11
</Switch113>
<Switch114>
11
</Switch114>
<Switch115>
8
</Switch115>
<Switch116>
11
</Switch116>
<Switch117>
9
</Switch117>
<Switch118>
19
</Switch118>
<Switch119>
3
</Switch119>
<Switch120>
5
</Switch120>
<Switch121>
11
</Switch121>
<Switch122>
18
</Switch122>
<Switch123>
19
</Switch123>
<Switch124>
19
</Switch124>
<Switch125>
6
</Switch125>
<Switch126>
10
</Switch126>
<Switch127>
14
</Switch127>
<Switch128>
12
</Switch128>
<Switch129>
16
</Switch129>
<Switch130>
0
</Switch130>
<Switch131>
17
</Switch131>
<Switch132>
10
</Switch132>
<Switch133>
18
</Switch133>
<Switch134>
7
</Switch134>
<Switch135>
16
</Switch135>
<Switch136>
7
</Switch136>
<Switch137>
9
</Switch137>
<Switch138>
14
</Switch138>
<Switch139>
4
</Switch139>
<Switch140>
10
</Switch140>
<Switch141>
1
</Switch141>
<Switch142>
0
</Switch142>
<Switch143>
1
</Switch143>
<Switch144>
9
</Switch144>
<Switch145>
12
</Switch145>
<Switch146>
10
</Switch146>
<Switch147>
17
</Switch147>
<Switch148>
16
</Switch148>
<Switch149>
8
</Switch149>
<Switch150>
0
</Switch150>
<Switch151>
18
</Switch151>
<Switch152>
1
</Switch152>
<Switch153>
16
</Switch153>
<Switch154>
0
</Switch154>
<Switch155>
12
</Switch155>
<Switch156>
7
</Switch156>
<Switch157>
10
</Switch157>
<Switch158>
0
</Switch158>
<Switch159>
1
</Switch159>
<Switch160>
2
</Switch160>
<Switch161>
7
</Switch161>
<Switch162>
3
</Switch162>
<Switch163>
6
</Switch163>
<Switch164>
12
</Switch164>
<Switch165>
12
</Switch165>
<Switch166>
8
</Switch166>
<Switch167>
1
</Switch167>
<Switch168>
18
</Switch168>
<Switch169>
0
</Switch169>
<Switch170>
14
</Switch170>
<Switch171>
1
</Switch171>
<Switch172>
1
</Switch172>
<Switch173>
11
</Switch173>
<Switch174>
12
</Switch174>
<Switch175>
11
</Switch175>
<Switch176>
4
</Switch176>
<Switch177>
13
</Switch177>
<Switch178>
9
</Switch178>
<Switch179>
6
</Switch179>
<Switch180>
16
</Switch180>
<Switch181>
14
</Switch181>
<Switch182>
12
</Switch182>
<Switch183>
1
</Switch183>
<Switch184>
12
</Switch184>
<Switch185>
18
</Switch185>
<Switch186>
0
</Switch186>
<Switch187>
9
</Switch187>
<Switch188>
10
</Switch188>
<Switch189>
4
</Switch189>
<Switch190>
14
</Switch190>
</BaseID:219>
