<?xml version="1.0"?>

<BaseID:220>
<Switch1>
17
</Switch1>
<Switch2>
19
</Switch2>
<Switch3>
7
</Switch3>
<Switch4>
13
</Switch4>
<Switch5>
11
</Switch5>
<Switch6>
8
</Switch6>
<Switch7>
16
</Switch7>
<Switch8>
9
</Switch8>
<Switch9>
4
</Switch9>
<Switch10>
19
</Switch10>
<Switch11>
7
</Switch11>
<Switch12>
0
</Switch12>
<Switch13>
18
</Switch13>
<Switch14>
18
</Switch14>
<Switch15>
17
</Switch15>
<Switch16>
14
</Switch16>
<Switch17>
18
</Switch17>
<Switch18>
8
</Switch18>
<Switch19>
15
</Switch19>
<Switch20>
13
</Switch20>
<Switch21>
6
</Switch21>
<Switch22>
9
</Switch22>
<Switch23>
2
</Switch23>
<Switch24>
8
</Switch24>
<Switch25>
5
</Switch25>
<Switch26>
18
</Switch26>
<Switch27>
19
</Switch27>
<Switch28>
7
</Switch28>
<Switch29>
11
</Switch29>
<Switch30>
4
</Switch30>
<Switch31>
10
</Switch31>
<Switch32>
12
</Switch32>
<Switch33>
4
</Switch33>
<Switch34>
19
</Switch34>
<Switch35>
19
</Switch35>
<Switch36>
10
</Switch36>
<Switch37>
15
</Switch37>
<Switch38>
14
</Switch38>
<Switch39>
18
</Switch39>
<Switch40>
9
</Switch40>
<Switch41>
13
</Switch41>
<Switch42>
18
</Switch42>
<Switch43>
16
</Switch43>
<Switch44>
10
</Switch44>
<Switch45>
12
</Switch45>
<Switch46>
5
</Switch46>
<Switch47>
16
</Switch47>
<Switch48>
4
</Switch48>
<Switch49>
1
</Switch49>
<Switch50>
9
</Switch50>
<Switch51>
16
</Switch51>
<Switch52>
16
</Switch52>
<Switch53>
12
</Switch53>
<Switch54>
14
</Switch54>
<Switch55>
12
</Switch55>
<Switch56>
13
</Switch56>
<Switch57>
14
</Switch57>
<Switch58>
13
</Switch58>
<Switch59>
4
</Switch59>
<Switch60>
17
</Switch60>
<Switch61>
7
</Switch61>
<Switch62>
16
</Switch62>
<Switch63>
2
</Switch63>
<Switch64>
14
</Switch64>
<Switch65>
12
</Switch65>
<Switch66>
11
</Switch66>
<Switch67>
9
</Switch67>
<Switch68>
4
</Switch68>
<Switch69>
8
</Switch69>
<Switch70>
16
</Switch70>
<Switch71>
6
</Switch71>
<Switch72>
12
</Switch72>
<Switch73>
14
</Switch73>
<Switch74>
10
</Switch74>
<Switch75>
7
</Switch75>
<Switch76>
17
</Switch76>
<Switch77>
2
</Switch77>
<Switch78>
3
</Switch78>
<Switch79>
5
</Switch79>
<Switch80>
6
</Switch80>
<Switch81>
10
</Switch81>
<Switch82>
9
</Switch82>
<Switch83>
15
</Switch83>
<Switch84>
9
</Switch84>
<Switch85>
5
</Switch85>
<Switch86>
5
</Switch86>
<Switch87>
2
</Switch87>
<Switch88>
16
</Switch88>
<Switch89>
6
</Switch89>
<Switch90>
16
</Switch90>
<Switch91>
2
</Switch91>
<Switch92>
10
</Switch92>
<Switch93>
10
</Switch93>
<Switch94>
17
</Switch94>
<Switch95>
6
</Switch95>
<Switch96>
17
</Switch96>
<Switch97>
3
</Switch97>
<Switch98>
11
</Switch98>
<Switch99>
3
</Switch99>
<Switch100>
18
</Switch100>
<Switch101>
10
</Switch101>
<Switch102>
16
</Switch102>
<Switch103>
19
</Switch103>
<Switch104>
6
</Switch104>
<Switch105>
9
</Switch105>
<Switch106>
12
</Switch106>
<Switch107>
17
</Switch107>
<Switch108>
9
</Switch108>
<Switch109>
2
</Switch109>
<Switch110>
9
</Switch110>
<Switch111>
13
</Switch111>
<Switch112>
4
</Switch112>
<Switch113>
8
</Switch113>
<Switch114>
15
</Switch114>
<Switch115>
9
</Switch115>
<Switch116>
1
</Switch116>
<Switch117>
16
</Switch117>
<Switch118>
3
</Switch118>
<Switch119>
7
</Switch119>
<Switch120>
7
</Switch120>
<Switch121>
8
</Switch121>
<Switch122>
5
</Switch122>
<Switch123>
8
</Switch123>
<Switch124>
15
</Switch124>
<Switch125>
0
</Switch125>
<Switch126>
16
</Switch126>
<Switch127>
11
</Switch127>
<Switch128>
18
</Switch128>
<Switch129>
14
</Switch129>
<Switch130>
12
</Switch130>
<Switch131>
18
</Switch131>
<Switch132>
13
</Switch132>
<Switch133>
7
</Switch133>
<Switch134>
18
</Switch134>
<Switch135>
1
</Switch135>
<Switch136>
7
</Switch136>
<Switch137>
13
</Switch137>
<Switch138>
2
</Switch138>
<Switch139>
8
</Switch139>
<Switch140>
7
</Switch140>
<Switch141>
0
</Switch141>
<Switch142>
18
</Switch142>
<Switch143>
15
</Switch143>
<Switch144>
14
</Switch144>
<Switch145>
12
</Switch145>
<Switch146>
11
</Switch146>
<Switch147>
10
</Switch147>
<Switch148>
19
</Switch148>
<Switch149>
1
</Switch149>
<Switch150>
15
</Switch150>
<Switch151>
4
</Switch151>
<Switch152>
7
</Switch152>
<Switch153>
14
</Switch153>
<Switch154>
14
</Switch154>
<Switch155>
9
</Switch155>
<Switch156>
3
</Switch156>
<Switch157>
6
</Switch157>
<Switch158>
1
</Switch158>
<Switch159>
4
</Switch159>
<Switch160>
2
</Switch160>
<Switch161>
16
</Switch161>
<Switch162>
4
</Switch162>
<Switch163>
18
</Switch163>
<Switch164>
4
</Switch164>
<Switch165>
13
</Switch165>
<Switch166>
8
</Switch166>
<Switch167>
13
</Switch167>
<Switch168>
3
</Switch168>
<Switch169>
5
</Switch169>
<Switch170>
18
</Switch170>
<Switch171>
9
</Switch171>
<Switch172>
14
</Switch172>
<Switch173>
6
</Switch173>
<Switch174>
11
</Switch174>
<Switch175>
0
</Switch175>
<Switch176>
16
</Switch176>
<Switch177>
18
</Switch177>
<Switch178>
1
</Switch178>
<Switch179>
7
</Switch179>
<Switch180>
0
</Switch180>
<Switch181>
1
</Switch181>
<Switch182>
11
</Switch182>
<Switch183>
8
</Switch183>
<Switch184>
15
</Switch184>
<Switch185>
18
</Switch185>
<Switch186>
2
</Switch186>
<Switch187>
11
</Switch187>
<Switch188>
14
</Switch188>
<Switch189>
18
</Switch189>
<Switch190>
4
</Switch190>
<Switch191>
18
</Switch191>
<Switch192>
3
</Switch192>
<Switch193>
7
</Switch193>
<Switch194>
9
</Switch194>
<Switch195>
8
</Switch195>
<Switch196>
3
</Switch196>
<Switch197>
15
</Switch197>
<Switch198>
4
</Switch198>
<Switch199>
7
</Switch199>
<Switch200>
18
</Switch200>
<Switch201>
18
</Switch201>
<Switch202>
7
</Switch202>
<Switch203>
16
</Switch203>
<Switch204>
15
</Switch204>
<Switch205>
2
</Switch205>
<Switch206>
8
</Switch206>
<Switch207>
12
</Switch207>
<Switch208>
14
</Switch208>
<Switch209>
10
</Switch209>
<Switch210>
14
</Switch210>
<Switch211>
14
</Switch211>
<Switch212>
11
</Switch212>
<Switch213>
18
</Switch213>
<Switch214>
0
</Switch214>
<Switch215>
4
</Switch215>
<Switch216>
1
</Switch216>
<Switch217>
5
</Switch217>
<Switch218>
1
</Switch218>
<Switch219>
13
</Switch219>
<Switch220>
1
</Switch220>
<Switch221>
18
</Switch221>
<Switch222>
0
</Switch222>
<Switch223>
4
</Switch223>
<Switch224>
6
</Switch224>
<Switch225>
1
</Switch225>
<Switch226>
6
</Switch226>
<Switch227>
2
</Switch227>
<Switch228>
3
</Switch228>
<Switch229>
18
</Switch229>
<Switch230>
2
</Switch230>
<Switch231>
18
</Switch231>
<Switch232>
4
</Switch232>
<Switch233>
12
</Switch233>
<Switch234>
1
</Switch234>
<Switch235>
10
</Switch235>
<Switch236>
17
</Switch236>
<Switch237>
3
</Switch237>
<Switch238>
1
</Switch238>
<Switch239>
14
</Switch239>
<Switch240>
15
</Switch240>
<Switch241>
12
</Switch241>
<Switch242>
12
</Switch242>
<Switch243>
9
</Switch243>
<Switch244>
9
</Switch244>
<Switch245>
14
</Switch245>
<Switch246>
9
</Switch246>
<Switch247>
15
</Switch247>
<Switch248>
12
</Switch248>
<Switch249>
2
</Switch249>
<Switch250>
11
</Switch250>
<Switch251>
3
</Switch251>
<Switch252>
11
</Switch252>
<Switch253>
10
</Switch253>
<Switch254>
9
</Switch254>
<Switch255>
3
</Switch255>
<Switch256>
11
</Switch256>
<Switch257>
15
</Switch257>
<Switch258>
7
</Switch258>
<Switch259>
14
</Switch259>
<Switch260>
19
</Switch260>
<Switch261>
1
</Switch261>
<Switch262>
8
</Switch262>
<Switch263>
10
</Switch263>
<Switch264>
12
</Switch264>
<Switch265>
10
</Switch265>
<Switch266>
5
</Switch266>
<Switch267>
13
</Switch267>
<Switch268>
0
</Switch268>
<Switch269>
6
</Switch269>
<Switch270>
17
</Switch270>
<Switch271>
6
</Switch271>
<Switch272>
17
</Switch272>
<Switch273>
19
</Switch273>
<Switch274>
5
</Switch274>
<Switch275>
6
</Switch275>
<Switch276>
8
</Switch276>
<Switch277>
13
</Switch277>
<Switch278>
11
</Switch278>
<Switch279>
6
</Switch279>
<Switch280>
19
</Switch280>
<Switch281>
7
</Switch281>
<Switch282>
16
</Switch282>
<Switch283>
9
</Switch283>
<Switch284>
5
</Switch284>
<Switch285>
8
</Switch285>
<Switch286>
13
</Switch286>
<Switch287>
14
</Switch287>
<Switch288>
18
</Switch288>
<Switch289>
13
</Switch289>
<Switch290>
4
</Switch290>
<Switch291>
10
</Switch291>
<Switch292>
12
</Switch292>
<Switch293>
12
</Switch293>
<Switch294>
0
</Switch294>
<Switch295>
12
</Switch295>
<Switch296>
8
</Switch296>
<Switch297>
1
</Switch297>
<Switch298>
13
</Switch298>
<Switch299>
2
</Switch299>
<Switch300>
5
</Switch300>
<Switch301>
9
</Switch301>
<Switch302>
4
</Switch302>
<Switch303>
14
</Switch303>
<Switch304>
18
</Switch304>
<Switch305>
0
</Switch305>
<Switch306>
16
</Switch306>
<Switch307>
2
</Switch307>
<Switch308>
7
</Switch308>
<Switch309>
10
</Switch309>
<Switch310>
6
</Switch310>
<Switch311>
13
</Switch311>
<Switch312>
0
</Switch312>
<Switch313>
10
</Switch313>
<Switch314>
1
</Switch314>
<Switch315>
14
</Switch315>
<Switch316>
10
</Switch316>
<Switch317>
2
</Switch317>
<Switch318>
14
</Switch318>
<Switch319>
6
</Switch319>
<Switch320>
3
</Switch320>
<Switch321>
10
</Switch321>
<Switch322>
18
</Switch322>
<Switch323>
8
</Switch323>
<Switch324>
1
</Switch324>
<Switch325>
19
</Switch325>
<Switch326>
6
</Switch326>
<Switch327>
0
</Switch327>
<Switch328>
18
</Switch328>
<Switch329>
14
</Switch329>
<Switch330>
3
</Switch330>
<Switch331>
18
</Switch331>
<Switch332>
7
</Switch332>
<Switch333>
14
</Switch333>
<Switch334>
12
</Switch334>
<Switch335>
15
</Switch335>
<Switch336>
3
</Switch336>
<Switch337>
3
</Switch337>
<Switch338>
5
</Switch338>
<Switch339>
14
</Switch339>
<Switch340>
7
</Switch340>
<Switch341>
4
</Switch341>
<Switch342>
18
</Switch342>
<Switch343>
15
</Switch343>
<Switch344>
1
</Switch344>
<Switch345>
4
</Switch345>
<Switch346>
17
</Switch346>
<Switch347>
16
</Switch347>
<Switch348>
14
</Switch348>
<Switch349>
19
</Switch349>
<Switch350>
17
</Switch350>
<Switch351>
14
</Switch351>
<Switch352>
18
</Switch352>
<Switch353>
4
</Switch353>
<Switch354>
19
</Switch354>
<Switch355>
10
</Switch355>
<Switch356>
14
</Switch356>
<Switch357>
7
</Switch357>
<Switch358>
3
</Switch358>
<Switch359>
17
</Switch359>
<Switch360>
8
</Switch360>
<Switch361>
6
</Switch361>
<Switch362>
5
</Switch362>
<Switch363>
3
</Switch363>
<Switch364>
15
</Switch364>
<Switch365>
9
</Switch365>
<Switch366>
19
</Switch366>
<Switch367>
15
</Switch367>
<Switch368>
4
</Switch368>
<Switch369>
16
</Switch369>
<Switch370>
12
</Switch370>
<Switch371>
4
</Switch371>
<Switch372>
7
</Switch372>
<Switch373>
14
</Switch373>
<Switch374>
2
</Switch374>
<Switch375>
0
</Switch375>
<Switch376>
4
</Switch376>
<Switch377>
1
</Switch377>
<Switch378>
19
</Switch378>
<Switch379>
6
</Switch379>
<Switch380>
6
</Switch380>
<Switch381>
4
</Switch381>
<Switch382>
17
</Switch382>
<Switch383>
15
</Switch383>
<Switch384>
2
</Switch384>
<Switch385>
5
</Switch385>
<Switch386>
1
</Switch386>
<Switch387>
6
</Switch387>
<Switch388>
12
</Switch388>
<Switch389>
18
</Switch389>
<Switch390>
3
</Switch390>
<Switch391>
12
</Switch391>
<Switch392>
8
</Switch392>
<Switch393>
8
</Switch393>
<Switch394>
9
</Switch394>
<Switch395>
6
</Switch395>
<Switch396>
4
</Switch396>
<Switch397>
4
</Switch397>
<Switch398>
14
</Switch398>
<Switch399>
14
</Switch399>
<Switch400>
6
</Switch400>
<Switch401>
14
</Switch401>
<Switch402>
17
</Switch402>
<Switch403>
10
</Switch403>
<Switch404>
12
</Switch404>
<Switch405>
5
</Switch405>
<Switch406>
19
</Switch406>
<Switch407>
9
</Switch407>
<Switch408>
15
</Switch408>
<Switch409>
1
</Switch409>
<Switch410>
5
</Switch410>
<Switch411>
4
</Switch411>
<Switch412>
13
</Switch412>
<Switch413>
19
</Switch413>
<Switch414>
7
</Switch414>
<Switch415>
13
</Switch415>
<Switch416>
9
</Switch416>
<Switch417>
2
</Switch417>
<Switch418>
15
</Switch418>
<Switch419>
6
</Switch419>
<Switch420>
10
</Switch420>
<Switch421>
15
</Switch421>
<Switch422>
6
</Switch422>
<Switch423>
16
</Switch423>
<Switch424>
3
</Switch424>
<Switch425>
19
</Switch425>
<Switch426>
14
</Switch426>
<Switch427>
16
</Switch427>
<Switch428>
6
</Switch428>
<Switch429>
1
</Switch429>
<Switch430>
8
</Switch430>
<Switch431>
11
</Switch431>
<Switch432>
3
</Switch432>
<Switch433>
11
</Switch433>
<Switch434>
1
</Switch434>
<Switch435>
19
</Switch435>
<Switch436>
0
</Switch436>
<Switch437>
3
</Switch437>
<Switch438>
8
</Switch438>
<Switch439>
5
</Switch439>
<Switch440>
15
</Switch440>
<Switch441>
19
</Switch441>
<Switch442>
19
</Switch442>
<Switch443>
6
</Switch443>
<Switch444>
0
</Switch444>
<Switch445>
2
</Switch445>
<Switch446>
11
</Switch446>
<Switch447>
11
</Switch447>
<Switch448>
17
</Switch448>
<Switch449>
14
</Switch449>
<Switch450>
9
</Switch450>
<Switch451>
12
</Switch451>
<Switch452>
1
</Switch452>
<Switch453>
15
</Switch453>
<Switch454>
11
</Switch454>
<Switch455>
14
</Switch455>
<Switch456>
17
</Switch456>
<Switch457>
2
</Switch457>
<Switch458>
1
</Switch458>
<Switch459>
11
</Switch459>
<Switch460>
10
</Switch460>
<Switch461>
3
</Switch461>
<Switch462>
6
</Switch462>
<Switch463>
7
</Switch463>
<Switch464>
16
</Switch464>
<Switch465>
13
</Switch465>
<Switch466>
7
</Switch466>
<Switch467>
14
</Switch467>
<Switch468>
14
</Switch468>
<Switch469>
19
</Switch469>
<Switch470>
10
</Switch470>
<Switch471>
9
</Switch471>
<Switch472>
8
</Switch472>
<Switch473>
16
</Switch473>
<Switch474>
19
</Switch474>
<Switch475>
0
</Switch475>
<Switch476>
2
</Switch476>
<Switch477>
17
</Switch477>
<Switch478>
4
</Switch478>
<Switch479>
17
</Switch479>
<Switch480>
16
</Switch480>
<Switch481>
19
</Switch481>
<Switch482>
3
</Switch482>
<Switch483>
10
</Switch483>
<Switch484>
4
</Switch484>
<Switch485>
4
</Switch485>
<Switch486>
11
</Switch486>
<Switch487>
9
</Switch487>
<Switch488>
18
</Switch488>
<Switch489>
14
</Switch489>
<Switch490>
8
</Switch490>
<Switch491>
5
</Switch491>
<Switch492>
11
</Switch492>
<Switch493>
11
</Switch493>
<Switch494>
8
</Switch494>
<Switch495>
17
</Switch495>
<Switch496>
16
</Switch496>
<Switch497>
9
</Switch497>
<Switch498>
2
</Switch498>
<Switch499>
13
</Switch499>
<Switch500>
15
</Switch500>
<Switch501>
9
</Switch501>
<Switch502>
17
</Switch502>
<Switch503>
13
</Switch503>
<Switch504>
2
</Switch504>
<Switch505>
16
</Switch505>
<Switch506>
6
</Switch506>
<Switch507>
18
</Switch507>
<Switch508>
16
</Switch508>
<Switch509>
6
</Switch509>
<Switch510>
7
</Switch510>
<Switch511>
0
</Switch511>
<Switch512>
16
</Switch512>
<Switch513>
15
</Switch513>
<Switch514>
18
</Switch514>
<Switch515>
10
</Switch515>
<Switch516>
7
</Switch516>
<Switch517>
13
</Switch517>
<Switch518>
2
</Switch518>
<Switch519>
14
</Switch519>
<Switch520>
6
</Switch520>
<Switch521>
11
</Switch521>
<Switch522>
16
</Switch522>
<Switch523>
12
</Switch523>
<Switch524>
18
</Switch524>
<Switch525>
7
</Switch525>
<Switch526>
9
</Switch526>
<Switch527>
14
</Switch527>
<Switch528>
9
</Switch528>
<Switch529>
10
</Switch529>
<Switch530>
12
</Switch530>
<Switch531>
19
</Switch531>
<Switch532>
14
</Switch532>
<Switch533>
10
</Switch533>
<Switch534>
12
</Switch534>
<Switch535>
8
</Switch535>
<Switch536>
5
</Switch536>
<Switch537>
15
</Switch537>
<Switch538>
13
</Switch538>
<Switch539>
0
</Switch539>
<Switch540>
16
</Switch540>
<Switch541>
3
</Switch541>
<Switch542>
8
</Switch542>
<Switch543>
16
</Switch543>
<Switch544>
10
</Switch544>
<Switch545>
19
</Switch545>
<Switch546>
8
</Switch546>
<Switch547>
7
</Switch547>
<Switch548>
19
</Switch548>
<Switch549>
18
</Switch549>
<Switch550>
3
</Switch550>
<Switch551>
16
</Switch551>
<Switch552>
17
</Switch552>
<Switch553>
16
</Switch553>
<Switch554>
14
</Switch554>
<Switch555>
2
</Switch555>
<Switch556>
6
</Switch556>
<Switch557>
5
</Switch557>
<Switch558>
6
</Switch558>
<Switch559>
18
</Switch559>
<Switch560>
14
</Switch560>
<Switch561>
14
</Switch561>
<Switch562>
0
</Switch562>
<Switch563>
7
</Switch563>
<Switch564>
0
</Switch564>
<Switch565>
1
</Switch565>
<Switch566>
16
</Switch566>
<Switch567>
15
</Switch567>
<Switch568>
4
</Switch568>
<Switch569>
0
</Switch569>
<Switch570>
3
</Switch570>
<Switch571>
14
</Switch571>
<Switch572>
1
</Switch572>
<Switch573>
7
</Switch573>
<Switch574>
18
</Switch574>
<Switch575>
0
</Switch575>
<Switch576>
18
</Switch576>
<Switch577>
19
</Switch577>
<Switch578>
11
</Switch578>
<Switch579>
13
</Switch579>
<Switch580>
19
</Switch580>
<Switch581>
4
</Switch581>
<Switch582>
19
</Switch582>
<Switch583>
8
</Switch583>
<Switch584>
14
</Switch584>
<Switch585>
11
</Switch585>
<Switch586>
17
</Switch586>
<Switch587>
14
</Switch587>
<Switch588>
11
</Switch588>
<Switch589>
17
</Switch589>
<Switch590>
11
</Switch590>
<Switch591>
4
</Switch591>
<Switch592>
14
</Switch592>
<Switch593>
3
</Switch593>
<Switch594>
15
</Switch594>
<Switch595>
3
</Switch595>
<Switch596>
8
</Switch596>
<Switch597>
10
</Switch597>
<Switch598>
17
</Switch598>
<Switch599>
5
</Switch599>
<Switch600>
1
</Switch600>
<Switch601>
12
</Switch601>
<Switch602>
16
</Switch602>
<Switch603>
16
</Switch603>
<Switch604>
0
</Switch604>
<Switch605>
2
</Switch605>
<Switch606>
14
</Switch606>
<Switch607>
17
</Switch607>
<Switch608>
0
</Switch608>
<Switch609>
18
</Switch609>
<Switch610>
2
</Switch610>
<Switch611>
3
</Switch611>
<Switch612>
16
</Switch612>
<Switch613>
1
</Switch613>
<Switch614>
1
</Switch614>
<Switch615>
2
</Switch615>
<Switch616>
19
</Switch616>
<Switch617>
10
</Switch617>
<Switch618>
13
</Switch618>
<Switch619>
19
</Switch619>
<Switch620>
2
</Switch620>
<Switch621>
17
</Switch621>
<Switch622>
7
</Switch622>
<Switch623>
4
</Switch623>
<Switch624>
15
</Switch624>
<Switch625>
2
</Switch625>
<Switch626>
7
</Switch626>
<Switch627>
14
</Switch627>
<Switch628>
10
</Switch628>
<Switch629>
6
</Switch629>
<Switch630>
18
</Switch630>
<Switch631>
15
</Switch631>
<Switch632>
11
</Switch632>
<Switch633>
3
</Switch633>
<Switch634>
4
</Switch634>
<Switch635>
15
</Switch635>
<Switch636>
11
</Switch636>
<Switch637>
17
</Switch637>
<Switch638>
4
</Switch638>
<Switch639>
6
</Switch639>
<Switch640>
16
</Switch640>
<Switch641>
18
</Switch641>
<Switch642>
5
</Switch642>
<Switch643>
19
</Switch643>
<Switch644>
17
</Switch644>
<Switch645>
15
</Switch645>
<Switch646>
6
</Switch646>
<Switch647>
9
</Switch647>
<Switch648>
15
</Switch648>
<Switch649>
14
</Switch649>
<Switch650>
18
</Switch650>
<Switch651>
15
</Switch651>
<Switch652>
2
</Switch652>
<Switch653>
3
</Switch653>
<Switch654>
19
</Switch654>
<Switch655>
3
</Switch655>
<Switch656>
11
</Switch656>
<Switch657>
19
</Switch657>
<Switch658>
6
</Switch658>
<Switch659>
8
</Switch659>
</BaseID:220>
