<?xml version="1.0"?>

<BaseID:223>
<Switch1>
14
</Switch1>
<Switch2>
10
</Switch2>
<Switch3>
14
</Switch3>
<Switch4>
14
</Switch4>
<Switch5>
11
</Switch5>
<Switch6>
1
</Switch6>
<Switch7>
4
</Switch7>
<Switch8>
9
</Switch8>
<Switch9>
11
</Switch9>
<Switch10>
1
</Switch10>
<Switch11>
3
</Switch11>
<Switch12>
6
</Switch12>
<Switch13>
4
</Switch13>
<Switch14>
0
</Switch14>
<Switch15>
5
</Switch15>
<Switch16>
6
</Switch16>
<Switch17>
2
</Switch17>
<Switch18>
16
</Switch18>
<Switch19>
3
</Switch19>
<Switch20>
7
</Switch20>
<Switch21>
4
</Switch21>
<Switch22>
9
</Switch22>
<Switch23>
3
</Switch23>
<Switch24>
0
</Switch24>
<Switch25>
12
</Switch25>
<Switch26>
2
</Switch26>
<Switch27>
2
</Switch27>
<Switch28>
18
</Switch28>
<Switch29>
18
</Switch29>
<Switch30>
6
</Switch30>
<Switch31>
16
</Switch31>
<Switch32>
1
</Switch32>
<Switch33>
3
</Switch33>
<Switch34>
10
</Switch34>
<Switch35>
9
</Switch35>
<Switch36>
16
</Switch36>
<Switch37>
3
</Switch37>
<Switch38>
9
</Switch38>
<Switch39>
7
</Switch39>
<Switch40>
8
</Switch40>
<Switch41>
8
</Switch41>
<Switch42>
9
</Switch42>
<Switch43>
16
</Switch43>
<Switch44>
8
</Switch44>
<Switch45>
6
</Switch45>
<Switch46>
12
</Switch46>
<Switch47>
15
</Switch47>
<Switch48>
7
</Switch48>
<Switch49>
9
</Switch49>
<Switch50>
18
</Switch50>
<Switch51>
11
</Switch51>
<Switch52>
11
</Switch52>
<Switch53>
10
</Switch53>
<Switch54>
17
</Switch54>
<Switch55>
15
</Switch55>
<Switch56>
17
</Switch56>
<Switch57>
19
</Switch57>
<Switch58>
1
</Switch58>
<Switch59>
0
</Switch59>
<Switch60>
13
</Switch60>
<Switch61>
17
</Switch61>
<Switch62>
19
</Switch62>
<Switch63>
5
</Switch63>
<Switch64>
3
</Switch64>
<Switch65>
18
</Switch65>
<Switch66>
16
</Switch66>
<Switch67>
2
</Switch67>
<Switch68>
18
</Switch68>
<Switch69>
16
</Switch69>
<Switch70>
15
</Switch70>
<Switch71>
1
</Switch71>
<Switch72>
19
</Switch72>
<Switch73>
17
</Switch73>
<Switch74>
11
</Switch74>
<Switch75>
17
</Switch75>
<Switch76>
2
</Switch76>
<Switch77>
11
</Switch77>
<Switch78>
12
</Switch78>
<Switch79>
16
</Switch79>
<Switch80>
16
</Switch80>
<Switch81>
9
</Switch81>
<Switch82>
5
</Switch82>
<Switch83>
13
</Switch83>
<Switch84>
12
</Switch84>
<Switch85>
19
</Switch85>
<Switch86>
15
</Switch86>
<Switch87>
15
</Switch87>
<Switch88>
7
</Switch88>
<Switch89>
19
</Switch89>
<Switch90>
0
</Switch90>
<Switch91>
6
</Switch91>
<Switch92>
3
</Switch92>
<Switch93>
15
</Switch93>
<Switch94>
14
</Switch94>
<Switch95>
4
</Switch95>
<Switch96>
17
</Switch96>
<Switch97>
12
</Switch97>
<Switch98>
1
</Switch98>
<Switch99>
3
</Switch99>
<Switch100>
7
</Switch100>
<Switch101>
6
</Switch101>
<Switch102>
4
</Switch102>
<Switch103>
13
</Switch103>
<Switch104>
5
</Switch104>
<Switch105>
2
</Switch105>
<Switch106>
5
</Switch106>
<Switch107>
17
</Switch107>
<Switch108>
5
</Switch108>
<Switch109>
9
</Switch109>
<Switch110>
11
</Switch110>
<Switch111>
6
</Switch111>
<Switch112>
14
</Switch112>
<Switch113>
14
</Switch113>
<Switch114>
12
</Switch114>
<Switch115>
10
</Switch115>
<Switch116>
14
</Switch116>
<Switch117>
7
</Switch117>
<Switch118>
13
</Switch118>
<Switch119>
13
</Switch119>
<Switch120>
3
</Switch120>
<Switch121>
4
</Switch121>
<Switch122>
17
</Switch122>
<Switch123>
0
</Switch123>
<Switch124>
16
</Switch124>
<Switch125>
6
</Switch125>
<Switch126>
3
</Switch126>
<Switch127>
5
</Switch127>
<Switch128>
17
</Switch128>
<Switch129>
0
</Switch129>
<Switch130>
12
</Switch130>
<Switch131>
9
</Switch131>
<Switch132>
8
</Switch132>
<Switch133>
17
</Switch133>
<Switch134>
8
</Switch134>
<Switch135>
14
</Switch135>
<Switch136>
4
</Switch136>
<Switch137>
9
</Switch137>
<Switch138>
6
</Switch138>
<Switch139>
2
</Switch139>
<Switch140>
4
</Switch140>
<Switch141>
13
</Switch141>
<Switch142>
7
</Switch142>
<Switch143>
0
</Switch143>
<Switch144>
18
</Switch144>
<Switch145>
14
</Switch145>
<Switch146>
16
</Switch146>
<Switch147>
6
</Switch147>
<Switch148>
10
</Switch148>
<Switch149>
10
</Switch149>
<Switch150>
19
</Switch150>
<Switch151>
0
</Switch151>
<Switch152>
1
</Switch152>
<Switch153>
19
</Switch153>
<Switch154>
7
</Switch154>
<Switch155>
17
</Switch155>
<Switch156>
15
</Switch156>
<Switch157>
17
</Switch157>
<Switch158>
10
</Switch158>
<Switch159>
13
</Switch159>
<Switch160>
16
</Switch160>
<Switch161>
3
</Switch161>
<Switch162>
9
</Switch162>
<Switch163>
7
</Switch163>
<Switch164>
0
</Switch164>
<Switch165>
9
</Switch165>
<Switch166>
19
</Switch166>
<Switch167>
13
</Switch167>
<Switch168>
7
</Switch168>
<Switch169>
13
</Switch169>
<Switch170>
10
</Switch170>
<Switch171>
17
</Switch171>
<Switch172>
12
</Switch172>
<Switch173>
7
</Switch173>
<Switch174>
14
</Switch174>
<Switch175>
18
</Switch175>
<Switch176>
10
</Switch176>
<Switch177>
16
</Switch177>
<Switch178>
19
</Switch178>
<Switch179>
12
</Switch179>
<Switch180>
4
</Switch180>
<Switch181>
11
</Switch181>
<Switch182>
15
</Switch182>
<Switch183>
13
</Switch183>
<Switch184>
6
</Switch184>
<Switch185>
16
</Switch185>
<Switch186>
7
</Switch186>
<Switch187>
2
</Switch187>
<Switch188>
12
</Switch188>
<Switch189>
3
</Switch189>
<Switch190>
14
</Switch190>
<Switch191>
6
</Switch191>
<Switch192>
15
</Switch192>
<Switch193>
4
</Switch193>
<Switch194>
4
</Switch194>
<Switch195>
3
</Switch195>
<Switch196>
12
</Switch196>
<Switch197>
1
</Switch197>
<Switch198>
0
</Switch198>
<Switch199>
19
</Switch199>
<Switch200>
6
</Switch200>
<Switch201>
19
</Switch201>
<Switch202>
2
</Switch202>
<Switch203>
9
</Switch203>
<Switch204>
4
</Switch204>
<Switch205>
15
</Switch205>
<Switch206>
16
</Switch206>
<Switch207>
4
</Switch207>
<Switch208>
12
</Switch208>
<Switch209>
1
</Switch209>
<Switch210>
11
</Switch210>
<Switch211>
1
</Switch211>
<Switch212>
19
</Switch212>
<Switch213>
0
</Switch213>
<Switch214>
7
</Switch214>
<Switch215>
10
</Switch215>
<Switch216>
12
</Switch216>
<Switch217>
6
</Switch217>
<Switch218>
3
</Switch218>
<Switch219>
7
</Switch219>
<Switch220>
8
</Switch220>
<Switch221>
13
</Switch221>
<Switch222>
0
</Switch222>
<Switch223>
18
</Switch223>
<Switch224>
8
</Switch224>
<Switch225>
15
</Switch225>
<Switch226>
6
</Switch226>
<Switch227>
10
</Switch227>
<Switch228>
0
</Switch228>
<Switch229>
7
</Switch229>
<Switch230>
9
</Switch230>
<Switch231>
17
</Switch231>
<Switch232>
13
</Switch232>
<Switch233>
17
</Switch233>
<Switch234>
17
</Switch234>
<Switch235>
7
</Switch235>
<Switch236>
1
</Switch236>
<Switch237>
13
</Switch237>
<Switch238>
19
</Switch238>
<Switch239>
11
</Switch239>
<Switch240>
2
</Switch240>
<Switch241>
3
</Switch241>
<Switch242>
16
</Switch242>
<Switch243>
13
</Switch243>
<Switch244>
7
</Switch244>
<Switch245>
15
</Switch245>
<Switch246>
4
</Switch246>
<Switch247>
5
</Switch247>
<Switch248>
0
</Switch248>
<Switch249>
17
</Switch249>
<Switch250>
17
</Switch250>
<Switch251>
16
</Switch251>
<Switch252>
15
</Switch252>
<Switch253>
8
</Switch253>
<Switch254>
16
</Switch254>
<Switch255>
4
</Switch255>
<Switch256>
9
</Switch256>
<Switch257>
12
</Switch257>
<Switch258>
18
</Switch258>
<Switch259>
19
</Switch259>
<Switch260>
3
</Switch260>
<Switch261>
17
</Switch261>
<Switch262>
12
</Switch262>
<Switch263>
17
</Switch263>
<Switch264>
3
</Switch264>
<Switch265>
3
</Switch265>
<Switch266>
11
</Switch266>
<Switch267>
11
</Switch267>
<Switch268>
3
</Switch268>
<Switch269>
17
</Switch269>
<Switch270>
5
</Switch270>
<Switch271>
17
</Switch271>
<Switch272>
13
</Switch272>
<Switch273>
17
</Switch273>
<Switch274>
16
</Switch274>
<Switch275>
11
</Switch275>
<Switch276>
14
</Switch276>
<Switch277>
14
</Switch277>
<Switch278>
6
</Switch278>
<Switch279>
1
</Switch279>
<Switch280>
11
</Switch280>
<Switch281>
13
</Switch281>
<Switch282>
17
</Switch282>
<Switch283>
8
</Switch283>
<Switch284>
0
</Switch284>
<Switch285>
18
</Switch285>
<Switch286>
2
</Switch286>
<Switch287>
17
</Switch287>
<Switch288>
4
</Switch288>
<Switch289>
1
</Switch289>
<Switch290>
4
</Switch290>
<Switch291>
12
</Switch291>
<Switch292>
5
</Switch292>
<Switch293>
0
</Switch293>
<Switch294>
17
</Switch294>
<Switch295>
1
</Switch295>
<Switch296>
14
</Switch296>
<Switch297>
19
</Switch297>
<Switch298>
16
</Switch298>
<Switch299>
0
</Switch299>
<Switch300>
1
</Switch300>
<Switch301>
10
</Switch301>
<Switch302>
7
</Switch302>
<Switch303>
0
</Switch303>
<Switch304>
2
</Switch304>
<Switch305>
12
</Switch305>
<Switch306>
9
</Switch306>
<Switch307>
8
</Switch307>
<Switch308>
1
</Switch308>
<Switch309>
3
</Switch309>
<Switch310>
5
</Switch310>
<Switch311>
1
</Switch311>
<Switch312>
15
</Switch312>
<Switch313>
19
</Switch313>
<Switch314>
1
</Switch314>
<Switch315>
11
</Switch315>
<Switch316>
4
</Switch316>
<Switch317>
8
</Switch317>
<Switch318>
10
</Switch318>
<Switch319>
11
</Switch319>
<Switch320>
7
</Switch320>
<Switch321>
19
</Switch321>
<Switch322>
4
</Switch322>
<Switch323>
10
</Switch323>
<Switch324>
7
</Switch324>
<Switch325>
8
</Switch325>
<Switch326>
14
</Switch326>
<Switch327>
12
</Switch327>
<Switch328>
1
</Switch328>
<Switch329>
4
</Switch329>
<Switch330>
13
</Switch330>
<Switch331>
19
</Switch331>
<Switch332>
19
</Switch332>
<Switch333>
14
</Switch333>
<Switch334>
5
</Switch334>
<Switch335>
11
</Switch335>
<Switch336>
16
</Switch336>
<Switch337>
19
</Switch337>
<Switch338>
10
</Switch338>
<Switch339>
4
</Switch339>
<Switch340>
7
</Switch340>
<Switch341>
3
</Switch341>
<Switch342>
0
</Switch342>
<Switch343>
12
</Switch343>
<Switch344>
2
</Switch344>
<Switch345>
19
</Switch345>
<Switch346>
15
</Switch346>
<Switch347>
11
</Switch347>
<Switch348>
2
</Switch348>
<Switch349>
14
</Switch349>
<Switch350>
3
</Switch350>
<Switch351>
7
</Switch351>
<Switch352>
5
</Switch352>
<Switch353>
16
</Switch353>
<Switch354>
11
</Switch354>
<Switch355>
12
</Switch355>
<Switch356>
5
</Switch356>
<Switch357>
14
</Switch357>
<Switch358>
1
</Switch358>
<Switch359>
10
</Switch359>
<Switch360>
0
</Switch360>
<Switch361>
7
</Switch361>
<Switch362>
5
</Switch362>
<Switch363>
4
</Switch363>
<Switch364>
6
</Switch364>
<Switch365>
15
</Switch365>
<Switch366>
3
</Switch366>
<Switch367>
14
</Switch367>
<Switch368>
18
</Switch368>
<Switch369>
3
</Switch369>
<Switch370>
4
</Switch370>
<Switch371>
18
</Switch371>
<Switch372>
5
</Switch372>
<Switch373>
18
</Switch373>
<Switch374>
17
</Switch374>
<Switch375>
15
</Switch375>
<Switch376>
6
</Switch376>
<Switch377>
4
</Switch377>
<Switch378>
18
</Switch378>
<Switch379>
2
</Switch379>
<Switch380>
3
</Switch380>
<Switch381>
4
</Switch381>
<Switch382>
6
</Switch382>
<Switch383>
18
</Switch383>
<Switch384>
9
</Switch384>
<Switch385>
3
</Switch385>
<Switch386>
8
</Switch386>
<Switch387>
3
</Switch387>
<Switch388>
2
</Switch388>
<Switch389>
16
</Switch389>
<Switch390>
7
</Switch390>
<Switch391>
8
</Switch391>
<Switch392>
19
</Switch392>
<Switch393>
2
</Switch393>
<Switch394>
12
</Switch394>
<Switch395>
10
</Switch395>
<Switch396>
14
</Switch396>
<Switch397>
19
</Switch397>
<Switch398>
8
</Switch398>
<Switch399>
9
</Switch399>
<Switch400>
6
</Switch400>
<Switch401>
19
</Switch401>
<Switch402>
13
</Switch402>
<Switch403>
11
</Switch403>
<Switch404>
14
</Switch404>
<Switch405>
0
</Switch405>
<Switch406>
10
</Switch406>
<Switch407>
15
</Switch407>
<Switch408>
5
</Switch408>
<Switch409>
6
</Switch409>
<Switch410>
7
</Switch410>
<Switch411>
16
</Switch411>
<Switch412>
10
</Switch412>
<Switch413>
6
</Switch413>
<Switch414>
15
</Switch414>
<Switch415>
19
</Switch415>
<Switch416>
9
</Switch416>
<Switch417>
1
</Switch417>
<Switch418>
0
</Switch418>
<Switch419>
7
</Switch419>
<Switch420>
18
</Switch420>
<Switch421>
7
</Switch421>
<Switch422>
4
</Switch422>
<Switch423>
4
</Switch423>
<Switch424>
14
</Switch424>
<Switch425>
9
</Switch425>
<Switch426>
7
</Switch426>
<Switch427>
2
</Switch427>
<Switch428>
18
</Switch428>
<Switch429>
12
</Switch429>
<Switch430>
6
</Switch430>
<Switch431>
9
</Switch431>
<Switch432>
3
</Switch432>
<Switch433>
12
</Switch433>
<Switch434>
19
</Switch434>
<Switch435>
14
</Switch435>
<Switch436>
15
</Switch436>
<Switch437>
13
</Switch437>
<Switch438>
16
</Switch438>
<Switch439>
9
</Switch439>
<Switch440>
5
</Switch440>
<Switch441>
2
</Switch441>
<Switch442>
16
</Switch442>
<Switch443>
15
</Switch443>
<Switch444>
16
</Switch444>
<Switch445>
11
</Switch445>
<Switch446>
9
</Switch446>
<Switch447>
10
</Switch447>
<Switch448>
16
</Switch448>
<Switch449>
5
</Switch449>
<Switch450>
9
</Switch450>
<Switch451>
19
</Switch451>
<Switch452>
6
</Switch452>
<Switch453>
10
</Switch453>
<Switch454>
0
</Switch454>
<Switch455>
4
</Switch455>
<Switch456>
17
</Switch456>
<Switch457>
15
</Switch457>
<Switch458>
0
</Switch458>
<Switch459>
4
</Switch459>
<Switch460>
18
</Switch460>
<Switch461>
15
</Switch461>
<Switch462>
19
</Switch462>
<Switch463>
16
</Switch463>
<Switch464>
0
</Switch464>
<Switch465>
12
</Switch465>
<Switch466>
18
</Switch466>
<Switch467>
8
</Switch467>
<Switch468>
3
</Switch468>
<Switch469>
9
</Switch469>
<Switch470>
2
</Switch470>
<Switch471>
15
</Switch471>
<Switch472>
8
</Switch472>
<Switch473>
7
</Switch473>
<Switch474>
11
</Switch474>
<Switch475>
9
</Switch475>
<Switch476>
17
</Switch476>
<Switch477>
5
</Switch477>
<Switch478>
18
</Switch478>
<Switch479>
19
</Switch479>
<Switch480>
9
</Switch480>
<Switch481>
12
</Switch481>
<Switch482>
17
</Switch482>
<Switch483>
12
</Switch483>
<Switch484>
18
</Switch484>
<Switch485>
3
</Switch485>
<Switch486>
3
</Switch486>
<Switch487>
2
</Switch487>
<Switch488>
4
</Switch488>
<Switch489>
16
</Switch489>
<Switch490>
14
</Switch490>
<Switch491>
7
</Switch491>
<Switch492>
11
</Switch492>
<Switch493>
8
</Switch493>
<Switch494>
15
</Switch494>
<Switch495>
4
</Switch495>
<Switch496>
19
</Switch496>
<Switch497>
6
</Switch497>
<Switch498>
4
</Switch498>
<Switch499>
9
</Switch499>
<Switch500>
8
</Switch500>
<Switch501>
0
</Switch501>
<Switch502>
6
</Switch502>
<Switch503>
19
</Switch503>
<Switch504>
12
</Switch504>
<Switch505>
13
</Switch505>
<Switch506>
4
</Switch506>
<Switch507>
18
</Switch507>
<Switch508>
3
</Switch508>
<Switch509>
11
</Switch509>
<Switch510>
8
</Switch510>
<Switch511>
6
</Switch511>
<Switch512>
2
</Switch512>
<Switch513>
13
</Switch513>
<Switch514>
15
</Switch514>
<Switch515>
18
</Switch515>
<Switch516>
17
</Switch516>
<Switch517>
9
</Switch517>
<Switch518>
0
</Switch518>
<Switch519>
4
</Switch519>
<Switch520>
4
</Switch520>
<Switch521>
9
</Switch521>
<Switch522>
14
</Switch522>
<Switch523>
12
</Switch523>
<Switch524>
17
</Switch524>
<Switch525>
15
</Switch525>
<Switch526>
16
</Switch526>
<Switch527>
8
</Switch527>
<Switch528>
7
</Switch528>
<Switch529>
11
</Switch529>
<Switch530>
7
</Switch530>
<Switch531>
5
</Switch531>
<Switch532>
18
</Switch532>
<Switch533>
1
</Switch533>
<Switch534>
6
</Switch534>
<Switch535>
0
</Switch535>
<Switch536>
11
</Switch536>
<Switch537>
13
</Switch537>
<Switch538>
1
</Switch538>
<Switch539>
12
</Switch539>
<Switch540>
13
</Switch540>
<Switch541>
12
</Switch541>
<Switch542>
12
</Switch542>
<Switch543>
16
</Switch543>
<Switch544>
14
</Switch544>
<Switch545>
16
</Switch545>
<Switch546>
16
</Switch546>
<Switch547>
16
</Switch547>
<Switch548>
16
</Switch548>
<Switch549>
11
</Switch549>
<Switch550>
12
</Switch550>
<Switch551>
5
</Switch551>
<Switch552>
19
</Switch552>
<Switch553>
13
</Switch553>
<Switch554>
2
</Switch554>
<Switch555>
3
</Switch555>
<Switch556>
19
</Switch556>
<Switch557>
12
</Switch557>
<Switch558>
4
</Switch558>
<Switch559>
12
</Switch559>
<Switch560>
0
</Switch560>
<Switch561>
13
</Switch561>
<Switch562>
2
</Switch562>
<Switch563>
3
</Switch563>
<Switch564>
14
</Switch564>
<Switch565>
18
</Switch565>
<Switch566>
15
</Switch566>
<Switch567>
2
</Switch567>
<Switch568>
16
</Switch568>
<Switch569>
10
</Switch569>
<Switch570>
16
</Switch570>
<Switch571>
9
</Switch571>
<Switch572>
1
</Switch572>
<Switch573>
9
</Switch573>
<Switch574>
14
</Switch574>
<Switch575>
19
</Switch575>
<Switch576>
1
</Switch576>
<Switch577>
10
</Switch577>
<Switch578>
7
</Switch578>
<Switch579>
11
</Switch579>
<Switch580>
10
</Switch580>
<Switch581>
7
</Switch581>
<Switch582>
19
</Switch582>
<Switch583>
10
</Switch583>
</BaseID:223>
