<?xml version="1.0"?>

<BaseID:225>
<Switch1>
7
</Switch1>
<Switch2>
0
</Switch2>
<Switch3>
12
</Switch3>
<Switch4>
19
</Switch4>
<Switch5>
17
</Switch5>
<Switch6>
14
</Switch6>
<Switch7>
0
</Switch7>
<Switch8>
9
</Switch8>
<Switch9>
4
</Switch9>
<Switch10>
3
</Switch10>
<Switch11>
17
</Switch11>
<Switch12>
8
</Switch12>
<Switch13>
5
</Switch13>
<Switch14>
8
</Switch14>
<Switch15>
18
</Switch15>
<Switch16>
12
</Switch16>
<Switch17>
1
</Switch17>
<Switch18>
9
</Switch18>
<Switch19>
12
</Switch19>
<Switch20>
13
</Switch20>
<Switch21>
18
</Switch21>
<Switch22>
5
</Switch22>
<Switch23>
3
</Switch23>
<Switch24>
13
</Switch24>
<Switch25>
1
</Switch25>
<Switch26>
8
</Switch26>
<Switch27>
6
</Switch27>
<Switch28>
15
</Switch28>
<Switch29>
0
</Switch29>
<Switch30>
0
</Switch30>
<Switch31>
6
</Switch31>
<Switch32>
5
</Switch32>
<Switch33>
0
</Switch33>
<Switch34>
17
</Switch34>
<Switch35>
6
</Switch35>
<Switch36>
10
</Switch36>
<Switch37>
0
</Switch37>
<Switch38>
2
</Switch38>
<Switch39>
2
</Switch39>
<Switch40>
5
</Switch40>
<Switch41>
2
</Switch41>
<Switch42>
10
</Switch42>
<Switch43>
19
</Switch43>
<Switch44>
2
</Switch44>
<Switch45>
0
</Switch45>
<Switch46>
17
</Switch46>
<Switch47>
19
</Switch47>
<Switch48>
6
</Switch48>
<Switch49>
15
</Switch49>
<Switch50>
9
</Switch50>
<Switch51>
14
</Switch51>
<Switch52>
11
</Switch52>
<Switch53>
12
</Switch53>
<Switch54>
0
</Switch54>
<Switch55>
8
</Switch55>
<Switch56>
9
</Switch56>
<Switch57>
6
</Switch57>
<Switch58>
10
</Switch58>
<Switch59>
1
</Switch59>
<Switch60>
12
</Switch60>
<Switch61>
0
</Switch61>
<Switch62>
8
</Switch62>
<Switch63>
8
</Switch63>
<Switch64>
15
</Switch64>
<Switch65>
19
</Switch65>
<Switch66>
8
</Switch66>
<Switch67>
0
</Switch67>
<Switch68>
2
</Switch68>
<Switch69>
17
</Switch69>
<Switch70>
17
</Switch70>
<Switch71>
10
</Switch71>
<Switch72>
2
</Switch72>
<Switch73>
11
</Switch73>
<Switch74>
19
</Switch74>
<Switch75>
8
</Switch75>
<Switch76>
14
</Switch76>
<Switch77>
6
</Switch77>
<Switch78>
17
</Switch78>
<Switch79>
6
</Switch79>
<Switch80>
2
</Switch80>
<Switch81>
17
</Switch81>
<Switch82>
11
</Switch82>
<Switch83>
0
</Switch83>
<Switch84>
3
</Switch84>
<Switch85>
5
</Switch85>
<Switch86>
15
</Switch86>
<Switch87>
16
</Switch87>
<Switch88>
9
</Switch88>
<Switch89>
9
</Switch89>
<Switch90>
12
</Switch90>
<Switch91>
10
</Switch91>
<Switch92>
16
</Switch92>
<Switch93>
8
</Switch93>
<Switch94>
13
</Switch94>
<Switch95>
14
</Switch95>
<Switch96>
3
</Switch96>
<Switch97>
14
</Switch97>
<Switch98>
0
</Switch98>
<Switch99>
13
</Switch99>
<Switch100>
15
</Switch100>
<Switch101>
8
</Switch101>
<Switch102>
14
</Switch102>
<Switch103>
8
</Switch103>
<Switch104>
13
</Switch104>
<Switch105>
4
</Switch105>
<Switch106>
3
</Switch106>
<Switch107>
17
</Switch107>
<Switch108>
19
</Switch108>
<Switch109>
17
</Switch109>
<Switch110>
16
</Switch110>
<Switch111>
0
</Switch111>
<Switch112>
5
</Switch112>
<Switch113>
4
</Switch113>
<Switch114>
9
</Switch114>
<Switch115>
12
</Switch115>
<Switch116>
9
</Switch116>
<Switch117>
17
</Switch117>
<Switch118>
10
</Switch118>
<Switch119>
0
</Switch119>
<Switch120>
16
</Switch120>
<Switch121>
5
</Switch121>
<Switch122>
11
</Switch122>
<Switch123>
9
</Switch123>
<Switch124>
12
</Switch124>
<Switch125>
4
</Switch125>
<Switch126>
14
</Switch126>
<Switch127>
12
</Switch127>
<Switch128>
18
</Switch128>
<Switch129>
10
</Switch129>
<Switch130>
9
</Switch130>
<Switch131>
4
</Switch131>
<Switch132>
17
</Switch132>
<Switch133>
7
</Switch133>
<Switch134>
16
</Switch134>
<Switch135>
2
</Switch135>
<Switch136>
13
</Switch136>
<Switch137>
17
</Switch137>
<Switch138>
2
</Switch138>
<Switch139>
19
</Switch139>
<Switch140>
3
</Switch140>
<Switch141>
19
</Switch141>
<Switch142>
5
</Switch142>
<Switch143>
0
</Switch143>
<Switch144>
6
</Switch144>
<Switch145>
16
</Switch145>
<Switch146>
7
</Switch146>
<Switch147>
4
</Switch147>
<Switch148>
15
</Switch148>
<Switch149>
4
</Switch149>
<Switch150>
13
</Switch150>
<Switch151>
14
</Switch151>
<Switch152>
10
</Switch152>
<Switch153>
11
</Switch153>
<Switch154>
10
</Switch154>
<Switch155>
13
</Switch155>
<Switch156>
4
</Switch156>
<Switch157>
8
</Switch157>
<Switch158>
5
</Switch158>
<Switch159>
15
</Switch159>
<Switch160>
10
</Switch160>
<Switch161>
18
</Switch161>
<Switch162>
12
</Switch162>
<Switch163>
2
</Switch163>
<Switch164>
16
</Switch164>
<Switch165>
7
</Switch165>
<Switch166>
17
</Switch166>
<Switch167>
18
</Switch167>
<Switch168>
3
</Switch168>
<Switch169>
13
</Switch169>
<Switch170>
19
</Switch170>
<Switch171>
0
</Switch171>
<Switch172>
4
</Switch172>
<Switch173>
15
</Switch173>
<Switch174>
6
</Switch174>
<Switch175>
3
</Switch175>
<Switch176>
13
</Switch176>
<Switch177>
16
</Switch177>
<Switch178>
4
</Switch178>
<Switch179>
5
</Switch179>
<Switch180>
19
</Switch180>
<Switch181>
7
</Switch181>
<Switch182>
8
</Switch182>
<Switch183>
13
</Switch183>
<Switch184>
4
</Switch184>
<Switch185>
15
</Switch185>
<Switch186>
2
</Switch186>
<Switch187>
16
</Switch187>
<Switch188>
16
</Switch188>
<Switch189>
1
</Switch189>
<Switch190>
9
</Switch190>
<Switch191>
14
</Switch191>
<Switch192>
18
</Switch192>
<Switch193>
12
</Switch193>
<Switch194>
17
</Switch194>
<Switch195>
16
</Switch195>
<Switch196>
3
</Switch196>
<Switch197>
9
</Switch197>
<Switch198>
8
</Switch198>
<Switch199>
0
</Switch199>
</BaseID:225>
