<?xml version="1.0"?>

<BaseID:230>
<Switch1>
8
</Switch1>
<Switch2>
18
</Switch2>
<Switch3>
4
</Switch3>
<Switch4>
15
</Switch4>
<Switch5>
16
</Switch5>
<Switch6>
1
</Switch6>
<Switch7>
4
</Switch7>
<Switch8>
10
</Switch8>
<Switch9>
7
</Switch9>
<Switch10>
18
</Switch10>
<Switch11>
12
</Switch11>
<Switch12>
2
</Switch12>
<Switch13>
5
</Switch13>
<Switch14>
15
</Switch14>
<Switch15>
19
</Switch15>
<Switch16>
0
</Switch16>
<Switch17>
9
</Switch17>
<Switch18>
4
</Switch18>
<Switch19>
3
</Switch19>
<Switch20>
12
</Switch20>
<Switch21>
10
</Switch21>
<Switch22>
9
</Switch22>
<Switch23>
16
</Switch23>
<Switch24>
8
</Switch24>
<Switch25>
15
</Switch25>
<Switch26>
9
</Switch26>
<Switch27>
17
</Switch27>
<Switch28>
14
</Switch28>
<Switch29>
5
</Switch29>
<Switch30>
6
</Switch30>
<Switch31>
6
</Switch31>
<Switch32>
4
</Switch32>
<Switch33>
5
</Switch33>
<Switch34>
18
</Switch34>
<Switch35>
3
</Switch35>
<Switch36>
13
</Switch36>
<Switch37>
9
</Switch37>
<Switch38>
4
</Switch38>
<Switch39>
16
</Switch39>
<Switch40>
2
</Switch40>
<Switch41>
0
</Switch41>
<Switch42>
19
</Switch42>
<Switch43>
2
</Switch43>
<Switch44>
14
</Switch44>
<Switch45>
13
</Switch45>
<Switch46>
15
</Switch46>
<Switch47>
2
</Switch47>
<Switch48>
15
</Switch48>
<Switch49>
5
</Switch49>
<Switch50>
14
</Switch50>
<Switch51>
18
</Switch51>
<Switch52>
15
</Switch52>
<Switch53>
9
</Switch53>
<Switch54>
3
</Switch54>
<Switch55>
8
</Switch55>
<Switch56>
9
</Switch56>
<Switch57>
4
</Switch57>
<Switch58>
3
</Switch58>
<Switch59>
7
</Switch59>
<Switch60>
18
</Switch60>
<Switch61>
15
</Switch61>
<Switch62>
4
</Switch62>
<Switch63>
5
</Switch63>
<Switch64>
6
</Switch64>
<Switch65>
18
</Switch65>
<Switch66>
19
</Switch66>
<Switch67>
8
</Switch67>
<Switch68>
7
</Switch68>
<Switch69>
7
</Switch69>
<Switch70>
5
</Switch70>
<Switch71>
5
</Switch71>
<Switch72>
12
</Switch72>
<Switch73>
13
</Switch73>
<Switch74>
11
</Switch74>
<Switch75>
10
</Switch75>
<Switch76>
11
</Switch76>
<Switch77>
11
</Switch77>
<Switch78>
15
</Switch78>
<Switch79>
19
</Switch79>
<Switch80>
11
</Switch80>
<Switch81>
11
</Switch81>
<Switch82>
7
</Switch82>
<Switch83>
8
</Switch83>
<Switch84>
17
</Switch84>
<Switch85>
2
</Switch85>
<Switch86>
1
</Switch86>
<Switch87>
15
</Switch87>
<Switch88>
18
</Switch88>
<Switch89>
7
</Switch89>
<Switch90>
16
</Switch90>
<Switch91>
2
</Switch91>
<Switch92>
9
</Switch92>
<Switch93>
12
</Switch93>
<Switch94>
19
</Switch94>
<Switch95>
13
</Switch95>
<Switch96>
11
</Switch96>
<Switch97>
18
</Switch97>
<Switch98>
0
</Switch98>
<Switch99>
9
</Switch99>
<Switch100>
13
</Switch100>
<Switch101>
13
</Switch101>
<Switch102>
1
</Switch102>
<Switch103>
0
</Switch103>
<Switch104>
9
</Switch104>
<Switch105>
11
</Switch105>
<Switch106>
11
</Switch106>
<Switch107>
4
</Switch107>
<Switch108>
6
</Switch108>
<Switch109>
5
</Switch109>
<Switch110>
18
</Switch110>
<Switch111>
19
</Switch111>
<Switch112>
6
</Switch112>
<Switch113>
7
</Switch113>
<Switch114>
14
</Switch114>
<Switch115>
17
</Switch115>
<Switch116>
5
</Switch116>
<Switch117>
10
</Switch117>
<Switch118>
11
</Switch118>
<Switch119>
18
</Switch119>
<Switch120>
12
</Switch120>
<Switch121>
9
</Switch121>
<Switch122>
13
</Switch122>
<Switch123>
5
</Switch123>
<Switch124>
0
</Switch124>
<Switch125>
9
</Switch125>
<Switch126>
8
</Switch126>
<Switch127>
18
</Switch127>
<Switch128>
10
</Switch128>
<Switch129>
11
</Switch129>
<Switch130>
5
</Switch130>
<Switch131>
11
</Switch131>
<Switch132>
16
</Switch132>
<Switch133>
3
</Switch133>
<Switch134>
11
</Switch134>
<Switch135>
8
</Switch135>
<Switch136>
9
</Switch136>
<Switch137>
6
</Switch137>
<Switch138>
4
</Switch138>
<Switch139>
0
</Switch139>
<Switch140>
18
</Switch140>
<Switch141>
9
</Switch141>
<Switch142>
9
</Switch142>
<Switch143>
10
</Switch143>
<Switch144>
1
</Switch144>
<Switch145>
9
</Switch145>
<Switch146>
14
</Switch146>
<Switch147>
14
</Switch147>
<Switch148>
0
</Switch148>
<Switch149>
19
</Switch149>
<Switch150>
2
</Switch150>
<Switch151>
17
</Switch151>
<Switch152>
7
</Switch152>
<Switch153>
18
</Switch153>
<Switch154>
16
</Switch154>
<Switch155>
15
</Switch155>
<Switch156>
18
</Switch156>
<Switch157>
5
</Switch157>
<Switch158>
14
</Switch158>
<Switch159>
3
</Switch159>
<Switch160>
10
</Switch160>
<Switch161>
11
</Switch161>
<Switch162>
15
</Switch162>
<Switch163>
10
</Switch163>
<Switch164>
11
</Switch164>
<Switch165>
9
</Switch165>
<Switch166>
12
</Switch166>
<Switch167>
18
</Switch167>
<Switch168>
5
</Switch168>
<Switch169>
17
</Switch169>
<Switch170>
19
</Switch170>
<Switch171>
10
</Switch171>
<Switch172>
11
</Switch172>
<Switch173>
2
</Switch173>
<Switch174>
0
</Switch174>
<Switch175>
7
</Switch175>
<Switch176>
16
</Switch176>
<Switch177>
5
</Switch177>
<Switch178>
5
</Switch178>
<Switch179>
9
</Switch179>
<Switch180>
4
</Switch180>
<Switch181>
11
</Switch181>
<Switch182>
10
</Switch182>
<Switch183>
19
</Switch183>
<Switch184>
7
</Switch184>
<Switch185>
13
</Switch185>
<Switch186>
19
</Switch186>
<Switch187>
10
</Switch187>
<Switch188>
11
</Switch188>
<Switch189>
16
</Switch189>
<Switch190>
6
</Switch190>
<Switch191>
1
</Switch191>
<Switch192>
5
</Switch192>
<Switch193>
19
</Switch193>
<Switch194>
4
</Switch194>
<Switch195>
14
</Switch195>
<Switch196>
2
</Switch196>
<Switch197>
0
</Switch197>
<Switch198>
8
</Switch198>
<Switch199>
10
</Switch199>
<Switch200>
7
</Switch200>
<Switch201>
10
</Switch201>
<Switch202>
2
</Switch202>
<Switch203>
14
</Switch203>
<Switch204>
2
</Switch204>
<Switch205>
16
</Switch205>
<Switch206>
19
</Switch206>
<Switch207>
6
</Switch207>
<Switch208>
3
</Switch208>
<Switch209>
10
</Switch209>
<Switch210>
6
</Switch210>
<Switch211>
11
</Switch211>
<Switch212>
16
</Switch212>
<Switch213>
14
</Switch213>
<Switch214>
11
</Switch214>
<Switch215>
9
</Switch215>
<Switch216>
8
</Switch216>
<Switch217>
16
</Switch217>
<Switch218>
16
</Switch218>
<Switch219>
5
</Switch219>
<Switch220>
16
</Switch220>
<Switch221>
2
</Switch221>
<Switch222>
0
</Switch222>
<Switch223>
19
</Switch223>
<Switch224>
5
</Switch224>
<Switch225>
2
</Switch225>
<Switch226>
10
</Switch226>
<Switch227>
8
</Switch227>
<Switch228>
2
</Switch228>
<Switch229>
10
</Switch229>
<Switch230>
6
</Switch230>
<Switch231>
10
</Switch231>
<Switch232>
19
</Switch232>
<Switch233>
7
</Switch233>
<Switch234>
7
</Switch234>
<Switch235>
9
</Switch235>
<Switch236>
6
</Switch236>
<Switch237>
8
</Switch237>
<Switch238>
5
</Switch238>
<Switch239>
4
</Switch239>
<Switch240>
5
</Switch240>
<Switch241>
5
</Switch241>
<Switch242>
2
</Switch242>
<Switch243>
5
</Switch243>
<Switch244>
13
</Switch244>
<Switch245>
18
</Switch245>
<Switch246>
16
</Switch246>
<Switch247>
14
</Switch247>
<Switch248>
6
</Switch248>
<Switch249>
1
</Switch249>
<Switch250>
1
</Switch250>
<Switch251>
3
</Switch251>
<Switch252>
9
</Switch252>
<Switch253>
0
</Switch253>
<Switch254>
0
</Switch254>
<Switch255>
18
</Switch255>
<Switch256>
15
</Switch256>
<Switch257>
2
</Switch257>
<Switch258>
4
</Switch258>
<Switch259>
10
</Switch259>
<Switch260>
7
</Switch260>
<Switch261>
18
</Switch261>
<Switch262>
19
</Switch262>
<Switch263>
9
</Switch263>
<Switch264>
3
</Switch264>
<Switch265>
17
</Switch265>
<Switch266>
1
</Switch266>
<Switch267>
9
</Switch267>
<Switch268>
12
</Switch268>
<Switch269>
9
</Switch269>
<Switch270>
7
</Switch270>
<Switch271>
1
</Switch271>
<Switch272>
0
</Switch272>
<Switch273>
10
</Switch273>
<Switch274>
7
</Switch274>
<Switch275>
5
</Switch275>
<Switch276>
9
</Switch276>
<Switch277>
17
</Switch277>
<Switch278>
14
</Switch278>
<Switch279>
3
</Switch279>
<Switch280>
13
</Switch280>
<Switch281>
17
</Switch281>
<Switch282>
5
</Switch282>
<Switch283>
6
</Switch283>
<Switch284>
5
</Switch284>
<Switch285>
17
</Switch285>
<Switch286>
13
</Switch286>
<Switch287>
17
</Switch287>
<Switch288>
7
</Switch288>
<Switch289>
1
</Switch289>
<Switch290>
14
</Switch290>
<Switch291>
2
</Switch291>
<Switch292>
4
</Switch292>
<Switch293>
13
</Switch293>
<Switch294>
19
</Switch294>
<Switch295>
13
</Switch295>
<Switch296>
6
</Switch296>
<Switch297>
16
</Switch297>
<Switch298>
16
</Switch298>
<Switch299>
11
</Switch299>
<Switch300>
11
</Switch300>
<Switch301>
15
</Switch301>
<Switch302>
16
</Switch302>
<Switch303>
8
</Switch303>
<Switch304>
19
</Switch304>
<Switch305>
16
</Switch305>
<Switch306>
2
</Switch306>
<Switch307>
8
</Switch307>
<Switch308>
8
</Switch308>
<Switch309>
14
</Switch309>
<Switch310>
4
</Switch310>
<Switch311>
3
</Switch311>
<Switch312>
13
</Switch312>
<Switch313>
19
</Switch313>
<Switch314>
0
</Switch314>
<Switch315>
1
</Switch315>
<Switch316>
4
</Switch316>
<Switch317>
2
</Switch317>
<Switch318>
3
</Switch318>
<Switch319>
13
</Switch319>
<Switch320>
1
</Switch320>
<Switch321>
8
</Switch321>
<Switch322>
4
</Switch322>
<Switch323>
10
</Switch323>
<Switch324>
9
</Switch324>
<Switch325>
17
</Switch325>
<Switch326>
17
</Switch326>
<Switch327>
7
</Switch327>
<Switch328>
4
</Switch328>
<Switch329>
19
</Switch329>
<Switch330>
4
</Switch330>
<Switch331>
3
</Switch331>
<Switch332>
15
</Switch332>
<Switch333>
10
</Switch333>
<Switch334>
1
</Switch334>
<Switch335>
13
</Switch335>
<Switch336>
17
</Switch336>
<Switch337>
5
</Switch337>
<Switch338>
0
</Switch338>
<Switch339>
19
</Switch339>
<Switch340>
17
</Switch340>
<Switch341>
18
</Switch341>
<Switch342>
15
</Switch342>
<Switch343>
11
</Switch343>
<Switch344>
5
</Switch344>
<Switch345>
1
</Switch345>
<Switch346>
7
</Switch346>
<Switch347>
16
</Switch347>
<Switch348>
2
</Switch348>
<Switch349>
9
</Switch349>
<Switch350>
0
</Switch350>
<Switch351>
5
</Switch351>
<Switch352>
1
</Switch352>
<Switch353>
7
</Switch353>
<Switch354>
18
</Switch354>
<Switch355>
19
</Switch355>
<Switch356>
14
</Switch356>
<Switch357>
13
</Switch357>
<Switch358>
2
</Switch358>
<Switch359>
6
</Switch359>
<Switch360>
8
</Switch360>
<Switch361>
4
</Switch361>
<Switch362>
18
</Switch362>
<Switch363>
10
</Switch363>
<Switch364>
13
</Switch364>
<Switch365>
19
</Switch365>
<Switch366>
6
</Switch366>
<Switch367>
13
</Switch367>
<Switch368>
0
</Switch368>
<Switch369>
11
</Switch369>
<Switch370>
8
</Switch370>
<Switch371>
0
</Switch371>
<Switch372>
8
</Switch372>
<Switch373>
19
</Switch373>
<Switch374>
3
</Switch374>
<Switch375>
3
</Switch375>
<Switch376>
15
</Switch376>
<Switch377>
5
</Switch377>
<Switch378>
8
</Switch378>
<Switch379>
6
</Switch379>
<Switch380>
16
</Switch380>
<Switch381>
16
</Switch381>
<Switch382>
2
</Switch382>
<Switch383>
2
</Switch383>
<Switch384>
19
</Switch384>
<Switch385>
9
</Switch385>
<Switch386>
1
</Switch386>
<Switch387>
10
</Switch387>
<Switch388>
12
</Switch388>
<Switch389>
5
</Switch389>
<Switch390>
1
</Switch390>
<Switch391>
10
</Switch391>
<Switch392>
12
</Switch392>
<Switch393>
5
</Switch393>
<Switch394>
9
</Switch394>
<Switch395>
18
</Switch395>
<Switch396>
16
</Switch396>
<Switch397>
1
</Switch397>
<Switch398>
14
</Switch398>
<Switch399>
0
</Switch399>
<Switch400>
18
</Switch400>
<Switch401>
11
</Switch401>
<Switch402>
18
</Switch402>
<Switch403>
13
</Switch403>
<Switch404>
6
</Switch404>
<Switch405>
19
</Switch405>
<Switch406>
11
</Switch406>
<Switch407>
10
</Switch407>
<Switch408>
5
</Switch408>
<Switch409>
4
</Switch409>
<Switch410>
5
</Switch410>
<Switch411>
5
</Switch411>
<Switch412>
18
</Switch412>
<Switch413>
18
</Switch413>
<Switch414>
14
</Switch414>
<Switch415>
8
</Switch415>
<Switch416>
15
</Switch416>
<Switch417>
16
</Switch417>
<Switch418>
15
</Switch418>
<Switch419>
17
</Switch419>
<Switch420>
19
</Switch420>
<Switch421>
18
</Switch421>
<Switch422>
8
</Switch422>
<Switch423>
17
</Switch423>
<Switch424>
14
</Switch424>
<Switch425>
19
</Switch425>
<Switch426>
0
</Switch426>
<Switch427>
13
</Switch427>
<Switch428>
17
</Switch428>
<Switch429>
0
</Switch429>
<Switch430>
2
</Switch430>
<Switch431>
13
</Switch431>
<Switch432>
8
</Switch432>
<Switch433>
8
</Switch433>
<Switch434>
14
</Switch434>
<Switch435>
12
</Switch435>
<Switch436>
10
</Switch436>
<Switch437>
13
</Switch437>
<Switch438>
5
</Switch438>
<Switch439>
4
</Switch439>
<Switch440>
0
</Switch440>
<Switch441>
18
</Switch441>
<Switch442>
13
</Switch442>
<Switch443>
16
</Switch443>
<Switch444>
3
</Switch444>
<Switch445>
4
</Switch445>
<Switch446>
11
</Switch446>
<Switch447>
13
</Switch447>
<Switch448>
0
</Switch448>
<Switch449>
18
</Switch449>
<Switch450>
10
</Switch450>
<Switch451>
18
</Switch451>
<Switch452>
5
</Switch452>
<Switch453>
11
</Switch453>
<Switch454>
5
</Switch454>
<Switch455>
16
</Switch455>
<Switch456>
3
</Switch456>
<Switch457>
1
</Switch457>
<Switch458>
1
</Switch458>
<Switch459>
17
</Switch459>
<Switch460>
7
</Switch460>
<Switch461>
5
</Switch461>
<Switch462>
18
</Switch462>
<Switch463>
5
</Switch463>
<Switch464>
14
</Switch464>
<Switch465>
8
</Switch465>
<Switch466>
13
</Switch466>
<Switch467>
3
</Switch467>
<Switch468>
8
</Switch468>
<Switch469>
18
</Switch469>
<Switch470>
10
</Switch470>
<Switch471>
10
</Switch471>
<Switch472>
1
</Switch472>
<Switch473>
18
</Switch473>
<Switch474>
8
</Switch474>
<Switch475>
7
</Switch475>
<Switch476>
7
</Switch476>
<Switch477>
12
</Switch477>
<Switch478>
10
</Switch478>
<Switch479>
4
</Switch479>
<Switch480>
12
</Switch480>
<Switch481>
8
</Switch481>
<Switch482>
17
</Switch482>
<Switch483>
12
</Switch483>
<Switch484>
9
</Switch484>
<Switch485>
12
</Switch485>
<Switch486>
0
</Switch486>
<Switch487>
18
</Switch487>
<Switch488>
15
</Switch488>
<Switch489>
17
</Switch489>
<Switch490>
11
</Switch490>
<Switch491>
3
</Switch491>
<Switch492>
6
</Switch492>
<Switch493>
11
</Switch493>
<Switch494>
5
</Switch494>
<Switch495>
3
</Switch495>
<Switch496>
16
</Switch496>
<Switch497>
9
</Switch497>
<Switch498>
5
</Switch498>
<Switch499>
0
</Switch499>
<Switch500>
1
</Switch500>
<Switch501>
13
</Switch501>
<Switch502>
1
</Switch502>
<Switch503>
7
</Switch503>
<Switch504>
18
</Switch504>
<Switch505>
18
</Switch505>
<Switch506>
10
</Switch506>
<Switch507>
6
</Switch507>
<Switch508>
14
</Switch508>
<Switch509>
16
</Switch509>
<Switch510>
15
</Switch510>
<Switch511>
15
</Switch511>
<Switch512>
13
</Switch512>
<Switch513>
13
</Switch513>
<Switch514>
12
</Switch514>
<Switch515>
18
</Switch515>
<Switch516>
16
</Switch516>
<Switch517>
9
</Switch517>
<Switch518>
2
</Switch518>
<Switch519>
16
</Switch519>
<Switch520>
18
</Switch520>
<Switch521>
13
</Switch521>
<Switch522>
18
</Switch522>
<Switch523>
12
</Switch523>
<Switch524>
15
</Switch524>
<Switch525>
10
</Switch525>
<Switch526>
8
</Switch526>
<Switch527>
12
</Switch527>
<Switch528>
2
</Switch528>
<Switch529>
8
</Switch529>
<Switch530>
16
</Switch530>
<Switch531>
9
</Switch531>
<Switch532>
4
</Switch532>
<Switch533>
10
</Switch533>
<Switch534>
4
</Switch534>
<Switch535>
0
</Switch535>
<Switch536>
16
</Switch536>
<Switch537>
16
</Switch537>
<Switch538>
11
</Switch538>
<Switch539>
17
</Switch539>
<Switch540>
2
</Switch540>
<Switch541>
7
</Switch541>
<Switch542>
9
</Switch542>
<Switch543>
11
</Switch543>
<Switch544>
5
</Switch544>
<Switch545>
15
</Switch545>
<Switch546>
7
</Switch546>
<Switch547>
10
</Switch547>
<Switch548>
4
</Switch548>
<Switch549>
7
</Switch549>
<Switch550>
15
</Switch550>
<Switch551>
13
</Switch551>
<Switch552>
4
</Switch552>
<Switch553>
6
</Switch553>
<Switch554>
19
</Switch554>
<Switch555>
14
</Switch555>
<Switch556>
1
</Switch556>
<Switch557>
18
</Switch557>
<Switch558>
15
</Switch558>
<Switch559>
11
</Switch559>
<Switch560>
8
</Switch560>
<Switch561>
9
</Switch561>
<Switch562>
16
</Switch562>
<Switch563>
13
</Switch563>
<Switch564>
18
</Switch564>
<Switch565>
1
</Switch565>
<Switch566>
16
</Switch566>
<Switch567>
13
</Switch567>
<Switch568>
19
</Switch568>
<Switch569>
1
</Switch569>
<Switch570>
16
</Switch570>
<Switch571>
8
</Switch571>
<Switch572>
0
</Switch572>
<Switch573>
6
</Switch573>
<Switch574>
9
</Switch574>
<Switch575>
11
</Switch575>
<Switch576>
14
</Switch576>
<Switch577>
0
</Switch577>
<Switch578>
18
</Switch578>
<Switch579>
18
</Switch579>
<Switch580>
17
</Switch580>
<Switch581>
17
</Switch581>
<Switch582>
15
</Switch582>
<Switch583>
18
</Switch583>
<Switch584>
9
</Switch584>
<Switch585>
12
</Switch585>
<Switch586>
16
</Switch586>
<Switch587>
3
</Switch587>
<Switch588>
5
</Switch588>
<Switch589>
12
</Switch589>
<Switch590>
6
</Switch590>
<Switch591>
9
</Switch591>
<Switch592>
6
</Switch592>
<Switch593>
4
</Switch593>
<Switch594>
11
</Switch594>
<Switch595>
7
</Switch595>
<Switch596>
6
</Switch596>
<Switch597>
19
</Switch597>
<Switch598>
4
</Switch598>
<Switch599>
9
</Switch599>
<Switch600>
19
</Switch600>
<Switch601>
16
</Switch601>
<Switch602>
11
</Switch602>
<Switch603>
19
</Switch603>
<Switch604>
10
</Switch604>
<Switch605>
16
</Switch605>
<Switch606>
15
</Switch606>
<Switch607>
3
</Switch607>
<Switch608>
5
</Switch608>
<Switch609>
17
</Switch609>
<Switch610>
10
</Switch610>
<Switch611>
0
</Switch611>
<Switch612>
18
</Switch612>
<Switch613>
15
</Switch613>
<Switch614>
9
</Switch614>
<Switch615>
18
</Switch615>
<Switch616>
9
</Switch616>
<Switch617>
7
</Switch617>
<Switch618>
7
</Switch618>
<Switch619>
6
</Switch619>
<Switch620>
2
</Switch620>
<Switch621>
3
</Switch621>
<Switch622>
12
</Switch622>
<Switch623>
17
</Switch623>
<Switch624>
7
</Switch624>
<Switch625>
8
</Switch625>
<Switch626>
17
</Switch626>
<Switch627>
17
</Switch627>
<Switch628>
17
</Switch628>
<Switch629>
15
</Switch629>
<Switch630>
1
</Switch630>
<Switch631>
13
</Switch631>
<Switch632>
19
</Switch632>
<Switch633>
7
</Switch633>
<Switch634>
10
</Switch634>
<Switch635>
2
</Switch635>
<Switch636>
19
</Switch636>
<Switch637>
5
</Switch637>
<Switch638>
2
</Switch638>
<Switch639>
4
</Switch639>
<Switch640>
6
</Switch640>
<Switch641>
2
</Switch641>
<Switch642>
14
</Switch642>
<Switch643>
19
</Switch643>
<Switch644>
11
</Switch644>
<Switch645>
2
</Switch645>
<Switch646>
10
</Switch646>
<Switch647>
19
</Switch647>
<Switch648>
16
</Switch648>
<Switch649>
2
</Switch649>
<Switch650>
7
</Switch650>
<Switch651>
18
</Switch651>
<Switch652>
0
</Switch652>
<Switch653>
19
</Switch653>
<Switch654>
13
</Switch654>
<Switch655>
8
</Switch655>
<Switch656>
17
</Switch656>
<Switch657>
10
</Switch657>
<Switch658>
16
</Switch658>
<Switch659>
6
</Switch659>
<Switch660>
14
</Switch660>
<Switch661>
17
</Switch661>
<Switch662>
15
</Switch662>
<Switch663>
4
</Switch663>
<Switch664>
17
</Switch664>
<Switch665>
16
</Switch665>
<Switch666>
8
</Switch666>
<Switch667>
2
</Switch667>
<Switch668>
4
</Switch668>
<Switch669>
5
</Switch669>
<Switch670>
3
</Switch670>
<Switch671>
2
</Switch671>
<Switch672>
5
</Switch672>
<Switch673>
2
</Switch673>
<Switch674>
9
</Switch674>
<Switch675>
15
</Switch675>
<Switch676>
16
</Switch676>
<Switch677>
5
</Switch677>
<Switch678>
17
</Switch678>
<Switch679>
17
</Switch679>
<Switch680>
1
</Switch680>
<Switch681>
10
</Switch681>
<Switch682>
16
</Switch682>
<Switch683>
13
</Switch683>
<Switch684>
8
</Switch684>
<Switch685>
9
</Switch685>
<Switch686>
18
</Switch686>
<Switch687>
10
</Switch687>
<Switch688>
14
</Switch688>
<Switch689>
10
</Switch689>
<Switch690>
9
</Switch690>
<Switch691>
14
</Switch691>
<Switch692>
13
</Switch692>
<Switch693>
9
</Switch693>
<Switch694>
17
</Switch694>
<Switch695>
15
</Switch695>
<Switch696>
15
</Switch696>
<Switch697>
8
</Switch697>
<Switch698>
1
</Switch698>
<Switch699>
9
</Switch699>
<Switch700>
16
</Switch700>
<Switch701>
5
</Switch701>
<Switch702>
6
</Switch702>
<Switch703>
16
</Switch703>
<Switch704>
6
</Switch704>
<Switch705>
11
</Switch705>
<Switch706>
13
</Switch706>
<Switch707>
15
</Switch707>
<Switch708>
2
</Switch708>
<Switch709>
4
</Switch709>
<Switch710>
4
</Switch710>
</BaseID:230>
