<?xml version="1.0"?>

<BaseID:234>
<Switch1>
13
</Switch1>
<Switch2>
9
</Switch2>
<Switch3>
17
</Switch3>
<Switch4>
17
</Switch4>
<Switch5>
17
</Switch5>
<Switch6>
1
</Switch6>
<Switch7>
7
</Switch7>
<Switch8>
12
</Switch8>
<Switch9>
7
</Switch9>
<Switch10>
16
</Switch10>
<Switch11>
9
</Switch11>
<Switch12>
16
</Switch12>
<Switch13>
14
</Switch13>
<Switch14>
12
</Switch14>
<Switch15>
2
</Switch15>
<Switch16>
8
</Switch16>
<Switch17>
2
</Switch17>
<Switch18>
3
</Switch18>
<Switch19>
19
</Switch19>
<Switch20>
8
</Switch20>
<Switch21>
17
</Switch21>
<Switch22>
11
</Switch22>
<Switch23>
6
</Switch23>
<Switch24>
8
</Switch24>
<Switch25>
8
</Switch25>
<Switch26>
11
</Switch26>
<Switch27>
6
</Switch27>
<Switch28>
3
</Switch28>
<Switch29>
13
</Switch29>
<Switch30>
13
</Switch30>
<Switch31>
18
</Switch31>
<Switch32>
1
</Switch32>
<Switch33>
5
</Switch33>
<Switch34>
9
</Switch34>
<Switch35>
4
</Switch35>
<Switch36>
9
</Switch36>
<Switch37>
0
</Switch37>
<Switch38>
17
</Switch38>
<Switch39>
6
</Switch39>
<Switch40>
11
</Switch40>
<Switch41>
18
</Switch41>
<Switch42>
6
</Switch42>
<Switch43>
7
</Switch43>
<Switch44>
6
</Switch44>
<Switch45>
6
</Switch45>
<Switch46>
0
</Switch46>
<Switch47>
16
</Switch47>
<Switch48>
18
</Switch48>
<Switch49>
10
</Switch49>
<Switch50>
18
</Switch50>
<Switch51>
15
</Switch51>
<Switch52>
0
</Switch52>
<Switch53>
2
</Switch53>
<Switch54>
13
</Switch54>
<Switch55>
14
</Switch55>
<Switch56>
11
</Switch56>
<Switch57>
6
</Switch57>
<Switch58>
7
</Switch58>
<Switch59>
5
</Switch59>
<Switch60>
7
</Switch60>
<Switch61>
11
</Switch61>
<Switch62>
0
</Switch62>
<Switch63>
14
</Switch63>
<Switch64>
17
</Switch64>
<Switch65>
6
</Switch65>
<Switch66>
1
</Switch66>
<Switch67>
1
</Switch67>
<Switch68>
19
</Switch68>
<Switch69>
12
</Switch69>
<Switch70>
13
</Switch70>
<Switch71>
4
</Switch71>
<Switch72>
14
</Switch72>
<Switch73>
6
</Switch73>
<Switch74>
13
</Switch74>
<Switch75>
9
</Switch75>
<Switch76>
10
</Switch76>
<Switch77>
8
</Switch77>
<Switch78>
8
</Switch78>
<Switch79>
2
</Switch79>
<Switch80>
13
</Switch80>
<Switch81>
2
</Switch81>
<Switch82>
0
</Switch82>
<Switch83>
3
</Switch83>
<Switch84>
16
</Switch84>
<Switch85>
10
</Switch85>
<Switch86>
9
</Switch86>
<Switch87>
11
</Switch87>
<Switch88>
3
</Switch88>
<Switch89>
13
</Switch89>
<Switch90>
15
</Switch90>
<Switch91>
14
</Switch91>
<Switch92>
12
</Switch92>
<Switch93>
18
</Switch93>
<Switch94>
2
</Switch94>
<Switch95>
19
</Switch95>
<Switch96>
12
</Switch96>
<Switch97>
0
</Switch97>
<Switch98>
14
</Switch98>
<Switch99>
9
</Switch99>
<Switch100>
14
</Switch100>
<Switch101>
9
</Switch101>
<Switch102>
1
</Switch102>
<Switch103>
4
</Switch103>
<Switch104>
9
</Switch104>
<Switch105>
0
</Switch105>
<Switch106>
15
</Switch106>
<Switch107>
18
</Switch107>
<Switch108>
5
</Switch108>
<Switch109>
5
</Switch109>
<Switch110>
17
</Switch110>
<Switch111>
4
</Switch111>
<Switch112>
9
</Switch112>
<Switch113>
19
</Switch113>
<Switch114>
14
</Switch114>
<Switch115>
15
</Switch115>
<Switch116>
8
</Switch116>
<Switch117>
10
</Switch117>
<Switch118>
10
</Switch118>
<Switch119>
12
</Switch119>
<Switch120>
2
</Switch120>
<Switch121>
15
</Switch121>
<Switch122>
19
</Switch122>
<Switch123>
0
</Switch123>
<Switch124>
6
</Switch124>
<Switch125>
5
</Switch125>
<Switch126>
11
</Switch126>
<Switch127>
18
</Switch127>
<Switch128>
18
</Switch128>
<Switch129>
15
</Switch129>
<Switch130>
17
</Switch130>
<Switch131>
11
</Switch131>
<Switch132>
19
</Switch132>
<Switch133>
16
</Switch133>
<Switch134>
12
</Switch134>
<Switch135>
3
</Switch135>
<Switch136>
12
</Switch136>
<Switch137>
7
</Switch137>
<Switch138>
7
</Switch138>
<Switch139>
17
</Switch139>
<Switch140>
6
</Switch140>
<Switch141>
19
</Switch141>
<Switch142>
6
</Switch142>
<Switch143>
5
</Switch143>
<Switch144>
6
</Switch144>
<Switch145>
12
</Switch145>
<Switch146>
2
</Switch146>
<Switch147>
3
</Switch147>
<Switch148>
11
</Switch148>
<Switch149>
1
</Switch149>
<Switch150>
4
</Switch150>
<Switch151>
5
</Switch151>
<Switch152>
10
</Switch152>
<Switch153>
13
</Switch153>
<Switch154>
0
</Switch154>
<Switch155>
14
</Switch155>
<Switch156>
4
</Switch156>
<Switch157>
16
</Switch157>
<Switch158>
14
</Switch158>
<Switch159>
2
</Switch159>
<Switch160>
3
</Switch160>
<Switch161>
7
</Switch161>
<Switch162>
16
</Switch162>
<Switch163>
10
</Switch163>
<Switch164>
9
</Switch164>
<Switch165>
12
</Switch165>
<Switch166>
3
</Switch166>
<Switch167>
4
</Switch167>
<Switch168>
14
</Switch168>
<Switch169>
17
</Switch169>
<Switch170>
13
</Switch170>
<Switch171>
4
</Switch171>
<Switch172>
17
</Switch172>
<Switch173>
12
</Switch173>
<Switch174>
12
</Switch174>
<Switch175>
14
</Switch175>
<Switch176>
8
</Switch176>
<Switch177>
0
</Switch177>
<Switch178>
14
</Switch178>
<Switch179>
11
</Switch179>
<Switch180>
1
</Switch180>
<Switch181>
19
</Switch181>
<Switch182>
9
</Switch182>
<Switch183>
7
</Switch183>
<Switch184>
0
</Switch184>
<Switch185>
7
</Switch185>
<Switch186>
17
</Switch186>
<Switch187>
14
</Switch187>
<Switch188>
14
</Switch188>
<Switch189>
8
</Switch189>
<Switch190>
12
</Switch190>
<Switch191>
16
</Switch191>
<Switch192>
10
</Switch192>
<Switch193>
7
</Switch193>
<Switch194>
17
</Switch194>
<Switch195>
0
</Switch195>
<Switch196>
5
</Switch196>
<Switch197>
13
</Switch197>
<Switch198>
18
</Switch198>
<Switch199>
8
</Switch199>
<Switch200>
9
</Switch200>
<Switch201>
16
</Switch201>
<Switch202>
9
</Switch202>
<Switch203>
10
</Switch203>
<Switch204>
3
</Switch204>
<Switch205>
19
</Switch205>
<Switch206>
15
</Switch206>
<Switch207>
10
</Switch207>
<Switch208>
2
</Switch208>
<Switch209>
14
</Switch209>
<Switch210>
5
</Switch210>
<Switch211>
0
</Switch211>
<Switch212>
19
</Switch212>
<Switch213>
4
</Switch213>
<Switch214>
3
</Switch214>
<Switch215>
14
</Switch215>
<Switch216>
4
</Switch216>
<Switch217>
12
</Switch217>
<Switch218>
14
</Switch218>
<Switch219>
11
</Switch219>
<Switch220>
13
</Switch220>
<Switch221>
4
</Switch221>
<Switch222>
16
</Switch222>
<Switch223>
3
</Switch223>
<Switch224>
5
</Switch224>
<Switch225>
4
</Switch225>
<Switch226>
7
</Switch226>
<Switch227>
19
</Switch227>
<Switch228>
13
</Switch228>
<Switch229>
16
</Switch229>
<Switch230>
0
</Switch230>
<Switch231>
6
</Switch231>
<Switch232>
11
</Switch232>
<Switch233>
1
</Switch233>
<Switch234>
12
</Switch234>
<Switch235>
2
</Switch235>
<Switch236>
12
</Switch236>
<Switch237>
5
</Switch237>
<Switch238>
10
</Switch238>
<Switch239>
6
</Switch239>
<Switch240>
10
</Switch240>
<Switch241>
7
</Switch241>
<Switch242>
7
</Switch242>
<Switch243>
8
</Switch243>
<Switch244>
4
</Switch244>
<Switch245>
13
</Switch245>
<Switch246>
14
</Switch246>
<Switch247>
1
</Switch247>
<Switch248>
2
</Switch248>
<Switch249>
10
</Switch249>
<Switch250>
15
</Switch250>
<Switch251>
17
</Switch251>
<Switch252>
12
</Switch252>
<Switch253>
16
</Switch253>
<Switch254>
19
</Switch254>
<Switch255>
8
</Switch255>
<Switch256>
19
</Switch256>
<Switch257>
6
</Switch257>
<Switch258>
10
</Switch258>
<Switch259>
17
</Switch259>
<Switch260>
0
</Switch260>
<Switch261>
0
</Switch261>
<Switch262>
10
</Switch262>
</BaseID:234>
