<?xml version="1.0"?>

<BaseID:239>
<Switch1>
13
</Switch1>
<Switch2>
12
</Switch2>
<Switch3>
6
</Switch3>
<Switch4>
3
</Switch4>
<Switch5>
0
</Switch5>
<Switch6>
10
</Switch6>
<Switch7>
12
</Switch7>
<Switch8>
3
</Switch8>
<Switch9>
10
</Switch9>
<Switch10>
13
</Switch10>
<Switch11>
1
</Switch11>
<Switch12>
6
</Switch12>
<Switch13>
11
</Switch13>
<Switch14>
16
</Switch14>
<Switch15>
17
</Switch15>
<Switch16>
12
</Switch16>
<Switch17>
1
</Switch17>
<Switch18>
16
</Switch18>
<Switch19>
1
</Switch19>
<Switch20>
14
</Switch20>
<Switch21>
1
</Switch21>
<Switch22>
17
</Switch22>
<Switch23>
0
</Switch23>
<Switch24>
1
</Switch24>
<Switch25>
8
</Switch25>
<Switch26>
16
</Switch26>
<Switch27>
11
</Switch27>
<Switch28>
13
</Switch28>
<Switch29>
8
</Switch29>
<Switch30>
5
</Switch30>
<Switch31>
19
</Switch31>
<Switch32>
4
</Switch32>
<Switch33>
7
</Switch33>
<Switch34>
12
</Switch34>
<Switch35>
6
</Switch35>
<Switch36>
12
</Switch36>
<Switch37>
4
</Switch37>
<Switch38>
3
</Switch38>
<Switch39>
10
</Switch39>
<Switch40>
19
</Switch40>
<Switch41>
14
</Switch41>
<Switch42>
7
</Switch42>
<Switch43>
6
</Switch43>
<Switch44>
8
</Switch44>
<Switch45>
1
</Switch45>
<Switch46>
16
</Switch46>
<Switch47>
15
</Switch47>
<Switch48>
5
</Switch48>
<Switch49>
14
</Switch49>
<Switch50>
0
</Switch50>
<Switch51>
2
</Switch51>
<Switch52>
17
</Switch52>
<Switch53>
11
</Switch53>
<Switch54>
0
</Switch54>
<Switch55>
5
</Switch55>
<Switch56>
12
</Switch56>
<Switch57>
13
</Switch57>
<Switch58>
2
</Switch58>
<Switch59>
15
</Switch59>
<Switch60>
18
</Switch60>
<Switch61>
0
</Switch61>
<Switch62>
3
</Switch62>
<Switch63>
10
</Switch63>
<Switch64>
11
</Switch64>
<Switch65>
17
</Switch65>
<Switch66>
0
</Switch66>
<Switch67>
8
</Switch67>
<Switch68>
6
</Switch68>
<Switch69>
14
</Switch69>
<Switch70>
9
</Switch70>
<Switch71>
14
</Switch71>
<Switch72>
6
</Switch72>
<Switch73>
18
</Switch73>
<Switch74>
6
</Switch74>
<Switch75>
6
</Switch75>
<Switch76>
14
</Switch76>
<Switch77>
15
</Switch77>
<Switch78>
18
</Switch78>
<Switch79>
7
</Switch79>
<Switch80>
4
</Switch80>
<Switch81>
2
</Switch81>
<Switch82>
10
</Switch82>
<Switch83>
19
</Switch83>
<Switch84>
11
</Switch84>
<Switch85>
19
</Switch85>
<Switch86>
14
</Switch86>
<Switch87>
13
</Switch87>
<Switch88>
19
</Switch88>
<Switch89>
14
</Switch89>
<Switch90>
19
</Switch90>
<Switch91>
4
</Switch91>
<Switch92>
16
</Switch92>
<Switch93>
1
</Switch93>
<Switch94>
1
</Switch94>
<Switch95>
9
</Switch95>
<Switch96>
16
</Switch96>
<Switch97>
12
</Switch97>
<Switch98>
5
</Switch98>
<Switch99>
5
</Switch99>
<Switch100>
6
</Switch100>
<Switch101>
3
</Switch101>
<Switch102>
8
</Switch102>
<Switch103>
3
</Switch103>
<Switch104>
2
</Switch104>
<Switch105>
12
</Switch105>
<Switch106>
6
</Switch106>
<Switch107>
13
</Switch107>
<Switch108>
5
</Switch108>
<Switch109>
1
</Switch109>
<Switch110>
13
</Switch110>
<Switch111>
17
</Switch111>
<Switch112>
3
</Switch112>
<Switch113>
9
</Switch113>
<Switch114>
15
</Switch114>
<Switch115>
17
</Switch115>
<Switch116>
5
</Switch116>
<Switch117>
19
</Switch117>
<Switch118>
7
</Switch118>
<Switch119>
8
</Switch119>
<Switch120>
10
</Switch120>
<Switch121>
2
</Switch121>
<Switch122>
8
</Switch122>
<Switch123>
11
</Switch123>
<Switch124>
2
</Switch124>
<Switch125>
9
</Switch125>
<Switch126>
7
</Switch126>
<Switch127>
4
</Switch127>
<Switch128>
14
</Switch128>
<Switch129>
7
</Switch129>
<Switch130>
2
</Switch130>
<Switch131>
13
</Switch131>
<Switch132>
19
</Switch132>
<Switch133>
3
</Switch133>
<Switch134>
19
</Switch134>
<Switch135>
9
</Switch135>
<Switch136>
12
</Switch136>
<Switch137>
16
</Switch137>
<Switch138>
4
</Switch138>
<Switch139>
5
</Switch139>
<Switch140>
12
</Switch140>
<Switch141>
19
</Switch141>
<Switch142>
6
</Switch142>
<Switch143>
6
</Switch143>
<Switch144>
16
</Switch144>
<Switch145>
18
</Switch145>
<Switch146>
1
</Switch146>
<Switch147>
11
</Switch147>
<Switch148>
3
</Switch148>
<Switch149>
8
</Switch149>
<Switch150>
10
</Switch150>
<Switch151>
14
</Switch151>
<Switch152>
13
</Switch152>
<Switch153>
2
</Switch153>
<Switch154>
12
</Switch154>
<Switch155>
0
</Switch155>
<Switch156>
5
</Switch156>
<Switch157>
11
</Switch157>
<Switch158>
1
</Switch158>
<Switch159>
11
</Switch159>
<Switch160>
8
</Switch160>
<Switch161>
19
</Switch161>
<Switch162>
12
</Switch162>
<Switch163>
7
</Switch163>
<Switch164>
10
</Switch164>
<Switch165>
7
</Switch165>
<Switch166>
3
</Switch166>
<Switch167>
0
</Switch167>
<Switch168>
1
</Switch168>
<Switch169>
4
</Switch169>
<Switch170>
15
</Switch170>
<Switch171>
4
</Switch171>
<Switch172>
0
</Switch172>
<Switch173>
9
</Switch173>
<Switch174>
10
</Switch174>
<Switch175>
17
</Switch175>
<Switch176>
5
</Switch176>
<Switch177>
13
</Switch177>
<Switch178>
14
</Switch178>
<Switch179>
6
</Switch179>
<Switch180>
16
</Switch180>
<Switch181>
6
</Switch181>
<Switch182>
16
</Switch182>
<Switch183>
15
</Switch183>
<Switch184>
0
</Switch184>
<Switch185>
9
</Switch185>
<Switch186>
3
</Switch186>
<Switch187>
6
</Switch187>
<Switch188>
5
</Switch188>
<Switch189>
14
</Switch189>
<Switch190>
10
</Switch190>
<Switch191>
6
</Switch191>
<Switch192>
12
</Switch192>
<Switch193>
3
</Switch193>
<Switch194>
18
</Switch194>
<Switch195>
12
</Switch195>
<Switch196>
18
</Switch196>
<Switch197>
4
</Switch197>
<Switch198>
16
</Switch198>
<Switch199>
9
</Switch199>
<Switch200>
7
</Switch200>
<Switch201>
7
</Switch201>
<Switch202>
0
</Switch202>
<Switch203>
7
</Switch203>
<Switch204>
0
</Switch204>
<Switch205>
3
</Switch205>
<Switch206>
2
</Switch206>
<Switch207>
9
</Switch207>
<Switch208>
17
</Switch208>
<Switch209>
3
</Switch209>
<Switch210>
18
</Switch210>
<Switch211>
18
</Switch211>
<Switch212>
13
</Switch212>
<Switch213>
13
</Switch213>
<Switch214>
13
</Switch214>
<Switch215>
8
</Switch215>
<Switch216>
15
</Switch216>
<Switch217>
0
</Switch217>
<Switch218>
14
</Switch218>
<Switch219>
14
</Switch219>
<Switch220>
17
</Switch220>
<Switch221>
15
</Switch221>
<Switch222>
3
</Switch222>
<Switch223>
13
</Switch223>
<Switch224>
8
</Switch224>
<Switch225>
3
</Switch225>
<Switch226>
16
</Switch226>
<Switch227>
15
</Switch227>
<Switch228>
0
</Switch228>
<Switch229>
17
</Switch229>
<Switch230>
2
</Switch230>
<Switch231>
6
</Switch231>
<Switch232>
4
</Switch232>
<Switch233>
18
</Switch233>
<Switch234>
2
</Switch234>
<Switch235>
13
</Switch235>
<Switch236>
10
</Switch236>
<Switch237>
17
</Switch237>
<Switch238>
1
</Switch238>
<Switch239>
12
</Switch239>
<Switch240>
19
</Switch240>
<Switch241>
7
</Switch241>
<Switch242>
7
</Switch242>
<Switch243>
14
</Switch243>
<Switch244>
13
</Switch244>
<Switch245>
5
</Switch245>
<Switch246>
17
</Switch246>
<Switch247>
7
</Switch247>
<Switch248>
2
</Switch248>
<Switch249>
17
</Switch249>
<Switch250>
4
</Switch250>
<Switch251>
4
</Switch251>
<Switch252>
6
</Switch252>
<Switch253>
10
</Switch253>
<Switch254>
12
</Switch254>
<Switch255>
1
</Switch255>
<Switch256>
6
</Switch256>
<Switch257>
0
</Switch257>
<Switch258>
6
</Switch258>
<Switch259>
5
</Switch259>
<Switch260>
3
</Switch260>
<Switch261>
5
</Switch261>
<Switch262>
13
</Switch262>
<Switch263>
5
</Switch263>
<Switch264>
11
</Switch264>
<Switch265>
19
</Switch265>
<Switch266>
16
</Switch266>
<Switch267>
3
</Switch267>
<Switch268>
2
</Switch268>
<Switch269>
14
</Switch269>
<Switch270>
9
</Switch270>
<Switch271>
9
</Switch271>
<Switch272>
13
</Switch272>
<Switch273>
17
</Switch273>
<Switch274>
15
</Switch274>
<Switch275>
19
</Switch275>
<Switch276>
8
</Switch276>
<Switch277>
9
</Switch277>
<Switch278>
11
</Switch278>
<Switch279>
2
</Switch279>
<Switch280>
17
</Switch280>
<Switch281>
19
</Switch281>
<Switch282>
1
</Switch282>
<Switch283>
11
</Switch283>
<Switch284>
3
</Switch284>
<Switch285>
7
</Switch285>
<Switch286>
5
</Switch286>
<Switch287>
12
</Switch287>
<Switch288>
17
</Switch288>
<Switch289>
9
</Switch289>
<Switch290>
0
</Switch290>
<Switch291>
18
</Switch291>
<Switch292>
16
</Switch292>
<Switch293>
16
</Switch293>
<Switch294>
4
</Switch294>
<Switch295>
5
</Switch295>
<Switch296>
7
</Switch296>
<Switch297>
6
</Switch297>
<Switch298>
9
</Switch298>
<Switch299>
1
</Switch299>
<Switch300>
13
</Switch300>
<Switch301>
8
</Switch301>
<Switch302>
12
</Switch302>
<Switch303>
5
</Switch303>
<Switch304>
14
</Switch304>
<Switch305>
10
</Switch305>
<Switch306>
18
</Switch306>
<Switch307>
17
</Switch307>
<Switch308>
11
</Switch308>
<Switch309>
19
</Switch309>
<Switch310>
0
</Switch310>
<Switch311>
4
</Switch311>
<Switch312>
1
</Switch312>
<Switch313>
19
</Switch313>
<Switch314>
13
</Switch314>
<Switch315>
0
</Switch315>
<Switch316>
12
</Switch316>
<Switch317>
6
</Switch317>
<Switch318>
14
</Switch318>
<Switch319>
0
</Switch319>
<Switch320>
1
</Switch320>
<Switch321>
11
</Switch321>
<Switch322>
19
</Switch322>
<Switch323>
6
</Switch323>
<Switch324>
11
</Switch324>
<Switch325>
5
</Switch325>
<Switch326>
4
</Switch326>
<Switch327>
18
</Switch327>
<Switch328>
18
</Switch328>
<Switch329>
6
</Switch329>
<Switch330>
10
</Switch330>
<Switch331>
18
</Switch331>
<Switch332>
14
</Switch332>
<Switch333>
9
</Switch333>
<Switch334>
0
</Switch334>
<Switch335>
14
</Switch335>
<Switch336>
2
</Switch336>
<Switch337>
14
</Switch337>
<Switch338>
10
</Switch338>
<Switch339>
3
</Switch339>
<Switch340>
14
</Switch340>
<Switch341>
10
</Switch341>
<Switch342>
4
</Switch342>
<Switch343>
5
</Switch343>
<Switch344>
8
</Switch344>
<Switch345>
3
</Switch345>
<Switch346>
5
</Switch346>
<Switch347>
7
</Switch347>
<Switch348>
3
</Switch348>
<Switch349>
3
</Switch349>
<Switch350>
6
</Switch350>
<Switch351>
0
</Switch351>
<Switch352>
1
</Switch352>
<Switch353>
1
</Switch353>
<Switch354>
18
</Switch354>
<Switch355>
8
</Switch355>
<Switch356>
7
</Switch356>
<Switch357>
14
</Switch357>
<Switch358>
1
</Switch358>
<Switch359>
12
</Switch359>
<Switch360>
7
</Switch360>
<Switch361>
19
</Switch361>
<Switch362>
5
</Switch362>
<Switch363>
19
</Switch363>
<Switch364>
6
</Switch364>
<Switch365>
19
</Switch365>
<Switch366>
9
</Switch366>
<Switch367>
10
</Switch367>
<Switch368>
8
</Switch368>
<Switch369>
15
</Switch369>
<Switch370>
1
</Switch370>
<Switch371>
10
</Switch371>
<Switch372>
12
</Switch372>
<Switch373>
9
</Switch373>
<Switch374>
11
</Switch374>
<Switch375>
9
</Switch375>
<Switch376>
11
</Switch376>
<Switch377>
7
</Switch377>
<Switch378>
16
</Switch378>
<Switch379>
19
</Switch379>
<Switch380>
17
</Switch380>
<Switch381>
14
</Switch381>
<Switch382>
6
</Switch382>
<Switch383>
12
</Switch383>
<Switch384>
15
</Switch384>
<Switch385>
12
</Switch385>
<Switch386>
18
</Switch386>
<Switch387>
13
</Switch387>
<Switch388>
8
</Switch388>
<Switch389>
13
</Switch389>
<Switch390>
15
</Switch390>
<Switch391>
3
</Switch391>
<Switch392>
5
</Switch392>
<Switch393>
10
</Switch393>
<Switch394>
1
</Switch394>
<Switch395>
7
</Switch395>
<Switch396>
5
</Switch396>
<Switch397>
12
</Switch397>
<Switch398>
1
</Switch398>
<Switch399>
7
</Switch399>
<Switch400>
6
</Switch400>
<Switch401>
4
</Switch401>
<Switch402>
6
</Switch402>
<Switch403>
6
</Switch403>
<Switch404>
6
</Switch404>
<Switch405>
5
</Switch405>
<Switch406>
5
</Switch406>
<Switch407>
1
</Switch407>
<Switch408>
2
</Switch408>
<Switch409>
14
</Switch409>
<Switch410>
10
</Switch410>
<Switch411>
13
</Switch411>
<Switch412>
17
</Switch412>
<Switch413>
11
</Switch413>
</BaseID:239>
