<?xml version="1.0"?>

<BaseID:24>
<Switch1>
18
</Switch1>
<Switch2>
6
</Switch2>
<Switch3>
1
</Switch3>
<Switch4>
14
</Switch4>
<Switch5>
7
</Switch5>
<Switch6>
11
</Switch6>
<Switch7>
6
</Switch7>
<Switch8>
5
</Switch8>
<Switch9>
18
</Switch9>
<Switch10>
14
</Switch10>
<Switch11>
17
</Switch11>
<Switch12>
10
</Switch12>
<Switch13>
15
</Switch13>
<Switch14>
17
</Switch14>
<Switch15>
4
</Switch15>
<Switch16>
3
</Switch16>
<Switch17>
13
</Switch17>
<Switch18>
9
</Switch18>
<Switch19>
2
</Switch19>
<Switch20>
5
</Switch20>
<Switch21>
19
</Switch21>
<Switch22>
3
</Switch22>
<Switch23>
0
</Switch23>
<Switch24>
19
</Switch24>
<Switch25>
9
</Switch25>
<Switch26>
0
</Switch26>
<Switch27>
8
</Switch27>
<Switch28>
13
</Switch28>
<Switch29>
10
</Switch29>
<Switch30>
11
</Switch30>
<Switch31>
16
</Switch31>
<Switch32>
9
</Switch32>
<Switch33>
18
</Switch33>
<Switch34>
1
</Switch34>
<Switch35>
5
</Switch35>
<Switch36>
5
</Switch36>
<Switch37>
9
</Switch37>
<Switch38>
12
</Switch38>
<Switch39>
12
</Switch39>
<Switch40>
3
</Switch40>
<Switch41>
3
</Switch41>
<Switch42>
13
</Switch42>
<Switch43>
6
</Switch43>
<Switch44>
11
</Switch44>
<Switch45>
7
</Switch45>
<Switch46>
9
</Switch46>
<Switch47>
17
</Switch47>
<Switch48>
15
</Switch48>
<Switch49>
10
</Switch49>
<Switch50>
3
</Switch50>
<Switch51>
18
</Switch51>
<Switch52>
9
</Switch52>
<Switch53>
17
</Switch53>
<Switch54>
0
</Switch54>
<Switch55>
2
</Switch55>
<Switch56>
17
</Switch56>
<Switch57>
0
</Switch57>
<Switch58>
11
</Switch58>
<Switch59>
6
</Switch59>
<Switch60>
10
</Switch60>
<Switch61>
7
</Switch61>
<Switch62>
13
</Switch62>
<Switch63>
10
</Switch63>
<Switch64>
12
</Switch64>
<Switch65>
14
</Switch65>
<Switch66>
10
</Switch66>
<Switch67>
3
</Switch67>
<Switch68>
7
</Switch68>
<Switch69>
16
</Switch69>
<Switch70>
18
</Switch70>
<Switch71>
7
</Switch71>
<Switch72>
19
</Switch72>
<Switch73>
1
</Switch73>
<Switch74>
11
</Switch74>
<Switch75>
6
</Switch75>
<Switch76>
16
</Switch76>
<Switch77>
1
</Switch77>
<Switch78>
6
</Switch78>
<Switch79>
16
</Switch79>
<Switch80>
1
</Switch80>
<Switch81>
3
</Switch81>
<Switch82>
5
</Switch82>
<Switch83>
6
</Switch83>
<Switch84>
18
</Switch84>
<Switch85>
10
</Switch85>
<Switch86>
1
</Switch86>
<Switch87>
4
</Switch87>
<Switch88>
11
</Switch88>
<Switch89>
10
</Switch89>
<Switch90>
1
</Switch90>
<Switch91>
16
</Switch91>
<Switch92>
16
</Switch92>
<Switch93>
11
</Switch93>
<Switch94>
11
</Switch94>
<Switch95>
12
</Switch95>
<Switch96>
19
</Switch96>
<Switch97>
3
</Switch97>
<Switch98>
10
</Switch98>
<Switch99>
6
</Switch99>
<Switch100>
8
</Switch100>
<Switch101>
0
</Switch101>
<Switch102>
14
</Switch102>
<Switch103>
13
</Switch103>
<Switch104>
4
</Switch104>
<Switch105>
12
</Switch105>
<Switch106>
16
</Switch106>
<Switch107>
12
</Switch107>
<Switch108>
1
</Switch108>
<Switch109>
13
</Switch109>
<Switch110>
2
</Switch110>
<Switch111>
15
</Switch111>
<Switch112>
6
</Switch112>
<Switch113>
13
</Switch113>
<Switch114>
11
</Switch114>
<Switch115>
10
</Switch115>
<Switch116>
8
</Switch116>
<Switch117>
2
</Switch117>
<Switch118>
4
</Switch118>
<Switch119>
18
</Switch119>
<Switch120>
1
</Switch120>
<Switch121>
8
</Switch121>
<Switch122>
16
</Switch122>
<Switch123>
7
</Switch123>
<Switch124>
4
</Switch124>
<Switch125>
3
</Switch125>
<Switch126>
17
</Switch126>
<Switch127>
8
</Switch127>
<Switch128>
18
</Switch128>
<Switch129>
12
</Switch129>
<Switch130>
0
</Switch130>
<Switch131>
7
</Switch131>
<Switch132>
4
</Switch132>
<Switch133>
1
</Switch133>
<Switch134>
6
</Switch134>
<Switch135>
8
</Switch135>
<Switch136>
11
</Switch136>
<Switch137>
1
</Switch137>
<Switch138>
14
</Switch138>
<Switch139>
9
</Switch139>
<Switch140>
5
</Switch140>
<Switch141>
15
</Switch141>
<Switch142>
4
</Switch142>
<Switch143>
8
</Switch143>
<Switch144>
9
</Switch144>
<Switch145>
17
</Switch145>
<Switch146>
15
</Switch146>
<Switch147>
9
</Switch147>
<Switch148>
7
</Switch148>
<Switch149>
9
</Switch149>
<Switch150>
7
</Switch150>
<Switch151>
16
</Switch151>
<Switch152>
2
</Switch152>
<Switch153>
8
</Switch153>
<Switch154>
4
</Switch154>
<Switch155>
11
</Switch155>
<Switch156>
10
</Switch156>
<Switch157>
15
</Switch157>
<Switch158>
16
</Switch158>
<Switch159>
13
</Switch159>
<Switch160>
18
</Switch160>
<Switch161>
5
</Switch161>
<Switch162>
17
</Switch162>
<Switch163>
17
</Switch163>
<Switch164>
7
</Switch164>
<Switch165>
11
</Switch165>
<Switch166>
8
</Switch166>
<Switch167>
18
</Switch167>
<Switch168>
7
</Switch168>
<Switch169>
19
</Switch169>
<Switch170>
7
</Switch170>
<Switch171>
1
</Switch171>
<Switch172>
18
</Switch172>
<Switch173>
14
</Switch173>
<Switch174>
16
</Switch174>
<Switch175>
9
</Switch175>
<Switch176>
15
</Switch176>
<Switch177>
16
</Switch177>
<Switch178>
19
</Switch178>
<Switch179>
16
</Switch179>
<Switch180>
11
</Switch180>
<Switch181>
3
</Switch181>
<Switch182>
12
</Switch182>
<Switch183>
10
</Switch183>
<Switch184>
18
</Switch184>
<Switch185>
16
</Switch185>
<Switch186>
3
</Switch186>
<Switch187>
11
</Switch187>
<Switch188>
2
</Switch188>
<Switch189>
15
</Switch189>
<Switch190>
19
</Switch190>
<Switch191>
14
</Switch191>
<Switch192>
10
</Switch192>
<Switch193>
15
</Switch193>
<Switch194>
13
</Switch194>
<Switch195>
13
</Switch195>
<Switch196>
1
</Switch196>
<Switch197>
9
</Switch197>
<Switch198>
3
</Switch198>
<Switch199>
14
</Switch199>
<Switch200>
12
</Switch200>
<Switch201>
2
</Switch201>
<Switch202>
3
</Switch202>
<Switch203>
15
</Switch203>
<Switch204>
2
</Switch204>
<Switch205>
15
</Switch205>
<Switch206>
14
</Switch206>
<Switch207>
5
</Switch207>
<Switch208>
3
</Switch208>
<Switch209>
6
</Switch209>
<Switch210>
4
</Switch210>
<Switch211>
14
</Switch211>
<Switch212>
15
</Switch212>
<Switch213>
7
</Switch213>
<Switch214>
17
</Switch214>
<Switch215>
16
</Switch215>
<Switch216>
17
</Switch216>
<Switch217>
12
</Switch217>
<Switch218>
19
</Switch218>
<Switch219>
12
</Switch219>
<Switch220>
4
</Switch220>
<Switch221>
7
</Switch221>
<Switch222>
2
</Switch222>
<Switch223>
13
</Switch223>
<Switch224>
7
</Switch224>
<Switch225>
1
</Switch225>
<Switch226>
12
</Switch226>
<Switch227>
19
</Switch227>
<Switch228>
13
</Switch228>
<Switch229>
0
</Switch229>
<Switch230>
11
</Switch230>
<Switch231>
7
</Switch231>
<Switch232>
7
</Switch232>
<Switch233>
19
</Switch233>
<Switch234>
0
</Switch234>
<Switch235>
15
</Switch235>
<Switch236>
15
</Switch236>
<Switch237>
18
</Switch237>
<Switch238>
7
</Switch238>
<Switch239>
4
</Switch239>
<Switch240>
13
</Switch240>
<Switch241>
17
</Switch241>
<Switch242>
13
</Switch242>
<Switch243>
12
</Switch243>
<Switch244>
9
</Switch244>
<Switch245>
14
</Switch245>
<Switch246>
17
</Switch246>
<Switch247>
11
</Switch247>
<Switch248>
5
</Switch248>
<Switch249>
11
</Switch249>
<Switch250>
0
</Switch250>
<Switch251>
13
</Switch251>
<Switch252>
0
</Switch252>
<Switch253>
14
</Switch253>
<Switch254>
1
</Switch254>
<Switch255>
13
</Switch255>
<Switch256>
12
</Switch256>
<Switch257>
3
</Switch257>
<Switch258>
9
</Switch258>
<Switch259>
9
</Switch259>
<Switch260>
17
</Switch260>
<Switch261>
8
</Switch261>
<Switch262>
4
</Switch262>
<Switch263>
19
</Switch263>
<Switch264>
4
</Switch264>
<Switch265>
0
</Switch265>
<Switch266>
8
</Switch266>
<Switch267>
14
</Switch267>
<Switch268>
7
</Switch268>
<Switch269>
15
</Switch269>
<Switch270>
1
</Switch270>
<Switch271>
10
</Switch271>
<Switch272>
18
</Switch272>
<Switch273>
15
</Switch273>
<Switch274>
15
</Switch274>
<Switch275>
5
</Switch275>
<Switch276>
19
</Switch276>
<Switch277>
0
</Switch277>
<Switch278>
5
</Switch278>
<Switch279>
9
</Switch279>
<Switch280>
3
</Switch280>
<Switch281>
8
</Switch281>
<Switch282>
0
</Switch282>
<Switch283>
7
</Switch283>
<Switch284>
2
</Switch284>
<Switch285>
17
</Switch285>
<Switch286>
8
</Switch286>
<Switch287>
18
</Switch287>
<Switch288>
9
</Switch288>
<Switch289>
1
</Switch289>
<Switch290>
17
</Switch290>
<Switch291>
14
</Switch291>
<Switch292>
3
</Switch292>
<Switch293>
9
</Switch293>
<Switch294>
14
</Switch294>
<Switch295>
5
</Switch295>
<Switch296>
9
</Switch296>
<Switch297>
15
</Switch297>
<Switch298>
19
</Switch298>
<Switch299>
15
</Switch299>
<Switch300>
0
</Switch300>
<Switch301>
10
</Switch301>
<Switch302>
6
</Switch302>
<Switch303>
14
</Switch303>
<Switch304>
17
</Switch304>
<Switch305>
15
</Switch305>
<Switch306>
10
</Switch306>
<Switch307>
18
</Switch307>
<Switch308>
15
</Switch308>
<Switch309>
16
</Switch309>
<Switch310>
19
</Switch310>
<Switch311>
19
</Switch311>
<Switch312>
17
</Switch312>
<Switch313>
6
</Switch313>
<Switch314>
17
</Switch314>
<Switch315>
5
</Switch315>
<Switch316>
10
</Switch316>
<Switch317>
8
</Switch317>
<Switch318>
7
</Switch318>
<Switch319>
0
</Switch319>
<Switch320>
7
</Switch320>
<Switch321>
16
</Switch321>
<Switch322>
15
</Switch322>
<Switch323>
0
</Switch323>
<Switch324>
8
</Switch324>
<Switch325>
14
</Switch325>
<Switch326>
6
</Switch326>
<Switch327>
8
</Switch327>
<Switch328>
8
</Switch328>
<Switch329>
4
</Switch329>
<Switch330>
2
</Switch330>
<Switch331>
11
</Switch331>
<Switch332>
16
</Switch332>
<Switch333>
10
</Switch333>
<Switch334>
5
</Switch334>
<Switch335>
2
</Switch335>
<Switch336>
15
</Switch336>
<Switch337>
5
</Switch337>
<Switch338>
13
</Switch338>
<Switch339>
14
</Switch339>
<Switch340>
11
</Switch340>
<Switch341>
8
</Switch341>
<Switch342>
5
</Switch342>
<Switch343>
9
</Switch343>
<Switch344>
18
</Switch344>
<Switch345>
6
</Switch345>
<Switch346>
11
</Switch346>
<Switch347>
4
</Switch347>
<Switch348>
11
</Switch348>
<Switch349>
3
</Switch349>
<Switch350>
6
</Switch350>
<Switch351>
7
</Switch351>
<Switch352>
14
</Switch352>
<Switch353>
7
</Switch353>
<Switch354>
12
</Switch354>
<Switch355>
16
</Switch355>
<Switch356>
9
</Switch356>
<Switch357>
5
</Switch357>
<Switch358>
18
</Switch358>
<Switch359>
10
</Switch359>
<Switch360>
9
</Switch360>
<Switch361>
9
</Switch361>
<Switch362>
9
</Switch362>
<Switch363>
14
</Switch363>
<Switch364>
4
</Switch364>
<Switch365>
12
</Switch365>
<Switch366>
6
</Switch366>
<Switch367>
9
</Switch367>
<Switch368>
15
</Switch368>
<Switch369>
6
</Switch369>
<Switch370>
9
</Switch370>
<Switch371>
14
</Switch371>
<Switch372>
8
</Switch372>
<Switch373>
10
</Switch373>
<Switch374>
5
</Switch374>
<Switch375>
11
</Switch375>
<Switch376>
19
</Switch376>
<Switch377>
14
</Switch377>
<Switch378>
4
</Switch378>
<Switch379>
3
</Switch379>
<Switch380>
15
</Switch380>
<Switch381>
9
</Switch381>
<Switch382>
14
</Switch382>
<Switch383>
15
</Switch383>
<Switch384>
8
</Switch384>
<Switch385>
6
</Switch385>
<Switch386>
12
</Switch386>
<Switch387>
17
</Switch387>
<Switch388>
16
</Switch388>
<Switch389>
4
</Switch389>
<Switch390>
4
</Switch390>
<Switch391>
14
</Switch391>
<Switch392>
15
</Switch392>
<Switch393>
8
</Switch393>
<Switch394>
16
</Switch394>
<Switch395>
19
</Switch395>
<Switch396>
16
</Switch396>
<Switch397>
8
</Switch397>
<Switch398>
17
</Switch398>
<Switch399>
19
</Switch399>
<Switch400>
1
</Switch400>
<Switch401>
5
</Switch401>
<Switch402>
9
</Switch402>
<Switch403>
5
</Switch403>
<Switch404>
18
</Switch404>
<Switch405>
7
</Switch405>
<Switch406>
13
</Switch406>
<Switch407>
2
</Switch407>
<Switch408>
7
</Switch408>
<Switch409>
17
</Switch409>
<Switch410>
5
</Switch410>
<Switch411>
11
</Switch411>
<Switch412>
0
</Switch412>
<Switch413>
12
</Switch413>
<Switch414>
2
</Switch414>
<Switch415>
11
</Switch415>
<Switch416>
19
</Switch416>
<Switch417>
6
</Switch417>
<Switch418>
11
</Switch418>
<Switch419>
11
</Switch419>
<Switch420>
10
</Switch420>
<Switch421>
4
</Switch421>
<Switch422>
15
</Switch422>
<Switch423>
8
</Switch423>
<Switch424>
14
</Switch424>
<Switch425>
13
</Switch425>
<Switch426>
6
</Switch426>
<Switch427>
7
</Switch427>
<Switch428>
12
</Switch428>
<Switch429>
13
</Switch429>
<Switch430>
3
</Switch430>
<Switch431>
16
</Switch431>
<Switch432>
2
</Switch432>
<Switch433>
18
</Switch433>
<Switch434>
7
</Switch434>
<Switch435>
8
</Switch435>
<Switch436>
9
</Switch436>
<Switch437>
7
</Switch437>
<Switch438>
8
</Switch438>
<Switch439>
8
</Switch439>
<Switch440>
19
</Switch440>
<Switch441>
11
</Switch441>
<Switch442>
5
</Switch442>
<Switch443>
3
</Switch443>
<Switch444>
8
</Switch444>
<Switch445>
14
</Switch445>
<Switch446>
14
</Switch446>
<Switch447>
1
</Switch447>
<Switch448>
11
</Switch448>
<Switch449>
14
</Switch449>
<Switch450>
12
</Switch450>
<Switch451>
7
</Switch451>
<Switch452>
11
</Switch452>
<Switch453>
8
</Switch453>
<Switch454>
7
</Switch454>
<Switch455>
12
</Switch455>
<Switch456>
19
</Switch456>
<Switch457>
2
</Switch457>
<Switch458>
16
</Switch458>
<Switch459>
13
</Switch459>
<Switch460>
3
</Switch460>
<Switch461>
17
</Switch461>
<Switch462>
2
</Switch462>
<Switch463>
4
</Switch463>
<Switch464>
17
</Switch464>
<Switch465>
1
</Switch465>
<Switch466>
13
</Switch466>
<Switch467>
14
</Switch467>
<Switch468>
13
</Switch468>
<Switch469>
17
</Switch469>
<Switch470>
2
</Switch470>
<Switch471>
11
</Switch471>
<Switch472>
9
</Switch472>
<Switch473>
1
</Switch473>
<Switch474>
6
</Switch474>
<Switch475>
16
</Switch475>
<Switch476>
13
</Switch476>
<Switch477>
16
</Switch477>
<Switch478>
14
</Switch478>
<Switch479>
16
</Switch479>
<Switch480>
15
</Switch480>
<Switch481>
6
</Switch481>
<Switch482>
4
</Switch482>
<Switch483>
9
</Switch483>
<Switch484>
15
</Switch484>
<Switch485>
2
</Switch485>
<Switch486>
0
</Switch486>
<Switch487>
13
</Switch487>
<Switch488>
5
</Switch488>
<Switch489>
9
</Switch489>
<Switch490>
6
</Switch490>
<Switch491>
6
</Switch491>
<Switch492>
19
</Switch492>
<Switch493>
10
</Switch493>
<Switch494>
12
</Switch494>
<Switch495>
15
</Switch495>
<Switch496>
10
</Switch496>
<Switch497>
19
</Switch497>
<Switch498>
7
</Switch498>
<Switch499>
4
</Switch499>
<Switch500>
10
</Switch500>
<Switch501>
6
</Switch501>
<Switch502>
0
</Switch502>
<Switch503>
5
</Switch503>
<Switch504>
16
</Switch504>
<Switch505>
18
</Switch505>
<Switch506>
17
</Switch506>
<Switch507>
6
</Switch507>
<Switch508>
16
</Switch508>
<Switch509>
9
</Switch509>
<Switch510>
6
</Switch510>
<Switch511>
5
</Switch511>
<Switch512>
15
</Switch512>
<Switch513>
2
</Switch513>
<Switch514>
18
</Switch514>
<Switch515>
4
</Switch515>
<Switch516>
5
</Switch516>
<Switch517>
16
</Switch517>
<Switch518>
3
</Switch518>
<Switch519>
13
</Switch519>
<Switch520>
8
</Switch520>
<Switch521>
5
</Switch521>
<Switch522>
11
</Switch522>
<Switch523>
9
</Switch523>
<Switch524>
15
</Switch524>
<Switch525>
9
</Switch525>
<Switch526>
4
</Switch526>
<Switch527>
1
</Switch527>
<Switch528>
18
</Switch528>
<Switch529>
11
</Switch529>
<Switch530>
7
</Switch530>
<Switch531>
2
</Switch531>
<Switch532>
12
</Switch532>
<Switch533>
6
</Switch533>
<Switch534>
16
</Switch534>
<Switch535>
15
</Switch535>
<Switch536>
9
</Switch536>
<Switch537>
2
</Switch537>
<Switch538>
2
</Switch538>
<Switch539>
0
</Switch539>
<Switch540>
13
</Switch540>
<Switch541>
19
</Switch541>
<Switch542>
15
</Switch542>
<Switch543>
18
</Switch543>
<Switch544>
16
</Switch544>
<Switch545>
11
</Switch545>
<Switch546>
19
</Switch546>
<Switch547>
9
</Switch547>
<Switch548>
3
</Switch548>
<Switch549>
11
</Switch549>
<Switch550>
10
</Switch550>
<Switch551>
11
</Switch551>
<Switch552>
1
</Switch552>
<Switch553>
2
</Switch553>
<Switch554>
0
</Switch554>
<Switch555>
6
</Switch555>
<Switch556>
6
</Switch556>
<Switch557>
2
</Switch557>
<Switch558>
18
</Switch558>
<Switch559>
2
</Switch559>
<Switch560>
13
</Switch560>
<Switch561>
17
</Switch561>
<Switch562>
18
</Switch562>
<Switch563>
7
</Switch563>
<Switch564>
14
</Switch564>
<Switch565>
13
</Switch565>
<Switch566>
16
</Switch566>
<Switch567>
10
</Switch567>
<Switch568>
3
</Switch568>
<Switch569>
18
</Switch569>
<Switch570>
12
</Switch570>
<Switch571>
2
</Switch571>
<Switch572>
16
</Switch572>
<Switch573>
4
</Switch573>
<Switch574>
15
</Switch574>
<Switch575>
12
</Switch575>
<Switch576>
17
</Switch576>
<Switch577>
16
</Switch577>
<Switch578>
7
</Switch578>
<Switch579>
7
</Switch579>
<Switch580>
8
</Switch580>
<Switch581>
10
</Switch581>
<Switch582>
11
</Switch582>
<Switch583>
3
</Switch583>
<Switch584>
12
</Switch584>
<Switch585>
13
</Switch585>
<Switch586>
16
</Switch586>
<Switch587>
11
</Switch587>
<Switch588>
6
</Switch588>
<Switch589>
9
</Switch589>
<Switch590>
2
</Switch590>
<Switch591>
18
</Switch591>
<Switch592>
18
</Switch592>
<Switch593>
18
</Switch593>
<Switch594>
15
</Switch594>
<Switch595>
7
</Switch595>
<Switch596>
2
</Switch596>
<Switch597>
11
</Switch597>
<Switch598>
7
</Switch598>
<Switch599>
16
</Switch599>
<Switch600>
15
</Switch600>
<Switch601>
4
</Switch601>
<Switch602>
0
</Switch602>
<Switch603>
1
</Switch603>
<Switch604>
17
</Switch604>
<Switch605>
17
</Switch605>
<Switch606>
0
</Switch606>
<Switch607>
7
</Switch607>
<Switch608>
2
</Switch608>
<Switch609>
13
</Switch609>
<Switch610>
13
</Switch610>
<Switch611>
7
</Switch611>
<Switch612>
11
</Switch612>
<Switch613>
7
</Switch613>
<Switch614>
13
</Switch614>
<Switch615>
17
</Switch615>
<Switch616>
7
</Switch616>
<Switch617>
13
</Switch617>
<Switch618>
13
</Switch618>
<Switch619>
2
</Switch619>
<Switch620>
13
</Switch620>
<Switch621>
13
</Switch621>
<Switch622>
4
</Switch622>
<Switch623>
10
</Switch623>
<Switch624>
5
</Switch624>
<Switch625>
1
</Switch625>
<Switch626>
16
</Switch626>
<Switch627>
19
</Switch627>
<Switch628>
10
</Switch628>
<Switch629>
11
</Switch629>
<Switch630>
9
</Switch630>
<Switch631>
7
</Switch631>
<Switch632>
15
</Switch632>
<Switch633>
19
</Switch633>
<Switch634>
5
</Switch634>
<Switch635>
9
</Switch635>
<Switch636>
16
</Switch636>
<Switch637>
1
</Switch637>
<Switch638>
17
</Switch638>
<Switch639>
19
</Switch639>
<Switch640>
8
</Switch640>
<Switch641>
6
</Switch641>
<Switch642>
2
</Switch642>
<Switch643>
0
</Switch643>
<Switch644>
5
</Switch644>
<Switch645>
4
</Switch645>
<Switch646>
8
</Switch646>
<Switch647>
5
</Switch647>
<Switch648>
5
</Switch648>
<Switch649>
2
</Switch649>
<Switch650>
0
</Switch650>
<Switch651>
3
</Switch651>
<Switch652>
12
</Switch652>
<Switch653>
11
</Switch653>
<Switch654>
4
</Switch654>
<Switch655>
8
</Switch655>
<Switch656>
15
</Switch656>
<Switch657>
14
</Switch657>
<Switch658>
18
</Switch658>
<Switch659>
11
</Switch659>
<Switch660>
19
</Switch660>
<Switch661>
7
</Switch661>
<Switch662>
18
</Switch662>
<Switch663>
9
</Switch663>
<Switch664>
14
</Switch664>
<Switch665>
12
</Switch665>
<Switch666>
16
</Switch666>
<Switch667>
1
</Switch667>
<Switch668>
17
</Switch668>
<Switch669>
2
</Switch669>
<Switch670>
14
</Switch670>
<Switch671>
8
</Switch671>
<Switch672>
15
</Switch672>
<Switch673>
0
</Switch673>
<Switch674>
6
</Switch674>
<Switch675>
19
</Switch675>
<Switch676>
15
</Switch676>
<Switch677>
18
</Switch677>
<Switch678>
0
</Switch678>
<Switch679>
0
</Switch679>
<Switch680>
3
</Switch680>
<Switch681>
1
</Switch681>
<Switch682>
4
</Switch682>
<Switch683>
11
</Switch683>
<Switch684>
19
</Switch684>
<Switch685>
15
</Switch685>
<Switch686>
3
</Switch686>
<Switch687>
1
</Switch687>
<Switch688>
3
</Switch688>
<Switch689>
9
</Switch689>
<Switch690>
9
</Switch690>
<Switch691>
6
</Switch691>
<Switch692>
6
</Switch692>
<Switch693>
17
</Switch693>
<Switch694>
6
</Switch694>
<Switch695>
0
</Switch695>
<Switch696>
17
</Switch696>
<Switch697>
4
</Switch697>
<Switch698>
13
</Switch698>
<Switch699>
5
</Switch699>
<Switch700>
19
</Switch700>
<Switch701>
6
</Switch701>
<Switch702>
15
</Switch702>
<Switch703>
14
</Switch703>
<Switch704>
13
</Switch704>
<Switch705>
14
</Switch705>
<Switch706>
8
</Switch706>
<Switch707>
4
</Switch707>
<Switch708>
3
</Switch708>
<Switch709>
17
</Switch709>
<Switch710>
6
</Switch710>
<Switch711>
12
</Switch711>
<Switch712>
3
</Switch712>
<Switch713>
8
</Switch713>
<Switch714>
7
</Switch714>
<Switch715>
9
</Switch715>
<Switch716>
14
</Switch716>
<Switch717>
1
</Switch717>
<Switch718>
16
</Switch718>
<Switch719>
17
</Switch719>
<Switch720>
13
</Switch720>
<Switch721>
11
</Switch721>
<Switch722>
16
</Switch722>
<Switch723>
13
</Switch723>
<Switch724>
5
</Switch724>
<Switch725>
1
</Switch725>
<Switch726>
1
</Switch726>
<Switch727>
11
</Switch727>
<Switch728>
15
</Switch728>
<Switch729>
4
</Switch729>
<Switch730>
4
</Switch730>
<Switch731>
15
</Switch731>
<Switch732>
4
</Switch732>
<Switch733>
10
</Switch733>
<Switch734>
0
</Switch734>
<Switch735>
14
</Switch735>
<Switch736>
4
</Switch736>
<Switch737>
4
</Switch737>
<Switch738>
1
</Switch738>
<Switch739>
18
</Switch739>
<Switch740>
2
</Switch740>
<Switch741>
17
</Switch741>
<Switch742>
16
</Switch742>
<Switch743>
18
</Switch743>
<Switch744>
0
</Switch744>
<Switch745>
9
</Switch745>
<Switch746>
18
</Switch746>
<Switch747>
6
</Switch747>
<Switch748>
1
</Switch748>
<Switch749>
0
</Switch749>
<Switch750>
7
</Switch750>
<Switch751>
12
</Switch751>
<Switch752>
10
</Switch752>
<Switch753>
7
</Switch753>
<Switch754>
12
</Switch754>
<Switch755>
11
</Switch755>
<Switch756>
13
</Switch756>
<Switch757>
1
</Switch757>
<Switch758>
12
</Switch758>
<Switch759>
5
</Switch759>
<Switch760>
1
</Switch760>
<Switch761>
8
</Switch761>
<Switch762>
8
</Switch762>
<Switch763>
16
</Switch763>
<Switch764>
14
</Switch764>
<Switch765>
10
</Switch765>
<Switch766>
14
</Switch766>
<Switch767>
10
</Switch767>
<Switch768>
0
</Switch768>
<Switch769>
15
</Switch769>
<Switch770>
1
</Switch770>
<Switch771>
5
</Switch771>
<Switch772>
0
</Switch772>
<Switch773>
1
</Switch773>
<Switch774>
12
</Switch774>
<Switch775>
10
</Switch775>
<Switch776>
11
</Switch776>
<Switch777>
4
</Switch777>
<Switch778>
16
</Switch778>
<Switch779>
2
</Switch779>
<Switch780>
4
</Switch780>
<Switch781>
5
</Switch781>
<Switch782>
0
</Switch782>
<Switch783>
3
</Switch783>
<Switch784>
1
</Switch784>
<Switch785>
9
</Switch785>
<Switch786>
0
</Switch786>
<Switch787>
5
</Switch787>
<Switch788>
6
</Switch788>
<Switch789>
7
</Switch789>
<Switch790>
18
</Switch790>
<Switch791>
12
</Switch791>
<Switch792>
2
</Switch792>
<Switch793>
14
</Switch793>
<Switch794>
14
</Switch794>
<Switch795>
11
</Switch795>
<Switch796>
2
</Switch796>
<Switch797>
18
</Switch797>
<Switch798>
19
</Switch798>
<Switch799>
19
</Switch799>
<Switch800>
12
</Switch800>
<Switch801>
10
</Switch801>
<Switch802>
19
</Switch802>
<Switch803>
10
</Switch803>
<Switch804>
13
</Switch804>
<Switch805>
3
</Switch805>
<Switch806>
17
</Switch806>
<Switch807>
4
</Switch807>
<Switch808>
15
</Switch808>
<Switch809>
3
</Switch809>
<Switch810>
6
</Switch810>
<Switch811>
16
</Switch811>
<Switch812>
19
</Switch812>
<Switch813>
0
</Switch813>
<Switch814>
15
</Switch814>
<Switch815>
4
</Switch815>
<Switch816>
3
</Switch816>
<Switch817>
6
</Switch817>
<Switch818>
5
</Switch818>
<Switch819>
2
</Switch819>
<Switch820>
16
</Switch820>
<Switch821>
0
</Switch821>
<Switch822>
15
</Switch822>
<Switch823>
11
</Switch823>
<Switch824>
2
</Switch824>
<Switch825>
12
</Switch825>
<Switch826>
17
</Switch826>
<Switch827>
13
</Switch827>
<Switch828>
17
</Switch828>
<Switch829>
13
</Switch829>
<Switch830>
17
</Switch830>
<Switch831>
6
</Switch831>
<Switch832>
4
</Switch832>
<Switch833>
5
</Switch833>
<Switch834>
16
</Switch834>
<Switch835>
5
</Switch835>
<Switch836>
13
</Switch836>
<Switch837>
5
</Switch837>
<Switch838>
19
</Switch838>
<Switch839>
8
</Switch839>
<Switch840>
9
</Switch840>
<Switch841>
4
</Switch841>
<Switch842>
0
</Switch842>
<Switch843>
12
</Switch843>
<Switch844>
2
</Switch844>
<Switch845>
17
</Switch845>
<Switch846>
12
</Switch846>
<Switch847>
8
</Switch847>
<Switch848>
15
</Switch848>
<Switch849>
1
</Switch849>
<Switch850>
11
</Switch850>
<Switch851>
7
</Switch851>
<Switch852>
7
</Switch852>
<Switch853>
8
</Switch853>
<Switch854>
7
</Switch854>
<Switch855>
18
</Switch855>
<Switch856>
14
</Switch856>
<Switch857>
17
</Switch857>
<Switch858>
6
</Switch858>
<Switch859>
17
</Switch859>
<Switch860>
5
</Switch860>
<Switch861>
16
</Switch861>
<Switch862>
11
</Switch862>
<Switch863>
9
</Switch863>
<Switch864>
13
</Switch864>
<Switch865>
5
</Switch865>
<Switch866>
12
</Switch866>
<Switch867>
1
</Switch867>
<Switch868>
7
</Switch868>
<Switch869>
7
</Switch869>
<Switch870>
14
</Switch870>
<Switch871>
15
</Switch871>
<Switch872>
16
</Switch872>
<Switch873>
10
</Switch873>
<Switch874>
6
</Switch874>
<Switch875>
7
</Switch875>
<Switch876>
12
</Switch876>
<Switch877>
4
</Switch877>
<Switch878>
0
</Switch878>
<Switch879>
8
</Switch879>
<Switch880>
1
</Switch880>
<Switch881>
10
</Switch881>
<Switch882>
10
</Switch882>
<Switch883>
3
</Switch883>
<Switch884>
2
</Switch884>
<Switch885>
3
</Switch885>
<Switch886>
2
</Switch886>
<Switch887>
4
</Switch887>
<Switch888>
13
</Switch888>
<Switch889>
13
</Switch889>
<Switch890>
13
</Switch890>
<Switch891>
16
</Switch891>
<Switch892>
11
</Switch892>
<Switch893>
11
</Switch893>
<Switch894>
1
</Switch894>
<Switch895>
17
</Switch895>
<Switch896>
14
</Switch896>
<Switch897>
4
</Switch897>
<Switch898>
6
</Switch898>
<Switch899>
10
</Switch899>
<Switch900>
13
</Switch900>
<Switch901>
7
</Switch901>
<Switch902>
6
</Switch902>
<Switch903>
7
</Switch903>
<Switch904>
12
</Switch904>
<Switch905>
2
</Switch905>
<Switch906>
7
</Switch906>
<Switch907>
17
</Switch907>
<Switch908>
7
</Switch908>
<Switch909>
8
</Switch909>
<Switch910>
18
</Switch910>
<Switch911>
2
</Switch911>
<Switch912>
18
</Switch912>
<Switch913>
17
</Switch913>
<Switch914>
17
</Switch914>
<Switch915>
3
</Switch915>
<Switch916>
3
</Switch916>
<Switch917>
8
</Switch917>
<Switch918>
8
</Switch918>
<Switch919>
15
</Switch919>
<Switch920>
8
</Switch920>
<Switch921>
9
</Switch921>
<Switch922>
9
</Switch922>
<Switch923>
9
</Switch923>
<Switch924>
3
</Switch924>
<Switch925>
2
</Switch925>
<Switch926>
0
</Switch926>
<Switch927>
7
</Switch927>
<Switch928>
16
</Switch928>
<Switch929>
8
</Switch929>
<Switch930>
7
</Switch930>
<Switch931>
13
</Switch931>
<Switch932>
18
</Switch932>
<Switch933>
15
</Switch933>
<Switch934>
15
</Switch934>
<Switch935>
5
</Switch935>
<Switch936>
10
</Switch936>
</BaseID:24>
