<?xml version="1.0"?>

<BaseID:242>
<Switch1>
8
</Switch1>
<Switch2>
14
</Switch2>
<Switch3>
12
</Switch3>
<Switch4>
12
</Switch4>
<Switch5>
19
</Switch5>
<Switch6>
19
</Switch6>
<Switch7>
14
</Switch7>
<Switch8>
5
</Switch8>
<Switch9>
9
</Switch9>
<Switch10>
3
</Switch10>
<Switch11>
12
</Switch11>
<Switch12>
5
</Switch12>
<Switch13>
12
</Switch13>
<Switch14>
14
</Switch14>
<Switch15>
15
</Switch15>
<Switch16>
17
</Switch16>
<Switch17>
5
</Switch17>
</BaseID:242>
