<?xml version="1.0"?>

<BaseID:244>
<Switch1>
6
</Switch1>
<Switch2>
8
</Switch2>
<Switch3>
1
</Switch3>
<Switch4>
15
</Switch4>
<Switch5>
0
</Switch5>
<Switch6>
10
</Switch6>
<Switch7>
8
</Switch7>
<Switch8>
5
</Switch8>
<Switch9>
12
</Switch9>
<Switch10>
11
</Switch10>
<Switch11>
9
</Switch11>
<Switch12>
3
</Switch12>
<Switch13>
13
</Switch13>
<Switch14>
12
</Switch14>
<Switch15>
0
</Switch15>
<Switch16>
9
</Switch16>
<Switch17>
8
</Switch17>
<Switch18>
13
</Switch18>
<Switch19>
8
</Switch19>
<Switch20>
13
</Switch20>
<Switch21>
9
</Switch21>
<Switch22>
10
</Switch22>
<Switch23>
4
</Switch23>
<Switch24>
16
</Switch24>
<Switch25>
17
</Switch25>
<Switch26>
3
</Switch26>
<Switch27>
1
</Switch27>
<Switch28>
12
</Switch28>
<Switch29>
0
</Switch29>
<Switch30>
14
</Switch30>
<Switch31>
8
</Switch31>
<Switch32>
10
</Switch32>
<Switch33>
10
</Switch33>
<Switch34>
17
</Switch34>
<Switch35>
12
</Switch35>
<Switch36>
5
</Switch36>
<Switch37>
7
</Switch37>
<Switch38>
16
</Switch38>
<Switch39>
6
</Switch39>
<Switch40>
1
</Switch40>
<Switch41>
5
</Switch41>
<Switch42>
14
</Switch42>
<Switch43>
7
</Switch43>
<Switch44>
11
</Switch44>
<Switch45>
19
</Switch45>
<Switch46>
13
</Switch46>
<Switch47>
8
</Switch47>
<Switch48>
14
</Switch48>
<Switch49>
4
</Switch49>
<Switch50>
3
</Switch50>
<Switch51>
8
</Switch51>
<Switch52>
3
</Switch52>
<Switch53>
8
</Switch53>
<Switch54>
1
</Switch54>
<Switch55>
2
</Switch55>
<Switch56>
2
</Switch56>
<Switch57>
11
</Switch57>
<Switch58>
14
</Switch58>
<Switch59>
1
</Switch59>
<Switch60>
12
</Switch60>
<Switch61>
8
</Switch61>
<Switch62>
17
</Switch62>
<Switch63>
3
</Switch63>
<Switch64>
14
</Switch64>
<Switch65>
14
</Switch65>
<Switch66>
4
</Switch66>
<Switch67>
10
</Switch67>
<Switch68>
16
</Switch68>
<Switch69>
7
</Switch69>
<Switch70>
13
</Switch70>
<Switch71>
2
</Switch71>
<Switch72>
11
</Switch72>
<Switch73>
1
</Switch73>
<Switch74>
15
</Switch74>
<Switch75>
16
</Switch75>
<Switch76>
8
</Switch76>
<Switch77>
15
</Switch77>
<Switch78>
2
</Switch78>
<Switch79>
7
</Switch79>
<Switch80>
5
</Switch80>
<Switch81>
0
</Switch81>
<Switch82>
12
</Switch82>
<Switch83>
17
</Switch83>
<Switch84>
19
</Switch84>
<Switch85>
7
</Switch85>
<Switch86>
16
</Switch86>
<Switch87>
9
</Switch87>
<Switch88>
12
</Switch88>
<Switch89>
19
</Switch89>
<Switch90>
6
</Switch90>
<Switch91>
0
</Switch91>
<Switch92>
4
</Switch92>
<Switch93>
17
</Switch93>
<Switch94>
9
</Switch94>
<Switch95>
6
</Switch95>
<Switch96>
18
</Switch96>
<Switch97>
0
</Switch97>
<Switch98>
13
</Switch98>
<Switch99>
16
</Switch99>
<Switch100>
11
</Switch100>
<Switch101>
17
</Switch101>
<Switch102>
16
</Switch102>
<Switch103>
8
</Switch103>
<Switch104>
9
</Switch104>
<Switch105>
13
</Switch105>
<Switch106>
10
</Switch106>
<Switch107>
17
</Switch107>
<Switch108>
3
</Switch108>
<Switch109>
17
</Switch109>
<Switch110>
2
</Switch110>
<Switch111>
4
</Switch111>
<Switch112>
11
</Switch112>
<Switch113>
9
</Switch113>
<Switch114>
5
</Switch114>
<Switch115>
11
</Switch115>
<Switch116>
7
</Switch116>
<Switch117>
17
</Switch117>
<Switch118>
0
</Switch118>
<Switch119>
2
</Switch119>
<Switch120>
16
</Switch120>
<Switch121>
8
</Switch121>
<Switch122>
6
</Switch122>
<Switch123>
9
</Switch123>
<Switch124>
19
</Switch124>
<Switch125>
6
</Switch125>
<Switch126>
18
</Switch126>
<Switch127>
6
</Switch127>
<Switch128>
10
</Switch128>
<Switch129>
9
</Switch129>
<Switch130>
11
</Switch130>
<Switch131>
12
</Switch131>
<Switch132>
3
</Switch132>
<Switch133>
16
</Switch133>
<Switch134>
9
</Switch134>
<Switch135>
7
</Switch135>
<Switch136>
1
</Switch136>
<Switch137>
1
</Switch137>
<Switch138>
12
</Switch138>
<Switch139>
6
</Switch139>
<Switch140>
16
</Switch140>
<Switch141>
5
</Switch141>
<Switch142>
5
</Switch142>
<Switch143>
15
</Switch143>
<Switch144>
7
</Switch144>
<Switch145>
19
</Switch145>
<Switch146>
18
</Switch146>
<Switch147>
11
</Switch147>
<Switch148>
17
</Switch148>
<Switch149>
17
</Switch149>
<Switch150>
19
</Switch150>
<Switch151>
8
</Switch151>
<Switch152>
0
</Switch152>
<Switch153>
3
</Switch153>
<Switch154>
15
</Switch154>
<Switch155>
7
</Switch155>
<Switch156>
11
</Switch156>
<Switch157>
6
</Switch157>
<Switch158>
8
</Switch158>
<Switch159>
2
</Switch159>
<Switch160>
14
</Switch160>
<Switch161>
8
</Switch161>
<Switch162>
2
</Switch162>
<Switch163>
11
</Switch163>
<Switch164>
16
</Switch164>
<Switch165>
0
</Switch165>
<Switch166>
15
</Switch166>
<Switch167>
3
</Switch167>
<Switch168>
2
</Switch168>
<Switch169>
0
</Switch169>
<Switch170>
9
</Switch170>
<Switch171>
11
</Switch171>
<Switch172>
11
</Switch172>
<Switch173>
19
</Switch173>
<Switch174>
15
</Switch174>
<Switch175>
17
</Switch175>
<Switch176>
1
</Switch176>
<Switch177>
5
</Switch177>
<Switch178>
10
</Switch178>
<Switch179>
19
</Switch179>
<Switch180>
9
</Switch180>
<Switch181>
13
</Switch181>
<Switch182>
2
</Switch182>
<Switch183>
16
</Switch183>
<Switch184>
0
</Switch184>
<Switch185>
15
</Switch185>
<Switch186>
8
</Switch186>
<Switch187>
19
</Switch187>
<Switch188>
2
</Switch188>
<Switch189>
19
</Switch189>
<Switch190>
11
</Switch190>
<Switch191>
15
</Switch191>
<Switch192>
3
</Switch192>
<Switch193>
2
</Switch193>
<Switch194>
0
</Switch194>
<Switch195>
5
</Switch195>
<Switch196>
13
</Switch196>
<Switch197>
17
</Switch197>
<Switch198>
8
</Switch198>
<Switch199>
13
</Switch199>
<Switch200>
1
</Switch200>
<Switch201>
19
</Switch201>
<Switch202>
12
</Switch202>
<Switch203>
4
</Switch203>
<Switch204>
11
</Switch204>
<Switch205>
8
</Switch205>
<Switch206>
12
</Switch206>
<Switch207>
5
</Switch207>
<Switch208>
17
</Switch208>
<Switch209>
12
</Switch209>
<Switch210>
9
</Switch210>
<Switch211>
3
</Switch211>
<Switch212>
5
</Switch212>
<Switch213>
1
</Switch213>
<Switch214>
6
</Switch214>
<Switch215>
16
</Switch215>
<Switch216>
10
</Switch216>
<Switch217>
18
</Switch217>
<Switch218>
10
</Switch218>
<Switch219>
10
</Switch219>
<Switch220>
9
</Switch220>
<Switch221>
0
</Switch221>
<Switch222>
15
</Switch222>
<Switch223>
7
</Switch223>
<Switch224>
8
</Switch224>
<Switch225>
3
</Switch225>
<Switch226>
10
</Switch226>
<Switch227>
17
</Switch227>
<Switch228>
8
</Switch228>
<Switch229>
3
</Switch229>
<Switch230>
11
</Switch230>
<Switch231>
4
</Switch231>
<Switch232>
17
</Switch232>
<Switch233>
18
</Switch233>
<Switch234>
2
</Switch234>
<Switch235>
16
</Switch235>
<Switch236>
6
</Switch236>
<Switch237>
19
</Switch237>
<Switch238>
16
</Switch238>
<Switch239>
0
</Switch239>
<Switch240>
16
</Switch240>
<Switch241>
3
</Switch241>
<Switch242>
4
</Switch242>
<Switch243>
1
</Switch243>
<Switch244>
3
</Switch244>
<Switch245>
11
</Switch245>
<Switch246>
9
</Switch246>
<Switch247>
19
</Switch247>
<Switch248>
4
</Switch248>
<Switch249>
5
</Switch249>
<Switch250>
16
</Switch250>
<Switch251>
10
</Switch251>
<Switch252>
11
</Switch252>
<Switch253>
2
</Switch253>
<Switch254>
0
</Switch254>
<Switch255>
13
</Switch255>
<Switch256>
14
</Switch256>
<Switch257>
15
</Switch257>
<Switch258>
14
</Switch258>
<Switch259>
17
</Switch259>
<Switch260>
11
</Switch260>
<Switch261>
19
</Switch261>
<Switch262>
4
</Switch262>
<Switch263>
12
</Switch263>
<Switch264>
10
</Switch264>
<Switch265>
16
</Switch265>
<Switch266>
18
</Switch266>
<Switch267>
17
</Switch267>
<Switch268>
10
</Switch268>
<Switch269>
0
</Switch269>
<Switch270>
19
</Switch270>
<Switch271>
9
</Switch271>
<Switch272>
1
</Switch272>
<Switch273>
0
</Switch273>
<Switch274>
6
</Switch274>
<Switch275>
12
</Switch275>
<Switch276>
16
</Switch276>
<Switch277>
12
</Switch277>
<Switch278>
17
</Switch278>
<Switch279>
18
</Switch279>
<Switch280>
18
</Switch280>
<Switch281>
3
</Switch281>
<Switch282>
19
</Switch282>
<Switch283>
12
</Switch283>
<Switch284>
6
</Switch284>
<Switch285>
3
</Switch285>
<Switch286>
10
</Switch286>
<Switch287>
10
</Switch287>
<Switch288>
19
</Switch288>
<Switch289>
9
</Switch289>
<Switch290>
0
</Switch290>
<Switch291>
0
</Switch291>
<Switch292>
7
</Switch292>
<Switch293>
15
</Switch293>
<Switch294>
11
</Switch294>
<Switch295>
2
</Switch295>
<Switch296>
8
</Switch296>
<Switch297>
10
</Switch297>
<Switch298>
5
</Switch298>
<Switch299>
5
</Switch299>
<Switch300>
19
</Switch300>
<Switch301>
6
</Switch301>
<Switch302>
17
</Switch302>
<Switch303>
4
</Switch303>
<Switch304>
8
</Switch304>
<Switch305>
16
</Switch305>
<Switch306>
4
</Switch306>
<Switch307>
4
</Switch307>
<Switch308>
4
</Switch308>
<Switch309>
13
</Switch309>
<Switch310>
12
</Switch310>
<Switch311>
0
</Switch311>
<Switch312>
18
</Switch312>
<Switch313>
14
</Switch313>
<Switch314>
15
</Switch314>
<Switch315>
0
</Switch315>
<Switch316>
8
</Switch316>
<Switch317>
9
</Switch317>
<Switch318>
9
</Switch318>
<Switch319>
13
</Switch319>
<Switch320>
5
</Switch320>
<Switch321>
9
</Switch321>
<Switch322>
3
</Switch322>
<Switch323>
9
</Switch323>
<Switch324>
4
</Switch324>
<Switch325>
17
</Switch325>
<Switch326>
12
</Switch326>
<Switch327>
18
</Switch327>
<Switch328>
16
</Switch328>
<Switch329>
7
</Switch329>
<Switch330>
2
</Switch330>
<Switch331>
10
</Switch331>
<Switch332>
11
</Switch332>
<Switch333>
12
</Switch333>
<Switch334>
18
</Switch334>
<Switch335>
14
</Switch335>
<Switch336>
18
</Switch336>
<Switch337>
6
</Switch337>
<Switch338>
6
</Switch338>
<Switch339>
0
</Switch339>
<Switch340>
7
</Switch340>
<Switch341>
17
</Switch341>
<Switch342>
16
</Switch342>
<Switch343>
6
</Switch343>
<Switch344>
6
</Switch344>
<Switch345>
15
</Switch345>
<Switch346>
15
</Switch346>
<Switch347>
18
</Switch347>
<Switch348>
18
</Switch348>
<Switch349>
14
</Switch349>
<Switch350>
13
</Switch350>
<Switch351>
19
</Switch351>
<Switch352>
19
</Switch352>
<Switch353>
13
</Switch353>
<Switch354>
8
</Switch354>
<Switch355>
14
</Switch355>
<Switch356>
13
</Switch356>
<Switch357>
0
</Switch357>
<Switch358>
7
</Switch358>
<Switch359>
6
</Switch359>
<Switch360>
13
</Switch360>
<Switch361>
8
</Switch361>
<Switch362>
10
</Switch362>
<Switch363>
2
</Switch363>
<Switch364>
8
</Switch364>
<Switch365>
11
</Switch365>
<Switch366>
19
</Switch366>
<Switch367>
14
</Switch367>
<Switch368>
18
</Switch368>
<Switch369>
0
</Switch369>
<Switch370>
7
</Switch370>
<Switch371>
18
</Switch371>
<Switch372>
12
</Switch372>
<Switch373>
4
</Switch373>
<Switch374>
7
</Switch374>
<Switch375>
19
</Switch375>
<Switch376>
17
</Switch376>
<Switch377>
2
</Switch377>
<Switch378>
0
</Switch378>
<Switch379>
17
</Switch379>
<Switch380>
3
</Switch380>
<Switch381>
12
</Switch381>
<Switch382>
19
</Switch382>
<Switch383>
10
</Switch383>
<Switch384>
2
</Switch384>
<Switch385>
7
</Switch385>
<Switch386>
11
</Switch386>
<Switch387>
13
</Switch387>
<Switch388>
16
</Switch388>
<Switch389>
4
</Switch389>
<Switch390>
4
</Switch390>
<Switch391>
17
</Switch391>
<Switch392>
7
</Switch392>
<Switch393>
13
</Switch393>
<Switch394>
4
</Switch394>
<Switch395>
6
</Switch395>
<Switch396>
19
</Switch396>
<Switch397>
16
</Switch397>
<Switch398>
18
</Switch398>
<Switch399>
13
</Switch399>
<Switch400>
4
</Switch400>
<Switch401>
15
</Switch401>
<Switch402>
0
</Switch402>
<Switch403>
12
</Switch403>
<Switch404>
8
</Switch404>
<Switch405>
10
</Switch405>
<Switch406>
3
</Switch406>
<Switch407>
19
</Switch407>
<Switch408>
19
</Switch408>
<Switch409>
14
</Switch409>
<Switch410>
17
</Switch410>
<Switch411>
15
</Switch411>
<Switch412>
5
</Switch412>
<Switch413>
6
</Switch413>
<Switch414>
5
</Switch414>
<Switch415>
5
</Switch415>
<Switch416>
9
</Switch416>
<Switch417>
8
</Switch417>
<Switch418>
2
</Switch418>
<Switch419>
0
</Switch419>
<Switch420>
11
</Switch420>
<Switch421>
13
</Switch421>
<Switch422>
7
</Switch422>
<Switch423>
4
</Switch423>
<Switch424>
14
</Switch424>
<Switch425>
14
</Switch425>
<Switch426>
5
</Switch426>
<Switch427>
18
</Switch427>
<Switch428>
12
</Switch428>
<Switch429>
4
</Switch429>
<Switch430>
12
</Switch430>
<Switch431>
2
</Switch431>
<Switch432>
12
</Switch432>
<Switch433>
19
</Switch433>
<Switch434>
4
</Switch434>
<Switch435>
11
</Switch435>
<Switch436>
3
</Switch436>
<Switch437>
19
</Switch437>
<Switch438>
10
</Switch438>
<Switch439>
3
</Switch439>
<Switch440>
17
</Switch440>
<Switch441>
8
</Switch441>
<Switch442>
18
</Switch442>
<Switch443>
7
</Switch443>
<Switch444>
6
</Switch444>
<Switch445>
0
</Switch445>
<Switch446>
0
</Switch446>
<Switch447>
17
</Switch447>
<Switch448>
8
</Switch448>
<Switch449>
19
</Switch449>
<Switch450>
16
</Switch450>
<Switch451>
13
</Switch451>
<Switch452>
7
</Switch452>
<Switch453>
11
</Switch453>
<Switch454>
8
</Switch454>
<Switch455>
5
</Switch455>
<Switch456>
7
</Switch456>
<Switch457>
14
</Switch457>
<Switch458>
1
</Switch458>
<Switch459>
15
</Switch459>
<Switch460>
3
</Switch460>
<Switch461>
2
</Switch461>
<Switch462>
17
</Switch462>
<Switch463>
5
</Switch463>
<Switch464>
11
</Switch464>
<Switch465>
7
</Switch465>
<Switch466>
7
</Switch466>
<Switch467>
11
</Switch467>
<Switch468>
13
</Switch468>
<Switch469>
8
</Switch469>
<Switch470>
6
</Switch470>
<Switch471>
10
</Switch471>
<Switch472>
14
</Switch472>
<Switch473>
3
</Switch473>
<Switch474>
12
</Switch474>
<Switch475>
4
</Switch475>
<Switch476>
3
</Switch476>
<Switch477>
3
</Switch477>
<Switch478>
4
</Switch478>
<Switch479>
9
</Switch479>
<Switch480>
7
</Switch480>
<Switch481>
5
</Switch481>
<Switch482>
11
</Switch482>
<Switch483>
17
</Switch483>
<Switch484>
15
</Switch484>
<Switch485>
15
</Switch485>
<Switch486>
4
</Switch486>
<Switch487>
19
</Switch487>
<Switch488>
9
</Switch488>
<Switch489>
6
</Switch489>
<Switch490>
3
</Switch490>
<Switch491>
10
</Switch491>
<Switch492>
8
</Switch492>
<Switch493>
10
</Switch493>
<Switch494>
10
</Switch494>
<Switch495>
7
</Switch495>
<Switch496>
12
</Switch496>
<Switch497>
8
</Switch497>
<Switch498>
3
</Switch498>
<Switch499>
4
</Switch499>
<Switch500>
2
</Switch500>
<Switch501>
11
</Switch501>
<Switch502>
10
</Switch502>
<Switch503>
4
</Switch503>
<Switch504>
10
</Switch504>
<Switch505>
0
</Switch505>
<Switch506>
11
</Switch506>
<Switch507>
0
</Switch507>
<Switch508>
12
</Switch508>
<Switch509>
1
</Switch509>
<Switch510>
10
</Switch510>
<Switch511>
6
</Switch511>
<Switch512>
11
</Switch512>
<Switch513>
18
</Switch513>
<Switch514>
15
</Switch514>
<Switch515>
0
</Switch515>
<Switch516>
1
</Switch516>
<Switch517>
15
</Switch517>
<Switch518>
13
</Switch518>
<Switch519>
7
</Switch519>
<Switch520>
4
</Switch520>
<Switch521>
5
</Switch521>
<Switch522>
19
</Switch522>
<Switch523>
10
</Switch523>
<Switch524>
18
</Switch524>
<Switch525>
16
</Switch525>
<Switch526>
9
</Switch526>
<Switch527>
7
</Switch527>
<Switch528>
3
</Switch528>
<Switch529>
9
</Switch529>
<Switch530>
1
</Switch530>
<Switch531>
14
</Switch531>
<Switch532>
5
</Switch532>
<Switch533>
2
</Switch533>
<Switch534>
17
</Switch534>
<Switch535>
18
</Switch535>
<Switch536>
13
</Switch536>
<Switch537>
15
</Switch537>
<Switch538>
18
</Switch538>
<Switch539>
9
</Switch539>
<Switch540>
9
</Switch540>
<Switch541>
16
</Switch541>
<Switch542>
12
</Switch542>
<Switch543>
7
</Switch543>
<Switch544>
11
</Switch544>
<Switch545>
5
</Switch545>
<Switch546>
13
</Switch546>
<Switch547>
2
</Switch547>
<Switch548>
15
</Switch548>
<Switch549>
17
</Switch549>
<Switch550>
8
</Switch550>
<Switch551>
4
</Switch551>
<Switch552>
5
</Switch552>
<Switch553>
0
</Switch553>
<Switch554>
14
</Switch554>
<Switch555>
10
</Switch555>
<Switch556>
14
</Switch556>
<Switch557>
8
</Switch557>
<Switch558>
7
</Switch558>
<Switch559>
10
</Switch559>
<Switch560>
9
</Switch560>
<Switch561>
3
</Switch561>
<Switch562>
15
</Switch562>
<Switch563>
9
</Switch563>
<Switch564>
3
</Switch564>
<Switch565>
4
</Switch565>
<Switch566>
9
</Switch566>
<Switch567>
0
</Switch567>
<Switch568>
0
</Switch568>
<Switch569>
7
</Switch569>
<Switch570>
2
</Switch570>
<Switch571>
8
</Switch571>
<Switch572>
5
</Switch572>
<Switch573>
11
</Switch573>
<Switch574>
3
</Switch574>
<Switch575>
16
</Switch575>
<Switch576>
15
</Switch576>
<Switch577>
7
</Switch577>
<Switch578>
17
</Switch578>
<Switch579>
15
</Switch579>
<Switch580>
6
</Switch580>
<Switch581>
4
</Switch581>
<Switch582>
1
</Switch582>
<Switch583>
11
</Switch583>
<Switch584>
15
</Switch584>
<Switch585>
3
</Switch585>
<Switch586>
8
</Switch586>
<Switch587>
18
</Switch587>
<Switch588>
16
</Switch588>
<Switch589>
10
</Switch589>
<Switch590>
9
</Switch590>
<Switch591>
7
</Switch591>
<Switch592>
17
</Switch592>
<Switch593>
2
</Switch593>
<Switch594>
5
</Switch594>
<Switch595>
17
</Switch595>
<Switch596>
0
</Switch596>
<Switch597>
9
</Switch597>
<Switch598>
1
</Switch598>
<Switch599>
17
</Switch599>
<Switch600>
10
</Switch600>
<Switch601>
9
</Switch601>
<Switch602>
14
</Switch602>
<Switch603>
9
</Switch603>
<Switch604>
13
</Switch604>
<Switch605>
18
</Switch605>
<Switch606>
16
</Switch606>
<Switch607>
6
</Switch607>
<Switch608>
3
</Switch608>
<Switch609>
4
</Switch609>
<Switch610>
10
</Switch610>
<Switch611>
18
</Switch611>
<Switch612>
6
</Switch612>
<Switch613>
0
</Switch613>
<Switch614>
4
</Switch614>
<Switch615>
7
</Switch615>
<Switch616>
6
</Switch616>
<Switch617>
17
</Switch617>
<Switch618>
4
</Switch618>
<Switch619>
9
</Switch619>
<Switch620>
3
</Switch620>
<Switch621>
7
</Switch621>
<Switch622>
17
</Switch622>
<Switch623>
15
</Switch623>
<Switch624>
19
</Switch624>
<Switch625>
14
</Switch625>
<Switch626>
15
</Switch626>
<Switch627>
2
</Switch627>
<Switch628>
0
</Switch628>
<Switch629>
9
</Switch629>
<Switch630>
1
</Switch630>
<Switch631>
9
</Switch631>
<Switch632>
3
</Switch632>
<Switch633>
17
</Switch633>
<Switch634>
7
</Switch634>
<Switch635>
4
</Switch635>
<Switch636>
5
</Switch636>
<Switch637>
9
</Switch637>
<Switch638>
5
</Switch638>
<Switch639>
12
</Switch639>
<Switch640>
4
</Switch640>
<Switch641>
7
</Switch641>
<Switch642>
4
</Switch642>
<Switch643>
13
</Switch643>
<Switch644>
18
</Switch644>
<Switch645>
6
</Switch645>
<Switch646>
6
</Switch646>
<Switch647>
8
</Switch647>
<Switch648>
11
</Switch648>
<Switch649>
8
</Switch649>
<Switch650>
18
</Switch650>
<Switch651>
13
</Switch651>
<Switch652>
5
</Switch652>
<Switch653>
6
</Switch653>
<Switch654>
8
</Switch654>
<Switch655>
16
</Switch655>
<Switch656>
11
</Switch656>
<Switch657>
18
</Switch657>
<Switch658>
19
</Switch658>
<Switch659>
3
</Switch659>
<Switch660>
18
</Switch660>
<Switch661>
12
</Switch661>
<Switch662>
4
</Switch662>
<Switch663>
8
</Switch663>
<Switch664>
0
</Switch664>
<Switch665>
11
</Switch665>
<Switch666>
9
</Switch666>
<Switch667>
13
</Switch667>
<Switch668>
17
</Switch668>
<Switch669>
12
</Switch669>
<Switch670>
19
</Switch670>
<Switch671>
15
</Switch671>
<Switch672>
1
</Switch672>
<Switch673>
17
</Switch673>
<Switch674>
16
</Switch674>
<Switch675>
15
</Switch675>
<Switch676>
3
</Switch676>
<Switch677>
0
</Switch677>
<Switch678>
1
</Switch678>
<Switch679>
3
</Switch679>
<Switch680>
0
</Switch680>
<Switch681>
9
</Switch681>
<Switch682>
19
</Switch682>
<Switch683>
0
</Switch683>
<Switch684>
16
</Switch684>
<Switch685>
10
</Switch685>
<Switch686>
11
</Switch686>
<Switch687>
5
</Switch687>
<Switch688>
2
</Switch688>
<Switch689>
7
</Switch689>
<Switch690>
12
</Switch690>
<Switch691>
2
</Switch691>
<Switch692>
15
</Switch692>
<Switch693>
15
</Switch693>
<Switch694>
12
</Switch694>
<Switch695>
7
</Switch695>
<Switch696>
12
</Switch696>
<Switch697>
18
</Switch697>
<Switch698>
7
</Switch698>
<Switch699>
8
</Switch699>
<Switch700>
1
</Switch700>
<Switch701>
7
</Switch701>
<Switch702>
15
</Switch702>
<Switch703>
2
</Switch703>
<Switch704>
10
</Switch704>
<Switch705>
13
</Switch705>
<Switch706>
10
</Switch706>
<Switch707>
15
</Switch707>
<Switch708>
14
</Switch708>
<Switch709>
16
</Switch709>
<Switch710>
14
</Switch710>
<Switch711>
15
</Switch711>
<Switch712>
15
</Switch712>
<Switch713>
7
</Switch713>
<Switch714>
11
</Switch714>
<Switch715>
8
</Switch715>
<Switch716>
17
</Switch716>
<Switch717>
17
</Switch717>
<Switch718>
4
</Switch718>
<Switch719>
19
</Switch719>
<Switch720>
3
</Switch720>
<Switch721>
8
</Switch721>
<Switch722>
4
</Switch722>
<Switch723>
1
</Switch723>
<Switch724>
11
</Switch724>
<Switch725>
5
</Switch725>
<Switch726>
4
</Switch726>
<Switch727>
6
</Switch727>
<Switch728>
11
</Switch728>
<Switch729>
2
</Switch729>
<Switch730>
5
</Switch730>
<Switch731>
1
</Switch731>
<Switch732>
4
</Switch732>
<Switch733>
3
</Switch733>
<Switch734>
7
</Switch734>
<Switch735>
13
</Switch735>
<Switch736>
16
</Switch736>
<Switch737>
5
</Switch737>
<Switch738>
9
</Switch738>
<Switch739>
6
</Switch739>
<Switch740>
5
</Switch740>
<Switch741>
0
</Switch741>
<Switch742>
2
</Switch742>
<Switch743>
5
</Switch743>
<Switch744>
0
</Switch744>
<Switch745>
16
</Switch745>
<Switch746>
17
</Switch746>
<Switch747>
7
</Switch747>
<Switch748>
11
</Switch748>
<Switch749>
15
</Switch749>
<Switch750>
9
</Switch750>
<Switch751>
17
</Switch751>
<Switch752>
2
</Switch752>
<Switch753>
6
</Switch753>
<Switch754>
15
</Switch754>
<Switch755>
9
</Switch755>
<Switch756>
6
</Switch756>
<Switch757>
6
</Switch757>
<Switch758>
0
</Switch758>
<Switch759>
8
</Switch759>
<Switch760>
5
</Switch760>
<Switch761>
1
</Switch761>
<Switch762>
4
</Switch762>
<Switch763>
16
</Switch763>
<Switch764>
11
</Switch764>
<Switch765>
19
</Switch765>
<Switch766>
13
</Switch766>
<Switch767>
5
</Switch767>
<Switch768>
2
</Switch768>
<Switch769>
7
</Switch769>
<Switch770>
18
</Switch770>
<Switch771>
17
</Switch771>
<Switch772>
12
</Switch772>
<Switch773>
2
</Switch773>
<Switch774>
19
</Switch774>
<Switch775>
16
</Switch775>
<Switch776>
13
</Switch776>
<Switch777>
12
</Switch777>
<Switch778>
2
</Switch778>
<Switch779>
2
</Switch779>
<Switch780>
12
</Switch780>
<Switch781>
6
</Switch781>
<Switch782>
8
</Switch782>
<Switch783>
0
</Switch783>
<Switch784>
16
</Switch784>
<Switch785>
17
</Switch785>
<Switch786>
14
</Switch786>
<Switch787>
15
</Switch787>
<Switch788>
16
</Switch788>
<Switch789>
14
</Switch789>
<Switch790>
12
</Switch790>
<Switch791>
9
</Switch791>
<Switch792>
7
</Switch792>
<Switch793>
13
</Switch793>
<Switch794>
7
</Switch794>
<Switch795>
16
</Switch795>
<Switch796>
14
</Switch796>
<Switch797>
19
</Switch797>
<Switch798>
4
</Switch798>
<Switch799>
1
</Switch799>
<Switch800>
4
</Switch800>
<Switch801>
15
</Switch801>
<Switch802>
4
</Switch802>
<Switch803>
18
</Switch803>
<Switch804>
9
</Switch804>
<Switch805>
13
</Switch805>
<Switch806>
11
</Switch806>
<Switch807>
13
</Switch807>
<Switch808>
16
</Switch808>
<Switch809>
9
</Switch809>
<Switch810>
13
</Switch810>
<Switch811>
1
</Switch811>
<Switch812>
2
</Switch812>
<Switch813>
19
</Switch813>
<Switch814>
19
</Switch814>
<Switch815>
6
</Switch815>
<Switch816>
7
</Switch816>
<Switch817>
4
</Switch817>
<Switch818>
13
</Switch818>
<Switch819>
5
</Switch819>
<Switch820>
4
</Switch820>
<Switch821>
9
</Switch821>
<Switch822>
16
</Switch822>
<Switch823>
6
</Switch823>
<Switch824>
12
</Switch824>
<Switch825>
7
</Switch825>
<Switch826>
7
</Switch826>
<Switch827>
19
</Switch827>
<Switch828>
13
</Switch828>
<Switch829>
11
</Switch829>
<Switch830>
19
</Switch830>
<Switch831>
10
</Switch831>
<Switch832>
10
</Switch832>
<Switch833>
18
</Switch833>
<Switch834>
0
</Switch834>
<Switch835>
6
</Switch835>
<Switch836>
6
</Switch836>
<Switch837>
18
</Switch837>
<Switch838>
4
</Switch838>
<Switch839>
14
</Switch839>
<Switch840>
0
</Switch840>
<Switch841>
5
</Switch841>
<Switch842>
19
</Switch842>
<Switch843>
8
</Switch843>
<Switch844>
2
</Switch844>
<Switch845>
3
</Switch845>
<Switch846>
17
</Switch846>
<Switch847>
2
</Switch847>
<Switch848>
9
</Switch848>
<Switch849>
16
</Switch849>
<Switch850>
19
</Switch850>
<Switch851>
8
</Switch851>
<Switch852>
3
</Switch852>
<Switch853>
11
</Switch853>
<Switch854>
12
</Switch854>
<Switch855>
10
</Switch855>
<Switch856>
16
</Switch856>
<Switch857>
18
</Switch857>
<Switch858>
16
</Switch858>
<Switch859>
19
</Switch859>
<Switch860>
19
</Switch860>
<Switch861>
11
</Switch861>
<Switch862>
16
</Switch862>
<Switch863>
11
</Switch863>
<Switch864>
9
</Switch864>
<Switch865>
16
</Switch865>
<Switch866>
17
</Switch866>
<Switch867>
13
</Switch867>
<Switch868>
12
</Switch868>
<Switch869>
3
</Switch869>
<Switch870>
12
</Switch870>
<Switch871>
10
</Switch871>
<Switch872>
1
</Switch872>
<Switch873>
12
</Switch873>
<Switch874>
7
</Switch874>
<Switch875>
11
</Switch875>
<Switch876>
4
</Switch876>
<Switch877>
9
</Switch877>
<Switch878>
17
</Switch878>
<Switch879>
17
</Switch879>
<Switch880>
2
</Switch880>
<Switch881>
1
</Switch881>
<Switch882>
0
</Switch882>
<Switch883>
4
</Switch883>
<Switch884>
9
</Switch884>
<Switch885>
4
</Switch885>
<Switch886>
4
</Switch886>
<Switch887>
1
</Switch887>
<Switch888>
12
</Switch888>
<Switch889>
3
</Switch889>
<Switch890>
5
</Switch890>
<Switch891>
1
</Switch891>
<Switch892>
5
</Switch892>
<Switch893>
11
</Switch893>
<Switch894>
14
</Switch894>
<Switch895>
4
</Switch895>
<Switch896>
4
</Switch896>
<Switch897>
5
</Switch897>
<Switch898>
8
</Switch898>
<Switch899>
3
</Switch899>
<Switch900>
7
</Switch900>
<Switch901>
18
</Switch901>
<Switch902>
13
</Switch902>
<Switch903>
18
</Switch903>
<Switch904>
0
</Switch904>
<Switch905>
4
</Switch905>
<Switch906>
18
</Switch906>
<Switch907>
5
</Switch907>
<Switch908>
12
</Switch908>
<Switch909>
1
</Switch909>
<Switch910>
1
</Switch910>
<Switch911>
18
</Switch911>
<Switch912>
16
</Switch912>
<Switch913>
6
</Switch913>
<Switch914>
5
</Switch914>
<Switch915>
4
</Switch915>
<Switch916>
18
</Switch916>
<Switch917>
5
</Switch917>
<Switch918>
0
</Switch918>
<Switch919>
0
</Switch919>
<Switch920>
3
</Switch920>
<Switch921>
6
</Switch921>
<Switch922>
7
</Switch922>
<Switch923>
1
</Switch923>
<Switch924>
8
</Switch924>
<Switch925>
12
</Switch925>
<Switch926>
16
</Switch926>
<Switch927>
14
</Switch927>
<Switch928>
11
</Switch928>
<Switch929>
0
</Switch929>
<Switch930>
12
</Switch930>
<Switch931>
7
</Switch931>
<Switch932>
14
</Switch932>
<Switch933>
1
</Switch933>
<Switch934>
5
</Switch934>
<Switch935>
0
</Switch935>
<Switch936>
8
</Switch936>
<Switch937>
7
</Switch937>
<Switch938>
7
</Switch938>
<Switch939>
8
</Switch939>
<Switch940>
5
</Switch940>
<Switch941>
19
</Switch941>
<Switch942>
8
</Switch942>
<Switch943>
18
</Switch943>
<Switch944>
5
</Switch944>
<Switch945>
16
</Switch945>
<Switch946>
2
</Switch946>
<Switch947>
18
</Switch947>
<Switch948>
17
</Switch948>
<Switch949>
5
</Switch949>
<Switch950>
8
</Switch950>
<Switch951>
6
</Switch951>
<Switch952>
1
</Switch952>
<Switch953>
6
</Switch953>
<Switch954>
13
</Switch954>
<Switch955>
15
</Switch955>
<Switch956>
5
</Switch956>
<Switch957>
1
</Switch957>
<Switch958>
16
</Switch958>
<Switch959>
4
</Switch959>
<Switch960>
11
</Switch960>
<Switch961>
10
</Switch961>
<Switch962>
2
</Switch962>
<Switch963>
3
</Switch963>
<Switch964>
11
</Switch964>
<Switch965>
14
</Switch965>
<Switch966>
15
</Switch966>
<Switch967>
12
</Switch967>
</BaseID:244>
