<?xml version="1.0"?>

<BaseID:246>
<Switch1>
6
</Switch1>
<Switch2>
8
</Switch2>
<Switch3>
6
</Switch3>
<Switch4>
9
</Switch4>
<Switch5>
8
</Switch5>
<Switch6>
15
</Switch6>
<Switch7>
17
</Switch7>
<Switch8>
5
</Switch8>
<Switch9>
14
</Switch9>
<Switch10>
18
</Switch10>
<Switch11>
6
</Switch11>
<Switch12>
7
</Switch12>
<Switch13>
14
</Switch13>
<Switch14>
17
</Switch14>
<Switch15>
9
</Switch15>
<Switch16>
3
</Switch16>
<Switch17>
3
</Switch17>
<Switch18>
0
</Switch18>
<Switch19>
16
</Switch19>
<Switch20>
16
</Switch20>
<Switch21>
10
</Switch21>
<Switch22>
17
</Switch22>
<Switch23>
16
</Switch23>
<Switch24>
12
</Switch24>
<Switch25>
9
</Switch25>
<Switch26>
18
</Switch26>
<Switch27>
18
</Switch27>
<Switch28>
2
</Switch28>
<Switch29>
6
</Switch29>
<Switch30>
16
</Switch30>
<Switch31>
17
</Switch31>
<Switch32>
8
</Switch32>
<Switch33>
0
</Switch33>
<Switch34>
1
</Switch34>
<Switch35>
11
</Switch35>
<Switch36>
13
</Switch36>
<Switch37>
9
</Switch37>
<Switch38>
0
</Switch38>
<Switch39>
18
</Switch39>
<Switch40>
6
</Switch40>
<Switch41>
11
</Switch41>
<Switch42>
0
</Switch42>
<Switch43>
9
</Switch43>
<Switch44>
18
</Switch44>
<Switch45>
16
</Switch45>
<Switch46>
14
</Switch46>
<Switch47>
15
</Switch47>
<Switch48>
4
</Switch48>
<Switch49>
17
</Switch49>
<Switch50>
16
</Switch50>
<Switch51>
9
</Switch51>
<Switch52>
6
</Switch52>
<Switch53>
3
</Switch53>
<Switch54>
7
</Switch54>
<Switch55>
19
</Switch55>
<Switch56>
0
</Switch56>
<Switch57>
2
</Switch57>
<Switch58>
17
</Switch58>
<Switch59>
5
</Switch59>
<Switch60>
14
</Switch60>
<Switch61>
16
</Switch61>
<Switch62>
18
</Switch62>
<Switch63>
0
</Switch63>
<Switch64>
2
</Switch64>
<Switch65>
3
</Switch65>
<Switch66>
4
</Switch66>
<Switch67>
1
</Switch67>
<Switch68>
2
</Switch68>
<Switch69>
15
</Switch69>
<Switch70>
9
</Switch70>
<Switch71>
19
</Switch71>
<Switch72>
6
</Switch72>
<Switch73>
1
</Switch73>
<Switch74>
8
</Switch74>
<Switch75>
0
</Switch75>
<Switch76>
7
</Switch76>
<Switch77>
8
</Switch77>
<Switch78>
9
</Switch78>
<Switch79>
9
</Switch79>
<Switch80>
5
</Switch80>
<Switch81>
1
</Switch81>
<Switch82>
7
</Switch82>
<Switch83>
3
</Switch83>
<Switch84>
14
</Switch84>
<Switch85>
4
</Switch85>
<Switch86>
16
</Switch86>
<Switch87>
11
</Switch87>
<Switch88>
4
</Switch88>
<Switch89>
7
</Switch89>
<Switch90>
0
</Switch90>
<Switch91>
3
</Switch91>
<Switch92>
8
</Switch92>
<Switch93>
11
</Switch93>
<Switch94>
2
</Switch94>
<Switch95>
7
</Switch95>
<Switch96>
2
</Switch96>
<Switch97>
18
</Switch97>
<Switch98>
17
</Switch98>
<Switch99>
14
</Switch99>
<Switch100>
11
</Switch100>
<Switch101>
10
</Switch101>
<Switch102>
18
</Switch102>
<Switch103>
4
</Switch103>
<Switch104>
1
</Switch104>
<Switch105>
5
</Switch105>
<Switch106>
4
</Switch106>
<Switch107>
17
</Switch107>
<Switch108>
5
</Switch108>
<Switch109>
6
</Switch109>
<Switch110>
8
</Switch110>
<Switch111>
1
</Switch111>
<Switch112>
9
</Switch112>
<Switch113>
16
</Switch113>
<Switch114>
3
</Switch114>
<Switch115>
0
</Switch115>
<Switch116>
17
</Switch116>
<Switch117>
15
</Switch117>
<Switch118>
15
</Switch118>
<Switch119>
2
</Switch119>
<Switch120>
9
</Switch120>
<Switch121>
15
</Switch121>
<Switch122>
1
</Switch122>
<Switch123>
15
</Switch123>
<Switch124>
18
</Switch124>
<Switch125>
1
</Switch125>
<Switch126>
14
</Switch126>
<Switch127>
9
</Switch127>
<Switch128>
7
</Switch128>
<Switch129>
17
</Switch129>
<Switch130>
11
</Switch130>
<Switch131>
14
</Switch131>
<Switch132>
3
</Switch132>
<Switch133>
14
</Switch133>
<Switch134>
4
</Switch134>
<Switch135>
6
</Switch135>
<Switch136>
10
</Switch136>
<Switch137>
14
</Switch137>
<Switch138>
14
</Switch138>
<Switch139>
14
</Switch139>
<Switch140>
8
</Switch140>
<Switch141>
10
</Switch141>
<Switch142>
18
</Switch142>
<Switch143>
18
</Switch143>
<Switch144>
13
</Switch144>
<Switch145>
2
</Switch145>
<Switch146>
18
</Switch146>
<Switch147>
6
</Switch147>
<Switch148>
5
</Switch148>
<Switch149>
13
</Switch149>
<Switch150>
5
</Switch150>
<Switch151>
15
</Switch151>
<Switch152>
11
</Switch152>
<Switch153>
7
</Switch153>
<Switch154>
14
</Switch154>
<Switch155>
6
</Switch155>
<Switch156>
12
</Switch156>
<Switch157>
16
</Switch157>
<Switch158>
5
</Switch158>
<Switch159>
18
</Switch159>
<Switch160>
15
</Switch160>
<Switch161>
9
</Switch161>
<Switch162>
4
</Switch162>
<Switch163>
15
</Switch163>
<Switch164>
13
</Switch164>
<Switch165>
19
</Switch165>
<Switch166>
7
</Switch166>
<Switch167>
7
</Switch167>
<Switch168>
9
</Switch168>
<Switch169>
17
</Switch169>
<Switch170>
3
</Switch170>
<Switch171>
8
</Switch171>
<Switch172>
8
</Switch172>
<Switch173>
16
</Switch173>
<Switch174>
16
</Switch174>
<Switch175>
1
</Switch175>
<Switch176>
16
</Switch176>
<Switch177>
17
</Switch177>
<Switch178>
5
</Switch178>
<Switch179>
14
</Switch179>
<Switch180>
12
</Switch180>
<Switch181>
2
</Switch181>
<Switch182>
1
</Switch182>
<Switch183>
19
</Switch183>
<Switch184>
10
</Switch184>
<Switch185>
2
</Switch185>
<Switch186>
4
</Switch186>
<Switch187>
4
</Switch187>
<Switch188>
0
</Switch188>
<Switch189>
10
</Switch189>
<Switch190>
12
</Switch190>
<Switch191>
15
</Switch191>
<Switch192>
15
</Switch192>
<Switch193>
2
</Switch193>
<Switch194>
11
</Switch194>
<Switch195>
3
</Switch195>
<Switch196>
14
</Switch196>
<Switch197>
14
</Switch197>
<Switch198>
9
</Switch198>
<Switch199>
14
</Switch199>
<Switch200>
4
</Switch200>
<Switch201>
13
</Switch201>
<Switch202>
15
</Switch202>
<Switch203>
11
</Switch203>
<Switch204>
13
</Switch204>
<Switch205>
16
</Switch205>
<Switch206>
8
</Switch206>
<Switch207>
5
</Switch207>
<Switch208>
11
</Switch208>
<Switch209>
8
</Switch209>
<Switch210>
0
</Switch210>
<Switch211>
19
</Switch211>
<Switch212>
9
</Switch212>
<Switch213>
10
</Switch213>
<Switch214>
7
</Switch214>
<Switch215>
16
</Switch215>
<Switch216>
5
</Switch216>
<Switch217>
8
</Switch217>
<Switch218>
11
</Switch218>
<Switch219>
13
</Switch219>
<Switch220>
15
</Switch220>
<Switch221>
17
</Switch221>
<Switch222>
6
</Switch222>
<Switch223>
7
</Switch223>
<Switch224>
2
</Switch224>
<Switch225>
7
</Switch225>
<Switch226>
19
</Switch226>
<Switch227>
7
</Switch227>
<Switch228>
15
</Switch228>
<Switch229>
13
</Switch229>
<Switch230>
4
</Switch230>
<Switch231>
16
</Switch231>
<Switch232>
9
</Switch232>
<Switch233>
19
</Switch233>
<Switch234>
15
</Switch234>
<Switch235>
3
</Switch235>
<Switch236>
8
</Switch236>
<Switch237>
2
</Switch237>
<Switch238>
18
</Switch238>
<Switch239>
18
</Switch239>
<Switch240>
18
</Switch240>
<Switch241>
1
</Switch241>
<Switch242>
15
</Switch242>
<Switch243>
11
</Switch243>
<Switch244>
0
</Switch244>
<Switch245>
18
</Switch245>
<Switch246>
8
</Switch246>
<Switch247>
16
</Switch247>
<Switch248>
5
</Switch248>
<Switch249>
14
</Switch249>
<Switch250>
15
</Switch250>
<Switch251>
13
</Switch251>
<Switch252>
10
</Switch252>
<Switch253>
4
</Switch253>
<Switch254>
4
</Switch254>
<Switch255>
10
</Switch255>
<Switch256>
6
</Switch256>
<Switch257>
17
</Switch257>
<Switch258>
10
</Switch258>
<Switch259>
7
</Switch259>
<Switch260>
13
</Switch260>
<Switch261>
17
</Switch261>
<Switch262>
0
</Switch262>
<Switch263>
18
</Switch263>
<Switch264>
8
</Switch264>
<Switch265>
15
</Switch265>
<Switch266>
9
</Switch266>
<Switch267>
19
</Switch267>
<Switch268>
12
</Switch268>
<Switch269>
6
</Switch269>
<Switch270>
16
</Switch270>
<Switch271>
8
</Switch271>
<Switch272>
9
</Switch272>
<Switch273>
0
</Switch273>
<Switch274>
6
</Switch274>
<Switch275>
16
</Switch275>
<Switch276>
1
</Switch276>
<Switch277>
0
</Switch277>
<Switch278>
3
</Switch278>
<Switch279>
11
</Switch279>
<Switch280>
9
</Switch280>
<Switch281>
16
</Switch281>
<Switch282>
8
</Switch282>
<Switch283>
7
</Switch283>
<Switch284>
4
</Switch284>
<Switch285>
10
</Switch285>
<Switch286>
13
</Switch286>
<Switch287>
16
</Switch287>
<Switch288>
12
</Switch288>
<Switch289>
3
</Switch289>
<Switch290>
10
</Switch290>
<Switch291>
15
</Switch291>
<Switch292>
2
</Switch292>
<Switch293>
2
</Switch293>
<Switch294>
4
</Switch294>
<Switch295>
1
</Switch295>
<Switch296>
19
</Switch296>
<Switch297>
0
</Switch297>
<Switch298>
5
</Switch298>
<Switch299>
8
</Switch299>
<Switch300>
8
</Switch300>
<Switch301>
4
</Switch301>
<Switch302>
4
</Switch302>
<Switch303>
0
</Switch303>
<Switch304>
15
</Switch304>
<Switch305>
10
</Switch305>
<Switch306>
17
</Switch306>
<Switch307>
19
</Switch307>
<Switch308>
16
</Switch308>
<Switch309>
13
</Switch309>
<Switch310>
17
</Switch310>
<Switch311>
7
</Switch311>
<Switch312>
19
</Switch312>
<Switch313>
9
</Switch313>
<Switch314>
2
</Switch314>
<Switch315>
4
</Switch315>
<Switch316>
8
</Switch316>
<Switch317>
13
</Switch317>
<Switch318>
13
</Switch318>
<Switch319>
6
</Switch319>
<Switch320>
19
</Switch320>
<Switch321>
2
</Switch321>
<Switch322>
16
</Switch322>
<Switch323>
18
</Switch323>
<Switch324>
0
</Switch324>
<Switch325>
17
</Switch325>
<Switch326>
0
</Switch326>
<Switch327>
17
</Switch327>
<Switch328>
16
</Switch328>
<Switch329>
10
</Switch329>
<Switch330>
9
</Switch330>
<Switch331>
6
</Switch331>
<Switch332>
10
</Switch332>
<Switch333>
13
</Switch333>
<Switch334>
10
</Switch334>
<Switch335>
4
</Switch335>
<Switch336>
16
</Switch336>
<Switch337>
19
</Switch337>
<Switch338>
3
</Switch338>
<Switch339>
16
</Switch339>
<Switch340>
9
</Switch340>
<Switch341>
10
</Switch341>
<Switch342>
1
</Switch342>
<Switch343>
2
</Switch343>
<Switch344>
4
</Switch344>
<Switch345>
2
</Switch345>
<Switch346>
1
</Switch346>
<Switch347>
4
</Switch347>
<Switch348>
12
</Switch348>
<Switch349>
16
</Switch349>
<Switch350>
5
</Switch350>
<Switch351>
7
</Switch351>
<Switch352>
16
</Switch352>
<Switch353>
9
</Switch353>
<Switch354>
4
</Switch354>
<Switch355>
13
</Switch355>
<Switch356>
6
</Switch356>
<Switch357>
0
</Switch357>
<Switch358>
5
</Switch358>
<Switch359>
8
</Switch359>
<Switch360>
3
</Switch360>
<Switch361>
10
</Switch361>
<Switch362>
16
</Switch362>
<Switch363>
13
</Switch363>
<Switch364>
5
</Switch364>
<Switch365>
19
</Switch365>
<Switch366>
17
</Switch366>
<Switch367>
3
</Switch367>
<Switch368>
2
</Switch368>
<Switch369>
14
</Switch369>
<Switch370>
2
</Switch370>
<Switch371>
15
</Switch371>
<Switch372>
9
</Switch372>
<Switch373>
17
</Switch373>
<Switch374>
15
</Switch374>
<Switch375>
15
</Switch375>
<Switch376>
11
</Switch376>
<Switch377>
19
</Switch377>
<Switch378>
5
</Switch378>
<Switch379>
15
</Switch379>
<Switch380>
0
</Switch380>
<Switch381>
2
</Switch381>
<Switch382>
12
</Switch382>
<Switch383>
11
</Switch383>
<Switch384>
3
</Switch384>
<Switch385>
13
</Switch385>
<Switch386>
2
</Switch386>
<Switch387>
8
</Switch387>
<Switch388>
16
</Switch388>
<Switch389>
1
</Switch389>
<Switch390>
6
</Switch390>
<Switch391>
4
</Switch391>
<Switch392>
14
</Switch392>
<Switch393>
12
</Switch393>
<Switch394>
6
</Switch394>
<Switch395>
17
</Switch395>
<Switch396>
2
</Switch396>
<Switch397>
15
</Switch397>
<Switch398>
1
</Switch398>
<Switch399>
18
</Switch399>
<Switch400>
19
</Switch400>
<Switch401>
3
</Switch401>
<Switch402>
16
</Switch402>
<Switch403>
7
</Switch403>
<Switch404>
10
</Switch404>
<Switch405>
11
</Switch405>
<Switch406>
0
</Switch406>
<Switch407>
10
</Switch407>
<Switch408>
2
</Switch408>
<Switch409>
6
</Switch409>
<Switch410>
5
</Switch410>
<Switch411>
16
</Switch411>
<Switch412>
10
</Switch412>
<Switch413>
1
</Switch413>
<Switch414>
15
</Switch414>
<Switch415>
3
</Switch415>
<Switch416>
4
</Switch416>
<Switch417>
5
</Switch417>
<Switch418>
2
</Switch418>
<Switch419>
15
</Switch419>
<Switch420>
6
</Switch420>
<Switch421>
18
</Switch421>
<Switch422>
12
</Switch422>
<Switch423>
8
</Switch423>
<Switch424>
11
</Switch424>
<Switch425>
7
</Switch425>
<Switch426>
14
</Switch426>
<Switch427>
17
</Switch427>
<Switch428>
3
</Switch428>
<Switch429>
17
</Switch429>
<Switch430>
3
</Switch430>
<Switch431>
7
</Switch431>
<Switch432>
16
</Switch432>
<Switch433>
0
</Switch433>
<Switch434>
3
</Switch434>
<Switch435>
5
</Switch435>
<Switch436>
2
</Switch436>
<Switch437>
1
</Switch437>
<Switch438>
8
</Switch438>
<Switch439>
0
</Switch439>
<Switch440>
6
</Switch440>
<Switch441>
2
</Switch441>
<Switch442>
15
</Switch442>
<Switch443>
8
</Switch443>
<Switch444>
12
</Switch444>
<Switch445>
0
</Switch445>
<Switch446>
9
</Switch446>
<Switch447>
10
</Switch447>
<Switch448>
6
</Switch448>
<Switch449>
14
</Switch449>
<Switch450>
0
</Switch450>
<Switch451>
6
</Switch451>
<Switch452>
13
</Switch452>
<Switch453>
13
</Switch453>
<Switch454>
2
</Switch454>
<Switch455>
4
</Switch455>
<Switch456>
6
</Switch456>
<Switch457>
4
</Switch457>
<Switch458>
18
</Switch458>
<Switch459>
6
</Switch459>
<Switch460>
6
</Switch460>
<Switch461>
6
</Switch461>
<Switch462>
10
</Switch462>
<Switch463>
13
</Switch463>
<Switch464>
12
</Switch464>
<Switch465>
10
</Switch465>
<Switch466>
17
</Switch466>
<Switch467>
13
</Switch467>
<Switch468>
8
</Switch468>
<Switch469>
9
</Switch469>
<Switch470>
1
</Switch470>
<Switch471>
4
</Switch471>
<Switch472>
2
</Switch472>
<Switch473>
17
</Switch473>
<Switch474>
9
</Switch474>
<Switch475>
15
</Switch475>
<Switch476>
4
</Switch476>
<Switch477>
15
</Switch477>
<Switch478>
6
</Switch478>
<Switch479>
0
</Switch479>
<Switch480>
17
</Switch480>
<Switch481>
12
</Switch481>
<Switch482>
4
</Switch482>
<Switch483>
16
</Switch483>
<Switch484>
7
</Switch484>
<Switch485>
4
</Switch485>
<Switch486>
0
</Switch486>
<Switch487>
17
</Switch487>
<Switch488>
16
</Switch488>
<Switch489>
10
</Switch489>
<Switch490>
8
</Switch490>
<Switch491>
4
</Switch491>
<Switch492>
2
</Switch492>
<Switch493>
12
</Switch493>
<Switch494>
7
</Switch494>
<Switch495>
0
</Switch495>
<Switch496>
4
</Switch496>
<Switch497>
11
</Switch497>
<Switch498>
11
</Switch498>
<Switch499>
15
</Switch499>
<Switch500>
13
</Switch500>
<Switch501>
17
</Switch501>
<Switch502>
17
</Switch502>
<Switch503>
14
</Switch503>
<Switch504>
7
</Switch504>
<Switch505>
15
</Switch505>
<Switch506>
16
</Switch506>
<Switch507>
5
</Switch507>
<Switch508>
16
</Switch508>
<Switch509>
2
</Switch509>
<Switch510>
3
</Switch510>
<Switch511>
1
</Switch511>
</BaseID:246>
