<?xml version="1.0"?>

<BaseID:249>
<Switch1>
0
</Switch1>
<Switch2>
8
</Switch2>
<Switch3>
9
</Switch3>
<Switch4>
0
</Switch4>
<Switch5>
12
</Switch5>
<Switch6>
7
</Switch6>
<Switch7>
19
</Switch7>
<Switch8>
1
</Switch8>
<Switch9>
9
</Switch9>
<Switch10>
3
</Switch10>
<Switch11>
16
</Switch11>
<Switch12>
18
</Switch12>
<Switch13>
15
</Switch13>
<Switch14>
17
</Switch14>
<Switch15>
0
</Switch15>
<Switch16>
14
</Switch16>
<Switch17>
16
</Switch17>
<Switch18>
14
</Switch18>
<Switch19>
5
</Switch19>
<Switch20>
11
</Switch20>
<Switch21>
11
</Switch21>
<Switch22>
5
</Switch22>
<Switch23>
4
</Switch23>
<Switch24>
6
</Switch24>
<Switch25>
12
</Switch25>
<Switch26>
15
</Switch26>
<Switch27>
3
</Switch27>
<Switch28>
12
</Switch28>
<Switch29>
10
</Switch29>
<Switch30>
8
</Switch30>
<Switch31>
12
</Switch31>
<Switch32>
14
</Switch32>
<Switch33>
13
</Switch33>
<Switch34>
1
</Switch34>
<Switch35>
0
</Switch35>
<Switch36>
10
</Switch36>
<Switch37>
7
</Switch37>
<Switch38>
8
</Switch38>
<Switch39>
10
</Switch39>
<Switch40>
5
</Switch40>
<Switch41>
0
</Switch41>
<Switch42>
4
</Switch42>
<Switch43>
7
</Switch43>
<Switch44>
16
</Switch44>
<Switch45>
19
</Switch45>
<Switch46>
2
</Switch46>
<Switch47>
5
</Switch47>
<Switch48>
3
</Switch48>
<Switch49>
1
</Switch49>
<Switch50>
1
</Switch50>
<Switch51>
8
</Switch51>
<Switch52>
1
</Switch52>
<Switch53>
11
</Switch53>
<Switch54>
11
</Switch54>
<Switch55>
9
</Switch55>
<Switch56>
16
</Switch56>
<Switch57>
0
</Switch57>
<Switch58>
0
</Switch58>
<Switch59>
15
</Switch59>
<Switch60>
12
</Switch60>
<Switch61>
11
</Switch61>
<Switch62>
4
</Switch62>
<Switch63>
0
</Switch63>
<Switch64>
15
</Switch64>
<Switch65>
19
</Switch65>
<Switch66>
1
</Switch66>
<Switch67>
4
</Switch67>
<Switch68>
0
</Switch68>
<Switch69>
16
</Switch69>
<Switch70>
15
</Switch70>
<Switch71>
14
</Switch71>
<Switch72>
5
</Switch72>
<Switch73>
14
</Switch73>
<Switch74>
17
</Switch74>
<Switch75>
8
</Switch75>
<Switch76>
8
</Switch76>
<Switch77>
14
</Switch77>
<Switch78>
17
</Switch78>
<Switch79>
9
</Switch79>
<Switch80>
12
</Switch80>
<Switch81>
2
</Switch81>
<Switch82>
16
</Switch82>
<Switch83>
18
</Switch83>
<Switch84>
10
</Switch84>
<Switch85>
6
</Switch85>
<Switch86>
16
</Switch86>
<Switch87>
1
</Switch87>
<Switch88>
2
</Switch88>
<Switch89>
13
</Switch89>
<Switch90>
18
</Switch90>
<Switch91>
14
</Switch91>
<Switch92>
9
</Switch92>
<Switch93>
13
</Switch93>
<Switch94>
0
</Switch94>
<Switch95>
1
</Switch95>
<Switch96>
14
</Switch96>
<Switch97>
2
</Switch97>
<Switch98>
12
</Switch98>
<Switch99>
5
</Switch99>
<Switch100>
0
</Switch100>
<Switch101>
6
</Switch101>
<Switch102>
7
</Switch102>
<Switch103>
7
</Switch103>
<Switch104>
4
</Switch104>
<Switch105>
15
</Switch105>
<Switch106>
6
</Switch106>
<Switch107>
6
</Switch107>
<Switch108>
2
</Switch108>
<Switch109>
16
</Switch109>
<Switch110>
3
</Switch110>
<Switch111>
15
</Switch111>
<Switch112>
18
</Switch112>
<Switch113>
17
</Switch113>
<Switch114>
12
</Switch114>
<Switch115>
7
</Switch115>
<Switch116>
6
</Switch116>
<Switch117>
1
</Switch117>
<Switch118>
4
</Switch118>
<Switch119>
16
</Switch119>
<Switch120>
15
</Switch120>
<Switch121>
18
</Switch121>
<Switch122>
3
</Switch122>
<Switch123>
9
</Switch123>
<Switch124>
18
</Switch124>
<Switch125>
12
</Switch125>
<Switch126>
5
</Switch126>
<Switch127>
6
</Switch127>
<Switch128>
12
</Switch128>
<Switch129>
7
</Switch129>
<Switch130>
14
</Switch130>
<Switch131>
3
</Switch131>
<Switch132>
6
</Switch132>
<Switch133>
7
</Switch133>
<Switch134>
17
</Switch134>
<Switch135>
13
</Switch135>
<Switch136>
3
</Switch136>
<Switch137>
6
</Switch137>
<Switch138>
19
</Switch138>
<Switch139>
3
</Switch139>
<Switch140>
3
</Switch140>
<Switch141>
5
</Switch141>
<Switch142>
15
</Switch142>
<Switch143>
8
</Switch143>
<Switch144>
13
</Switch144>
<Switch145>
17
</Switch145>
<Switch146>
13
</Switch146>
<Switch147>
14
</Switch147>
<Switch148>
5
</Switch148>
<Switch149>
13
</Switch149>
<Switch150>
8
</Switch150>
<Switch151>
15
</Switch151>
<Switch152>
9
</Switch152>
<Switch153>
8
</Switch153>
<Switch154>
5
</Switch154>
<Switch155>
0
</Switch155>
<Switch156>
11
</Switch156>
<Switch157>
4
</Switch157>
<Switch158>
2
</Switch158>
<Switch159>
19
</Switch159>
<Switch160>
5
</Switch160>
<Switch161>
10
</Switch161>
<Switch162>
15
</Switch162>
<Switch163>
13
</Switch163>
<Switch164>
16
</Switch164>
<Switch165>
2
</Switch165>
<Switch166>
8
</Switch166>
<Switch167>
17
</Switch167>
<Switch168>
17
</Switch168>
<Switch169>
8
</Switch169>
<Switch170>
3
</Switch170>
<Switch171>
17
</Switch171>
<Switch172>
1
</Switch172>
<Switch173>
1
</Switch173>
<Switch174>
14
</Switch174>
<Switch175>
7
</Switch175>
<Switch176>
17
</Switch176>
<Switch177>
4
</Switch177>
<Switch178>
18
</Switch178>
<Switch179>
8
</Switch179>
<Switch180>
0
</Switch180>
<Switch181>
16
</Switch181>
<Switch182>
7
</Switch182>
<Switch183>
5
</Switch183>
<Switch184>
17
</Switch184>
<Switch185>
18
</Switch185>
<Switch186>
17
</Switch186>
<Switch187>
11
</Switch187>
<Switch188>
4
</Switch188>
<Switch189>
5
</Switch189>
<Switch190>
11
</Switch190>
<Switch191>
8
</Switch191>
<Switch192>
8
</Switch192>
<Switch193>
14
</Switch193>
<Switch194>
14
</Switch194>
<Switch195>
16
</Switch195>
<Switch196>
19
</Switch196>
<Switch197>
11
</Switch197>
<Switch198>
1
</Switch198>
<Switch199>
14
</Switch199>
<Switch200>
7
</Switch200>
<Switch201>
0
</Switch201>
<Switch202>
8
</Switch202>
<Switch203>
1
</Switch203>
<Switch204>
10
</Switch204>
<Switch205>
8
</Switch205>
<Switch206>
7
</Switch206>
<Switch207>
0
</Switch207>
<Switch208>
9
</Switch208>
<Switch209>
6
</Switch209>
<Switch210>
9
</Switch210>
<Switch211>
14
</Switch211>
<Switch212>
5
</Switch212>
<Switch213>
4
</Switch213>
<Switch214>
10
</Switch214>
<Switch215>
14
</Switch215>
<Switch216>
7
</Switch216>
<Switch217>
1
</Switch217>
<Switch218>
7
</Switch218>
<Switch219>
5
</Switch219>
<Switch220>
14
</Switch220>
<Switch221>
11
</Switch221>
<Switch222>
1
</Switch222>
<Switch223>
10
</Switch223>
<Switch224>
2
</Switch224>
<Switch225>
4
</Switch225>
<Switch226>
1
</Switch226>
<Switch227>
12
</Switch227>
<Switch228>
12
</Switch228>
<Switch229>
10
</Switch229>
<Switch230>
7
</Switch230>
<Switch231>
5
</Switch231>
<Switch232>
5
</Switch232>
<Switch233>
11
</Switch233>
<Switch234>
5
</Switch234>
<Switch235>
11
</Switch235>
<Switch236>
13
</Switch236>
<Switch237>
6
</Switch237>
<Switch238>
6
</Switch238>
<Switch239>
3
</Switch239>
<Switch240>
2
</Switch240>
<Switch241>
12
</Switch241>
<Switch242>
5
</Switch242>
<Switch243>
1
</Switch243>
<Switch244>
18
</Switch244>
<Switch245>
19
</Switch245>
<Switch246>
8
</Switch246>
<Switch247>
7
</Switch247>
<Switch248>
6
</Switch248>
<Switch249>
5
</Switch249>
<Switch250>
15
</Switch250>
<Switch251>
19
</Switch251>
<Switch252>
15
</Switch252>
<Switch253>
6
</Switch253>
<Switch254>
3
</Switch254>
<Switch255>
0
</Switch255>
<Switch256>
19
</Switch256>
<Switch257>
3
</Switch257>
<Switch258>
19
</Switch258>
<Switch259>
5
</Switch259>
<Switch260>
1
</Switch260>
<Switch261>
15
</Switch261>
<Switch262>
2
</Switch262>
<Switch263>
16
</Switch263>
<Switch264>
19
</Switch264>
<Switch265>
16
</Switch265>
<Switch266>
5
</Switch266>
<Switch267>
10
</Switch267>
<Switch268>
2
</Switch268>
<Switch269>
15
</Switch269>
<Switch270>
0
</Switch270>
<Switch271>
8
</Switch271>
<Switch272>
16
</Switch272>
<Switch273>
18
</Switch273>
<Switch274>
1
</Switch274>
<Switch275>
12
</Switch275>
<Switch276>
2
</Switch276>
<Switch277>
19
</Switch277>
<Switch278>
18
</Switch278>
<Switch279>
2
</Switch279>
<Switch280>
19
</Switch280>
<Switch281>
1
</Switch281>
<Switch282>
5
</Switch282>
<Switch283>
17
</Switch283>
<Switch284>
13
</Switch284>
<Switch285>
10
</Switch285>
<Switch286>
9
</Switch286>
<Switch287>
18
</Switch287>
<Switch288>
11
</Switch288>
<Switch289>
16
</Switch289>
<Switch290>
15
</Switch290>
<Switch291>
11
</Switch291>
<Switch292>
8
</Switch292>
<Switch293>
2
</Switch293>
<Switch294>
7
</Switch294>
<Switch295>
9
</Switch295>
<Switch296>
8
</Switch296>
<Switch297>
4
</Switch297>
<Switch298>
5
</Switch298>
<Switch299>
8
</Switch299>
<Switch300>
18
</Switch300>
<Switch301>
16
</Switch301>
<Switch302>
4
</Switch302>
<Switch303>
16
</Switch303>
<Switch304>
18
</Switch304>
<Switch305>
11
</Switch305>
<Switch306>
11
</Switch306>
<Switch307>
1
</Switch307>
<Switch308>
8
</Switch308>
<Switch309>
18
</Switch309>
<Switch310>
11
</Switch310>
<Switch311>
13
</Switch311>
<Switch312>
1
</Switch312>
<Switch313>
18
</Switch313>
<Switch314>
13
</Switch314>
<Switch315>
15
</Switch315>
<Switch316>
3
</Switch316>
<Switch317>
19
</Switch317>
<Switch318>
16
</Switch318>
<Switch319>
16
</Switch319>
<Switch320>
1
</Switch320>
<Switch321>
14
</Switch321>
<Switch322>
3
</Switch322>
<Switch323>
13
</Switch323>
<Switch324>
8
</Switch324>
<Switch325>
3
</Switch325>
<Switch326>
1
</Switch326>
<Switch327>
11
</Switch327>
<Switch328>
9
</Switch328>
<Switch329>
2
</Switch329>
<Switch330>
6
</Switch330>
<Switch331>
19
</Switch331>
<Switch332>
7
</Switch332>
<Switch333>
15
</Switch333>
<Switch334>
11
</Switch334>
<Switch335>
6
</Switch335>
<Switch336>
1
</Switch336>
<Switch337>
19
</Switch337>
<Switch338>
5
</Switch338>
<Switch339>
14
</Switch339>
<Switch340>
11
</Switch340>
<Switch341>
2
</Switch341>
<Switch342>
3
</Switch342>
<Switch343>
0
</Switch343>
<Switch344>
13
</Switch344>
<Switch345>
11
</Switch345>
<Switch346>
2
</Switch346>
<Switch347>
4
</Switch347>
<Switch348>
5
</Switch348>
<Switch349>
2
</Switch349>
<Switch350>
19
</Switch350>
<Switch351>
7
</Switch351>
<Switch352>
17
</Switch352>
<Switch353>
10
</Switch353>
<Switch354>
13
</Switch354>
<Switch355>
16
</Switch355>
<Switch356>
14
</Switch356>
<Switch357>
10
</Switch357>
<Switch358>
0
</Switch358>
<Switch359>
19
</Switch359>
<Switch360>
1
</Switch360>
<Switch361>
15
</Switch361>
<Switch362>
14
</Switch362>
<Switch363>
4
</Switch363>
<Switch364>
3
</Switch364>
<Switch365>
17
</Switch365>
<Switch366>
0
</Switch366>
<Switch367>
15
</Switch367>
<Switch368>
16
</Switch368>
<Switch369>
4
</Switch369>
<Switch370>
8
</Switch370>
<Switch371>
13
</Switch371>
<Switch372>
8
</Switch372>
<Switch373>
17
</Switch373>
<Switch374>
3
</Switch374>
<Switch375>
17
</Switch375>
<Switch376>
15
</Switch376>
<Switch377>
16
</Switch377>
<Switch378>
6
</Switch378>
<Switch379>
14
</Switch379>
<Switch380>
3
</Switch380>
<Switch381>
17
</Switch381>
<Switch382>
19
</Switch382>
<Switch383>
10
</Switch383>
<Switch384>
17
</Switch384>
<Switch385>
8
</Switch385>
<Switch386>
14
</Switch386>
<Switch387>
8
</Switch387>
<Switch388>
16
</Switch388>
<Switch389>
3
</Switch389>
<Switch390>
17
</Switch390>
<Switch391>
8
</Switch391>
<Switch392>
9
</Switch392>
<Switch393>
11
</Switch393>
<Switch394>
2
</Switch394>
<Switch395>
19
</Switch395>
<Switch396>
0
</Switch396>
<Switch397>
2
</Switch397>
<Switch398>
11
</Switch398>
<Switch399>
18
</Switch399>
<Switch400>
1
</Switch400>
<Switch401>
7
</Switch401>
<Switch402>
16
</Switch402>
<Switch403>
10
</Switch403>
<Switch404>
4
</Switch404>
<Switch405>
13
</Switch405>
<Switch406>
18
</Switch406>
<Switch407>
10
</Switch407>
<Switch408>
7
</Switch408>
<Switch409>
2
</Switch409>
<Switch410>
3
</Switch410>
<Switch411>
19
</Switch411>
<Switch412>
17
</Switch412>
<Switch413>
17
</Switch413>
<Switch414>
19
</Switch414>
<Switch415>
5
</Switch415>
<Switch416>
19
</Switch416>
<Switch417>
7
</Switch417>
<Switch418>
18
</Switch418>
<Switch419>
13
</Switch419>
<Switch420>
19
</Switch420>
<Switch421>
10
</Switch421>
<Switch422>
16
</Switch422>
<Switch423>
14
</Switch423>
<Switch424>
1
</Switch424>
<Switch425>
16
</Switch425>
<Switch426>
10
</Switch426>
<Switch427>
3
</Switch427>
<Switch428>
0
</Switch428>
<Switch429>
18
</Switch429>
<Switch430>
1
</Switch430>
<Switch431>
11
</Switch431>
<Switch432>
13
</Switch432>
<Switch433>
2
</Switch433>
<Switch434>
9
</Switch434>
<Switch435>
19
</Switch435>
<Switch436>
0
</Switch436>
<Switch437>
5
</Switch437>
<Switch438>
17
</Switch438>
<Switch439>
6
</Switch439>
<Switch440>
4
</Switch440>
<Switch441>
9
</Switch441>
<Switch442>
3
</Switch442>
<Switch443>
12
</Switch443>
<Switch444>
0
</Switch444>
<Switch445>
18
</Switch445>
<Switch446>
8
</Switch446>
<Switch447>
13
</Switch447>
<Switch448>
15
</Switch448>
<Switch449>
11
</Switch449>
<Switch450>
13
</Switch450>
<Switch451>
6
</Switch451>
<Switch452>
16
</Switch452>
<Switch453>
12
</Switch453>
<Switch454>
15
</Switch454>
<Switch455>
17
</Switch455>
<Switch456>
5
</Switch456>
<Switch457>
17
</Switch457>
<Switch458>
6
</Switch458>
<Switch459>
5
</Switch459>
<Switch460>
18
</Switch460>
<Switch461>
6
</Switch461>
<Switch462>
14
</Switch462>
<Switch463>
2
</Switch463>
<Switch464>
15
</Switch464>
<Switch465>
17
</Switch465>
<Switch466>
15
</Switch466>
<Switch467>
10
</Switch467>
<Switch468>
15
</Switch468>
<Switch469>
16
</Switch469>
<Switch470>
19
</Switch470>
<Switch471>
18
</Switch471>
<Switch472>
7
</Switch472>
<Switch473>
8
</Switch473>
<Switch474>
0
</Switch474>
<Switch475>
8
</Switch475>
<Switch476>
7
</Switch476>
<Switch477>
5
</Switch477>
<Switch478>
1
</Switch478>
<Switch479>
17
</Switch479>
<Switch480>
19
</Switch480>
<Switch481>
5
</Switch481>
<Switch482>
3
</Switch482>
<Switch483>
16
</Switch483>
<Switch484>
18
</Switch484>
<Switch485>
11
</Switch485>
<Switch486>
13
</Switch486>
<Switch487>
9
</Switch487>
<Switch488>
8
</Switch488>
<Switch489>
16
</Switch489>
<Switch490>
5
</Switch490>
<Switch491>
9
</Switch491>
<Switch492>
7
</Switch492>
<Switch493>
0
</Switch493>
<Switch494>
12
</Switch494>
<Switch495>
7
</Switch495>
<Switch496>
17
</Switch496>
<Switch497>
3
</Switch497>
<Switch498>
14
</Switch498>
<Switch499>
16
</Switch499>
<Switch500>
17
</Switch500>
<Switch501>
4
</Switch501>
<Switch502>
16
</Switch502>
<Switch503>
13
</Switch503>
<Switch504>
7
</Switch504>
<Switch505>
0
</Switch505>
<Switch506>
3
</Switch506>
<Switch507>
17
</Switch507>
<Switch508>
5
</Switch508>
<Switch509>
8
</Switch509>
<Switch510>
6
</Switch510>
<Switch511>
9
</Switch511>
<Switch512>
5
</Switch512>
<Switch513>
1
</Switch513>
<Switch514>
12
</Switch514>
<Switch515>
7
</Switch515>
<Switch516>
17
</Switch516>
<Switch517>
16
</Switch517>
<Switch518>
11
</Switch518>
<Switch519>
3
</Switch519>
<Switch520>
7
</Switch520>
<Switch521>
13
</Switch521>
<Switch522>
17
</Switch522>
<Switch523>
19
</Switch523>
<Switch524>
17
</Switch524>
<Switch525>
1
</Switch525>
<Switch526>
5
</Switch526>
<Switch527>
3
</Switch527>
<Switch528>
8
</Switch528>
<Switch529>
17
</Switch529>
<Switch530>
18
</Switch530>
<Switch531>
17
</Switch531>
<Switch532>
18
</Switch532>
<Switch533>
8
</Switch533>
<Switch534>
5
</Switch534>
<Switch535>
7
</Switch535>
<Switch536>
17
</Switch536>
<Switch537>
16
</Switch537>
<Switch538>
13
</Switch538>
<Switch539>
1
</Switch539>
<Switch540>
12
</Switch540>
<Switch541>
13
</Switch541>
<Switch542>
8
</Switch542>
<Switch543>
18
</Switch543>
<Switch544>
13
</Switch544>
<Switch545>
2
</Switch545>
<Switch546>
4
</Switch546>
<Switch547>
11
</Switch547>
<Switch548>
9
</Switch548>
<Switch549>
19
</Switch549>
<Switch550>
11
</Switch550>
<Switch551>
19
</Switch551>
<Switch552>
13
</Switch552>
<Switch553>
10
</Switch553>
<Switch554>
1
</Switch554>
<Switch555>
15
</Switch555>
<Switch556>
2
</Switch556>
<Switch557>
14
</Switch557>
<Switch558>
17
</Switch558>
<Switch559>
1
</Switch559>
<Switch560>
15
</Switch560>
<Switch561>
11
</Switch561>
<Switch562>
11
</Switch562>
<Switch563>
9
</Switch563>
<Switch564>
18
</Switch564>
<Switch565>
0
</Switch565>
<Switch566>
17
</Switch566>
<Switch567>
0
</Switch567>
<Switch568>
5
</Switch568>
<Switch569>
9
</Switch569>
<Switch570>
0
</Switch570>
<Switch571>
5
</Switch571>
<Switch572>
3
</Switch572>
<Switch573>
14
</Switch573>
<Switch574>
6
</Switch574>
<Switch575>
18
</Switch575>
<Switch576>
1
</Switch576>
<Switch577>
8
</Switch577>
<Switch578>
14
</Switch578>
<Switch579>
4
</Switch579>
<Switch580>
14
</Switch580>
<Switch581>
1
</Switch581>
<Switch582>
5
</Switch582>
<Switch583>
3
</Switch583>
<Switch584>
7
</Switch584>
<Switch585>
12
</Switch585>
<Switch586>
0
</Switch586>
<Switch587>
8
</Switch587>
<Switch588>
0
</Switch588>
<Switch589>
9
</Switch589>
<Switch590>
15
</Switch590>
<Switch591>
6
</Switch591>
<Switch592>
0
</Switch592>
<Switch593>
15
</Switch593>
<Switch594>
12
</Switch594>
<Switch595>
11
</Switch595>
<Switch596>
13
</Switch596>
<Switch597>
7
</Switch597>
<Switch598>
5
</Switch598>
<Switch599>
8
</Switch599>
<Switch600>
2
</Switch600>
<Switch601>
19
</Switch601>
<Switch602>
8
</Switch602>
<Switch603>
17
</Switch603>
<Switch604>
3
</Switch604>
<Switch605>
16
</Switch605>
<Switch606>
13
</Switch606>
<Switch607>
7
</Switch607>
<Switch608>
19
</Switch608>
<Switch609>
16
</Switch609>
<Switch610>
8
</Switch610>
<Switch611>
1
</Switch611>
<Switch612>
9
</Switch612>
<Switch613>
0
</Switch613>
<Switch614>
11
</Switch614>
<Switch615>
1
</Switch615>
<Switch616>
9
</Switch616>
<Switch617>
1
</Switch617>
<Switch618>
11
</Switch618>
<Switch619>
19
</Switch619>
<Switch620>
17
</Switch620>
<Switch621>
12
</Switch621>
<Switch622>
3
</Switch622>
<Switch623>
16
</Switch623>
<Switch624>
4
</Switch624>
<Switch625>
4
</Switch625>
<Switch626>
7
</Switch626>
<Switch627>
13
</Switch627>
<Switch628>
4
</Switch628>
<Switch629>
19
</Switch629>
<Switch630>
0
</Switch630>
<Switch631>
16
</Switch631>
<Switch632>
17
</Switch632>
<Switch633>
16
</Switch633>
<Switch634>
7
</Switch634>
<Switch635>
16
</Switch635>
<Switch636>
10
</Switch636>
<Switch637>
8
</Switch637>
<Switch638>
8
</Switch638>
<Switch639>
13
</Switch639>
<Switch640>
3
</Switch640>
<Switch641>
10
</Switch641>
<Switch642>
16
</Switch642>
<Switch643>
11
</Switch643>
<Switch644>
0
</Switch644>
<Switch645>
13
</Switch645>
<Switch646>
12
</Switch646>
<Switch647>
8
</Switch647>
<Switch648>
2
</Switch648>
<Switch649>
1
</Switch649>
<Switch650>
19
</Switch650>
<Switch651>
16
</Switch651>
<Switch652>
8
</Switch652>
<Switch653>
1
</Switch653>
<Switch654>
14
</Switch654>
<Switch655>
5
</Switch655>
<Switch656>
2
</Switch656>
<Switch657>
8
</Switch657>
<Switch658>
10
</Switch658>
<Switch659>
1
</Switch659>
<Switch660>
5
</Switch660>
<Switch661>
3
</Switch661>
<Switch662>
14
</Switch662>
<Switch663>
15
</Switch663>
<Switch664>
14
</Switch664>
<Switch665>
19
</Switch665>
<Switch666>
16
</Switch666>
<Switch667>
8
</Switch667>
<Switch668>
10
</Switch668>
<Switch669>
0
</Switch669>
<Switch670>
15
</Switch670>
<Switch671>
14
</Switch671>
<Switch672>
10
</Switch672>
<Switch673>
1
</Switch673>
<Switch674>
16
</Switch674>
<Switch675>
18
</Switch675>
<Switch676>
13
</Switch676>
<Switch677>
1
</Switch677>
<Switch678>
17
</Switch678>
<Switch679>
8
</Switch679>
<Switch680>
15
</Switch680>
<Switch681>
7
</Switch681>
<Switch682>
6
</Switch682>
<Switch683>
11
</Switch683>
<Switch684>
5
</Switch684>
<Switch685>
14
</Switch685>
<Switch686>
7
</Switch686>
<Switch687>
0
</Switch687>
<Switch688>
16
</Switch688>
<Switch689>
3
</Switch689>
<Switch690>
19
</Switch690>
<Switch691>
7
</Switch691>
<Switch692>
10
</Switch692>
<Switch693>
11
</Switch693>
<Switch694>
8
</Switch694>
<Switch695>
18
</Switch695>
<Switch696>
9
</Switch696>
<Switch697>
18
</Switch697>
<Switch698>
3
</Switch698>
<Switch699>
3
</Switch699>
<Switch700>
14
</Switch700>
<Switch701>
14
</Switch701>
<Switch702>
3
</Switch702>
<Switch703>
16
</Switch703>
<Switch704>
4
</Switch704>
<Switch705>
10
</Switch705>
<Switch706>
10
</Switch706>
<Switch707>
14
</Switch707>
<Switch708>
11
</Switch708>
<Switch709>
2
</Switch709>
<Switch710>
8
</Switch710>
<Switch711>
14
</Switch711>
<Switch712>
8
</Switch712>
<Switch713>
0
</Switch713>
<Switch714>
9
</Switch714>
<Switch715>
15
</Switch715>
<Switch716>
9
</Switch716>
<Switch717>
9
</Switch717>
<Switch718>
6
</Switch718>
<Switch719>
2
</Switch719>
<Switch720>
3
</Switch720>
<Switch721>
18
</Switch721>
<Switch722>
8
</Switch722>
<Switch723>
1
</Switch723>
<Switch724>
2
</Switch724>
<Switch725>
15
</Switch725>
<Switch726>
9
</Switch726>
<Switch727>
16
</Switch727>
<Switch728>
5
</Switch728>
<Switch729>
5
</Switch729>
<Switch730>
11
</Switch730>
<Switch731>
18
</Switch731>
<Switch732>
17
</Switch732>
<Switch733>
1
</Switch733>
<Switch734>
19
</Switch734>
<Switch735>
6
</Switch735>
<Switch736>
9
</Switch736>
<Switch737>
16
</Switch737>
<Switch738>
15
</Switch738>
<Switch739>
18
</Switch739>
<Switch740>
6
</Switch740>
<Switch741>
6
</Switch741>
<Switch742>
5
</Switch742>
<Switch743>
0
</Switch743>
<Switch744>
8
</Switch744>
<Switch745>
3
</Switch745>
<Switch746>
4
</Switch746>
<Switch747>
10
</Switch747>
<Switch748>
10
</Switch748>
<Switch749>
0
</Switch749>
<Switch750>
8
</Switch750>
<Switch751>
6
</Switch751>
<Switch752>
18
</Switch752>
<Switch753>
5
</Switch753>
<Switch754>
6
</Switch754>
<Switch755>
13
</Switch755>
<Switch756>
5
</Switch756>
<Switch757>
19
</Switch757>
<Switch758>
10
</Switch758>
<Switch759>
17
</Switch759>
<Switch760>
10
</Switch760>
<Switch761>
17
</Switch761>
<Switch762>
6
</Switch762>
<Switch763>
12
</Switch763>
<Switch764>
9
</Switch764>
<Switch765>
4
</Switch765>
<Switch766>
16
</Switch766>
<Switch767>
17
</Switch767>
<Switch768>
4
</Switch768>
<Switch769>
8
</Switch769>
<Switch770>
3
</Switch770>
<Switch771>
11
</Switch771>
<Switch772>
14
</Switch772>
<Switch773>
3
</Switch773>
<Switch774>
15
</Switch774>
<Switch775>
0
</Switch775>
<Switch776>
1
</Switch776>
<Switch777>
9
</Switch777>
<Switch778>
7
</Switch778>
<Switch779>
10
</Switch779>
<Switch780>
6
</Switch780>
<Switch781>
10
</Switch781>
<Switch782>
0
</Switch782>
<Switch783>
12
</Switch783>
<Switch784>
14
</Switch784>
<Switch785>
11
</Switch785>
<Switch786>
9
</Switch786>
<Switch787>
17
</Switch787>
<Switch788>
16
</Switch788>
<Switch789>
7
</Switch789>
<Switch790>
18
</Switch790>
<Switch791>
5
</Switch791>
<Switch792>
14
</Switch792>
<Switch793>
6
</Switch793>
<Switch794>
14
</Switch794>
<Switch795>
11
</Switch795>
<Switch796>
2
</Switch796>
<Switch797>
17
</Switch797>
<Switch798>
17
</Switch798>
<Switch799>
7
</Switch799>
<Switch800>
6
</Switch800>
<Switch801>
17
</Switch801>
<Switch802>
18
</Switch802>
<Switch803>
17
</Switch803>
<Switch804>
4
</Switch804>
<Switch805>
19
</Switch805>
<Switch806>
18
</Switch806>
<Switch807>
10
</Switch807>
<Switch808>
12
</Switch808>
<Switch809>
13
</Switch809>
<Switch810>
10
</Switch810>
<Switch811>
8
</Switch811>
<Switch812>
4
</Switch812>
<Switch813>
2
</Switch813>
<Switch814>
3
</Switch814>
<Switch815>
8
</Switch815>
<Switch816>
15
</Switch816>
<Switch817>
16
</Switch817>
<Switch818>
5
</Switch818>
<Switch819>
6
</Switch819>
<Switch820>
9
</Switch820>
<Switch821>
11
</Switch821>
<Switch822>
9
</Switch822>
<Switch823>
8
</Switch823>
<Switch824>
3
</Switch824>
<Switch825>
19
</Switch825>
<Switch826>
16
</Switch826>
<Switch827>
5
</Switch827>
<Switch828>
18
</Switch828>
<Switch829>
6
</Switch829>
<Switch830>
2
</Switch830>
<Switch831>
6
</Switch831>
<Switch832>
11
</Switch832>
<Switch833>
12
</Switch833>
<Switch834>
12
</Switch834>
<Switch835>
8
</Switch835>
<Switch836>
10
</Switch836>
<Switch837>
8
</Switch837>
<Switch838>
18
</Switch838>
<Switch839>
5
</Switch839>
<Switch840>
8
</Switch840>
<Switch841>
12
</Switch841>
<Switch842>
16
</Switch842>
<Switch843>
15
</Switch843>
<Switch844>
0
</Switch844>
<Switch845>
6
</Switch845>
<Switch846>
8
</Switch846>
<Switch847>
7
</Switch847>
<Switch848>
4
</Switch848>
<Switch849>
1
</Switch849>
<Switch850>
18
</Switch850>
<Switch851>
15
</Switch851>
<Switch852>
14
</Switch852>
<Switch853>
11
</Switch853>
<Switch854>
0
</Switch854>
<Switch855>
3
</Switch855>
<Switch856>
9
</Switch856>
<Switch857>
9
</Switch857>
<Switch858>
17
</Switch858>
<Switch859>
7
</Switch859>
<Switch860>
11
</Switch860>
<Switch861>
13
</Switch861>
<Switch862>
8
</Switch862>
<Switch863>
2
</Switch863>
<Switch864>
18
</Switch864>
<Switch865>
0
</Switch865>
<Switch866>
17
</Switch866>
<Switch867>
12
</Switch867>
<Switch868>
10
</Switch868>
<Switch869>
16
</Switch869>
<Switch870>
12
</Switch870>
<Switch871>
13
</Switch871>
<Switch872>
7
</Switch872>
</BaseID:249>
