<?xml version="1.0"?>

<BaseID:254>
<Switch1>
15
</Switch1>
<Switch2>
10
</Switch2>
<Switch3>
4
</Switch3>
<Switch4>
18
</Switch4>
<Switch5>
7
</Switch5>
<Switch6>
4
</Switch6>
<Switch7>
1
</Switch7>
<Switch8>
11
</Switch8>
<Switch9>
14
</Switch9>
<Switch10>
16
</Switch10>
<Switch11>
2
</Switch11>
<Switch12>
8
</Switch12>
<Switch13>
16
</Switch13>
<Switch14>
7
</Switch14>
<Switch15>
11
</Switch15>
<Switch16>
4
</Switch16>
<Switch17>
4
</Switch17>
<Switch18>
4
</Switch18>
<Switch19>
17
</Switch19>
<Switch20>
17
</Switch20>
<Switch21>
4
</Switch21>
<Switch22>
5
</Switch22>
<Switch23>
10
</Switch23>
<Switch24>
10
</Switch24>
<Switch25>
18
</Switch25>
<Switch26>
5
</Switch26>
<Switch27>
19
</Switch27>
<Switch28>
10
</Switch28>
<Switch29>
16
</Switch29>
<Switch30>
2
</Switch30>
<Switch31>
16
</Switch31>
<Switch32>
15
</Switch32>
<Switch33>
0
</Switch33>
<Switch34>
13
</Switch34>
<Switch35>
7
</Switch35>
<Switch36>
3
</Switch36>
<Switch37>
2
</Switch37>
<Switch38>
2
</Switch38>
<Switch39>
19
</Switch39>
<Switch40>
9
</Switch40>
<Switch41>
18
</Switch41>
<Switch42>
6
</Switch42>
<Switch43>
8
</Switch43>
<Switch44>
2
</Switch44>
<Switch45>
17
</Switch45>
<Switch46>
2
</Switch46>
<Switch47>
18
</Switch47>
<Switch48>
10
</Switch48>
<Switch49>
16
</Switch49>
<Switch50>
13
</Switch50>
<Switch51>
10
</Switch51>
<Switch52>
9
</Switch52>
<Switch53>
5
</Switch53>
<Switch54>
11
</Switch54>
<Switch55>
12
</Switch55>
<Switch56>
6
</Switch56>
<Switch57>
7
</Switch57>
<Switch58>
6
</Switch58>
<Switch59>
5
</Switch59>
<Switch60>
3
</Switch60>
<Switch61>
9
</Switch61>
<Switch62>
7
</Switch62>
<Switch63>
5
</Switch63>
<Switch64>
12
</Switch64>
<Switch65>
11
</Switch65>
<Switch66>
17
</Switch66>
<Switch67>
3
</Switch67>
<Switch68>
18
</Switch68>
<Switch69>
14
</Switch69>
<Switch70>
17
</Switch70>
<Switch71>
14
</Switch71>
<Switch72>
9
</Switch72>
<Switch73>
5
</Switch73>
<Switch74>
1
</Switch74>
<Switch75>
1
</Switch75>
<Switch76>
10
</Switch76>
<Switch77>
8
</Switch77>
<Switch78>
13
</Switch78>
<Switch79>
17
</Switch79>
<Switch80>
15
</Switch80>
<Switch81>
17
</Switch81>
<Switch82>
5
</Switch82>
<Switch83>
14
</Switch83>
<Switch84>
5
</Switch84>
<Switch85>
5
</Switch85>
<Switch86>
0
</Switch86>
<Switch87>
8
</Switch87>
<Switch88>
3
</Switch88>
<Switch89>
18
</Switch89>
<Switch90>
10
</Switch90>
<Switch91>
1
</Switch91>
<Switch92>
0
</Switch92>
<Switch93>
4
</Switch93>
<Switch94>
16
</Switch94>
<Switch95>
8
</Switch95>
<Switch96>
11
</Switch96>
<Switch97>
6
</Switch97>
<Switch98>
13
</Switch98>
<Switch99>
0
</Switch99>
<Switch100>
0
</Switch100>
<Switch101>
19
</Switch101>
<Switch102>
9
</Switch102>
<Switch103>
4
</Switch103>
<Switch104>
12
</Switch104>
<Switch105>
1
</Switch105>
<Switch106>
15
</Switch106>
<Switch107>
19
</Switch107>
<Switch108>
17
</Switch108>
<Switch109>
10
</Switch109>
<Switch110>
5
</Switch110>
<Switch111>
17
</Switch111>
<Switch112>
8
</Switch112>
<Switch113>
2
</Switch113>
<Switch114>
3
</Switch114>
<Switch115>
9
</Switch115>
<Switch116>
16
</Switch116>
<Switch117>
1
</Switch117>
<Switch118>
5
</Switch118>
<Switch119>
1
</Switch119>
<Switch120>
16
</Switch120>
<Switch121>
19
</Switch121>
<Switch122>
17
</Switch122>
<Switch123>
16
</Switch123>
<Switch124>
14
</Switch124>
<Switch125>
10
</Switch125>
<Switch126>
9
</Switch126>
<Switch127>
2
</Switch127>
<Switch128>
19
</Switch128>
<Switch129>
12
</Switch129>
<Switch130>
7
</Switch130>
<Switch131>
15
</Switch131>
<Switch132>
3
</Switch132>
<Switch133>
10
</Switch133>
<Switch134>
3
</Switch134>
<Switch135>
6
</Switch135>
<Switch136>
1
</Switch136>
<Switch137>
4
</Switch137>
<Switch138>
10
</Switch138>
<Switch139>
4
</Switch139>
<Switch140>
16
</Switch140>
<Switch141>
18
</Switch141>
<Switch142>
8
</Switch142>
<Switch143>
2
</Switch143>
<Switch144>
4
</Switch144>
<Switch145>
5
</Switch145>
<Switch146>
8
</Switch146>
<Switch147>
0
</Switch147>
<Switch148>
4
</Switch148>
<Switch149>
4
</Switch149>
<Switch150>
13
</Switch150>
<Switch151>
16
</Switch151>
<Switch152>
10
</Switch152>
<Switch153>
18
</Switch153>
<Switch154>
5
</Switch154>
<Switch155>
3
</Switch155>
<Switch156>
6
</Switch156>
<Switch157>
5
</Switch157>
<Switch158>
18
</Switch158>
<Switch159>
15
</Switch159>
<Switch160>
5
</Switch160>
<Switch161>
0
</Switch161>
<Switch162>
9
</Switch162>
<Switch163>
11
</Switch163>
<Switch164>
4
</Switch164>
<Switch165>
6
</Switch165>
<Switch166>
18
</Switch166>
<Switch167>
19
</Switch167>
<Switch168>
4
</Switch168>
<Switch169>
0
</Switch169>
<Switch170>
7
</Switch170>
<Switch171>
15
</Switch171>
<Switch172>
1
</Switch172>
<Switch173>
17
</Switch173>
<Switch174>
8
</Switch174>
<Switch175>
11
</Switch175>
<Switch176>
8
</Switch176>
<Switch177>
8
</Switch177>
<Switch178>
8
</Switch178>
<Switch179>
10
</Switch179>
<Switch180>
12
</Switch180>
<Switch181>
10
</Switch181>
<Switch182>
4
</Switch182>
<Switch183>
5
</Switch183>
<Switch184>
12
</Switch184>
<Switch185>
15
</Switch185>
<Switch186>
0
</Switch186>
<Switch187>
19
</Switch187>
<Switch188>
2
</Switch188>
<Switch189>
13
</Switch189>
<Switch190>
12
</Switch190>
<Switch191>
6
</Switch191>
<Switch192>
8
</Switch192>
<Switch193>
19
</Switch193>
<Switch194>
8
</Switch194>
<Switch195>
15
</Switch195>
<Switch196>
8
</Switch196>
<Switch197>
8
</Switch197>
<Switch198>
18
</Switch198>
<Switch199>
8
</Switch199>
<Switch200>
7
</Switch200>
<Switch201>
11
</Switch201>
<Switch202>
14
</Switch202>
<Switch203>
9
</Switch203>
<Switch204>
18
</Switch204>
<Switch205>
2
</Switch205>
<Switch206>
16
</Switch206>
<Switch207>
5
</Switch207>
<Switch208>
12
</Switch208>
<Switch209>
0
</Switch209>
<Switch210>
3
</Switch210>
<Switch211>
18
</Switch211>
<Switch212>
12
</Switch212>
<Switch213>
0
</Switch213>
<Switch214>
18
</Switch214>
<Switch215>
19
</Switch215>
<Switch216>
11
</Switch216>
<Switch217>
14
</Switch217>
<Switch218>
7
</Switch218>
<Switch219>
7
</Switch219>
<Switch220>
4
</Switch220>
<Switch221>
0
</Switch221>
<Switch222>
17
</Switch222>
<Switch223>
16
</Switch223>
<Switch224>
8
</Switch224>
<Switch225>
18
</Switch225>
<Switch226>
3
</Switch226>
<Switch227>
9
</Switch227>
<Switch228>
13
</Switch228>
<Switch229>
19
</Switch229>
<Switch230>
8
</Switch230>
<Switch231>
5
</Switch231>
<Switch232>
7
</Switch232>
<Switch233>
14
</Switch233>
<Switch234>
14
</Switch234>
<Switch235>
16
</Switch235>
<Switch236>
17
</Switch236>
<Switch237>
14
</Switch237>
<Switch238>
9
</Switch238>
<Switch239>
8
</Switch239>
<Switch240>
3
</Switch240>
<Switch241>
14
</Switch241>
<Switch242>
5
</Switch242>
<Switch243>
2
</Switch243>
<Switch244>
12
</Switch244>
<Switch245>
17
</Switch245>
<Switch246>
12
</Switch246>
<Switch247>
15
</Switch247>
<Switch248>
11
</Switch248>
<Switch249>
6
</Switch249>
<Switch250>
10
</Switch250>
<Switch251>
11
</Switch251>
<Switch252>
19
</Switch252>
<Switch253>
13
</Switch253>
<Switch254>
16
</Switch254>
<Switch255>
1
</Switch255>
<Switch256>
7
</Switch256>
<Switch257>
7
</Switch257>
<Switch258>
16
</Switch258>
<Switch259>
4
</Switch259>
<Switch260>
9
</Switch260>
<Switch261>
19
</Switch261>
<Switch262>
7
</Switch262>
<Switch263>
5
</Switch263>
<Switch264>
19
</Switch264>
<Switch265>
13
</Switch265>
<Switch266>
0
</Switch266>
<Switch267>
9
</Switch267>
<Switch268>
12
</Switch268>
<Switch269>
16
</Switch269>
<Switch270>
5
</Switch270>
<Switch271>
12
</Switch271>
<Switch272>
17
</Switch272>
<Switch273>
0
</Switch273>
<Switch274>
9
</Switch274>
<Switch275>
10
</Switch275>
<Switch276>
4
</Switch276>
<Switch277>
18
</Switch277>
<Switch278>
5
</Switch278>
<Switch279>
9
</Switch279>
<Switch280>
11
</Switch280>
<Switch281>
9
</Switch281>
<Switch282>
13
</Switch282>
<Switch283>
19
</Switch283>
<Switch284>
6
</Switch284>
<Switch285>
5
</Switch285>
<Switch286>
10
</Switch286>
<Switch287>
0
</Switch287>
<Switch288>
14
</Switch288>
<Switch289>
15
</Switch289>
<Switch290>
17
</Switch290>
<Switch291>
5
</Switch291>
<Switch292>
14
</Switch292>
<Switch293>
13
</Switch293>
<Switch294>
7
</Switch294>
<Switch295>
13
</Switch295>
<Switch296>
0
</Switch296>
<Switch297>
8
</Switch297>
<Switch298>
9
</Switch298>
<Switch299>
17
</Switch299>
<Switch300>
2
</Switch300>
<Switch301>
4
</Switch301>
<Switch302>
15
</Switch302>
<Switch303>
12
</Switch303>
<Switch304>
11
</Switch304>
<Switch305>
7
</Switch305>
<Switch306>
8
</Switch306>
<Switch307>
12
</Switch307>
<Switch308>
8
</Switch308>
<Switch309>
6
</Switch309>
<Switch310>
17
</Switch310>
<Switch311>
0
</Switch311>
<Switch312>
15
</Switch312>
<Switch313>
17
</Switch313>
<Switch314>
11
</Switch314>
<Switch315>
7
</Switch315>
<Switch316>
15
</Switch316>
<Switch317>
2
</Switch317>
<Switch318>
5
</Switch318>
<Switch319>
2
</Switch319>
<Switch320>
0
</Switch320>
<Switch321>
10
</Switch321>
<Switch322>
7
</Switch322>
<Switch323>
18
</Switch323>
<Switch324>
6
</Switch324>
<Switch325>
16
</Switch325>
<Switch326>
4
</Switch326>
<Switch327>
17
</Switch327>
<Switch328>
13
</Switch328>
<Switch329>
15
</Switch329>
<Switch330>
6
</Switch330>
<Switch331>
15
</Switch331>
<Switch332>
6
</Switch332>
<Switch333>
3
</Switch333>
<Switch334>
7
</Switch334>
<Switch335>
8
</Switch335>
<Switch336>
13
</Switch336>
<Switch337>
11
</Switch337>
<Switch338>
10
</Switch338>
<Switch339>
13
</Switch339>
<Switch340>
4
</Switch340>
<Switch341>
2
</Switch341>
<Switch342>
5
</Switch342>
<Switch343>
17
</Switch343>
<Switch344>
0
</Switch344>
<Switch345>
15
</Switch345>
<Switch346>
6
</Switch346>
<Switch347>
15
</Switch347>
<Switch348>
4
</Switch348>
<Switch349>
12
</Switch349>
<Switch350>
8
</Switch350>
<Switch351>
14
</Switch351>
<Switch352>
3
</Switch352>
<Switch353>
0
</Switch353>
<Switch354>
18
</Switch354>
<Switch355>
8
</Switch355>
<Switch356>
7
</Switch356>
<Switch357>
17
</Switch357>
<Switch358>
11
</Switch358>
<Switch359>
12
</Switch359>
<Switch360>
3
</Switch360>
<Switch361>
9
</Switch361>
<Switch362>
10
</Switch362>
<Switch363>
15
</Switch363>
<Switch364>
10
</Switch364>
<Switch365>
16
</Switch365>
<Switch366>
10
</Switch366>
<Switch367>
14
</Switch367>
<Switch368>
6
</Switch368>
<Switch369>
0
</Switch369>
<Switch370>
7
</Switch370>
<Switch371>
10
</Switch371>
<Switch372>
4
</Switch372>
<Switch373>
16
</Switch373>
<Switch374>
3
</Switch374>
<Switch375>
8
</Switch375>
<Switch376>
6
</Switch376>
<Switch377>
15
</Switch377>
<Switch378>
16
</Switch378>
<Switch379>
4
</Switch379>
<Switch380>
15
</Switch380>
<Switch381>
9
</Switch381>
<Switch382>
15
</Switch382>
<Switch383>
13
</Switch383>
<Switch384>
7
</Switch384>
<Switch385>
13
</Switch385>
<Switch386>
10
</Switch386>
<Switch387>
8
</Switch387>
<Switch388>
3
</Switch388>
<Switch389>
3
</Switch389>
<Switch390>
3
</Switch390>
<Switch391>
7
</Switch391>
<Switch392>
5
</Switch392>
<Switch393>
0
</Switch393>
<Switch394>
3
</Switch394>
<Switch395>
17
</Switch395>
<Switch396>
17
</Switch396>
<Switch397>
3
</Switch397>
<Switch398>
11
</Switch398>
<Switch399>
16
</Switch399>
<Switch400>
10
</Switch400>
<Switch401>
1
</Switch401>
<Switch402>
10
</Switch402>
<Switch403>
10
</Switch403>
<Switch404>
8
</Switch404>
<Switch405>
7
</Switch405>
<Switch406>
6
</Switch406>
<Switch407>
8
</Switch407>
<Switch408>
8
</Switch408>
<Switch409>
14
</Switch409>
<Switch410>
18
</Switch410>
<Switch411>
16
</Switch411>
<Switch412>
15
</Switch412>
<Switch413>
0
</Switch413>
<Switch414>
7
</Switch414>
<Switch415>
15
</Switch415>
<Switch416>
9
</Switch416>
<Switch417>
16
</Switch417>
<Switch418>
2
</Switch418>
<Switch419>
13
</Switch419>
<Switch420>
16
</Switch420>
<Switch421>
18
</Switch421>
<Switch422>
16
</Switch422>
<Switch423>
14
</Switch423>
<Switch424>
13
</Switch424>
<Switch425>
3
</Switch425>
<Switch426>
15
</Switch426>
<Switch427>
9
</Switch427>
<Switch428>
10
</Switch428>
<Switch429>
9
</Switch429>
<Switch430>
14
</Switch430>
<Switch431>
15
</Switch431>
<Switch432>
3
</Switch432>
<Switch433>
8
</Switch433>
<Switch434>
9
</Switch434>
<Switch435>
1
</Switch435>
<Switch436>
0
</Switch436>
<Switch437>
8
</Switch437>
<Switch438>
7
</Switch438>
<Switch439>
10
</Switch439>
<Switch440>
7
</Switch440>
<Switch441>
14
</Switch441>
<Switch442>
11
</Switch442>
<Switch443>
9
</Switch443>
<Switch444>
12
</Switch444>
<Switch445>
14
</Switch445>
<Switch446>
10
</Switch446>
<Switch447>
0
</Switch447>
<Switch448>
16
</Switch448>
<Switch449>
3
</Switch449>
<Switch450>
3
</Switch450>
<Switch451>
19
</Switch451>
<Switch452>
12
</Switch452>
<Switch453>
11
</Switch453>
<Switch454>
3
</Switch454>
<Switch455>
16
</Switch455>
<Switch456>
15
</Switch456>
<Switch457>
1
</Switch457>
<Switch458>
8
</Switch458>
<Switch459>
8
</Switch459>
<Switch460>
11
</Switch460>
<Switch461>
10
</Switch461>
<Switch462>
4
</Switch462>
<Switch463>
2
</Switch463>
<Switch464>
6
</Switch464>
<Switch465>
15
</Switch465>
<Switch466>
14
</Switch466>
<Switch467>
15
</Switch467>
<Switch468>
12
</Switch468>
<Switch469>
1
</Switch469>
<Switch470>
4
</Switch470>
<Switch471>
18
</Switch471>
<Switch472>
2
</Switch472>
<Switch473>
11
</Switch473>
<Switch474>
12
</Switch474>
<Switch475>
14
</Switch475>
<Switch476>
1
</Switch476>
<Switch477>
5
</Switch477>
<Switch478>
11
</Switch478>
<Switch479>
15
</Switch479>
<Switch480>
13
</Switch480>
<Switch481>
12
</Switch481>
<Switch482>
13
</Switch482>
<Switch483>
10
</Switch483>
<Switch484>
6
</Switch484>
<Switch485>
5
</Switch485>
<Switch486>
18
</Switch486>
<Switch487>
14
</Switch487>
<Switch488>
0
</Switch488>
<Switch489>
19
</Switch489>
<Switch490>
18
</Switch490>
<Switch491>
12
</Switch491>
<Switch492>
3
</Switch492>
<Switch493>
8
</Switch493>
<Switch494>
19
</Switch494>
<Switch495>
18
</Switch495>
<Switch496>
5
</Switch496>
<Switch497>
16
</Switch497>
<Switch498>
14
</Switch498>
<Switch499>
4
</Switch499>
<Switch500>
13
</Switch500>
<Switch501>
6
</Switch501>
<Switch502>
0
</Switch502>
<Switch503>
19
</Switch503>
<Switch504>
18
</Switch504>
<Switch505>
7
</Switch505>
<Switch506>
14
</Switch506>
<Switch507>
19
</Switch507>
<Switch508>
12
</Switch508>
<Switch509>
5
</Switch509>
<Switch510>
11
</Switch510>
<Switch511>
17
</Switch511>
<Switch512>
0
</Switch512>
<Switch513>
17
</Switch513>
<Switch514>
4
</Switch514>
<Switch515>
18
</Switch515>
<Switch516>
2
</Switch516>
<Switch517>
5
</Switch517>
<Switch518>
16
</Switch518>
<Switch519>
12
</Switch519>
<Switch520>
8
</Switch520>
<Switch521>
10
</Switch521>
<Switch522>
19
</Switch522>
<Switch523>
3
</Switch523>
<Switch524>
18
</Switch524>
<Switch525>
5
</Switch525>
<Switch526>
1
</Switch526>
<Switch527>
15
</Switch527>
<Switch528>
4
</Switch528>
<Switch529>
17
</Switch529>
<Switch530>
12
</Switch530>
<Switch531>
8
</Switch531>
<Switch532>
13
</Switch532>
<Switch533>
14
</Switch533>
<Switch534>
7
</Switch534>
<Switch535>
18
</Switch535>
<Switch536>
18
</Switch536>
<Switch537>
9
</Switch537>
<Switch538>
19
</Switch538>
<Switch539>
9
</Switch539>
<Switch540>
8
</Switch540>
<Switch541>
1
</Switch541>
<Switch542>
16
</Switch542>
<Switch543>
1
</Switch543>
<Switch544>
4
</Switch544>
<Switch545>
16
</Switch545>
<Switch546>
7
</Switch546>
<Switch547>
4
</Switch547>
<Switch548>
19
</Switch548>
<Switch549>
14
</Switch549>
<Switch550>
10
</Switch550>
<Switch551>
1
</Switch551>
<Switch552>
2
</Switch552>
<Switch553>
8
</Switch553>
<Switch554>
9
</Switch554>
<Switch555>
12
</Switch555>
<Switch556>
16
</Switch556>
<Switch557>
9
</Switch557>
<Switch558>
18
</Switch558>
<Switch559>
4
</Switch559>
<Switch560>
11
</Switch560>
<Switch561>
12
</Switch561>
<Switch562>
6
</Switch562>
<Switch563>
12
</Switch563>
<Switch564>
13
</Switch564>
<Switch565>
1
</Switch565>
<Switch566>
13
</Switch566>
<Switch567>
19
</Switch567>
<Switch568>
7
</Switch568>
<Switch569>
1
</Switch569>
<Switch570>
15
</Switch570>
<Switch571>
18
</Switch571>
<Switch572>
5
</Switch572>
<Switch573>
5
</Switch573>
<Switch574>
13
</Switch574>
<Switch575>
9
</Switch575>
<Switch576>
17
</Switch576>
<Switch577>
2
</Switch577>
<Switch578>
3
</Switch578>
<Switch579>
7
</Switch579>
<Switch580>
11
</Switch580>
<Switch581>
9
</Switch581>
<Switch582>
18
</Switch582>
<Switch583>
18
</Switch583>
<Switch584>
6
</Switch584>
<Switch585>
14
</Switch585>
<Switch586>
13
</Switch586>
<Switch587>
19
</Switch587>
<Switch588>
5
</Switch588>
<Switch589>
19
</Switch589>
<Switch590>
12
</Switch590>
<Switch591>
2
</Switch591>
<Switch592>
16
</Switch592>
<Switch593>
15
</Switch593>
<Switch594>
14
</Switch594>
<Switch595>
7
</Switch595>
<Switch596>
5
</Switch596>
<Switch597>
12
</Switch597>
<Switch598>
7
</Switch598>
<Switch599>
5
</Switch599>
<Switch600>
8
</Switch600>
<Switch601>
18
</Switch601>
<Switch602>
16
</Switch602>
<Switch603>
12
</Switch603>
<Switch604>
7
</Switch604>
<Switch605>
6
</Switch605>
<Switch606>
14
</Switch606>
<Switch607>
10
</Switch607>
<Switch608>
8
</Switch608>
<Switch609>
11
</Switch609>
<Switch610>
17
</Switch610>
<Switch611>
14
</Switch611>
<Switch612>
5
</Switch612>
<Switch613>
9
</Switch613>
<Switch614>
18
</Switch614>
<Switch615>
7
</Switch615>
<Switch616>
9
</Switch616>
<Switch617>
8
</Switch617>
<Switch618>
3
</Switch618>
<Switch619>
12
</Switch619>
<Switch620>
5
</Switch620>
<Switch621>
7
</Switch621>
<Switch622>
9
</Switch622>
<Switch623>
4
</Switch623>
<Switch624>
2
</Switch624>
<Switch625>
7
</Switch625>
<Switch626>
1
</Switch626>
<Switch627>
4
</Switch627>
<Switch628>
2
</Switch628>
<Switch629>
10
</Switch629>
<Switch630>
4
</Switch630>
<Switch631>
13
</Switch631>
<Switch632>
18
</Switch632>
<Switch633>
10
</Switch633>
<Switch634>
0
</Switch634>
<Switch635>
10
</Switch635>
<Switch636>
2
</Switch636>
<Switch637>
11
</Switch637>
<Switch638>
7
</Switch638>
<Switch639>
15
</Switch639>
<Switch640>
9
</Switch640>
<Switch641>
15
</Switch641>
<Switch642>
14
</Switch642>
<Switch643>
7
</Switch643>
<Switch644>
1
</Switch644>
<Switch645>
18
</Switch645>
<Switch646>
13
</Switch646>
<Switch647>
15
</Switch647>
<Switch648>
19
</Switch648>
<Switch649>
10
</Switch649>
<Switch650>
19
</Switch650>
<Switch651>
19
</Switch651>
<Switch652>
12
</Switch652>
<Switch653>
14
</Switch653>
<Switch654>
4
</Switch654>
<Switch655>
8
</Switch655>
<Switch656>
15
</Switch656>
<Switch657>
8
</Switch657>
<Switch658>
10
</Switch658>
<Switch659>
5
</Switch659>
<Switch660>
14
</Switch660>
<Switch661>
15
</Switch661>
<Switch662>
9
</Switch662>
<Switch663>
19
</Switch663>
<Switch664>
12
</Switch664>
<Switch665>
15
</Switch665>
<Switch666>
12
</Switch666>
<Switch667>
16
</Switch667>
</BaseID:254>
