<?xml version="1.0"?>

<BaseID:258>
<Switch1>
7
</Switch1>
<Switch2>
2
</Switch2>
<Switch3>
15
</Switch3>
<Switch4>
3
</Switch4>
<Switch5>
3
</Switch5>
<Switch6>
13
</Switch6>
<Switch7>
5
</Switch7>
<Switch8>
14
</Switch8>
<Switch9>
2
</Switch9>
<Switch10>
16
</Switch10>
<Switch11>
6
</Switch11>
<Switch12>
18
</Switch12>
<Switch13>
6
</Switch13>
<Switch14>
13
</Switch14>
<Switch15>
19
</Switch15>
<Switch16>
11
</Switch16>
<Switch17>
4
</Switch17>
<Switch18>
17
</Switch18>
<Switch19>
6
</Switch19>
<Switch20>
12
</Switch20>
<Switch21>
17
</Switch21>
<Switch22>
2
</Switch22>
<Switch23>
0
</Switch23>
<Switch24>
4
</Switch24>
<Switch25>
11
</Switch25>
<Switch26>
7
</Switch26>
<Switch27>
19
</Switch27>
<Switch28>
4
</Switch28>
<Switch29>
18
</Switch29>
<Switch30>
18
</Switch30>
<Switch31>
16
</Switch31>
<Switch32>
2
</Switch32>
<Switch33>
16
</Switch33>
<Switch34>
0
</Switch34>
<Switch35>
13
</Switch35>
<Switch36>
9
</Switch36>
<Switch37>
0
</Switch37>
<Switch38>
1
</Switch38>
<Switch39>
13
</Switch39>
<Switch40>
0
</Switch40>
<Switch41>
14
</Switch41>
<Switch42>
6
</Switch42>
<Switch43>
4
</Switch43>
<Switch44>
12
</Switch44>
<Switch45>
4
</Switch45>
<Switch46>
9
</Switch46>
<Switch47>
2
</Switch47>
<Switch48>
10
</Switch48>
<Switch49>
17
</Switch49>
<Switch50>
0
</Switch50>
<Switch51>
13
</Switch51>
<Switch52>
10
</Switch52>
<Switch53>
7
</Switch53>
<Switch54>
3
</Switch54>
<Switch55>
6
</Switch55>
<Switch56>
11
</Switch56>
<Switch57>
8
</Switch57>
<Switch58>
12
</Switch58>
<Switch59>
14
</Switch59>
<Switch60>
8
</Switch60>
<Switch61>
1
</Switch61>
<Switch62>
1
</Switch62>
<Switch63>
2
</Switch63>
<Switch64>
5
</Switch64>
<Switch65>
2
</Switch65>
<Switch66>
17
</Switch66>
<Switch67>
13
</Switch67>
<Switch68>
3
</Switch68>
<Switch69>
19
</Switch69>
<Switch70>
19
</Switch70>
<Switch71>
10
</Switch71>
<Switch72>
9
</Switch72>
<Switch73>
5
</Switch73>
<Switch74>
8
</Switch74>
<Switch75>
17
</Switch75>
<Switch76>
8
</Switch76>
<Switch77>
14
</Switch77>
<Switch78>
11
</Switch78>
<Switch79>
7
</Switch79>
<Switch80>
2
</Switch80>
<Switch81>
5
</Switch81>
<Switch82>
4
</Switch82>
<Switch83>
14
</Switch83>
<Switch84>
15
</Switch84>
<Switch85>
9
</Switch85>
<Switch86>
3
</Switch86>
<Switch87>
16
</Switch87>
<Switch88>
12
</Switch88>
<Switch89>
13
</Switch89>
<Switch90>
4
</Switch90>
<Switch91>
13
</Switch91>
<Switch92>
5
</Switch92>
<Switch93>
18
</Switch93>
<Switch94>
12
</Switch94>
<Switch95>
4
</Switch95>
<Switch96>
3
</Switch96>
<Switch97>
18
</Switch97>
<Switch98>
5
</Switch98>
<Switch99>
13
</Switch99>
<Switch100>
7
</Switch100>
<Switch101>
16
</Switch101>
<Switch102>
18
</Switch102>
<Switch103>
17
</Switch103>
<Switch104>
10
</Switch104>
<Switch105>
14
</Switch105>
<Switch106>
6
</Switch106>
<Switch107>
11
</Switch107>
<Switch108>
14
</Switch108>
<Switch109>
10
</Switch109>
<Switch110>
8
</Switch110>
<Switch111>
19
</Switch111>
<Switch112>
14
</Switch112>
<Switch113>
14
</Switch113>
<Switch114>
17
</Switch114>
<Switch115>
2
</Switch115>
<Switch116>
19
</Switch116>
<Switch117>
11
</Switch117>
<Switch118>
18
</Switch118>
<Switch119>
5
</Switch119>
<Switch120>
6
</Switch120>
<Switch121>
3
</Switch121>
<Switch122>
1
</Switch122>
<Switch123>
19
</Switch123>
<Switch124>
2
</Switch124>
<Switch125>
11
</Switch125>
<Switch126>
15
</Switch126>
<Switch127>
18
</Switch127>
<Switch128>
6
</Switch128>
<Switch129>
0
</Switch129>
<Switch130>
8
</Switch130>
<Switch131>
10
</Switch131>
<Switch132>
16
</Switch132>
<Switch133>
4
</Switch133>
<Switch134>
10
</Switch134>
<Switch135>
12
</Switch135>
<Switch136>
11
</Switch136>
<Switch137>
5
</Switch137>
<Switch138>
19
</Switch138>
<Switch139>
10
</Switch139>
<Switch140>
19
</Switch140>
<Switch141>
9
</Switch141>
<Switch142>
11
</Switch142>
<Switch143>
1
</Switch143>
<Switch144>
19
</Switch144>
<Switch145>
5
</Switch145>
<Switch146>
19
</Switch146>
<Switch147>
13
</Switch147>
<Switch148>
2
</Switch148>
<Switch149>
16
</Switch149>
<Switch150>
13
</Switch150>
<Switch151>
1
</Switch151>
<Switch152>
15
</Switch152>
<Switch153>
1
</Switch153>
<Switch154>
8
</Switch154>
<Switch155>
1
</Switch155>
<Switch156>
19
</Switch156>
<Switch157>
14
</Switch157>
<Switch158>
3
</Switch158>
<Switch159>
8
</Switch159>
<Switch160>
1
</Switch160>
<Switch161>
7
</Switch161>
<Switch162>
2
</Switch162>
<Switch163>
8
</Switch163>
<Switch164>
18
</Switch164>
<Switch165>
13
</Switch165>
<Switch166>
16
</Switch166>
<Switch167>
10
</Switch167>
<Switch168>
11
</Switch168>
<Switch169>
19
</Switch169>
<Switch170>
9
</Switch170>
<Switch171>
8
</Switch171>
<Switch172>
17
</Switch172>
<Switch173>
8
</Switch173>
<Switch174>
4
</Switch174>
<Switch175>
5
</Switch175>
<Switch176>
0
</Switch176>
<Switch177>
13
</Switch177>
<Switch178>
10
</Switch178>
<Switch179>
3
</Switch179>
<Switch180>
4
</Switch180>
<Switch181>
2
</Switch181>
<Switch182>
11
</Switch182>
<Switch183>
16
</Switch183>
<Switch184>
16
</Switch184>
<Switch185>
0
</Switch185>
<Switch186>
5
</Switch186>
<Switch187>
19
</Switch187>
<Switch188>
16
</Switch188>
<Switch189>
13
</Switch189>
<Switch190>
3
</Switch190>
<Switch191>
19
</Switch191>
<Switch192>
2
</Switch192>
<Switch193>
8
</Switch193>
<Switch194>
18
</Switch194>
<Switch195>
10
</Switch195>
<Switch196>
13
</Switch196>
<Switch197>
8
</Switch197>
<Switch198>
4
</Switch198>
<Switch199>
12
</Switch199>
<Switch200>
12
</Switch200>
<Switch201>
8
</Switch201>
<Switch202>
2
</Switch202>
<Switch203>
3
</Switch203>
<Switch204>
10
</Switch204>
<Switch205>
13
</Switch205>
<Switch206>
4
</Switch206>
<Switch207>
19
</Switch207>
<Switch208>
2
</Switch208>
<Switch209>
16
</Switch209>
<Switch210>
13
</Switch210>
<Switch211>
3
</Switch211>
<Switch212>
17
</Switch212>
<Switch213>
16
</Switch213>
<Switch214>
13
</Switch214>
<Switch215>
3
</Switch215>
<Switch216>
0
</Switch216>
<Switch217>
19
</Switch217>
<Switch218>
16
</Switch218>
<Switch219>
17
</Switch219>
<Switch220>
17
</Switch220>
<Switch221>
1
</Switch221>
<Switch222>
15
</Switch222>
<Switch223>
18
</Switch223>
<Switch224>
10
</Switch224>
<Switch225>
14
</Switch225>
<Switch226>
10
</Switch226>
<Switch227>
14
</Switch227>
<Switch228>
14
</Switch228>
<Switch229>
2
</Switch229>
<Switch230>
1
</Switch230>
<Switch231>
8
</Switch231>
<Switch232>
3
</Switch232>
<Switch233>
19
</Switch233>
<Switch234>
8
</Switch234>
<Switch235>
13
</Switch235>
<Switch236>
13
</Switch236>
<Switch237>
14
</Switch237>
<Switch238>
11
</Switch238>
<Switch239>
12
</Switch239>
<Switch240>
1
</Switch240>
<Switch241>
18
</Switch241>
<Switch242>
14
</Switch242>
<Switch243>
11
</Switch243>
<Switch244>
18
</Switch244>
<Switch245>
2
</Switch245>
<Switch246>
2
</Switch246>
<Switch247>
8
</Switch247>
<Switch248>
13
</Switch248>
<Switch249>
15
</Switch249>
<Switch250>
9
</Switch250>
<Switch251>
11
</Switch251>
<Switch252>
15
</Switch252>
<Switch253>
3
</Switch253>
<Switch254>
12
</Switch254>
<Switch255>
9
</Switch255>
<Switch256>
5
</Switch256>
<Switch257>
9
</Switch257>
<Switch258>
4
</Switch258>
<Switch259>
2
</Switch259>
<Switch260>
19
</Switch260>
<Switch261>
5
</Switch261>
<Switch262>
3
</Switch262>
<Switch263>
17
</Switch263>
<Switch264>
11
</Switch264>
<Switch265>
5
</Switch265>
<Switch266>
13
</Switch266>
<Switch267>
12
</Switch267>
<Switch268>
10
</Switch268>
<Switch269>
1
</Switch269>
<Switch270>
11
</Switch270>
<Switch271>
3
</Switch271>
<Switch272>
9
</Switch272>
<Switch273>
4
</Switch273>
<Switch274>
7
</Switch274>
<Switch275>
1
</Switch275>
<Switch276>
5
</Switch276>
<Switch277>
8
</Switch277>
<Switch278>
2
</Switch278>
<Switch279>
6
</Switch279>
<Switch280>
3
</Switch280>
<Switch281>
16
</Switch281>
<Switch282>
16
</Switch282>
<Switch283>
8
</Switch283>
<Switch284>
0
</Switch284>
<Switch285>
1
</Switch285>
<Switch286>
18
</Switch286>
<Switch287>
17
</Switch287>
<Switch288>
2
</Switch288>
<Switch289>
18
</Switch289>
<Switch290>
17
</Switch290>
<Switch291>
11
</Switch291>
<Switch292>
14
</Switch292>
<Switch293>
6
</Switch293>
<Switch294>
14
</Switch294>
<Switch295>
3
</Switch295>
<Switch296>
18
</Switch296>
<Switch297>
13
</Switch297>
<Switch298>
2
</Switch298>
<Switch299>
16
</Switch299>
<Switch300>
9
</Switch300>
<Switch301>
4
</Switch301>
<Switch302>
6
</Switch302>
<Switch303>
0
</Switch303>
<Switch304>
1
</Switch304>
<Switch305>
13
</Switch305>
<Switch306>
1
</Switch306>
<Switch307>
1
</Switch307>
<Switch308>
0
</Switch308>
<Switch309>
10
</Switch309>
<Switch310>
18
</Switch310>
<Switch311>
6
</Switch311>
<Switch312>
8
</Switch312>
<Switch313>
13
</Switch313>
<Switch314>
4
</Switch314>
<Switch315>
9
</Switch315>
<Switch316>
10
</Switch316>
<Switch317>
17
</Switch317>
<Switch318>
4
</Switch318>
<Switch319>
1
</Switch319>
<Switch320>
10
</Switch320>
<Switch321>
5
</Switch321>
<Switch322>
10
</Switch322>
<Switch323>
17
</Switch323>
<Switch324>
10
</Switch324>
<Switch325>
18
</Switch325>
<Switch326>
3
</Switch326>
<Switch327>
3
</Switch327>
<Switch328>
4
</Switch328>
<Switch329>
8
</Switch329>
<Switch330>
11
</Switch330>
<Switch331>
15
</Switch331>
<Switch332>
18
</Switch332>
<Switch333>
9
</Switch333>
<Switch334>
4
</Switch334>
<Switch335>
12
</Switch335>
<Switch336>
13
</Switch336>
<Switch337>
6
</Switch337>
<Switch338>
9
</Switch338>
<Switch339>
13
</Switch339>
<Switch340>
2
</Switch340>
<Switch341>
11
</Switch341>
<Switch342>
17
</Switch342>
<Switch343>
10
</Switch343>
<Switch344>
10
</Switch344>
<Switch345>
14
</Switch345>
<Switch346>
19
</Switch346>
<Switch347>
14
</Switch347>
<Switch348>
4
</Switch348>
<Switch349>
18
</Switch349>
<Switch350>
14
</Switch350>
<Switch351>
13
</Switch351>
<Switch352>
9
</Switch352>
<Switch353>
5
</Switch353>
<Switch354>
17
</Switch354>
<Switch355>
15
</Switch355>
<Switch356>
15
</Switch356>
<Switch357>
3
</Switch357>
<Switch358>
18
</Switch358>
<Switch359>
0
</Switch359>
<Switch360>
19
</Switch360>
<Switch361>
5
</Switch361>
<Switch362>
12
</Switch362>
<Switch363>
19
</Switch363>
<Switch364>
2
</Switch364>
<Switch365>
10
</Switch365>
<Switch366>
4
</Switch366>
<Switch367>
5
</Switch367>
<Switch368>
15
</Switch368>
<Switch369>
3
</Switch369>
<Switch370>
13
</Switch370>
<Switch371>
7
</Switch371>
<Switch372>
7
</Switch372>
<Switch373>
5
</Switch373>
<Switch374>
8
</Switch374>
<Switch375>
13
</Switch375>
<Switch376>
10
</Switch376>
<Switch377>
12
</Switch377>
<Switch378>
3
</Switch378>
<Switch379>
15
</Switch379>
<Switch380>
10
</Switch380>
<Switch381>
11
</Switch381>
<Switch382>
0
</Switch382>
<Switch383>
17
</Switch383>
<Switch384>
2
</Switch384>
<Switch385>
19
</Switch385>
<Switch386>
11
</Switch386>
<Switch387>
10
</Switch387>
<Switch388>
5
</Switch388>
<Switch389>
19
</Switch389>
<Switch390>
10
</Switch390>
<Switch391>
18
</Switch391>
<Switch392>
9
</Switch392>
<Switch393>
1
</Switch393>
<Switch394>
17
</Switch394>
<Switch395>
17
</Switch395>
<Switch396>
15
</Switch396>
<Switch397>
14
</Switch397>
<Switch398>
2
</Switch398>
<Switch399>
13
</Switch399>
<Switch400>
17
</Switch400>
<Switch401>
15
</Switch401>
<Switch402>
6
</Switch402>
<Switch403>
16
</Switch403>
<Switch404>
12
</Switch404>
<Switch405>
11
</Switch405>
<Switch406>
10
</Switch406>
<Switch407>
7
</Switch407>
<Switch408>
3
</Switch408>
<Switch409>
11
</Switch409>
<Switch410>
10
</Switch410>
<Switch411>
3
</Switch411>
<Switch412>
16
</Switch412>
<Switch413>
14
</Switch413>
<Switch414>
7
</Switch414>
<Switch415>
18
</Switch415>
<Switch416>
14
</Switch416>
<Switch417>
2
</Switch417>
<Switch418>
16
</Switch418>
<Switch419>
14
</Switch419>
<Switch420>
17
</Switch420>
<Switch421>
4
</Switch421>
<Switch422>
7
</Switch422>
<Switch423>
1
</Switch423>
<Switch424>
19
</Switch424>
<Switch425>
7
</Switch425>
<Switch426>
18
</Switch426>
<Switch427>
5
</Switch427>
<Switch428>
15
</Switch428>
<Switch429>
0
</Switch429>
<Switch430>
19
</Switch430>
<Switch431>
0
</Switch431>
<Switch432>
16
</Switch432>
<Switch433>
18
</Switch433>
<Switch434>
8
</Switch434>
<Switch435>
8
</Switch435>
<Switch436>
19
</Switch436>
<Switch437>
5
</Switch437>
<Switch438>
19
</Switch438>
<Switch439>
4
</Switch439>
<Switch440>
6
</Switch440>
<Switch441>
6
</Switch441>
<Switch442>
6
</Switch442>
<Switch443>
19
</Switch443>
<Switch444>
11
</Switch444>
<Switch445>
13
</Switch445>
<Switch446>
15
</Switch446>
<Switch447>
3
</Switch447>
<Switch448>
4
</Switch448>
<Switch449>
15
</Switch449>
<Switch450>
16
</Switch450>
<Switch451>
3
</Switch451>
<Switch452>
1
</Switch452>
<Switch453>
12
</Switch453>
<Switch454>
18
</Switch454>
<Switch455>
10
</Switch455>
<Switch456>
12
</Switch456>
<Switch457>
16
</Switch457>
<Switch458>
3
</Switch458>
<Switch459>
7
</Switch459>
<Switch460>
17
</Switch460>
<Switch461>
14
</Switch461>
<Switch462>
6
</Switch462>
<Switch463>
0
</Switch463>
<Switch464>
15
</Switch464>
<Switch465>
14
</Switch465>
<Switch466>
19
</Switch466>
<Switch467>
19
</Switch467>
<Switch468>
10
</Switch468>
<Switch469>
12
</Switch469>
<Switch470>
0
</Switch470>
<Switch471>
9
</Switch471>
<Switch472>
15
</Switch472>
<Switch473>
13
</Switch473>
<Switch474>
8
</Switch474>
<Switch475>
11
</Switch475>
<Switch476>
5
</Switch476>
<Switch477>
2
</Switch477>
<Switch478>
15
</Switch478>
<Switch479>
12
</Switch479>
<Switch480>
2
</Switch480>
<Switch481>
18
</Switch481>
<Switch482>
7
</Switch482>
<Switch483>
13
</Switch483>
<Switch484>
3
</Switch484>
<Switch485>
1
</Switch485>
<Switch486>
6
</Switch486>
<Switch487>
16
</Switch487>
<Switch488>
5
</Switch488>
<Switch489>
19
</Switch489>
<Switch490>
8
</Switch490>
<Switch491>
2
</Switch491>
<Switch492>
13
</Switch492>
<Switch493>
7
</Switch493>
<Switch494>
8
</Switch494>
<Switch495>
3
</Switch495>
<Switch496>
7
</Switch496>
<Switch497>
12
</Switch497>
<Switch498>
10
</Switch498>
<Switch499>
12
</Switch499>
<Switch500>
12
</Switch500>
<Switch501>
10
</Switch501>
<Switch502>
8
</Switch502>
<Switch503>
9
</Switch503>
<Switch504>
1
</Switch504>
<Switch505>
13
</Switch505>
<Switch506>
16
</Switch506>
<Switch507>
11
</Switch507>
<Switch508>
4
</Switch508>
<Switch509>
8
</Switch509>
<Switch510>
19
</Switch510>
<Switch511>
6
</Switch511>
<Switch512>
10
</Switch512>
<Switch513>
10
</Switch513>
<Switch514>
8
</Switch514>
<Switch515>
15
</Switch515>
<Switch516>
10
</Switch516>
<Switch517>
17
</Switch517>
<Switch518>
3
</Switch518>
<Switch519>
15
</Switch519>
<Switch520>
18
</Switch520>
<Switch521>
5
</Switch521>
<Switch522>
16
</Switch522>
<Switch523>
15
</Switch523>
<Switch524>
4
</Switch524>
<Switch525>
2
</Switch525>
<Switch526>
11
</Switch526>
<Switch527>
17
</Switch527>
<Switch528>
4
</Switch528>
<Switch529>
14
</Switch529>
<Switch530>
11
</Switch530>
<Switch531>
1
</Switch531>
<Switch532>
1
</Switch532>
<Switch533>
12
</Switch533>
<Switch534>
8
</Switch534>
<Switch535>
17
</Switch535>
<Switch536>
13
</Switch536>
<Switch537>
18
</Switch537>
<Switch538>
14
</Switch538>
<Switch539>
7
</Switch539>
<Switch540>
15
</Switch540>
<Switch541>
11
</Switch541>
<Switch542>
0
</Switch542>
<Switch543>
4
</Switch543>
<Switch544>
16
</Switch544>
<Switch545>
11
</Switch545>
<Switch546>
9
</Switch546>
<Switch547>
14
</Switch547>
<Switch548>
2
</Switch548>
<Switch549>
7
</Switch549>
<Switch550>
18
</Switch550>
<Switch551>
3
</Switch551>
<Switch552>
2
</Switch552>
<Switch553>
17
</Switch553>
<Switch554>
9
</Switch554>
<Switch555>
6
</Switch555>
<Switch556>
0
</Switch556>
<Switch557>
5
</Switch557>
<Switch558>
6
</Switch558>
<Switch559>
8
</Switch559>
<Switch560>
9
</Switch560>
<Switch561>
4
</Switch561>
<Switch562>
13
</Switch562>
<Switch563>
0
</Switch563>
<Switch564>
17
</Switch564>
<Switch565>
6
</Switch565>
<Switch566>
11
</Switch566>
<Switch567>
3
</Switch567>
<Switch568>
3
</Switch568>
<Switch569>
11
</Switch569>
<Switch570>
18
</Switch570>
<Switch571>
6
</Switch571>
<Switch572>
18
</Switch572>
<Switch573>
10
</Switch573>
<Switch574>
1
</Switch574>
<Switch575>
6
</Switch575>
<Switch576>
13
</Switch576>
<Switch577>
10
</Switch577>
<Switch578>
8
</Switch578>
<Switch579>
18
</Switch579>
<Switch580>
15
</Switch580>
<Switch581>
18
</Switch581>
<Switch582>
14
</Switch582>
<Switch583>
5
</Switch583>
<Switch584>
18
</Switch584>
<Switch585>
16
</Switch585>
<Switch586>
17
</Switch586>
<Switch587>
3
</Switch587>
<Switch588>
15
</Switch588>
<Switch589>
11
</Switch589>
<Switch590>
19
</Switch590>
<Switch591>
18
</Switch591>
<Switch592>
3
</Switch592>
<Switch593>
13
</Switch593>
<Switch594>
19
</Switch594>
<Switch595>
10
</Switch595>
<Switch596>
16
</Switch596>
<Switch597>
0
</Switch597>
<Switch598>
2
</Switch598>
<Switch599>
17
</Switch599>
<Switch600>
18
</Switch600>
<Switch601>
13
</Switch601>
<Switch602>
16
</Switch602>
<Switch603>
9
</Switch603>
<Switch604>
13
</Switch604>
<Switch605>
15
</Switch605>
<Switch606>
18
</Switch606>
<Switch607>
0
</Switch607>
<Switch608>
5
</Switch608>
<Switch609>
10
</Switch609>
<Switch610>
3
</Switch610>
<Switch611>
7
</Switch611>
<Switch612>
5
</Switch612>
<Switch613>
4
</Switch613>
<Switch614>
4
</Switch614>
<Switch615>
4
</Switch615>
<Switch616>
9
</Switch616>
<Switch617>
18
</Switch617>
<Switch618>
13
</Switch618>
<Switch619>
17
</Switch619>
<Switch620>
7
</Switch620>
<Switch621>
16
</Switch621>
<Switch622>
6
</Switch622>
<Switch623>
6
</Switch623>
<Switch624>
10
</Switch624>
<Switch625>
14
</Switch625>
<Switch626>
10
</Switch626>
<Switch627>
14
</Switch627>
<Switch628>
2
</Switch628>
<Switch629>
10
</Switch629>
<Switch630>
8
</Switch630>
<Switch631>
19
</Switch631>
<Switch632>
11
</Switch632>
<Switch633>
19
</Switch633>
<Switch634>
8
</Switch634>
<Switch635>
12
</Switch635>
<Switch636>
12
</Switch636>
<Switch637>
9
</Switch637>
<Switch638>
12
</Switch638>
<Switch639>
15
</Switch639>
<Switch640>
0
</Switch640>
<Switch641>
4
</Switch641>
<Switch642>
8
</Switch642>
<Switch643>
4
</Switch643>
<Switch644>
13
</Switch644>
<Switch645>
4
</Switch645>
<Switch646>
15
</Switch646>
<Switch647>
1
</Switch647>
<Switch648>
1
</Switch648>
<Switch649>
14
</Switch649>
<Switch650>
9
</Switch650>
<Switch651>
14
</Switch651>
<Switch652>
18
</Switch652>
<Switch653>
8
</Switch653>
<Switch654>
15
</Switch654>
<Switch655>
8
</Switch655>
<Switch656>
5
</Switch656>
<Switch657>
14
</Switch657>
<Switch658>
3
</Switch658>
<Switch659>
2
</Switch659>
<Switch660>
12
</Switch660>
<Switch661>
5
</Switch661>
<Switch662>
9
</Switch662>
<Switch663>
11
</Switch663>
<Switch664>
13
</Switch664>
<Switch665>
2
</Switch665>
<Switch666>
1
</Switch666>
<Switch667>
3
</Switch667>
<Switch668>
12
</Switch668>
<Switch669>
16
</Switch669>
<Switch670>
18
</Switch670>
<Switch671>
14
</Switch671>
<Switch672>
13
</Switch672>
<Switch673>
16
</Switch673>
<Switch674>
12
</Switch674>
<Switch675>
19
</Switch675>
<Switch676>
1
</Switch676>
<Switch677>
14
</Switch677>
<Switch678>
16
</Switch678>
<Switch679>
14
</Switch679>
<Switch680>
16
</Switch680>
<Switch681>
8
</Switch681>
<Switch682>
1
</Switch682>
<Switch683>
16
</Switch683>
<Switch684>
7
</Switch684>
<Switch685>
11
</Switch685>
<Switch686>
11
</Switch686>
<Switch687>
1
</Switch687>
<Switch688>
1
</Switch688>
<Switch689>
14
</Switch689>
<Switch690>
0
</Switch690>
<Switch691>
12
</Switch691>
<Switch692>
0
</Switch692>
<Switch693>
19
</Switch693>
<Switch694>
10
</Switch694>
<Switch695>
7
</Switch695>
<Switch696>
10
</Switch696>
<Switch697>
9
</Switch697>
<Switch698>
13
</Switch698>
<Switch699>
9
</Switch699>
<Switch700>
15
</Switch700>
<Switch701>
12
</Switch701>
<Switch702>
17
</Switch702>
<Switch703>
5
</Switch703>
<Switch704>
12
</Switch704>
<Switch705>
13
</Switch705>
<Switch706>
11
</Switch706>
<Switch707>
18
</Switch707>
<Switch708>
19
</Switch708>
<Switch709>
5
</Switch709>
<Switch710>
1
</Switch710>
<Switch711>
1
</Switch711>
<Switch712>
10
</Switch712>
<Switch713>
2
</Switch713>
<Switch714>
1
</Switch714>
<Switch715>
12
</Switch715>
<Switch716>
2
</Switch716>
<Switch717>
1
</Switch717>
<Switch718>
2
</Switch718>
<Switch719>
16
</Switch719>
<Switch720>
10
</Switch720>
<Switch721>
5
</Switch721>
<Switch722>
2
</Switch722>
<Switch723>
13
</Switch723>
<Switch724>
4
</Switch724>
<Switch725>
5
</Switch725>
<Switch726>
14
</Switch726>
<Switch727>
6
</Switch727>
<Switch728>
4
</Switch728>
<Switch729>
17
</Switch729>
<Switch730>
10
</Switch730>
<Switch731>
12
</Switch731>
<Switch732>
3
</Switch732>
<Switch733>
5
</Switch733>
<Switch734>
0
</Switch734>
<Switch735>
5
</Switch735>
<Switch736>
19
</Switch736>
<Switch737>
12
</Switch737>
<Switch738>
2
</Switch738>
<Switch739>
18
</Switch739>
<Switch740>
14
</Switch740>
<Switch741>
15
</Switch741>
<Switch742>
5
</Switch742>
<Switch743>
14
</Switch743>
<Switch744>
4
</Switch744>
<Switch745>
1
</Switch745>
<Switch746>
9
</Switch746>
<Switch747>
13
</Switch747>
<Switch748>
12
</Switch748>
<Switch749>
14
</Switch749>
<Switch750>
10
</Switch750>
<Switch751>
17
</Switch751>
<Switch752>
11
</Switch752>
<Switch753>
4
</Switch753>
<Switch754>
13
</Switch754>
<Switch755>
16
</Switch755>
<Switch756>
11
</Switch756>
<Switch757>
8
</Switch757>
<Switch758>
17
</Switch758>
<Switch759>
0
</Switch759>
<Switch760>
11
</Switch760>
<Switch761>
18
</Switch761>
<Switch762>
5
</Switch762>
<Switch763>
6
</Switch763>
<Switch764>
19
</Switch764>
<Switch765>
7
</Switch765>
<Switch766>
7
</Switch766>
<Switch767>
4
</Switch767>
<Switch768>
4
</Switch768>
<Switch769>
4
</Switch769>
<Switch770>
10
</Switch770>
<Switch771>
18
</Switch771>
<Switch772>
10
</Switch772>
<Switch773>
7
</Switch773>
<Switch774>
17
</Switch774>
<Switch775>
3
</Switch775>
<Switch776>
6
</Switch776>
<Switch777>
7
</Switch777>
<Switch778>
17
</Switch778>
<Switch779>
13
</Switch779>
<Switch780>
11
</Switch780>
<Switch781>
2
</Switch781>
<Switch782>
10
</Switch782>
<Switch783>
0
</Switch783>
<Switch784>
17
</Switch784>
<Switch785>
7
</Switch785>
<Switch786>
9
</Switch786>
<Switch787>
7
</Switch787>
<Switch788>
6
</Switch788>
<Switch789>
10
</Switch789>
<Switch790>
12
</Switch790>
<Switch791>
18
</Switch791>
<Switch792>
4
</Switch792>
<Switch793>
7
</Switch793>
<Switch794>
11
</Switch794>
<Switch795>
4
</Switch795>
<Switch796>
3
</Switch796>
<Switch797>
10
</Switch797>
<Switch798>
7
</Switch798>
<Switch799>
9
</Switch799>
<Switch800>
12
</Switch800>
<Switch801>
13
</Switch801>
<Switch802>
18
</Switch802>
<Switch803>
8
</Switch803>
<Switch804>
16
</Switch804>
<Switch805>
5
</Switch805>
<Switch806>
4
</Switch806>
<Switch807>
2
</Switch807>
<Switch808>
16
</Switch808>
<Switch809>
16
</Switch809>
<Switch810>
9
</Switch810>
<Switch811>
14
</Switch811>
<Switch812>
13
</Switch812>
<Switch813>
1
</Switch813>
<Switch814>
11
</Switch814>
<Switch815>
18
</Switch815>
<Switch816>
19
</Switch816>
<Switch817>
5
</Switch817>
<Switch818>
18
</Switch818>
<Switch819>
4
</Switch819>
<Switch820>
7
</Switch820>
<Switch821>
4
</Switch821>
<Switch822>
2
</Switch822>
<Switch823>
11
</Switch823>
<Switch824>
7
</Switch824>
<Switch825>
8
</Switch825>
<Switch826>
2
</Switch826>
<Switch827>
1
</Switch827>
<Switch828>
15
</Switch828>
<Switch829>
6
</Switch829>
<Switch830>
4
</Switch830>
<Switch831>
13
</Switch831>
<Switch832>
2
</Switch832>
<Switch833>
1
</Switch833>
<Switch834>
9
</Switch834>
<Switch835>
18
</Switch835>
<Switch836>
18
</Switch836>
<Switch837>
13
</Switch837>
<Switch838>
19
</Switch838>
</BaseID:258>
