<?xml version="1.0"?>

<BaseID:263>
<Switch1>
5
</Switch1>
<Switch2>
12
</Switch2>
<Switch3>
12
</Switch3>
<Switch4>
15
</Switch4>
<Switch5>
13
</Switch5>
<Switch6>
18
</Switch6>
<Switch7>
1
</Switch7>
<Switch8>
8
</Switch8>
<Switch9>
0
</Switch9>
<Switch10>
0
</Switch10>
<Switch11>
9
</Switch11>
<Switch12>
19
</Switch12>
<Switch13>
8
</Switch13>
<Switch14>
7
</Switch14>
<Switch15>
8
</Switch15>
<Switch16>
8
</Switch16>
<Switch17>
10
</Switch17>
<Switch18>
14
</Switch18>
<Switch19>
14
</Switch19>
<Switch20>
5
</Switch20>
<Switch21>
9
</Switch21>
<Switch22>
6
</Switch22>
<Switch23>
15
</Switch23>
<Switch24>
1
</Switch24>
<Switch25>
1
</Switch25>
<Switch26>
14
</Switch26>
<Switch27>
3
</Switch27>
<Switch28>
8
</Switch28>
<Switch29>
9
</Switch29>
<Switch30>
9
</Switch30>
<Switch31>
10
</Switch31>
<Switch32>
10
</Switch32>
<Switch33>
18
</Switch33>
<Switch34>
17
</Switch34>
<Switch35>
5
</Switch35>
<Switch36>
16
</Switch36>
<Switch37>
8
</Switch37>
<Switch38>
9
</Switch38>
<Switch39>
19
</Switch39>
<Switch40>
1
</Switch40>
<Switch41>
3
</Switch41>
<Switch42>
6
</Switch42>
<Switch43>
8
</Switch43>
<Switch44>
6
</Switch44>
<Switch45>
0
</Switch45>
<Switch46>
4
</Switch46>
<Switch47>
15
</Switch47>
<Switch48>
10
</Switch48>
<Switch49>
16
</Switch49>
<Switch50>
5
</Switch50>
<Switch51>
9
</Switch51>
<Switch52>
1
</Switch52>
<Switch53>
14
</Switch53>
<Switch54>
8
</Switch54>
<Switch55>
18
</Switch55>
<Switch56>
12
</Switch56>
<Switch57>
5
</Switch57>
<Switch58>
17
</Switch58>
<Switch59>
4
</Switch59>
<Switch60>
5
</Switch60>
<Switch61>
8
</Switch61>
<Switch62>
4
</Switch62>
<Switch63>
14
</Switch63>
<Switch64>
4
</Switch64>
<Switch65>
17
</Switch65>
<Switch66>
19
</Switch66>
<Switch67>
2
</Switch67>
<Switch68>
3
</Switch68>
<Switch69>
17
</Switch69>
<Switch70>
4
</Switch70>
<Switch71>
4
</Switch71>
<Switch72>
7
</Switch72>
<Switch73>
5
</Switch73>
<Switch74>
16
</Switch74>
<Switch75>
3
</Switch75>
<Switch76>
9
</Switch76>
<Switch77>
8
</Switch77>
<Switch78>
14
</Switch78>
<Switch79>
15
</Switch79>
<Switch80>
9
</Switch80>
<Switch81>
17
</Switch81>
<Switch82>
13
</Switch82>
<Switch83>
17
</Switch83>
<Switch84>
5
</Switch84>
<Switch85>
8
</Switch85>
<Switch86>
5
</Switch86>
<Switch87>
14
</Switch87>
<Switch88>
10
</Switch88>
<Switch89>
6
</Switch89>
<Switch90>
17
</Switch90>
<Switch91>
10
</Switch91>
<Switch92>
3
</Switch92>
<Switch93>
4
</Switch93>
<Switch94>
6
</Switch94>
<Switch95>
18
</Switch95>
<Switch96>
18
</Switch96>
<Switch97>
10
</Switch97>
<Switch98>
4
</Switch98>
<Switch99>
10
</Switch99>
<Switch100>
17
</Switch100>
<Switch101>
4
</Switch101>
<Switch102>
12
</Switch102>
<Switch103>
12
</Switch103>
<Switch104>
2
</Switch104>
<Switch105>
2
</Switch105>
<Switch106>
8
</Switch106>
<Switch107>
2
</Switch107>
<Switch108>
8
</Switch108>
<Switch109>
6
</Switch109>
<Switch110>
18
</Switch110>
<Switch111>
7
</Switch111>
<Switch112>
10
</Switch112>
<Switch113>
15
</Switch113>
<Switch114>
0
</Switch114>
<Switch115>
5
</Switch115>
<Switch116>
10
</Switch116>
<Switch117>
10
</Switch117>
<Switch118>
1
</Switch118>
<Switch119>
16
</Switch119>
<Switch120>
15
</Switch120>
<Switch121>
12
</Switch121>
<Switch122>
15
</Switch122>
<Switch123>
3
</Switch123>
<Switch124>
15
</Switch124>
<Switch125>
10
</Switch125>
<Switch126>
17
</Switch126>
<Switch127>
3
</Switch127>
<Switch128>
12
</Switch128>
<Switch129>
16
</Switch129>
<Switch130>
3
</Switch130>
<Switch131>
4
</Switch131>
<Switch132>
17
</Switch132>
<Switch133>
2
</Switch133>
<Switch134>
4
</Switch134>
<Switch135>
9
</Switch135>
<Switch136>
6
</Switch136>
<Switch137>
2
</Switch137>
<Switch138>
8
</Switch138>
<Switch139>
13
</Switch139>
<Switch140>
10
</Switch140>
<Switch141>
4
</Switch141>
<Switch142>
4
</Switch142>
<Switch143>
8
</Switch143>
<Switch144>
6
</Switch144>
<Switch145>
4
</Switch145>
<Switch146>
7
</Switch146>
<Switch147>
7
</Switch147>
<Switch148>
18
</Switch148>
<Switch149>
4
</Switch149>
<Switch150>
19
</Switch150>
<Switch151>
15
</Switch151>
<Switch152>
14
</Switch152>
<Switch153>
2
</Switch153>
<Switch154>
10
</Switch154>
<Switch155>
10
</Switch155>
<Switch156>
8
</Switch156>
<Switch157>
17
</Switch157>
<Switch158>
11
</Switch158>
<Switch159>
8
</Switch159>
<Switch160>
6
</Switch160>
<Switch161>
9
</Switch161>
<Switch162>
16
</Switch162>
<Switch163>
6
</Switch163>
<Switch164>
8
</Switch164>
<Switch165>
14
</Switch165>
<Switch166>
9
</Switch166>
<Switch167>
8
</Switch167>
<Switch168>
11
</Switch168>
<Switch169>
13
</Switch169>
<Switch170>
11
</Switch170>
<Switch171>
0
</Switch171>
<Switch172>
7
</Switch172>
<Switch173>
9
</Switch173>
<Switch174>
15
</Switch174>
<Switch175>
9
</Switch175>
<Switch176>
19
</Switch176>
<Switch177>
12
</Switch177>
<Switch178>
19
</Switch178>
<Switch179>
14
</Switch179>
<Switch180>
12
</Switch180>
<Switch181>
3
</Switch181>
<Switch182>
12
</Switch182>
<Switch183>
16
</Switch183>
<Switch184>
13
</Switch184>
<Switch185>
6
</Switch185>
<Switch186>
13
</Switch186>
<Switch187>
2
</Switch187>
<Switch188>
18
</Switch188>
<Switch189>
1
</Switch189>
<Switch190>
16
</Switch190>
<Switch191>
11
</Switch191>
<Switch192>
19
</Switch192>
<Switch193>
19
</Switch193>
<Switch194>
15
</Switch194>
<Switch195>
11
</Switch195>
<Switch196>
5
</Switch196>
<Switch197>
16
</Switch197>
<Switch198>
11
</Switch198>
<Switch199>
19
</Switch199>
<Switch200>
12
</Switch200>
<Switch201>
18
</Switch201>
<Switch202>
5
</Switch202>
<Switch203>
19
</Switch203>
<Switch204>
16
</Switch204>
<Switch205>
18
</Switch205>
<Switch206>
8
</Switch206>
<Switch207>
2
</Switch207>
<Switch208>
10
</Switch208>
<Switch209>
13
</Switch209>
<Switch210>
15
</Switch210>
<Switch211>
2
</Switch211>
<Switch212>
13
</Switch212>
<Switch213>
2
</Switch213>
<Switch214>
19
</Switch214>
<Switch215>
6
</Switch215>
<Switch216>
15
</Switch216>
<Switch217>
2
</Switch217>
<Switch218>
6
</Switch218>
<Switch219>
5
</Switch219>
<Switch220>
6
</Switch220>
<Switch221>
15
</Switch221>
<Switch222>
18
</Switch222>
<Switch223>
12
</Switch223>
<Switch224>
9
</Switch224>
<Switch225>
15
</Switch225>
<Switch226>
1
</Switch226>
<Switch227>
3
</Switch227>
<Switch228>
12
</Switch228>
<Switch229>
12
</Switch229>
<Switch230>
13
</Switch230>
<Switch231>
18
</Switch231>
<Switch232>
3
</Switch232>
<Switch233>
14
</Switch233>
<Switch234>
6
</Switch234>
<Switch235>
19
</Switch235>
<Switch236>
12
</Switch236>
<Switch237>
1
</Switch237>
<Switch238>
15
</Switch238>
<Switch239>
9
</Switch239>
<Switch240>
19
</Switch240>
<Switch241>
5
</Switch241>
<Switch242>
19
</Switch242>
<Switch243>
10
</Switch243>
<Switch244>
7
</Switch244>
<Switch245>
5
</Switch245>
<Switch246>
2
</Switch246>
<Switch247>
10
</Switch247>
<Switch248>
11
</Switch248>
<Switch249>
19
</Switch249>
<Switch250>
17
</Switch250>
<Switch251>
17
</Switch251>
<Switch252>
7
</Switch252>
<Switch253>
14
</Switch253>
<Switch254>
14
</Switch254>
<Switch255>
16
</Switch255>
<Switch256>
6
</Switch256>
<Switch257>
13
</Switch257>
<Switch258>
4
</Switch258>
<Switch259>
13
</Switch259>
<Switch260>
14
</Switch260>
<Switch261>
3
</Switch261>
<Switch262>
0
</Switch262>
<Switch263>
4
</Switch263>
<Switch264>
14
</Switch264>
<Switch265>
1
</Switch265>
<Switch266>
14
</Switch266>
<Switch267>
2
</Switch267>
<Switch268>
19
</Switch268>
<Switch269>
0
</Switch269>
<Switch270>
11
</Switch270>
<Switch271>
15
</Switch271>
<Switch272>
17
</Switch272>
<Switch273>
2
</Switch273>
<Switch274>
3
</Switch274>
<Switch275>
8
</Switch275>
<Switch276>
18
</Switch276>
<Switch277>
8
</Switch277>
<Switch278>
2
</Switch278>
<Switch279>
16
</Switch279>
<Switch280>
11
</Switch280>
<Switch281>
4
</Switch281>
<Switch282>
0
</Switch282>
<Switch283>
4
</Switch283>
<Switch284>
6
</Switch284>
<Switch285>
10
</Switch285>
<Switch286>
19
</Switch286>
<Switch287>
19
</Switch287>
<Switch288>
15
</Switch288>
<Switch289>
8
</Switch289>
<Switch290>
18
</Switch290>
<Switch291>
11
</Switch291>
<Switch292>
2
</Switch292>
<Switch293>
8
</Switch293>
<Switch294>
0
</Switch294>
<Switch295>
14
</Switch295>
<Switch296>
19
</Switch296>
<Switch297>
2
</Switch297>
<Switch298>
9
</Switch298>
<Switch299>
17
</Switch299>
<Switch300>
2
</Switch300>
<Switch301>
14
</Switch301>
<Switch302>
17
</Switch302>
<Switch303>
7
</Switch303>
<Switch304>
6
</Switch304>
<Switch305>
10
</Switch305>
<Switch306>
7
</Switch306>
<Switch307>
11
</Switch307>
<Switch308>
17
</Switch308>
<Switch309>
16
</Switch309>
<Switch310>
6
</Switch310>
<Switch311>
3
</Switch311>
<Switch312>
9
</Switch312>
<Switch313>
3
</Switch313>
<Switch314>
4
</Switch314>
<Switch315>
13
</Switch315>
<Switch316>
14
</Switch316>
<Switch317>
7
</Switch317>
<Switch318>
3
</Switch318>
<Switch319>
0
</Switch319>
<Switch320>
12
</Switch320>
<Switch321>
14
</Switch321>
<Switch322>
14
</Switch322>
<Switch323>
0
</Switch323>
<Switch324>
0
</Switch324>
<Switch325>
16
</Switch325>
<Switch326>
16
</Switch326>
<Switch327>
11
</Switch327>
<Switch328>
16
</Switch328>
<Switch329>
3
</Switch329>
<Switch330>
8
</Switch330>
<Switch331>
8
</Switch331>
<Switch332>
0
</Switch332>
<Switch333>
8
</Switch333>
<Switch334>
9
</Switch334>
<Switch335>
10
</Switch335>
<Switch336>
17
</Switch336>
<Switch337>
17
</Switch337>
<Switch338>
12
</Switch338>
<Switch339>
3
</Switch339>
<Switch340>
16
</Switch340>
<Switch341>
0
</Switch341>
<Switch342>
0
</Switch342>
<Switch343>
19
</Switch343>
<Switch344>
10
</Switch344>
<Switch345>
14
</Switch345>
<Switch346>
6
</Switch346>
</BaseID:263>
