<?xml version="1.0"?>

<BaseID:271>
<Switch1>
0
</Switch1>
<Switch2>
18
</Switch2>
<Switch3>
14
</Switch3>
<Switch4>
15
</Switch4>
<Switch5>
2
</Switch5>
<Switch6>
12
</Switch6>
<Switch7>
3
</Switch7>
<Switch8>
3
</Switch8>
<Switch9>
17
</Switch9>
<Switch10>
14
</Switch10>
<Switch11>
18
</Switch11>
<Switch12>
0
</Switch12>
<Switch13>
12
</Switch13>
<Switch14>
6
</Switch14>
<Switch15>
11
</Switch15>
<Switch16>
6
</Switch16>
<Switch17>
6
</Switch17>
<Switch18>
10
</Switch18>
<Switch19>
6
</Switch19>
<Switch20>
0
</Switch20>
<Switch21>
19
</Switch21>
<Switch22>
12
</Switch22>
<Switch23>
12
</Switch23>
<Switch24>
8
</Switch24>
<Switch25>
0
</Switch25>
<Switch26>
1
</Switch26>
<Switch27>
2
</Switch27>
<Switch28>
16
</Switch28>
<Switch29>
0
</Switch29>
<Switch30>
18
</Switch30>
<Switch31>
6
</Switch31>
<Switch32>
2
</Switch32>
<Switch33>
0
</Switch33>
<Switch34>
13
</Switch34>
<Switch35>
0
</Switch35>
<Switch36>
10
</Switch36>
<Switch37>
13
</Switch37>
<Switch38>
18
</Switch38>
<Switch39>
15
</Switch39>
<Switch40>
14
</Switch40>
<Switch41>
13
</Switch41>
<Switch42>
10
</Switch42>
<Switch43>
1
</Switch43>
<Switch44>
15
</Switch44>
<Switch45>
16
</Switch45>
<Switch46>
9
</Switch46>
<Switch47>
10
</Switch47>
<Switch48>
6
</Switch48>
<Switch49>
3
</Switch49>
<Switch50>
4
</Switch50>
<Switch51>
0
</Switch51>
<Switch52>
11
</Switch52>
<Switch53>
0
</Switch53>
<Switch54>
18
</Switch54>
<Switch55>
3
</Switch55>
<Switch56>
17
</Switch56>
<Switch57>
7
</Switch57>
<Switch58>
4
</Switch58>
<Switch59>
12
</Switch59>
<Switch60>
12
</Switch60>
<Switch61>
4
</Switch61>
<Switch62>
1
</Switch62>
<Switch63>
8
</Switch63>
<Switch64>
17
</Switch64>
<Switch65>
1
</Switch65>
<Switch66>
11
</Switch66>
<Switch67>
12
</Switch67>
<Switch68>
19
</Switch68>
<Switch69>
1
</Switch69>
<Switch70>
0
</Switch70>
<Switch71>
7
</Switch71>
<Switch72>
19
</Switch72>
<Switch73>
13
</Switch73>
<Switch74>
1
</Switch74>
<Switch75>
0
</Switch75>
<Switch76>
17
</Switch76>
<Switch77>
18
</Switch77>
<Switch78>
12
</Switch78>
<Switch79>
18
</Switch79>
<Switch80>
18
</Switch80>
<Switch81>
7
</Switch81>
<Switch82>
3
</Switch82>
<Switch83>
7
</Switch83>
<Switch84>
7
</Switch84>
<Switch85>
19
</Switch85>
<Switch86>
17
</Switch86>
<Switch87>
5
</Switch87>
<Switch88>
8
</Switch88>
<Switch89>
0
</Switch89>
<Switch90>
13
</Switch90>
<Switch91>
16
</Switch91>
<Switch92>
2
</Switch92>
<Switch93>
1
</Switch93>
<Switch94>
2
</Switch94>
<Switch95>
9
</Switch95>
<Switch96>
11
</Switch96>
<Switch97>
1
</Switch97>
<Switch98>
0
</Switch98>
<Switch99>
11
</Switch99>
<Switch100>
10
</Switch100>
<Switch101>
5
</Switch101>
<Switch102>
5
</Switch102>
<Switch103>
8
</Switch103>
<Switch104>
16
</Switch104>
<Switch105>
11
</Switch105>
<Switch106>
8
</Switch106>
<Switch107>
11
</Switch107>
<Switch108>
11
</Switch108>
<Switch109>
10
</Switch109>
<Switch110>
16
</Switch110>
<Switch111>
1
</Switch111>
<Switch112>
2
</Switch112>
<Switch113>
7
</Switch113>
<Switch114>
19
</Switch114>
<Switch115>
18
</Switch115>
<Switch116>
19
</Switch116>
<Switch117>
14
</Switch117>
<Switch118>
1
</Switch118>
<Switch119>
2
</Switch119>
<Switch120>
7
</Switch120>
<Switch121>
5
</Switch121>
<Switch122>
4
</Switch122>
<Switch123>
14
</Switch123>
<Switch124>
13
</Switch124>
<Switch125>
17
</Switch125>
<Switch126>
5
</Switch126>
<Switch127>
18
</Switch127>
<Switch128>
10
</Switch128>
<Switch129>
3
</Switch129>
<Switch130>
8
</Switch130>
<Switch131>
8
</Switch131>
<Switch132>
12
</Switch132>
<Switch133>
18
</Switch133>
<Switch134>
2
</Switch134>
<Switch135>
6
</Switch135>
<Switch136>
3
</Switch136>
<Switch137>
9
</Switch137>
<Switch138>
11
</Switch138>
<Switch139>
0
</Switch139>
<Switch140>
12
</Switch140>
<Switch141>
7
</Switch141>
<Switch142>
9
</Switch142>
<Switch143>
6
</Switch143>
<Switch144>
14
</Switch144>
<Switch145>
12
</Switch145>
<Switch146>
8
</Switch146>
<Switch147>
14
</Switch147>
<Switch148>
7
</Switch148>
<Switch149>
14
</Switch149>
<Switch150>
11
</Switch150>
<Switch151>
19
</Switch151>
<Switch152>
7
</Switch152>
<Switch153>
8
</Switch153>
<Switch154>
0
</Switch154>
<Switch155>
17
</Switch155>
<Switch156>
12
</Switch156>
<Switch157>
12
</Switch157>
<Switch158>
3
</Switch158>
<Switch159>
19
</Switch159>
<Switch160>
6
</Switch160>
<Switch161>
12
</Switch161>
<Switch162>
19
</Switch162>
<Switch163>
3
</Switch163>
<Switch164>
4
</Switch164>
<Switch165>
0
</Switch165>
<Switch166>
10
</Switch166>
<Switch167>
6
</Switch167>
<Switch168>
5
</Switch168>
<Switch169>
14
</Switch169>
<Switch170>
3
</Switch170>
<Switch171>
17
</Switch171>
<Switch172>
4
</Switch172>
<Switch173>
10
</Switch173>
<Switch174>
17
</Switch174>
<Switch175>
8
</Switch175>
<Switch176>
5
</Switch176>
<Switch177>
13
</Switch177>
<Switch178>
18
</Switch178>
<Switch179>
18
</Switch179>
<Switch180>
4
</Switch180>
<Switch181>
2
</Switch181>
<Switch182>
19
</Switch182>
<Switch183>
18
</Switch183>
<Switch184>
16
</Switch184>
<Switch185>
4
</Switch185>
<Switch186>
7
</Switch186>
<Switch187>
5
</Switch187>
<Switch188>
6
</Switch188>
<Switch189>
4
</Switch189>
<Switch190>
8
</Switch190>
<Switch191>
8
</Switch191>
<Switch192>
13
</Switch192>
<Switch193>
6
</Switch193>
<Switch194>
1
</Switch194>
<Switch195>
1
</Switch195>
<Switch196>
10
</Switch196>
<Switch197>
2
</Switch197>
<Switch198>
14
</Switch198>
<Switch199>
13
</Switch199>
<Switch200>
1
</Switch200>
<Switch201>
14
</Switch201>
<Switch202>
18
</Switch202>
<Switch203>
2
</Switch203>
<Switch204>
19
</Switch204>
<Switch205>
7
</Switch205>
<Switch206>
7
</Switch206>
<Switch207>
16
</Switch207>
<Switch208>
0
</Switch208>
<Switch209>
10
</Switch209>
<Switch210>
9
</Switch210>
<Switch211>
10
</Switch211>
<Switch212>
12
</Switch212>
<Switch213>
4
</Switch213>
<Switch214>
4
</Switch214>
<Switch215>
0
</Switch215>
<Switch216>
6
</Switch216>
<Switch217>
9
</Switch217>
<Switch218>
12
</Switch218>
<Switch219>
3
</Switch219>
<Switch220>
12
</Switch220>
<Switch221>
14
</Switch221>
<Switch222>
3
</Switch222>
<Switch223>
12
</Switch223>
<Switch224>
10
</Switch224>
<Switch225>
14
</Switch225>
<Switch226>
10
</Switch226>
<Switch227>
13
</Switch227>
<Switch228>
7
</Switch228>
<Switch229>
9
</Switch229>
<Switch230>
10
</Switch230>
<Switch231>
14
</Switch231>
<Switch232>
17
</Switch232>
<Switch233>
17
</Switch233>
<Switch234>
9
</Switch234>
<Switch235>
2
</Switch235>
<Switch236>
18
</Switch236>
<Switch237>
9
</Switch237>
<Switch238>
5
</Switch238>
<Switch239>
15
</Switch239>
<Switch240>
7
</Switch240>
<Switch241>
11
</Switch241>
<Switch242>
5
</Switch242>
<Switch243>
19
</Switch243>
<Switch244>
9
</Switch244>
<Switch245>
17
</Switch245>
<Switch246>
3
</Switch246>
<Switch247>
12
</Switch247>
<Switch248>
4
</Switch248>
<Switch249>
0
</Switch249>
<Switch250>
3
</Switch250>
<Switch251>
2
</Switch251>
<Switch252>
4
</Switch252>
<Switch253>
13
</Switch253>
<Switch254>
13
</Switch254>
<Switch255>
9
</Switch255>
<Switch256>
0
</Switch256>
<Switch257>
1
</Switch257>
<Switch258>
14
</Switch258>
<Switch259>
8
</Switch259>
<Switch260>
17
</Switch260>
<Switch261>
1
</Switch261>
<Switch262>
5
</Switch262>
<Switch263>
0
</Switch263>
<Switch264>
11
</Switch264>
<Switch265>
15
</Switch265>
<Switch266>
5
</Switch266>
<Switch267>
17
</Switch267>
<Switch268>
0
</Switch268>
<Switch269>
5
</Switch269>
<Switch270>
3
</Switch270>
<Switch271>
15
</Switch271>
<Switch272>
5
</Switch272>
<Switch273>
16
</Switch273>
<Switch274>
14
</Switch274>
<Switch275>
17
</Switch275>
<Switch276>
19
</Switch276>
<Switch277>
0
</Switch277>
<Switch278>
7
</Switch278>
<Switch279>
0
</Switch279>
<Switch280>
15
</Switch280>
<Switch281>
19
</Switch281>
<Switch282>
8
</Switch282>
<Switch283>
18
</Switch283>
<Switch284>
13
</Switch284>
<Switch285>
19
</Switch285>
<Switch286>
5
</Switch286>
<Switch287>
18
</Switch287>
<Switch288>
4
</Switch288>
<Switch289>
14
</Switch289>
<Switch290>
5
</Switch290>
<Switch291>
17
</Switch291>
<Switch292>
10
</Switch292>
<Switch293>
13
</Switch293>
<Switch294>
19
</Switch294>
<Switch295>
15
</Switch295>
<Switch296>
8
</Switch296>
<Switch297>
9
</Switch297>
<Switch298>
8
</Switch298>
<Switch299>
8
</Switch299>
<Switch300>
17
</Switch300>
<Switch301>
18
</Switch301>
<Switch302>
10
</Switch302>
<Switch303>
17
</Switch303>
<Switch304>
0
</Switch304>
<Switch305>
1
</Switch305>
<Switch306>
12
</Switch306>
<Switch307>
18
</Switch307>
<Switch308>
8
</Switch308>
<Switch309>
2
</Switch309>
<Switch310>
1
</Switch310>
<Switch311>
3
</Switch311>
<Switch312>
19
</Switch312>
<Switch313>
4
</Switch313>
<Switch314>
15
</Switch314>
<Switch315>
12
</Switch315>
<Switch316>
19
</Switch316>
<Switch317>
5
</Switch317>
<Switch318>
16
</Switch318>
<Switch319>
14
</Switch319>
<Switch320>
6
</Switch320>
<Switch321>
13
</Switch321>
<Switch322>
19
</Switch322>
<Switch323>
12
</Switch323>
<Switch324>
2
</Switch324>
<Switch325>
6
</Switch325>
<Switch326>
5
</Switch326>
<Switch327>
3
</Switch327>
<Switch328>
12
</Switch328>
<Switch329>
9
</Switch329>
<Switch330>
12
</Switch330>
<Switch331>
14
</Switch331>
<Switch332>
13
</Switch332>
<Switch333>
14
</Switch333>
<Switch334>
14
</Switch334>
<Switch335>
5
</Switch335>
<Switch336>
6
</Switch336>
<Switch337>
19
</Switch337>
<Switch338>
15
</Switch338>
<Switch339>
4
</Switch339>
<Switch340>
18
</Switch340>
<Switch341>
15
</Switch341>
<Switch342>
0
</Switch342>
<Switch343>
8
</Switch343>
<Switch344>
4
</Switch344>
<Switch345>
9
</Switch345>
<Switch346>
8
</Switch346>
<Switch347>
12
</Switch347>
<Switch348>
19
</Switch348>
<Switch349>
19
</Switch349>
<Switch350>
17
</Switch350>
<Switch351>
7
</Switch351>
<Switch352>
1
</Switch352>
<Switch353>
6
</Switch353>
<Switch354>
4
</Switch354>
<Switch355>
14
</Switch355>
<Switch356>
7
</Switch356>
<Switch357>
12
</Switch357>
<Switch358>
3
</Switch358>
<Switch359>
19
</Switch359>
<Switch360>
3
</Switch360>
<Switch361>
13
</Switch361>
<Switch362>
7
</Switch362>
<Switch363>
16
</Switch363>
<Switch364>
1
</Switch364>
<Switch365>
6
</Switch365>
<Switch366>
14
</Switch366>
<Switch367>
7
</Switch367>
<Switch368>
4
</Switch368>
<Switch369>
13
</Switch369>
<Switch370>
19
</Switch370>
<Switch371>
15
</Switch371>
<Switch372>
17
</Switch372>
<Switch373>
18
</Switch373>
<Switch374>
1
</Switch374>
<Switch375>
9
</Switch375>
<Switch376>
17
</Switch376>
<Switch377>
16
</Switch377>
<Switch378>
3
</Switch378>
<Switch379>
0
</Switch379>
<Switch380>
8
</Switch380>
<Switch381>
8
</Switch381>
<Switch382>
17
</Switch382>
<Switch383>
3
</Switch383>
<Switch384>
15
</Switch384>
<Switch385>
1
</Switch385>
<Switch386>
12
</Switch386>
<Switch387>
18
</Switch387>
<Switch388>
7
</Switch388>
<Switch389>
10
</Switch389>
<Switch390>
16
</Switch390>
<Switch391>
8
</Switch391>
<Switch392>
0
</Switch392>
<Switch393>
4
</Switch393>
<Switch394>
15
</Switch394>
<Switch395>
9
</Switch395>
<Switch396>
4
</Switch396>
<Switch397>
5
</Switch397>
<Switch398>
10
</Switch398>
<Switch399>
6
</Switch399>
<Switch400>
10
</Switch400>
<Switch401>
11
</Switch401>
<Switch402>
0
</Switch402>
<Switch403>
14
</Switch403>
<Switch404>
7
</Switch404>
<Switch405>
4
</Switch405>
<Switch406>
19
</Switch406>
<Switch407>
4
</Switch407>
<Switch408>
16
</Switch408>
<Switch409>
8
</Switch409>
<Switch410>
0
</Switch410>
<Switch411>
19
</Switch411>
<Switch412>
6
</Switch412>
<Switch413>
9
</Switch413>
<Switch414>
11
</Switch414>
<Switch415>
3
</Switch415>
<Switch416>
10
</Switch416>
<Switch417>
15
</Switch417>
<Switch418>
11
</Switch418>
<Switch419>
5
</Switch419>
<Switch420>
9
</Switch420>
<Switch421>
9
</Switch421>
<Switch422>
12
</Switch422>
<Switch423>
19
</Switch423>
<Switch424>
0
</Switch424>
<Switch425>
10
</Switch425>
<Switch426>
2
</Switch426>
<Switch427>
13
</Switch427>
<Switch428>
2
</Switch428>
<Switch429>
5
</Switch429>
<Switch430>
3
</Switch430>
<Switch431>
4
</Switch431>
<Switch432>
11
</Switch432>
<Switch433>
17
</Switch433>
<Switch434>
10
</Switch434>
<Switch435>
13
</Switch435>
<Switch436>
2
</Switch436>
<Switch437>
17
</Switch437>
<Switch438>
15
</Switch438>
<Switch439>
3
</Switch439>
<Switch440>
7
</Switch440>
<Switch441>
17
</Switch441>
<Switch442>
15
</Switch442>
<Switch443>
10
</Switch443>
<Switch444>
6
</Switch444>
<Switch445>
13
</Switch445>
<Switch446>
8
</Switch446>
<Switch447>
19
</Switch447>
<Switch448>
19
</Switch448>
<Switch449>
6
</Switch449>
<Switch450>
18
</Switch450>
<Switch451>
6
</Switch451>
<Switch452>
14
</Switch452>
<Switch453>
8
</Switch453>
<Switch454>
12
</Switch454>
<Switch455>
18
</Switch455>
<Switch456>
15
</Switch456>
<Switch457>
0
</Switch457>
<Switch458>
18
</Switch458>
<Switch459>
9
</Switch459>
<Switch460>
12
</Switch460>
<Switch461>
11
</Switch461>
<Switch462>
9
</Switch462>
<Switch463>
0
</Switch463>
<Switch464>
4
</Switch464>
<Switch465>
3
</Switch465>
<Switch466>
10
</Switch466>
<Switch467>
13
</Switch467>
<Switch468>
9
</Switch468>
<Switch469>
0
</Switch469>
<Switch470>
16
</Switch470>
<Switch471>
0
</Switch471>
<Switch472>
3
</Switch472>
<Switch473>
12
</Switch473>
<Switch474>
4
</Switch474>
<Switch475>
19
</Switch475>
<Switch476>
14
</Switch476>
<Switch477>
17
</Switch477>
<Switch478>
3
</Switch478>
<Switch479>
11
</Switch479>
<Switch480>
5
</Switch480>
<Switch481>
12
</Switch481>
<Switch482>
3
</Switch482>
<Switch483>
1
</Switch483>
<Switch484>
4
</Switch484>
<Switch485>
16
</Switch485>
<Switch486>
4
</Switch486>
<Switch487>
10
</Switch487>
<Switch488>
13
</Switch488>
<Switch489>
0
</Switch489>
<Switch490>
6
</Switch490>
<Switch491>
0
</Switch491>
<Switch492>
9
</Switch492>
<Switch493>
14
</Switch493>
<Switch494>
19
</Switch494>
<Switch495>
1
</Switch495>
<Switch496>
2
</Switch496>
<Switch497>
1
</Switch497>
<Switch498>
18
</Switch498>
<Switch499>
1
</Switch499>
<Switch500>
12
</Switch500>
<Switch501>
18
</Switch501>
<Switch502>
19
</Switch502>
<Switch503>
12
</Switch503>
<Switch504>
15
</Switch504>
<Switch505>
19
</Switch505>
<Switch506>
11
</Switch506>
<Switch507>
9
</Switch507>
<Switch508>
0
</Switch508>
<Switch509>
13
</Switch509>
<Switch510>
1
</Switch510>
<Switch511>
11
</Switch511>
<Switch512>
10
</Switch512>
<Switch513>
8
</Switch513>
<Switch514>
19
</Switch514>
<Switch515>
3
</Switch515>
<Switch516>
13
</Switch516>
<Switch517>
1
</Switch517>
<Switch518>
7
</Switch518>
<Switch519>
11
</Switch519>
<Switch520>
2
</Switch520>
<Switch521>
0
</Switch521>
<Switch522>
9
</Switch522>
<Switch523>
14
</Switch523>
<Switch524>
9
</Switch524>
<Switch525>
12
</Switch525>
<Switch526>
2
</Switch526>
<Switch527>
1
</Switch527>
<Switch528>
2
</Switch528>
<Switch529>
16
</Switch529>
<Switch530>
15
</Switch530>
<Switch531>
10
</Switch531>
<Switch532>
0
</Switch532>
<Switch533>
19
</Switch533>
<Switch534>
8
</Switch534>
<Switch535>
3
</Switch535>
<Switch536>
5
</Switch536>
<Switch537>
4
</Switch537>
<Switch538>
0
</Switch538>
<Switch539>
13
</Switch539>
<Switch540>
12
</Switch540>
<Switch541>
13
</Switch541>
<Switch542>
14
</Switch542>
<Switch543>
19
</Switch543>
<Switch544>
16
</Switch544>
<Switch545>
6
</Switch545>
<Switch546>
19
</Switch546>
<Switch547>
7
</Switch547>
<Switch548>
5
</Switch548>
<Switch549>
7
</Switch549>
<Switch550>
14
</Switch550>
<Switch551>
5
</Switch551>
<Switch552>
9
</Switch552>
<Switch553>
6
</Switch553>
<Switch554>
13
</Switch554>
<Switch555>
16
</Switch555>
<Switch556>
1
</Switch556>
<Switch557>
18
</Switch557>
<Switch558>
17
</Switch558>
<Switch559>
2
</Switch559>
<Switch560>
7
</Switch560>
<Switch561>
2
</Switch561>
<Switch562>
2
</Switch562>
<Switch563>
7
</Switch563>
<Switch564>
12
</Switch564>
<Switch565>
18
</Switch565>
<Switch566>
6
</Switch566>
<Switch567>
17
</Switch567>
<Switch568>
7
</Switch568>
<Switch569>
14
</Switch569>
<Switch570>
16
</Switch570>
<Switch571>
14
</Switch571>
<Switch572>
16
</Switch572>
<Switch573>
0
</Switch573>
<Switch574>
9
</Switch574>
<Switch575>
11
</Switch575>
<Switch576>
12
</Switch576>
<Switch577>
14
</Switch577>
<Switch578>
1
</Switch578>
<Switch579>
18
</Switch579>
<Switch580>
6
</Switch580>
<Switch581>
9
</Switch581>
<Switch582>
8
</Switch582>
<Switch583>
12
</Switch583>
<Switch584>
11
</Switch584>
<Switch585>
12
</Switch585>
<Switch586>
1
</Switch586>
<Switch587>
14
</Switch587>
<Switch588>
19
</Switch588>
<Switch589>
15
</Switch589>
<Switch590>
1
</Switch590>
<Switch591>
17
</Switch591>
<Switch592>
11
</Switch592>
<Switch593>
13
</Switch593>
<Switch594>
17
</Switch594>
<Switch595>
12
</Switch595>
<Switch596>
0
</Switch596>
<Switch597>
4
</Switch597>
<Switch598>
1
</Switch598>
<Switch599>
14
</Switch599>
<Switch600>
10
</Switch600>
<Switch601>
5
</Switch601>
<Switch602>
5
</Switch602>
<Switch603>
1
</Switch603>
<Switch604>
14
</Switch604>
<Switch605>
2
</Switch605>
<Switch606>
18
</Switch606>
<Switch607>
19
</Switch607>
<Switch608>
14
</Switch608>
<Switch609>
9
</Switch609>
<Switch610>
10
</Switch610>
<Switch611>
7
</Switch611>
<Switch612>
10
</Switch612>
<Switch613>
0
</Switch613>
<Switch614>
18
</Switch614>
<Switch615>
8
</Switch615>
<Switch616>
12
</Switch616>
<Switch617>
5
</Switch617>
<Switch618>
9
</Switch618>
<Switch619>
19
</Switch619>
<Switch620>
1
</Switch620>
<Switch621>
1
</Switch621>
<Switch622>
5
</Switch622>
<Switch623>
10
</Switch623>
<Switch624>
4
</Switch624>
<Switch625>
0
</Switch625>
<Switch626>
5
</Switch626>
<Switch627>
6
</Switch627>
<Switch628>
0
</Switch628>
<Switch629>
1
</Switch629>
<Switch630>
2
</Switch630>
<Switch631>
13
</Switch631>
<Switch632>
6
</Switch632>
<Switch633>
9
</Switch633>
<Switch634>
12
</Switch634>
<Switch635>
1
</Switch635>
<Switch636>
13
</Switch636>
<Switch637>
17
</Switch637>
<Switch638>
2
</Switch638>
<Switch639>
2
</Switch639>
<Switch640>
5
</Switch640>
<Switch641>
17
</Switch641>
<Switch642>
7
</Switch642>
<Switch643>
11
</Switch643>
<Switch644>
16
</Switch644>
<Switch645>
7
</Switch645>
<Switch646>
19
</Switch646>
<Switch647>
13
</Switch647>
<Switch648>
16
</Switch648>
<Switch649>
18
</Switch649>
<Switch650>
4
</Switch650>
<Switch651>
15
</Switch651>
<Switch652>
11
</Switch652>
<Switch653>
5
</Switch653>
<Switch654>
2
</Switch654>
<Switch655>
17
</Switch655>
<Switch656>
4
</Switch656>
<Switch657>
3
</Switch657>
<Switch658>
11
</Switch658>
<Switch659>
8
</Switch659>
<Switch660>
1
</Switch660>
<Switch661>
4
</Switch661>
<Switch662>
17
</Switch662>
<Switch663>
8
</Switch663>
<Switch664>
10
</Switch664>
<Switch665>
10
</Switch665>
<Switch666>
5
</Switch666>
<Switch667>
6
</Switch667>
<Switch668>
18
</Switch668>
<Switch669>
3
</Switch669>
<Switch670>
5
</Switch670>
<Switch671>
6
</Switch671>
<Switch672>
19
</Switch672>
<Switch673>
12
</Switch673>
<Switch674>
18
</Switch674>
<Switch675>
8
</Switch675>
<Switch676>
8
</Switch676>
<Switch677>
3
</Switch677>
<Switch678>
0
</Switch678>
<Switch679>
6
</Switch679>
<Switch680>
2
</Switch680>
<Switch681>
17
</Switch681>
<Switch682>
12
</Switch682>
<Switch683>
2
</Switch683>
<Switch684>
11
</Switch684>
<Switch685>
10
</Switch685>
<Switch686>
19
</Switch686>
<Switch687>
6
</Switch687>
<Switch688>
3
</Switch688>
<Switch689>
14
</Switch689>
<Switch690>
5
</Switch690>
<Switch691>
18
</Switch691>
<Switch692>
10
</Switch692>
<Switch693>
2
</Switch693>
<Switch694>
1
</Switch694>
<Switch695>
13
</Switch695>
<Switch696>
16
</Switch696>
<Switch697>
9
</Switch697>
<Switch698>
1
</Switch698>
<Switch699>
13
</Switch699>
<Switch700>
7
</Switch700>
<Switch701>
17
</Switch701>
<Switch702>
6
</Switch702>
<Switch703>
1
</Switch703>
<Switch704>
10
</Switch704>
<Switch705>
17
</Switch705>
<Switch706>
1
</Switch706>
<Switch707>
17
</Switch707>
<Switch708>
3
</Switch708>
<Switch709>
4
</Switch709>
<Switch710>
12
</Switch710>
<Switch711>
13
</Switch711>
<Switch712>
7
</Switch712>
<Switch713>
11
</Switch713>
<Switch714>
4
</Switch714>
<Switch715>
17
</Switch715>
<Switch716>
11
</Switch716>
<Switch717>
9
</Switch717>
<Switch718>
9
</Switch718>
<Switch719>
9
</Switch719>
<Switch720>
19
</Switch720>
<Switch721>
10
</Switch721>
<Switch722>
1
</Switch722>
<Switch723>
9
</Switch723>
<Switch724>
7
</Switch724>
<Switch725>
3
</Switch725>
<Switch726>
3
</Switch726>
<Switch727>
14
</Switch727>
<Switch728>
18
</Switch728>
<Switch729>
16
</Switch729>
<Switch730>
2
</Switch730>
<Switch731>
5
</Switch731>
<Switch732>
14
</Switch732>
<Switch733>
18
</Switch733>
<Switch734>
14
</Switch734>
<Switch735>
8
</Switch735>
<Switch736>
19
</Switch736>
<Switch737>
8
</Switch737>
<Switch738>
14
</Switch738>
<Switch739>
11
</Switch739>
<Switch740>
0
</Switch740>
<Switch741>
1
</Switch741>
<Switch742>
0
</Switch742>
<Switch743>
16
</Switch743>
<Switch744>
19
</Switch744>
<Switch745>
13
</Switch745>
<Switch746>
8
</Switch746>
<Switch747>
0
</Switch747>
<Switch748>
2
</Switch748>
<Switch749>
2
</Switch749>
<Switch750>
8
</Switch750>
<Switch751>
6
</Switch751>
<Switch752>
18
</Switch752>
<Switch753>
14
</Switch753>
<Switch754>
9
</Switch754>
<Switch755>
17
</Switch755>
<Switch756>
5
</Switch756>
<Switch757>
10
</Switch757>
<Switch758>
6
</Switch758>
<Switch759>
1
</Switch759>
<Switch760>
13
</Switch760>
<Switch761>
1
</Switch761>
<Switch762>
14
</Switch762>
<Switch763>
3
</Switch763>
<Switch764>
19
</Switch764>
<Switch765>
7
</Switch765>
<Switch766>
12
</Switch766>
<Switch767>
8
</Switch767>
<Switch768>
6
</Switch768>
<Switch769>
1
</Switch769>
<Switch770>
3
</Switch770>
<Switch771>
8
</Switch771>
<Switch772>
15
</Switch772>
<Switch773>
8
</Switch773>
<Switch774>
0
</Switch774>
<Switch775>
8
</Switch775>
<Switch776>
6
</Switch776>
<Switch777>
18
</Switch777>
<Switch778>
16
</Switch778>
<Switch779>
18
</Switch779>
<Switch780>
9
</Switch780>
<Switch781>
16
</Switch781>
<Switch782>
3
</Switch782>
<Switch783>
0
</Switch783>
<Switch784>
9
</Switch784>
<Switch785>
5
</Switch785>
<Switch786>
19
</Switch786>
<Switch787>
9
</Switch787>
<Switch788>
19
</Switch788>
<Switch789>
4
</Switch789>
<Switch790>
19
</Switch790>
<Switch791>
16
</Switch791>
<Switch792>
4
</Switch792>
<Switch793>
11
</Switch793>
</BaseID:271>
