<?xml version="1.0"?>

<BaseID:272>
<Switch1>
18
</Switch1>
<Switch2>
10
</Switch2>
<Switch3>
4
</Switch3>
<Switch4>
11
</Switch4>
<Switch5>
3
</Switch5>
<Switch6>
15
</Switch6>
<Switch7>
6
</Switch7>
<Switch8>
6
</Switch8>
<Switch9>
13
</Switch9>
<Switch10>
7
</Switch10>
<Switch11>
15
</Switch11>
<Switch12>
4
</Switch12>
<Switch13>
18
</Switch13>
<Switch14>
10
</Switch14>
<Switch15>
9
</Switch15>
<Switch16>
18
</Switch16>
<Switch17>
8
</Switch17>
<Switch18>
17
</Switch18>
<Switch19>
10
</Switch19>
<Switch20>
18
</Switch20>
<Switch21>
18
</Switch21>
<Switch22>
6
</Switch22>
<Switch23>
6
</Switch23>
<Switch24>
18
</Switch24>
<Switch25>
11
</Switch25>
<Switch26>
9
</Switch26>
<Switch27>
0
</Switch27>
<Switch28>
0
</Switch28>
<Switch29>
9
</Switch29>
<Switch30>
13
</Switch30>
<Switch31>
5
</Switch31>
<Switch32>
11
</Switch32>
<Switch33>
17
</Switch33>
<Switch34>
10
</Switch34>
<Switch35>
6
</Switch35>
<Switch36>
9
</Switch36>
<Switch37>
3
</Switch37>
<Switch38>
9
</Switch38>
<Switch39>
8
</Switch39>
<Switch40>
0
</Switch40>
<Switch41>
2
</Switch41>
<Switch42>
11
</Switch42>
<Switch43>
13
</Switch43>
<Switch44>
0
</Switch44>
<Switch45>
8
</Switch45>
<Switch46>
4
</Switch46>
<Switch47>
4
</Switch47>
<Switch48>
18
</Switch48>
<Switch49>
5
</Switch49>
<Switch50>
2
</Switch50>
<Switch51>
14
</Switch51>
<Switch52>
12
</Switch52>
<Switch53>
9
</Switch53>
<Switch54>
14
</Switch54>
<Switch55>
9
</Switch55>
<Switch56>
17
</Switch56>
<Switch57>
15
</Switch57>
<Switch58>
6
</Switch58>
<Switch59>
10
</Switch59>
<Switch60>
16
</Switch60>
<Switch61>
15
</Switch61>
<Switch62>
6
</Switch62>
<Switch63>
4
</Switch63>
<Switch64>
13
</Switch64>
<Switch65>
0
</Switch65>
<Switch66>
6
</Switch66>
<Switch67>
4
</Switch67>
<Switch68>
10
</Switch68>
<Switch69>
1
</Switch69>
<Switch70>
8
</Switch70>
<Switch71>
16
</Switch71>
<Switch72>
6
</Switch72>
<Switch73>
15
</Switch73>
<Switch74>
0
</Switch74>
<Switch75>
19
</Switch75>
<Switch76>
4
</Switch76>
<Switch77>
5
</Switch77>
<Switch78>
15
</Switch78>
<Switch79>
7
</Switch79>
<Switch80>
4
</Switch80>
<Switch81>
15
</Switch81>
<Switch82>
10
</Switch82>
<Switch83>
2
</Switch83>
<Switch84>
6
</Switch84>
<Switch85>
11
</Switch85>
<Switch86>
0
</Switch86>
<Switch87>
19
</Switch87>
<Switch88>
10
</Switch88>
<Switch89>
9
</Switch89>
<Switch90>
11
</Switch90>
<Switch91>
7
</Switch91>
<Switch92>
13
</Switch92>
<Switch93>
7
</Switch93>
<Switch94>
9
</Switch94>
<Switch95>
0
</Switch95>
<Switch96>
10
</Switch96>
<Switch97>
6
</Switch97>
<Switch98>
18
</Switch98>
<Switch99>
9
</Switch99>
<Switch100>
7
</Switch100>
<Switch101>
1
</Switch101>
<Switch102>
19
</Switch102>
<Switch103>
14
</Switch103>
<Switch104>
3
</Switch104>
<Switch105>
16
</Switch105>
<Switch106>
9
</Switch106>
<Switch107>
11
</Switch107>
<Switch108>
12
</Switch108>
<Switch109>
4
</Switch109>
<Switch110>
4
</Switch110>
<Switch111>
9
</Switch111>
<Switch112>
5
</Switch112>
<Switch113>
2
</Switch113>
<Switch114>
0
</Switch114>
<Switch115>
5
</Switch115>
<Switch116>
14
</Switch116>
<Switch117>
1
</Switch117>
<Switch118>
9
</Switch118>
<Switch119>
18
</Switch119>
<Switch120>
9
</Switch120>
<Switch121>
10
</Switch121>
<Switch122>
19
</Switch122>
<Switch123>
13
</Switch123>
<Switch124>
1
</Switch124>
<Switch125>
15
</Switch125>
<Switch126>
4
</Switch126>
<Switch127>
0
</Switch127>
<Switch128>
6
</Switch128>
<Switch129>
16
</Switch129>
<Switch130>
3
</Switch130>
<Switch131>
17
</Switch131>
<Switch132>
7
</Switch132>
<Switch133>
6
</Switch133>
<Switch134>
3
</Switch134>
<Switch135>
1
</Switch135>
<Switch136>
12
</Switch136>
<Switch137>
9
</Switch137>
<Switch138>
16
</Switch138>
<Switch139>
18
</Switch139>
<Switch140>
0
</Switch140>
<Switch141>
14
</Switch141>
<Switch142>
7
</Switch142>
<Switch143>
5
</Switch143>
<Switch144>
16
</Switch144>
<Switch145>
18
</Switch145>
<Switch146>
7
</Switch146>
<Switch147>
8
</Switch147>
<Switch148>
7
</Switch148>
<Switch149>
18
</Switch149>
<Switch150>
9
</Switch150>
<Switch151>
0
</Switch151>
<Switch152>
5
</Switch152>
<Switch153>
13
</Switch153>
<Switch154>
10
</Switch154>
<Switch155>
19
</Switch155>
<Switch156>
3
</Switch156>
<Switch157>
7
</Switch157>
<Switch158>
7
</Switch158>
<Switch159>
5
</Switch159>
<Switch160>
17
</Switch160>
<Switch161>
12
</Switch161>
<Switch162>
11
</Switch162>
<Switch163>
1
</Switch163>
<Switch164>
14
</Switch164>
<Switch165>
5
</Switch165>
<Switch166>
7
</Switch166>
<Switch167>
19
</Switch167>
<Switch168>
17
</Switch168>
<Switch169>
6
</Switch169>
<Switch170>
8
</Switch170>
<Switch171>
6
</Switch171>
<Switch172>
1
</Switch172>
<Switch173>
6
</Switch173>
<Switch174>
19
</Switch174>
<Switch175>
0
</Switch175>
<Switch176>
12
</Switch176>
<Switch177>
16
</Switch177>
<Switch178>
9
</Switch178>
<Switch179>
5
</Switch179>
<Switch180>
17
</Switch180>
<Switch181>
4
</Switch181>
<Switch182>
15
</Switch182>
<Switch183>
6
</Switch183>
<Switch184>
16
</Switch184>
<Switch185>
9
</Switch185>
<Switch186>
12
</Switch186>
<Switch187>
2
</Switch187>
<Switch188>
19
</Switch188>
<Switch189>
5
</Switch189>
<Switch190>
9
</Switch190>
<Switch191>
8
</Switch191>
<Switch192>
2
</Switch192>
<Switch193>
0
</Switch193>
<Switch194>
19
</Switch194>
<Switch195>
8
</Switch195>
<Switch196>
9
</Switch196>
<Switch197>
17
</Switch197>
<Switch198>
4
</Switch198>
<Switch199>
19
</Switch199>
<Switch200>
18
</Switch200>
<Switch201>
0
</Switch201>
<Switch202>
13
</Switch202>
<Switch203>
2
</Switch203>
<Switch204>
6
</Switch204>
<Switch205>
9
</Switch205>
<Switch206>
0
</Switch206>
<Switch207>
14
</Switch207>
<Switch208>
16
</Switch208>
<Switch209>
18
</Switch209>
<Switch210>
13
</Switch210>
<Switch211>
16
</Switch211>
<Switch212>
13
</Switch212>
<Switch213>
9
</Switch213>
<Switch214>
15
</Switch214>
<Switch215>
8
</Switch215>
<Switch216>
4
</Switch216>
<Switch217>
16
</Switch217>
<Switch218>
1
</Switch218>
<Switch219>
4
</Switch219>
<Switch220>
10
</Switch220>
<Switch221>
7
</Switch221>
<Switch222>
3
</Switch222>
<Switch223>
11
</Switch223>
<Switch224>
14
</Switch224>
<Switch225>
10
</Switch225>
<Switch226>
7
</Switch226>
<Switch227>
7
</Switch227>
<Switch228>
15
</Switch228>
<Switch229>
4
</Switch229>
<Switch230>
9
</Switch230>
<Switch231>
12
</Switch231>
<Switch232>
18
</Switch232>
<Switch233>
14
</Switch233>
<Switch234>
7
</Switch234>
<Switch235>
3
</Switch235>
<Switch236>
11
</Switch236>
<Switch237>
7
</Switch237>
<Switch238>
15
</Switch238>
<Switch239>
16
</Switch239>
<Switch240>
13
</Switch240>
<Switch241>
18
</Switch241>
<Switch242>
3
</Switch242>
<Switch243>
16
</Switch243>
<Switch244>
18
</Switch244>
<Switch245>
9
</Switch245>
<Switch246>
6
</Switch246>
<Switch247>
10
</Switch247>
<Switch248>
2
</Switch248>
<Switch249>
6
</Switch249>
<Switch250>
5
</Switch250>
<Switch251>
5
</Switch251>
<Switch252>
11
</Switch252>
<Switch253>
1
</Switch253>
<Switch254>
13
</Switch254>
<Switch255>
19
</Switch255>
<Switch256>
1
</Switch256>
<Switch257>
12
</Switch257>
<Switch258>
0
</Switch258>
<Switch259>
5
</Switch259>
<Switch260>
0
</Switch260>
<Switch261>
16
</Switch261>
<Switch262>
11
</Switch262>
<Switch263>
12
</Switch263>
<Switch264>
14
</Switch264>
<Switch265>
15
</Switch265>
<Switch266>
18
</Switch266>
<Switch267>
12
</Switch267>
<Switch268>
13
</Switch268>
<Switch269>
15
</Switch269>
<Switch270>
12
</Switch270>
<Switch271>
16
</Switch271>
<Switch272>
19
</Switch272>
<Switch273>
7
</Switch273>
<Switch274>
11
</Switch274>
<Switch275>
13
</Switch275>
<Switch276>
8
</Switch276>
<Switch277>
5
</Switch277>
<Switch278>
4
</Switch278>
<Switch279>
8
</Switch279>
</BaseID:272>
