<?xml version="1.0"?>

<BaseID:280>
<Switch1>
19
</Switch1>
<Switch2>
14
</Switch2>
<Switch3>
3
</Switch3>
<Switch4>
2
</Switch4>
<Switch5>
16
</Switch5>
<Switch6>
15
</Switch6>
<Switch7>
16
</Switch7>
<Switch8>
17
</Switch8>
<Switch9>
10
</Switch9>
<Switch10>
2
</Switch10>
<Switch11>
16
</Switch11>
<Switch12>
4
</Switch12>
<Switch13>
15
</Switch13>
<Switch14>
7
</Switch14>
<Switch15>
9
</Switch15>
<Switch16>
4
</Switch16>
<Switch17>
8
</Switch17>
<Switch18>
13
</Switch18>
<Switch19>
5
</Switch19>
<Switch20>
7
</Switch20>
<Switch21>
16
</Switch21>
<Switch22>
12
</Switch22>
<Switch23>
7
</Switch23>
<Switch24>
19
</Switch24>
<Switch25>
1
</Switch25>
<Switch26>
13
</Switch26>
<Switch27>
6
</Switch27>
<Switch28>
3
</Switch28>
<Switch29>
18
</Switch29>
<Switch30>
10
</Switch30>
<Switch31>
0
</Switch31>
<Switch32>
1
</Switch32>
<Switch33>
4
</Switch33>
<Switch34>
14
</Switch34>
<Switch35>
10
</Switch35>
<Switch36>
6
</Switch36>
<Switch37>
19
</Switch37>
<Switch38>
19
</Switch38>
<Switch39>
7
</Switch39>
<Switch40>
19
</Switch40>
<Switch41>
14
</Switch41>
<Switch42>
9
</Switch42>
<Switch43>
16
</Switch43>
<Switch44>
17
</Switch44>
<Switch45>
8
</Switch45>
<Switch46>
10
</Switch46>
<Switch47>
8
</Switch47>
<Switch48>
3
</Switch48>
<Switch49>
5
</Switch49>
<Switch50>
13
</Switch50>
<Switch51>
0
</Switch51>
<Switch52>
15
</Switch52>
<Switch53>
7
</Switch53>
<Switch54>
13
</Switch54>
<Switch55>
16
</Switch55>
<Switch56>
11
</Switch56>
<Switch57>
10
</Switch57>
<Switch58>
4
</Switch58>
<Switch59>
6
</Switch59>
<Switch60>
3
</Switch60>
<Switch61>
0
</Switch61>
<Switch62>
4
</Switch62>
<Switch63>
5
</Switch63>
<Switch64>
13
</Switch64>
<Switch65>
15
</Switch65>
<Switch66>
5
</Switch66>
<Switch67>
19
</Switch67>
<Switch68>
7
</Switch68>
<Switch69>
5
</Switch69>
<Switch70>
8
</Switch70>
<Switch71>
15
</Switch71>
<Switch72>
9
</Switch72>
<Switch73>
5
</Switch73>
<Switch74>
13
</Switch74>
<Switch75>
13
</Switch75>
<Switch76>
3
</Switch76>
<Switch77>
19
</Switch77>
<Switch78>
12
</Switch78>
<Switch79>
4
</Switch79>
<Switch80>
0
</Switch80>
<Switch81>
6
</Switch81>
<Switch82>
7
</Switch82>
<Switch83>
19
</Switch83>
<Switch84>
18
</Switch84>
<Switch85>
7
</Switch85>
<Switch86>
4
</Switch86>
<Switch87>
5
</Switch87>
<Switch88>
16
</Switch88>
<Switch89>
11
</Switch89>
<Switch90>
13
</Switch90>
<Switch91>
10
</Switch91>
<Switch92>
14
</Switch92>
<Switch93>
14
</Switch93>
<Switch94>
10
</Switch94>
<Switch95>
18
</Switch95>
<Switch96>
7
</Switch96>
<Switch97>
19
</Switch97>
<Switch98>
6
</Switch98>
<Switch99>
8
</Switch99>
<Switch100>
14
</Switch100>
<Switch101>
8
</Switch101>
<Switch102>
7
</Switch102>
<Switch103>
17
</Switch103>
<Switch104>
3
</Switch104>
<Switch105>
6
</Switch105>
<Switch106>
16
</Switch106>
<Switch107>
13
</Switch107>
<Switch108>
8
</Switch108>
<Switch109>
6
</Switch109>
<Switch110>
12
</Switch110>
<Switch111>
19
</Switch111>
<Switch112>
16
</Switch112>
<Switch113>
19
</Switch113>
<Switch114>
5
</Switch114>
<Switch115>
4
</Switch115>
<Switch116>
9
</Switch116>
<Switch117>
7
</Switch117>
<Switch118>
11
</Switch118>
<Switch119>
5
</Switch119>
<Switch120>
15
</Switch120>
<Switch121>
1
</Switch121>
<Switch122>
8
</Switch122>
<Switch123>
10
</Switch123>
<Switch124>
1
</Switch124>
<Switch125>
6
</Switch125>
<Switch126>
1
</Switch126>
<Switch127>
11
</Switch127>
<Switch128>
3
</Switch128>
<Switch129>
9
</Switch129>
<Switch130>
7
</Switch130>
<Switch131>
18
</Switch131>
<Switch132>
17
</Switch132>
<Switch133>
9
</Switch133>
<Switch134>
11
</Switch134>
<Switch135>
12
</Switch135>
<Switch136>
16
</Switch136>
<Switch137>
18
</Switch137>
<Switch138>
15
</Switch138>
<Switch139>
1
</Switch139>
<Switch140>
19
</Switch140>
<Switch141>
15
</Switch141>
<Switch142>
3
</Switch142>
<Switch143>
8
</Switch143>
<Switch144>
10
</Switch144>
<Switch145>
14
</Switch145>
<Switch146>
9
</Switch146>
<Switch147>
8
</Switch147>
<Switch148>
2
</Switch148>
<Switch149>
19
</Switch149>
<Switch150>
18
</Switch150>
<Switch151>
4
</Switch151>
<Switch152>
8
</Switch152>
<Switch153>
4
</Switch153>
<Switch154>
1
</Switch154>
<Switch155>
5
</Switch155>
<Switch156>
1
</Switch156>
<Switch157>
10
</Switch157>
<Switch158>
9
</Switch158>
<Switch159>
13
</Switch159>
<Switch160>
19
</Switch160>
<Switch161>
4
</Switch161>
<Switch162>
18
</Switch162>
<Switch163>
1
</Switch163>
<Switch164>
2
</Switch164>
<Switch165>
9
</Switch165>
<Switch166>
5
</Switch166>
<Switch167>
12
</Switch167>
<Switch168>
9
</Switch168>
<Switch169>
4
</Switch169>
<Switch170>
18
</Switch170>
<Switch171>
8
</Switch171>
<Switch172>
8
</Switch172>
<Switch173>
8
</Switch173>
<Switch174>
12
</Switch174>
<Switch175>
7
</Switch175>
<Switch176>
4
</Switch176>
<Switch177>
2
</Switch177>
<Switch178>
9
</Switch178>
<Switch179>
11
</Switch179>
<Switch180>
3
</Switch180>
<Switch181>
19
</Switch181>
<Switch182>
3
</Switch182>
<Switch183>
2
</Switch183>
<Switch184>
3
</Switch184>
<Switch185>
11
</Switch185>
<Switch186>
7
</Switch186>
<Switch187>
16
</Switch187>
<Switch188>
1
</Switch188>
<Switch189>
0
</Switch189>
<Switch190>
12
</Switch190>
<Switch191>
18
</Switch191>
<Switch192>
12
</Switch192>
<Switch193>
5
</Switch193>
<Switch194>
0
</Switch194>
<Switch195>
17
</Switch195>
<Switch196>
4
</Switch196>
<Switch197>
18
</Switch197>
<Switch198>
16
</Switch198>
<Switch199>
2
</Switch199>
<Switch200>
6
</Switch200>
<Switch201>
5
</Switch201>
<Switch202>
2
</Switch202>
<Switch203>
5
</Switch203>
<Switch204>
16
</Switch204>
<Switch205>
3
</Switch205>
<Switch206>
0
</Switch206>
<Switch207>
12
</Switch207>
<Switch208>
7
</Switch208>
<Switch209>
13
</Switch209>
<Switch210>
2
</Switch210>
<Switch211>
4
</Switch211>
<Switch212>
11
</Switch212>
<Switch213>
3
</Switch213>
<Switch214>
17
</Switch214>
<Switch215>
4
</Switch215>
<Switch216>
3
</Switch216>
<Switch217>
10
</Switch217>
<Switch218>
16
</Switch218>
<Switch219>
15
</Switch219>
<Switch220>
0
</Switch220>
<Switch221>
6
</Switch221>
<Switch222>
13
</Switch222>
<Switch223>
17
</Switch223>
<Switch224>
5
</Switch224>
<Switch225>
11
</Switch225>
<Switch226>
1
</Switch226>
<Switch227>
1
</Switch227>
<Switch228>
7
</Switch228>
<Switch229>
9
</Switch229>
<Switch230>
0
</Switch230>
<Switch231>
5
</Switch231>
<Switch232>
11
</Switch232>
<Switch233>
0
</Switch233>
<Switch234>
1
</Switch234>
<Switch235>
7
</Switch235>
<Switch236>
17
</Switch236>
<Switch237>
2
</Switch237>
<Switch238>
18
</Switch238>
<Switch239>
8
</Switch239>
<Switch240>
14
</Switch240>
<Switch241>
19
</Switch241>
<Switch242>
0
</Switch242>
<Switch243>
17
</Switch243>
<Switch244>
6
</Switch244>
<Switch245>
11
</Switch245>
<Switch246>
17
</Switch246>
<Switch247>
5
</Switch247>
<Switch248>
0
</Switch248>
<Switch249>
6
</Switch249>
<Switch250>
6
</Switch250>
<Switch251>
6
</Switch251>
<Switch252>
5
</Switch252>
<Switch253>
6
</Switch253>
<Switch254>
5
</Switch254>
<Switch255>
7
</Switch255>
<Switch256>
16
</Switch256>
<Switch257>
19
</Switch257>
<Switch258>
2
</Switch258>
<Switch259>
7
</Switch259>
<Switch260>
7
</Switch260>
<Switch261>
15
</Switch261>
<Switch262>
6
</Switch262>
<Switch263>
9
</Switch263>
<Switch264>
7
</Switch264>
<Switch265>
14
</Switch265>
<Switch266>
12
</Switch266>
<Switch267>
15
</Switch267>
<Switch268>
5
</Switch268>
<Switch269>
11
</Switch269>
<Switch270>
2
</Switch270>
<Switch271>
10
</Switch271>
<Switch272>
2
</Switch272>
<Switch273>
5
</Switch273>
<Switch274>
11
</Switch274>
<Switch275>
0
</Switch275>
<Switch276>
1
</Switch276>
<Switch277>
11
</Switch277>
<Switch278>
17
</Switch278>
<Switch279>
5
</Switch279>
<Switch280>
16
</Switch280>
<Switch281>
15
</Switch281>
<Switch282>
15
</Switch282>
<Switch283>
4
</Switch283>
<Switch284>
9
</Switch284>
<Switch285>
15
</Switch285>
<Switch286>
6
</Switch286>
<Switch287>
6
</Switch287>
<Switch288>
2
</Switch288>
<Switch289>
16
</Switch289>
<Switch290>
9
</Switch290>
<Switch291>
9
</Switch291>
<Switch292>
5
</Switch292>
<Switch293>
3
</Switch293>
<Switch294>
13
</Switch294>
<Switch295>
10
</Switch295>
<Switch296>
6
</Switch296>
<Switch297>
14
</Switch297>
<Switch298>
2
</Switch298>
<Switch299>
5
</Switch299>
<Switch300>
3
</Switch300>
<Switch301>
12
</Switch301>
<Switch302>
17
</Switch302>
<Switch303>
14
</Switch303>
<Switch304>
19
</Switch304>
<Switch305>
15
</Switch305>
<Switch306>
3
</Switch306>
<Switch307>
2
</Switch307>
<Switch308>
14
</Switch308>
<Switch309>
15
</Switch309>
<Switch310>
9
</Switch310>
<Switch311>
1
</Switch311>
<Switch312>
13
</Switch312>
<Switch313>
8
</Switch313>
<Switch314>
5
</Switch314>
<Switch315>
6
</Switch315>
<Switch316>
9
</Switch316>
<Switch317>
8
</Switch317>
<Switch318>
8
</Switch318>
<Switch319>
9
</Switch319>
<Switch320>
19
</Switch320>
<Switch321>
11
</Switch321>
<Switch322>
14
</Switch322>
<Switch323>
11
</Switch323>
<Switch324>
19
</Switch324>
<Switch325>
12
</Switch325>
<Switch326>
6
</Switch326>
<Switch327>
1
</Switch327>
<Switch328>
14
</Switch328>
<Switch329>
5
</Switch329>
<Switch330>
13
</Switch330>
<Switch331>
13
</Switch331>
<Switch332>
15
</Switch332>
<Switch333>
0
</Switch333>
<Switch334>
10
</Switch334>
<Switch335>
9
</Switch335>
<Switch336>
0
</Switch336>
<Switch337>
4
</Switch337>
<Switch338>
0
</Switch338>
<Switch339>
10
</Switch339>
<Switch340>
7
</Switch340>
<Switch341>
7
</Switch341>
<Switch342>
4
</Switch342>
<Switch343>
19
</Switch343>
<Switch344>
15
</Switch344>
<Switch345>
5
</Switch345>
<Switch346>
17
</Switch346>
<Switch347>
16
</Switch347>
<Switch348>
18
</Switch348>
<Switch349>
19
</Switch349>
<Switch350>
6
</Switch350>
<Switch351>
16
</Switch351>
<Switch352>
2
</Switch352>
<Switch353>
3
</Switch353>
<Switch354>
15
</Switch354>
<Switch355>
3
</Switch355>
<Switch356>
3
</Switch356>
<Switch357>
12
</Switch357>
<Switch358>
8
</Switch358>
<Switch359>
13
</Switch359>
<Switch360>
1
</Switch360>
<Switch361>
14
</Switch361>
<Switch362>
8
</Switch362>
<Switch363>
14
</Switch363>
<Switch364>
5
</Switch364>
<Switch365>
2
</Switch365>
<Switch366>
13
</Switch366>
<Switch367>
10
</Switch367>
<Switch368>
6
</Switch368>
<Switch369>
13
</Switch369>
<Switch370>
6
</Switch370>
<Switch371>
6
</Switch371>
<Switch372>
19
</Switch372>
<Switch373>
11
</Switch373>
<Switch374>
6
</Switch374>
<Switch375>
18
</Switch375>
<Switch376>
0
</Switch376>
<Switch377>
7
</Switch377>
<Switch378>
19
</Switch378>
<Switch379>
18
</Switch379>
<Switch380>
2
</Switch380>
<Switch381>
3
</Switch381>
<Switch382>
0
</Switch382>
<Switch383>
12
</Switch383>
<Switch384>
16
</Switch384>
<Switch385>
17
</Switch385>
<Switch386>
11
</Switch386>
<Switch387>
11
</Switch387>
<Switch388>
8
</Switch388>
<Switch389>
9
</Switch389>
<Switch390>
16
</Switch390>
<Switch391>
6
</Switch391>
<Switch392>
7
</Switch392>
<Switch393>
18
</Switch393>
<Switch394>
2
</Switch394>
<Switch395>
13
</Switch395>
<Switch396>
1
</Switch396>
<Switch397>
16
</Switch397>
<Switch398>
7
</Switch398>
<Switch399>
17
</Switch399>
<Switch400>
17
</Switch400>
<Switch401>
9
</Switch401>
<Switch402>
17
</Switch402>
<Switch403>
0
</Switch403>
<Switch404>
1
</Switch404>
<Switch405>
7
</Switch405>
<Switch406>
8
</Switch406>
<Switch407>
3
</Switch407>
<Switch408>
14
</Switch408>
<Switch409>
2
</Switch409>
<Switch410>
11
</Switch410>
<Switch411>
16
</Switch411>
<Switch412>
11
</Switch412>
<Switch413>
7
</Switch413>
<Switch414>
14
</Switch414>
<Switch415>
7
</Switch415>
<Switch416>
8
</Switch416>
<Switch417>
12
</Switch417>
<Switch418>
13
</Switch418>
<Switch419>
9
</Switch419>
<Switch420>
10
</Switch420>
<Switch421>
17
</Switch421>
<Switch422>
12
</Switch422>
</BaseID:280>
