<?xml version="1.0"?>

<BaseID:286>
<Switch1>
6
</Switch1>
<Switch2>
11
</Switch2>
<Switch3>
6
</Switch3>
<Switch4>
15
</Switch4>
<Switch5>
8
</Switch5>
<Switch6>
3
</Switch6>
<Switch7>
8
</Switch7>
<Switch8>
2
</Switch8>
<Switch9>
3
</Switch9>
<Switch10>
10
</Switch10>
<Switch11>
10
</Switch11>
<Switch12>
16
</Switch12>
<Switch13>
12
</Switch13>
<Switch14>
8
</Switch14>
<Switch15>
15
</Switch15>
<Switch16>
12
</Switch16>
<Switch17>
14
</Switch17>
<Switch18>
4
</Switch18>
<Switch19>
18
</Switch19>
<Switch20>
4
</Switch20>
<Switch21>
11
</Switch21>
<Switch22>
19
</Switch22>
<Switch23>
9
</Switch23>
<Switch24>
16
</Switch24>
<Switch25>
8
</Switch25>
<Switch26>
17
</Switch26>
<Switch27>
2
</Switch27>
<Switch28>
9
</Switch28>
<Switch29>
2
</Switch29>
<Switch30>
8
</Switch30>
<Switch31>
6
</Switch31>
<Switch32>
3
</Switch32>
<Switch33>
16
</Switch33>
<Switch34>
13
</Switch34>
<Switch35>
7
</Switch35>
<Switch36>
18
</Switch36>
<Switch37>
10
</Switch37>
<Switch38>
6
</Switch38>
<Switch39>
13
</Switch39>
<Switch40>
15
</Switch40>
<Switch41>
3
</Switch41>
<Switch42>
6
</Switch42>
<Switch43>
5
</Switch43>
<Switch44>
8
</Switch44>
<Switch45>
3
</Switch45>
<Switch46>
19
</Switch46>
<Switch47>
1
</Switch47>
<Switch48>
10
</Switch48>
<Switch49>
3
</Switch49>
<Switch50>
9
</Switch50>
<Switch51>
5
</Switch51>
<Switch52>
5
</Switch52>
<Switch53>
7
</Switch53>
<Switch54>
9
</Switch54>
<Switch55>
2
</Switch55>
<Switch56>
10
</Switch56>
<Switch57>
3
</Switch57>
<Switch58>
13
</Switch58>
<Switch59>
18
</Switch59>
<Switch60>
16
</Switch60>
<Switch61>
9
</Switch61>
<Switch62>
3
</Switch62>
<Switch63>
15
</Switch63>
<Switch64>
2
</Switch64>
<Switch65>
14
</Switch65>
<Switch66>
13
</Switch66>
<Switch67>
1
</Switch67>
<Switch68>
18
</Switch68>
<Switch69>
12
</Switch69>
<Switch70>
8
</Switch70>
<Switch71>
3
</Switch71>
<Switch72>
3
</Switch72>
<Switch73>
16
</Switch73>
<Switch74>
6
</Switch74>
<Switch75>
10
</Switch75>
<Switch76>
14
</Switch76>
<Switch77>
6
</Switch77>
<Switch78>
2
</Switch78>
<Switch79>
10
</Switch79>
<Switch80>
15
</Switch80>
<Switch81>
19
</Switch81>
<Switch82>
10
</Switch82>
<Switch83>
2
</Switch83>
<Switch84>
6
</Switch84>
<Switch85>
7
</Switch85>
<Switch86>
3
</Switch86>
<Switch87>
19
</Switch87>
<Switch88>
12
</Switch88>
<Switch89>
3
</Switch89>
<Switch90>
10
</Switch90>
<Switch91>
13
</Switch91>
<Switch92>
15
</Switch92>
<Switch93>
5
</Switch93>
<Switch94>
12
</Switch94>
<Switch95>
18
</Switch95>
<Switch96>
19
</Switch96>
<Switch97>
4
</Switch97>
<Switch98>
16
</Switch98>
<Switch99>
3
</Switch99>
<Switch100>
5
</Switch100>
<Switch101>
11
</Switch101>
<Switch102>
8
</Switch102>
<Switch103>
8
</Switch103>
<Switch104>
18
</Switch104>
<Switch105>
14
</Switch105>
<Switch106>
5
</Switch106>
<Switch107>
4
</Switch107>
<Switch108>
3
</Switch108>
<Switch109>
8
</Switch109>
<Switch110>
9
</Switch110>
<Switch111>
15
</Switch111>
<Switch112>
7
</Switch112>
<Switch113>
12
</Switch113>
<Switch114>
12
</Switch114>
<Switch115>
1
</Switch115>
<Switch116>
15
</Switch116>
<Switch117>
19
</Switch117>
<Switch118>
11
</Switch118>
<Switch119>
5
</Switch119>
<Switch120>
3
</Switch120>
<Switch121>
7
</Switch121>
<Switch122>
16
</Switch122>
<Switch123>
18
</Switch123>
<Switch124>
7
</Switch124>
<Switch125>
10
</Switch125>
<Switch126>
6
</Switch126>
<Switch127>
17
</Switch127>
<Switch128>
4
</Switch128>
<Switch129>
13
</Switch129>
<Switch130>
10
</Switch130>
<Switch131>
0
</Switch131>
<Switch132>
9
</Switch132>
<Switch133>
12
</Switch133>
<Switch134>
12
</Switch134>
<Switch135>
11
</Switch135>
<Switch136>
2
</Switch136>
<Switch137>
4
</Switch137>
<Switch138>
0
</Switch138>
<Switch139>
6
</Switch139>
<Switch140>
11
</Switch140>
<Switch141>
13
</Switch141>
<Switch142>
12
</Switch142>
<Switch143>
15
</Switch143>
<Switch144>
19
</Switch144>
<Switch145>
2
</Switch145>
<Switch146>
10
</Switch146>
<Switch147>
10
</Switch147>
<Switch148>
11
</Switch148>
<Switch149>
15
</Switch149>
<Switch150>
0
</Switch150>
<Switch151>
15
</Switch151>
<Switch152>
2
</Switch152>
<Switch153>
5
</Switch153>
<Switch154>
8
</Switch154>
<Switch155>
3
</Switch155>
<Switch156>
16
</Switch156>
<Switch157>
0
</Switch157>
<Switch158>
19
</Switch158>
<Switch159>
7
</Switch159>
<Switch160>
19
</Switch160>
<Switch161>
14
</Switch161>
<Switch162>
6
</Switch162>
<Switch163>
13
</Switch163>
<Switch164>
10
</Switch164>
<Switch165>
4
</Switch165>
<Switch166>
19
</Switch166>
<Switch167>
1
</Switch167>
<Switch168>
1
</Switch168>
<Switch169>
11
</Switch169>
<Switch170>
2
</Switch170>
<Switch171>
6
</Switch171>
<Switch172>
6
</Switch172>
<Switch173>
13
</Switch173>
<Switch174>
19
</Switch174>
<Switch175>
11
</Switch175>
<Switch176>
10
</Switch176>
<Switch177>
3
</Switch177>
<Switch178>
13
</Switch178>
<Switch179>
9
</Switch179>
<Switch180>
7
</Switch180>
<Switch181>
3
</Switch181>
<Switch182>
2
</Switch182>
<Switch183>
9
</Switch183>
<Switch184>
10
</Switch184>
<Switch185>
18
</Switch185>
<Switch186>
17
</Switch186>
<Switch187>
14
</Switch187>
<Switch188>
18
</Switch188>
<Switch189>
15
</Switch189>
<Switch190>
14
</Switch190>
<Switch191>
9
</Switch191>
<Switch192>
3
</Switch192>
<Switch193>
15
</Switch193>
<Switch194>
12
</Switch194>
<Switch195>
11
</Switch195>
<Switch196>
2
</Switch196>
<Switch197>
18
</Switch197>
<Switch198>
17
</Switch198>
<Switch199>
5
</Switch199>
<Switch200>
14
</Switch200>
<Switch201>
7
</Switch201>
<Switch202>
8
</Switch202>
<Switch203>
6
</Switch203>
<Switch204>
12
</Switch204>
<Switch205>
1
</Switch205>
<Switch206>
3
</Switch206>
<Switch207>
17
</Switch207>
<Switch208>
12
</Switch208>
<Switch209>
9
</Switch209>
<Switch210>
16
</Switch210>
<Switch211>
10
</Switch211>
<Switch212>
15
</Switch212>
<Switch213>
19
</Switch213>
<Switch214>
5
</Switch214>
<Switch215>
4
</Switch215>
<Switch216>
5
</Switch216>
<Switch217>
9
</Switch217>
<Switch218>
12
</Switch218>
<Switch219>
4
</Switch219>
<Switch220>
4
</Switch220>
<Switch221>
4
</Switch221>
<Switch222>
14
</Switch222>
<Switch223>
13
</Switch223>
<Switch224>
0
</Switch224>
<Switch225>
11
</Switch225>
<Switch226>
5
</Switch226>
<Switch227>
16
</Switch227>
<Switch228>
3
</Switch228>
<Switch229>
9
</Switch229>
<Switch230>
18
</Switch230>
<Switch231>
8
</Switch231>
<Switch232>
13
</Switch232>
<Switch233>
15
</Switch233>
<Switch234>
17
</Switch234>
<Switch235>
11
</Switch235>
<Switch236>
4
</Switch236>
<Switch237>
11
</Switch237>
<Switch238>
2
</Switch238>
<Switch239>
12
</Switch239>
<Switch240>
1
</Switch240>
<Switch241>
8
</Switch241>
<Switch242>
12
</Switch242>
<Switch243>
16
</Switch243>
<Switch244>
19
</Switch244>
<Switch245>
15
</Switch245>
<Switch246>
4
</Switch246>
<Switch247>
3
</Switch247>
<Switch248>
13
</Switch248>
<Switch249>
0
</Switch249>
<Switch250>
5
</Switch250>
<Switch251>
2
</Switch251>
<Switch252>
8
</Switch252>
<Switch253>
10
</Switch253>
<Switch254>
13
</Switch254>
<Switch255>
15
</Switch255>
<Switch256>
15
</Switch256>
<Switch257>
19
</Switch257>
<Switch258>
9
</Switch258>
<Switch259>
9
</Switch259>
<Switch260>
18
</Switch260>
<Switch261>
19
</Switch261>
<Switch262>
10
</Switch262>
<Switch263>
1
</Switch263>
<Switch264>
7
</Switch264>
<Switch265>
0
</Switch265>
<Switch266>
10
</Switch266>
<Switch267>
2
</Switch267>
<Switch268>
11
</Switch268>
<Switch269>
1
</Switch269>
<Switch270>
1
</Switch270>
<Switch271>
17
</Switch271>
<Switch272>
14
</Switch272>
<Switch273>
17
</Switch273>
<Switch274>
8
</Switch274>
<Switch275>
9
</Switch275>
<Switch276>
6
</Switch276>
<Switch277>
12
</Switch277>
<Switch278>
5
</Switch278>
<Switch279>
19
</Switch279>
<Switch280>
14
</Switch280>
<Switch281>
4
</Switch281>
<Switch282>
3
</Switch282>
<Switch283>
10
</Switch283>
<Switch284>
0
</Switch284>
<Switch285>
8
</Switch285>
<Switch286>
2
</Switch286>
<Switch287>
6
</Switch287>
<Switch288>
7
</Switch288>
<Switch289>
14
</Switch289>
<Switch290>
7
</Switch290>
<Switch291>
10
</Switch291>
<Switch292>
15
</Switch292>
<Switch293>
0
</Switch293>
<Switch294>
0
</Switch294>
<Switch295>
8
</Switch295>
<Switch296>
3
</Switch296>
<Switch297>
2
</Switch297>
<Switch298>
10
</Switch298>
<Switch299>
17
</Switch299>
<Switch300>
1
</Switch300>
<Switch301>
18
</Switch301>
<Switch302>
8
</Switch302>
<Switch303>
3
</Switch303>
<Switch304>
2
</Switch304>
<Switch305>
8
</Switch305>
<Switch306>
13
</Switch306>
<Switch307>
11
</Switch307>
<Switch308>
9
</Switch308>
<Switch309>
9
</Switch309>
<Switch310>
15
</Switch310>
<Switch311>
19
</Switch311>
<Switch312>
10
</Switch312>
<Switch313>
16
</Switch313>
<Switch314>
19
</Switch314>
<Switch315>
17
</Switch315>
<Switch316>
1
</Switch316>
<Switch317>
8
</Switch317>
<Switch318>
13
</Switch318>
<Switch319>
18
</Switch319>
<Switch320>
4
</Switch320>
<Switch321>
2
</Switch321>
<Switch322>
7
</Switch322>
<Switch323>
15
</Switch323>
<Switch324>
6
</Switch324>
<Switch325>
10
</Switch325>
<Switch326>
6
</Switch326>
<Switch327>
14
</Switch327>
<Switch328>
13
</Switch328>
<Switch329>
4
</Switch329>
<Switch330>
6
</Switch330>
<Switch331>
1
</Switch331>
<Switch332>
6
</Switch332>
<Switch333>
10
</Switch333>
<Switch334>
0
</Switch334>
<Switch335>
7
</Switch335>
<Switch336>
18
</Switch336>
<Switch337>
1
</Switch337>
<Switch338>
18
</Switch338>
<Switch339>
11
</Switch339>
<Switch340>
13
</Switch340>
<Switch341>
18
</Switch341>
<Switch342>
18
</Switch342>
<Switch343>
4
</Switch343>
<Switch344>
3
</Switch344>
<Switch345>
18
</Switch345>
<Switch346>
8
</Switch346>
<Switch347>
7
</Switch347>
<Switch348>
10
</Switch348>
<Switch349>
5
</Switch349>
<Switch350>
2
</Switch350>
<Switch351>
4
</Switch351>
<Switch352>
7
</Switch352>
<Switch353>
9
</Switch353>
<Switch354>
7
</Switch354>
<Switch355>
12
</Switch355>
<Switch356>
6
</Switch356>
</BaseID:286>
