<?xml version="1.0"?>

<BaseID:288>
<Switch1>
8
</Switch1>
<Switch2>
8
</Switch2>
<Switch3>
14
</Switch3>
<Switch4>
6
</Switch4>
<Switch5>
6
</Switch5>
<Switch6>
3
</Switch6>
<Switch7>
1
</Switch7>
<Switch8>
1
</Switch8>
<Switch9>
10
</Switch9>
<Switch10>
7
</Switch10>
<Switch11>
14
</Switch11>
<Switch12>
4
</Switch12>
<Switch13>
1
</Switch13>
<Switch14>
19
</Switch14>
<Switch15>
8
</Switch15>
<Switch16>
12
</Switch16>
<Switch17>
13
</Switch17>
<Switch18>
4
</Switch18>
<Switch19>
18
</Switch19>
<Switch20>
2
</Switch20>
<Switch21>
19
</Switch21>
<Switch22>
16
</Switch22>
<Switch23>
6
</Switch23>
<Switch24>
15
</Switch24>
<Switch25>
12
</Switch25>
<Switch26>
5
</Switch26>
<Switch27>
6
</Switch27>
<Switch28>
7
</Switch28>
<Switch29>
4
</Switch29>
<Switch30>
4
</Switch30>
<Switch31>
18
</Switch31>
<Switch32>
3
</Switch32>
<Switch33>
16
</Switch33>
<Switch34>
6
</Switch34>
<Switch35>
2
</Switch35>
<Switch36>
17
</Switch36>
<Switch37>
2
</Switch37>
<Switch38>
17
</Switch38>
<Switch39>
7
</Switch39>
<Switch40>
5
</Switch40>
<Switch41>
2
</Switch41>
<Switch42>
2
</Switch42>
<Switch43>
7
</Switch43>
<Switch44>
10
</Switch44>
<Switch45>
15
</Switch45>
<Switch46>
4
</Switch46>
<Switch47>
2
</Switch47>
<Switch48>
7
</Switch48>
<Switch49>
17
</Switch49>
<Switch50>
2
</Switch50>
<Switch51>
4
</Switch51>
<Switch52>
8
</Switch52>
<Switch53>
15
</Switch53>
<Switch54>
1
</Switch54>
<Switch55>
17
</Switch55>
<Switch56>
12
</Switch56>
<Switch57>
2
</Switch57>
<Switch58>
19
</Switch58>
<Switch59>
7
</Switch59>
<Switch60>
4
</Switch60>
<Switch61>
17
</Switch61>
<Switch62>
8
</Switch62>
<Switch63>
3
</Switch63>
<Switch64>
4
</Switch64>
<Switch65>
7
</Switch65>
<Switch66>
19
</Switch66>
<Switch67>
3
</Switch67>
<Switch68>
10
</Switch68>
<Switch69>
19
</Switch69>
<Switch70>
15
</Switch70>
<Switch71>
4
</Switch71>
<Switch72>
16
</Switch72>
<Switch73>
6
</Switch73>
<Switch74>
1
</Switch74>
<Switch75>
8
</Switch75>
<Switch76>
10
</Switch76>
<Switch77>
17
</Switch77>
<Switch78>
17
</Switch78>
<Switch79>
3
</Switch79>
<Switch80>
9
</Switch80>
<Switch81>
17
</Switch81>
<Switch82>
12
</Switch82>
<Switch83>
8
</Switch83>
<Switch84>
9
</Switch84>
<Switch85>
3
</Switch85>
<Switch86>
15
</Switch86>
<Switch87>
4
</Switch87>
<Switch88>
2
</Switch88>
<Switch89>
10
</Switch89>
<Switch90>
3
</Switch90>
<Switch91>
14
</Switch91>
<Switch92>
9
</Switch92>
<Switch93>
16
</Switch93>
<Switch94>
18
</Switch94>
<Switch95>
13
</Switch95>
<Switch96>
13
</Switch96>
<Switch97>
10
</Switch97>
<Switch98>
7
</Switch98>
<Switch99>
3
</Switch99>
<Switch100>
12
</Switch100>
<Switch101>
7
</Switch101>
<Switch102>
7
</Switch102>
<Switch103>
19
</Switch103>
<Switch104>
18
</Switch104>
<Switch105>
12
</Switch105>
<Switch106>
2
</Switch106>
<Switch107>
11
</Switch107>
<Switch108>
14
</Switch108>
<Switch109>
5
</Switch109>
<Switch110>
14
</Switch110>
<Switch111>
0
</Switch111>
<Switch112>
11
</Switch112>
<Switch113>
0
</Switch113>
<Switch114>
10
</Switch114>
<Switch115>
6
</Switch115>
<Switch116>
17
</Switch116>
<Switch117>
12
</Switch117>
<Switch118>
15
</Switch118>
<Switch119>
19
</Switch119>
<Switch120>
16
</Switch120>
<Switch121>
17
</Switch121>
<Switch122>
8
</Switch122>
<Switch123>
13
</Switch123>
<Switch124>
12
</Switch124>
<Switch125>
15
</Switch125>
<Switch126>
11
</Switch126>
<Switch127>
1
</Switch127>
<Switch128>
8
</Switch128>
<Switch129>
9
</Switch129>
<Switch130>
9
</Switch130>
<Switch131>
0
</Switch131>
<Switch132>
16
</Switch132>
<Switch133>
13
</Switch133>
<Switch134>
11
</Switch134>
<Switch135>
4
</Switch135>
<Switch136>
14
</Switch136>
<Switch137>
13
</Switch137>
<Switch138>
16
</Switch138>
<Switch139>
2
</Switch139>
<Switch140>
8
</Switch140>
<Switch141>
0
</Switch141>
<Switch142>
18
</Switch142>
<Switch143>
12
</Switch143>
<Switch144>
16
</Switch144>
<Switch145>
4
</Switch145>
<Switch146>
1
</Switch146>
<Switch147>
10
</Switch147>
<Switch148>
2
</Switch148>
<Switch149>
0
</Switch149>
<Switch150>
7
</Switch150>
<Switch151>
19
</Switch151>
<Switch152>
2
</Switch152>
<Switch153>
19
</Switch153>
<Switch154>
7
</Switch154>
<Switch155>
10
</Switch155>
<Switch156>
3
</Switch156>
<Switch157>
8
</Switch157>
<Switch158>
1
</Switch158>
<Switch159>
10
</Switch159>
<Switch160>
8
</Switch160>
<Switch161>
7
</Switch161>
<Switch162>
2
</Switch162>
<Switch163>
16
</Switch163>
<Switch164>
10
</Switch164>
<Switch165>
9
</Switch165>
<Switch166>
9
</Switch166>
<Switch167>
4
</Switch167>
<Switch168>
15
</Switch168>
<Switch169>
16
</Switch169>
<Switch170>
13
</Switch170>
<Switch171>
15
</Switch171>
<Switch172>
5
</Switch172>
<Switch173>
3
</Switch173>
<Switch174>
3
</Switch174>
<Switch175>
7
</Switch175>
<Switch176>
8
</Switch176>
<Switch177>
6
</Switch177>
<Switch178>
0
</Switch178>
<Switch179>
16
</Switch179>
<Switch180>
10
</Switch180>
<Switch181>
5
</Switch181>
<Switch182>
13
</Switch182>
<Switch183>
12
</Switch183>
<Switch184>
13
</Switch184>
<Switch185>
7
</Switch185>
<Switch186>
3
</Switch186>
<Switch187>
19
</Switch187>
<Switch188>
19
</Switch188>
<Switch189>
13
</Switch189>
<Switch190>
9
</Switch190>
<Switch191>
5
</Switch191>
<Switch192>
9
</Switch192>
<Switch193>
9
</Switch193>
<Switch194>
9
</Switch194>
<Switch195>
4
</Switch195>
<Switch196>
18
</Switch196>
<Switch197>
3
</Switch197>
<Switch198>
3
</Switch198>
<Switch199>
2
</Switch199>
<Switch200>
0
</Switch200>
<Switch201>
7
</Switch201>
<Switch202>
5
</Switch202>
<Switch203>
12
</Switch203>
<Switch204>
9
</Switch204>
<Switch205>
13
</Switch205>
<Switch206>
12
</Switch206>
<Switch207>
2
</Switch207>
<Switch208>
11
</Switch208>
<Switch209>
17
</Switch209>
<Switch210>
16
</Switch210>
<Switch211>
16
</Switch211>
<Switch212>
6
</Switch212>
<Switch213>
13
</Switch213>
<Switch214>
3
</Switch214>
<Switch215>
16
</Switch215>
<Switch216>
16
</Switch216>
<Switch217>
18
</Switch217>
<Switch218>
12
</Switch218>
<Switch219>
10
</Switch219>
<Switch220>
12
</Switch220>
<Switch221>
0
</Switch221>
<Switch222>
12
</Switch222>
<Switch223>
5
</Switch223>
<Switch224>
0
</Switch224>
<Switch225>
3
</Switch225>
<Switch226>
3
</Switch226>
<Switch227>
16
</Switch227>
<Switch228>
0
</Switch228>
<Switch229>
11
</Switch229>
<Switch230>
11
</Switch230>
<Switch231>
18
</Switch231>
<Switch232>
2
</Switch232>
<Switch233>
7
</Switch233>
<Switch234>
13
</Switch234>
<Switch235>
2
</Switch235>
<Switch236>
3
</Switch236>
<Switch237>
14
</Switch237>
<Switch238>
17
</Switch238>
<Switch239>
16
</Switch239>
<Switch240>
14
</Switch240>
<Switch241>
6
</Switch241>
<Switch242>
13
</Switch242>
<Switch243>
1
</Switch243>
<Switch244>
18
</Switch244>
<Switch245>
2
</Switch245>
<Switch246>
15
</Switch246>
<Switch247>
14
</Switch247>
<Switch248>
15
</Switch248>
<Switch249>
16
</Switch249>
<Switch250>
16
</Switch250>
<Switch251>
12
</Switch251>
<Switch252>
5
</Switch252>
<Switch253>
12
</Switch253>
<Switch254>
8
</Switch254>
<Switch255>
6
</Switch255>
<Switch256>
7
</Switch256>
<Switch257>
8
</Switch257>
<Switch258>
3
</Switch258>
<Switch259>
0
</Switch259>
<Switch260>
19
</Switch260>
<Switch261>
18
</Switch261>
<Switch262>
15
</Switch262>
<Switch263>
9
</Switch263>
<Switch264>
11
</Switch264>
<Switch265>
15
</Switch265>
<Switch266>
5
</Switch266>
<Switch267>
14
</Switch267>
<Switch268>
17
</Switch268>
</BaseID:288>
