<?xml version="1.0"?>

<BaseID:289>
<Switch1>
4
</Switch1>
<Switch2>
0
</Switch2>
<Switch3>
19
</Switch3>
<Switch4>
8
</Switch4>
<Switch5>
8
</Switch5>
<Switch6>
9
</Switch6>
<Switch7>
12
</Switch7>
<Switch8>
7
</Switch8>
<Switch9>
9
</Switch9>
<Switch10>
3
</Switch10>
<Switch11>
7
</Switch11>
<Switch12>
2
</Switch12>
<Switch13>
6
</Switch13>
<Switch14>
0
</Switch14>
<Switch15>
1
</Switch15>
<Switch16>
0
</Switch16>
<Switch17>
9
</Switch17>
<Switch18>
8
</Switch18>
<Switch19>
12
</Switch19>
<Switch20>
9
</Switch20>
<Switch21>
9
</Switch21>
<Switch22>
1
</Switch22>
<Switch23>
12
</Switch23>
<Switch24>
17
</Switch24>
<Switch25>
16
</Switch25>
<Switch26>
7
</Switch26>
<Switch27>
9
</Switch27>
<Switch28>
19
</Switch28>
<Switch29>
11
</Switch29>
<Switch30>
19
</Switch30>
<Switch31>
19
</Switch31>
<Switch32>
4
</Switch32>
<Switch33>
14
</Switch33>
<Switch34>
2
</Switch34>
<Switch35>
13
</Switch35>
<Switch36>
14
</Switch36>
<Switch37>
12
</Switch37>
<Switch38>
17
</Switch38>
<Switch39>
13
</Switch39>
<Switch40>
5
</Switch40>
<Switch41>
8
</Switch41>
<Switch42>
13
</Switch42>
<Switch43>
0
</Switch43>
<Switch44>
13
</Switch44>
<Switch45>
16
</Switch45>
<Switch46>
12
</Switch46>
<Switch47>
14
</Switch47>
<Switch48>
1
</Switch48>
<Switch49>
15
</Switch49>
<Switch50>
3
</Switch50>
<Switch51>
16
</Switch51>
<Switch52>
7
</Switch52>
<Switch53>
14
</Switch53>
<Switch54>
12
</Switch54>
<Switch55>
14
</Switch55>
<Switch56>
1
</Switch56>
<Switch57>
0
</Switch57>
<Switch58>
15
</Switch58>
<Switch59>
17
</Switch59>
<Switch60>
1
</Switch60>
<Switch61>
10
</Switch61>
<Switch62>
14
</Switch62>
<Switch63>
2
</Switch63>
<Switch64>
15
</Switch64>
<Switch65>
2
</Switch65>
<Switch66>
5
</Switch66>
<Switch67>
17
</Switch67>
<Switch68>
3
</Switch68>
<Switch69>
3
</Switch69>
<Switch70>
16
</Switch70>
<Switch71>
4
</Switch71>
<Switch72>
16
</Switch72>
<Switch73>
2
</Switch73>
<Switch74>
9
</Switch74>
<Switch75>
8
</Switch75>
<Switch76>
12
</Switch76>
<Switch77>
13
</Switch77>
<Switch78>
6
</Switch78>
<Switch79>
6
</Switch79>
<Switch80>
10
</Switch80>
<Switch81>
2
</Switch81>
<Switch82>
12
</Switch82>
<Switch83>
17
</Switch83>
<Switch84>
4
</Switch84>
<Switch85>
16
</Switch85>
<Switch86>
5
</Switch86>
<Switch87>
7
</Switch87>
<Switch88>
5
</Switch88>
<Switch89>
9
</Switch89>
<Switch90>
12
</Switch90>
<Switch91>
14
</Switch91>
<Switch92>
10
</Switch92>
<Switch93>
15
</Switch93>
<Switch94>
4
</Switch94>
<Switch95>
13
</Switch95>
<Switch96>
2
</Switch96>
<Switch97>
0
</Switch97>
<Switch98>
6
</Switch98>
<Switch99>
3
</Switch99>
<Switch100>
0
</Switch100>
<Switch101>
17
</Switch101>
<Switch102>
4
</Switch102>
<Switch103>
9
</Switch103>
<Switch104>
6
</Switch104>
<Switch105>
19
</Switch105>
<Switch106>
11
</Switch106>
<Switch107>
11
</Switch107>
<Switch108>
16
</Switch108>
<Switch109>
14
</Switch109>
<Switch110>
9
</Switch110>
<Switch111>
9
</Switch111>
<Switch112>
2
</Switch112>
<Switch113>
0
</Switch113>
<Switch114>
10
</Switch114>
<Switch115>
12
</Switch115>
<Switch116>
6
</Switch116>
<Switch117>
7
</Switch117>
<Switch118>
8
</Switch118>
<Switch119>
17
</Switch119>
<Switch120>
18
</Switch120>
<Switch121>
7
</Switch121>
<Switch122>
1
</Switch122>
<Switch123>
7
</Switch123>
<Switch124>
14
</Switch124>
<Switch125>
5
</Switch125>
<Switch126>
12
</Switch126>
<Switch127>
8
</Switch127>
<Switch128>
19
</Switch128>
<Switch129>
16
</Switch129>
<Switch130>
9
</Switch130>
<Switch131>
17
</Switch131>
<Switch132>
5
</Switch132>
<Switch133>
13
</Switch133>
<Switch134>
19
</Switch134>
<Switch135>
19
</Switch135>
<Switch136>
6
</Switch136>
<Switch137>
16
</Switch137>
<Switch138>
4
</Switch138>
<Switch139>
19
</Switch139>
<Switch140>
0
</Switch140>
<Switch141>
19
</Switch141>
<Switch142>
8
</Switch142>
<Switch143>
15
</Switch143>
<Switch144>
16
</Switch144>
<Switch145>
3
</Switch145>
<Switch146>
6
</Switch146>
<Switch147>
19
</Switch147>
<Switch148>
18
</Switch148>
<Switch149>
14
</Switch149>
<Switch150>
9
</Switch150>
<Switch151>
10
</Switch151>
<Switch152>
15
</Switch152>
<Switch153>
10
</Switch153>
<Switch154>
14
</Switch154>
<Switch155>
12
</Switch155>
<Switch156>
1
</Switch156>
<Switch157>
17
</Switch157>
<Switch158>
16
</Switch158>
<Switch159>
5
</Switch159>
<Switch160>
9
</Switch160>
<Switch161>
6
</Switch161>
<Switch162>
4
</Switch162>
<Switch163>
9
</Switch163>
<Switch164>
9
</Switch164>
<Switch165>
0
</Switch165>
<Switch166>
19
</Switch166>
<Switch167>
16
</Switch167>
<Switch168>
17
</Switch168>
<Switch169>
15
</Switch169>
<Switch170>
7
</Switch170>
<Switch171>
14
</Switch171>
<Switch172>
1
</Switch172>
<Switch173>
19
</Switch173>
<Switch174>
13
</Switch174>
<Switch175>
3
</Switch175>
<Switch176>
6
</Switch176>
<Switch177>
17
</Switch177>
<Switch178>
6
</Switch178>
<Switch179>
9
</Switch179>
<Switch180>
19
</Switch180>
<Switch181>
5
</Switch181>
<Switch182>
19
</Switch182>
<Switch183>
10
</Switch183>
<Switch184>
11
</Switch184>
<Switch185>
10
</Switch185>
<Switch186>
12
</Switch186>
<Switch187>
10
</Switch187>
<Switch188>
14
</Switch188>
<Switch189>
2
</Switch189>
<Switch190>
14
</Switch190>
<Switch191>
14
</Switch191>
<Switch192>
16
</Switch192>
<Switch193>
2
</Switch193>
<Switch194>
10
</Switch194>
<Switch195>
6
</Switch195>
<Switch196>
9
</Switch196>
<Switch197>
18
</Switch197>
<Switch198>
14
</Switch198>
<Switch199>
2
</Switch199>
<Switch200>
17
</Switch200>
<Switch201>
9
</Switch201>
<Switch202>
17
</Switch202>
<Switch203>
7
</Switch203>
<Switch204>
15
</Switch204>
<Switch205>
7
</Switch205>
<Switch206>
6
</Switch206>
<Switch207>
2
</Switch207>
<Switch208>
16
</Switch208>
<Switch209>
0
</Switch209>
<Switch210>
5
</Switch210>
<Switch211>
6
</Switch211>
<Switch212>
15
</Switch212>
<Switch213>
9
</Switch213>
<Switch214>
0
</Switch214>
<Switch215>
19
</Switch215>
<Switch216>
1
</Switch216>
<Switch217>
11
</Switch217>
<Switch218>
3
</Switch218>
<Switch219>
19
</Switch219>
<Switch220>
17
</Switch220>
<Switch221>
1
</Switch221>
<Switch222>
3
</Switch222>
<Switch223>
16
</Switch223>
<Switch224>
4
</Switch224>
<Switch225>
12
</Switch225>
<Switch226>
12
</Switch226>
<Switch227>
5
</Switch227>
<Switch228>
4
</Switch228>
<Switch229>
17
</Switch229>
<Switch230>
9
</Switch230>
<Switch231>
2
</Switch231>
<Switch232>
8
</Switch232>
<Switch233>
2
</Switch233>
<Switch234>
9
</Switch234>
<Switch235>
7
</Switch235>
<Switch236>
2
</Switch236>
<Switch237>
14
</Switch237>
<Switch238>
0
</Switch238>
<Switch239>
8
</Switch239>
<Switch240>
8
</Switch240>
<Switch241>
14
</Switch241>
<Switch242>
8
</Switch242>
<Switch243>
11
</Switch243>
<Switch244>
7
</Switch244>
<Switch245>
14
</Switch245>
<Switch246>
11
</Switch246>
<Switch247>
3
</Switch247>
<Switch248>
14
</Switch248>
<Switch249>
6
</Switch249>
<Switch250>
1
</Switch250>
<Switch251>
10
</Switch251>
<Switch252>
4
</Switch252>
<Switch253>
13
</Switch253>
<Switch254>
15
</Switch254>
<Switch255>
15
</Switch255>
<Switch256>
17
</Switch256>
<Switch257>
12
</Switch257>
<Switch258>
12
</Switch258>
<Switch259>
17
</Switch259>
<Switch260>
15
</Switch260>
<Switch261>
12
</Switch261>
<Switch262>
4
</Switch262>
<Switch263>
15
</Switch263>
<Switch264>
17
</Switch264>
<Switch265>
18
</Switch265>
<Switch266>
19
</Switch266>
<Switch267>
4
</Switch267>
<Switch268>
17
</Switch268>
<Switch269>
12
</Switch269>
<Switch270>
15
</Switch270>
<Switch271>
17
</Switch271>
<Switch272>
11
</Switch272>
<Switch273>
1
</Switch273>
<Switch274>
6
</Switch274>
<Switch275>
3
</Switch275>
<Switch276>
18
</Switch276>
<Switch277>
7
</Switch277>
<Switch278>
19
</Switch278>
<Switch279>
7
</Switch279>
<Switch280>
15
</Switch280>
<Switch281>
17
</Switch281>
<Switch282>
0
</Switch282>
<Switch283>
0
</Switch283>
<Switch284>
1
</Switch284>
<Switch285>
3
</Switch285>
<Switch286>
19
</Switch286>
<Switch287>
15
</Switch287>
<Switch288>
0
</Switch288>
<Switch289>
6
</Switch289>
<Switch290>
6
</Switch290>
<Switch291>
2
</Switch291>
<Switch292>
14
</Switch292>
<Switch293>
13
</Switch293>
<Switch294>
11
</Switch294>
<Switch295>
7
</Switch295>
<Switch296>
12
</Switch296>
<Switch297>
14
</Switch297>
<Switch298>
4
</Switch298>
<Switch299>
0
</Switch299>
<Switch300>
1
</Switch300>
<Switch301>
14
</Switch301>
<Switch302>
19
</Switch302>
<Switch303>
17
</Switch303>
<Switch304>
6
</Switch304>
<Switch305>
4
</Switch305>
<Switch306>
16
</Switch306>
<Switch307>
10
</Switch307>
<Switch308>
6
</Switch308>
<Switch309>
1
</Switch309>
<Switch310>
2
</Switch310>
</BaseID:289>
