<?xml version="1.0"?>

<BaseID:293>
<Switch1>
2
</Switch1>
<Switch2>
15
</Switch2>
<Switch3>
14
</Switch3>
<Switch4>
10
</Switch4>
<Switch5>
9
</Switch5>
<Switch6>
1
</Switch6>
<Switch7>
11
</Switch7>
<Switch8>
6
</Switch8>
<Switch9>
9
</Switch9>
<Switch10>
14
</Switch10>
<Switch11>
4
</Switch11>
<Switch12>
18
</Switch12>
<Switch13>
19
</Switch13>
<Switch14>
11
</Switch14>
<Switch15>
15
</Switch15>
<Switch16>
9
</Switch16>
<Switch17>
7
</Switch17>
<Switch18>
17
</Switch18>
<Switch19>
19
</Switch19>
<Switch20>
12
</Switch20>
<Switch21>
5
</Switch21>
<Switch22>
7
</Switch22>
<Switch23>
1
</Switch23>
<Switch24>
6
</Switch24>
<Switch25>
16
</Switch25>
<Switch26>
11
</Switch26>
<Switch27>
0
</Switch27>
<Switch28>
14
</Switch28>
<Switch29>
14
</Switch29>
<Switch30>
11
</Switch30>
<Switch31>
0
</Switch31>
<Switch32>
5
</Switch32>
<Switch33>
10
</Switch33>
<Switch34>
10
</Switch34>
<Switch35>
0
</Switch35>
<Switch36>
2
</Switch36>
<Switch37>
0
</Switch37>
<Switch38>
0
</Switch38>
<Switch39>
12
</Switch39>
<Switch40>
11
</Switch40>
<Switch41>
7
</Switch41>
<Switch42>
14
</Switch42>
<Switch43>
2
</Switch43>
<Switch44>
2
</Switch44>
<Switch45>
18
</Switch45>
<Switch46>
2
</Switch46>
<Switch47>
8
</Switch47>
<Switch48>
0
</Switch48>
<Switch49>
13
</Switch49>
<Switch50>
15
</Switch50>
<Switch51>
14
</Switch51>
<Switch52>
9
</Switch52>
<Switch53>
16
</Switch53>
<Switch54>
2
</Switch54>
<Switch55>
10
</Switch55>
<Switch56>
10
</Switch56>
<Switch57>
16
</Switch57>
<Switch58>
13
</Switch58>
<Switch59>
18
</Switch59>
<Switch60>
9
</Switch60>
<Switch61>
5
</Switch61>
<Switch62>
17
</Switch62>
<Switch63>
15
</Switch63>
<Switch64>
0
</Switch64>
<Switch65>
2
</Switch65>
<Switch66>
16
</Switch66>
<Switch67>
16
</Switch67>
<Switch68>
17
</Switch68>
<Switch69>
0
</Switch69>
<Switch70>
11
</Switch70>
<Switch71>
18
</Switch71>
<Switch72>
16
</Switch72>
<Switch73>
15
</Switch73>
<Switch74>
15
</Switch74>
<Switch75>
9
</Switch75>
<Switch76>
17
</Switch76>
<Switch77>
2
</Switch77>
<Switch78>
3
</Switch78>
<Switch79>
9
</Switch79>
<Switch80>
10
</Switch80>
<Switch81>
4
</Switch81>
<Switch82>
18
</Switch82>
<Switch83>
0
</Switch83>
<Switch84>
11
</Switch84>
<Switch85>
17
</Switch85>
<Switch86>
19
</Switch86>
<Switch87>
19
</Switch87>
<Switch88>
18
</Switch88>
<Switch89>
8
</Switch89>
<Switch90>
9
</Switch90>
<Switch91>
17
</Switch91>
<Switch92>
2
</Switch92>
<Switch93>
16
</Switch93>
<Switch94>
2
</Switch94>
<Switch95>
3
</Switch95>
<Switch96>
3
</Switch96>
<Switch97>
6
</Switch97>
<Switch98>
8
</Switch98>
<Switch99>
10
</Switch99>
<Switch100>
6
</Switch100>
<Switch101>
13
</Switch101>
<Switch102>
0
</Switch102>
<Switch103>
19
</Switch103>
<Switch104>
7
</Switch104>
<Switch105>
4
</Switch105>
<Switch106>
7
</Switch106>
<Switch107>
12
</Switch107>
<Switch108>
9
</Switch108>
<Switch109>
17
</Switch109>
<Switch110>
14
</Switch110>
<Switch111>
17
</Switch111>
<Switch112>
11
</Switch112>
<Switch113>
18
</Switch113>
<Switch114>
13
</Switch114>
<Switch115>
6
</Switch115>
<Switch116>
6
</Switch116>
<Switch117>
6
</Switch117>
<Switch118>
4
</Switch118>
<Switch119>
12
</Switch119>
<Switch120>
6
</Switch120>
<Switch121>
15
</Switch121>
<Switch122>
6
</Switch122>
<Switch123>
4
</Switch123>
<Switch124>
17
</Switch124>
<Switch125>
11
</Switch125>
<Switch126>
8
</Switch126>
<Switch127>
7
</Switch127>
<Switch128>
10
</Switch128>
<Switch129>
10
</Switch129>
<Switch130>
15
</Switch130>
<Switch131>
12
</Switch131>
<Switch132>
7
</Switch132>
<Switch133>
10
</Switch133>
<Switch134>
18
</Switch134>
<Switch135>
5
</Switch135>
<Switch136>
0
</Switch136>
<Switch137>
2
</Switch137>
<Switch138>
18
</Switch138>
<Switch139>
5
</Switch139>
<Switch140>
17
</Switch140>
<Switch141>
1
</Switch141>
<Switch142>
15
</Switch142>
<Switch143>
11
</Switch143>
<Switch144>
14
</Switch144>
<Switch145>
11
</Switch145>
<Switch146>
16
</Switch146>
<Switch147>
3
</Switch147>
<Switch148>
9
</Switch148>
<Switch149>
9
</Switch149>
<Switch150>
0
</Switch150>
<Switch151>
18
</Switch151>
<Switch152>
8
</Switch152>
<Switch153>
10
</Switch153>
<Switch154>
13
</Switch154>
<Switch155>
15
</Switch155>
<Switch156>
14
</Switch156>
<Switch157>
18
</Switch157>
<Switch158>
10
</Switch158>
<Switch159>
13
</Switch159>
<Switch160>
5
</Switch160>
<Switch161>
19
</Switch161>
<Switch162>
16
</Switch162>
<Switch163>
17
</Switch163>
<Switch164>
11
</Switch164>
<Switch165>
16
</Switch165>
<Switch166>
9
</Switch166>
<Switch167>
10
</Switch167>
<Switch168>
2
</Switch168>
<Switch169>
2
</Switch169>
<Switch170>
6
</Switch170>
<Switch171>
12
</Switch171>
<Switch172>
16
</Switch172>
<Switch173>
19
</Switch173>
<Switch174>
15
</Switch174>
<Switch175>
5
</Switch175>
<Switch176>
15
</Switch176>
<Switch177>
5
</Switch177>
<Switch178>
17
</Switch178>
<Switch179>
3
</Switch179>
<Switch180>
10
</Switch180>
<Switch181>
7
</Switch181>
<Switch182>
19
</Switch182>
<Switch183>
19
</Switch183>
<Switch184>
10
</Switch184>
<Switch185>
15
</Switch185>
<Switch186>
18
</Switch186>
<Switch187>
12
</Switch187>
<Switch188>
5
</Switch188>
<Switch189>
16
</Switch189>
<Switch190>
16
</Switch190>
<Switch191>
16
</Switch191>
<Switch192>
13
</Switch192>
<Switch193>
4
</Switch193>
<Switch194>
8
</Switch194>
<Switch195>
11
</Switch195>
<Switch196>
1
</Switch196>
<Switch197>
15
</Switch197>
<Switch198>
1
</Switch198>
<Switch199>
13
</Switch199>
<Switch200>
9
</Switch200>
<Switch201>
19
</Switch201>
<Switch202>
5
</Switch202>
<Switch203>
18
</Switch203>
<Switch204>
11
</Switch204>
<Switch205>
7
</Switch205>
<Switch206>
16
</Switch206>
<Switch207>
2
</Switch207>
<Switch208>
19
</Switch208>
<Switch209>
18
</Switch209>
<Switch210>
6
</Switch210>
<Switch211>
16
</Switch211>
<Switch212>
7
</Switch212>
<Switch213>
4
</Switch213>
<Switch214>
13
</Switch214>
<Switch215>
4
</Switch215>
<Switch216>
4
</Switch216>
<Switch217>
4
</Switch217>
<Switch218>
16
</Switch218>
<Switch219>
12
</Switch219>
<Switch220>
6
</Switch220>
<Switch221>
14
</Switch221>
<Switch222>
10
</Switch222>
<Switch223>
0
</Switch223>
<Switch224>
6
</Switch224>
<Switch225>
2
</Switch225>
<Switch226>
7
</Switch226>
<Switch227>
6
</Switch227>
<Switch228>
19
</Switch228>
<Switch229>
3
</Switch229>
<Switch230>
18
</Switch230>
<Switch231>
9
</Switch231>
<Switch232>
10
</Switch232>
<Switch233>
1
</Switch233>
<Switch234>
3
</Switch234>
<Switch235>
11
</Switch235>
<Switch236>
19
</Switch236>
<Switch237>
4
</Switch237>
<Switch238>
16
</Switch238>
<Switch239>
14
</Switch239>
<Switch240>
5
</Switch240>
<Switch241>
13
</Switch241>
<Switch242>
15
</Switch242>
<Switch243>
19
</Switch243>
<Switch244>
14
</Switch244>
<Switch245>
4
</Switch245>
<Switch246>
3
</Switch246>
<Switch247>
9
</Switch247>
<Switch248>
5
</Switch248>
<Switch249>
4
</Switch249>
<Switch250>
8
</Switch250>
<Switch251>
2
</Switch251>
<Switch252>
17
</Switch252>
<Switch253>
16
</Switch253>
<Switch254>
8
</Switch254>
<Switch255>
5
</Switch255>
<Switch256>
19
</Switch256>
<Switch257>
15
</Switch257>
<Switch258>
1
</Switch258>
<Switch259>
7
</Switch259>
<Switch260>
3
</Switch260>
<Switch261>
15
</Switch261>
<Switch262>
1
</Switch262>
<Switch263>
8
</Switch263>
<Switch264>
4
</Switch264>
<Switch265>
4
</Switch265>
<Switch266>
13
</Switch266>
<Switch267>
10
</Switch267>
<Switch268>
2
</Switch268>
<Switch269>
15
</Switch269>
<Switch270>
18
</Switch270>
<Switch271>
5
</Switch271>
<Switch272>
2
</Switch272>
<Switch273>
2
</Switch273>
<Switch274>
14
</Switch274>
<Switch275>
15
</Switch275>
<Switch276>
5
</Switch276>
<Switch277>
18
</Switch277>
<Switch278>
7
</Switch278>
<Switch279>
6
</Switch279>
<Switch280>
1
</Switch280>
<Switch281>
0
</Switch281>
<Switch282>
10
</Switch282>
<Switch283>
7
</Switch283>
<Switch284>
5
</Switch284>
<Switch285>
10
</Switch285>
<Switch286>
3
</Switch286>
<Switch287>
15
</Switch287>
<Switch288>
8
</Switch288>
<Switch289>
1
</Switch289>
<Switch290>
5
</Switch290>
<Switch291>
6
</Switch291>
<Switch292>
18
</Switch292>
<Switch293>
13
</Switch293>
<Switch294>
0
</Switch294>
<Switch295>
1
</Switch295>
<Switch296>
3
</Switch296>
<Switch297>
1
</Switch297>
<Switch298>
7
</Switch298>
<Switch299>
15
</Switch299>
<Switch300>
9
</Switch300>
<Switch301>
9
</Switch301>
<Switch302>
2
</Switch302>
<Switch303>
19
</Switch303>
<Switch304>
13
</Switch304>
<Switch305>
6
</Switch305>
<Switch306>
17
</Switch306>
<Switch307>
10
</Switch307>
<Switch308>
1
</Switch308>
<Switch309>
15
</Switch309>
<Switch310>
19
</Switch310>
<Switch311>
12
</Switch311>
<Switch312>
9
</Switch312>
<Switch313>
11
</Switch313>
<Switch314>
5
</Switch314>
<Switch315>
14
</Switch315>
<Switch316>
4
</Switch316>
<Switch317>
12
</Switch317>
<Switch318>
1
</Switch318>
<Switch319>
6
</Switch319>
<Switch320>
6
</Switch320>
<Switch321>
12
</Switch321>
<Switch322>
16
</Switch322>
<Switch323>
6
</Switch323>
<Switch324>
12
</Switch324>
<Switch325>
11
</Switch325>
<Switch326>
17
</Switch326>
<Switch327>
4
</Switch327>
<Switch328>
16
</Switch328>
<Switch329>
15
</Switch329>
<Switch330>
13
</Switch330>
<Switch331>
3
</Switch331>
<Switch332>
0
</Switch332>
<Switch333>
19
</Switch333>
<Switch334>
4
</Switch334>
<Switch335>
8
</Switch335>
<Switch336>
18
</Switch336>
<Switch337>
12
</Switch337>
<Switch338>
0
</Switch338>
<Switch339>
0
</Switch339>
<Switch340>
6
</Switch340>
<Switch341>
19
</Switch341>
<Switch342>
6
</Switch342>
<Switch343>
13
</Switch343>
<Switch344>
12
</Switch344>
<Switch345>
9
</Switch345>
<Switch346>
2
</Switch346>
<Switch347>
4
</Switch347>
<Switch348>
4
</Switch348>
<Switch349>
9
</Switch349>
<Switch350>
12
</Switch350>
<Switch351>
17
</Switch351>
<Switch352>
12
</Switch352>
<Switch353>
6
</Switch353>
<Switch354>
17
</Switch354>
<Switch355>
8
</Switch355>
<Switch356>
5
</Switch356>
<Switch357>
1
</Switch357>
<Switch358>
11
</Switch358>
<Switch359>
8
</Switch359>
<Switch360>
6
</Switch360>
<Switch361>
6
</Switch361>
<Switch362>
14
</Switch362>
<Switch363>
10
</Switch363>
<Switch364>
19
</Switch364>
<Switch365>
4
</Switch365>
<Switch366>
16
</Switch366>
<Switch367>
4
</Switch367>
<Switch368>
14
</Switch368>
<Switch369>
12
</Switch369>
<Switch370>
8
</Switch370>
<Switch371>
14
</Switch371>
<Switch372>
4
</Switch372>
<Switch373>
10
</Switch373>
<Switch374>
12
</Switch374>
<Switch375>
18
</Switch375>
<Switch376>
2
</Switch376>
<Switch377>
10
</Switch377>
<Switch378>
12
</Switch378>
<Switch379>
4
</Switch379>
<Switch380>
14
</Switch380>
<Switch381>
10
</Switch381>
<Switch382>
3
</Switch382>
<Switch383>
18
</Switch383>
<Switch384>
14
</Switch384>
<Switch385>
1
</Switch385>
<Switch386>
17
</Switch386>
<Switch387>
15
</Switch387>
<Switch388>
9
</Switch388>
<Switch389>
13
</Switch389>
<Switch390>
2
</Switch390>
<Switch391>
15
</Switch391>
<Switch392>
10
</Switch392>
<Switch393>
2
</Switch393>
<Switch394>
15
</Switch394>
<Switch395>
7
</Switch395>
<Switch396>
18
</Switch396>
<Switch397>
15
</Switch397>
<Switch398>
19
</Switch398>
<Switch399>
7
</Switch399>
<Switch400>
4
</Switch400>
<Switch401>
18
</Switch401>
<Switch402>
5
</Switch402>
<Switch403>
19
</Switch403>
<Switch404>
3
</Switch404>
<Switch405>
3
</Switch405>
<Switch406>
5
</Switch406>
<Switch407>
16
</Switch407>
<Switch408>
12
</Switch408>
<Switch409>
15
</Switch409>
<Switch410>
9
</Switch410>
<Switch411>
8
</Switch411>
<Switch412>
7
</Switch412>
<Switch413>
11
</Switch413>
<Switch414>
6
</Switch414>
<Switch415>
0
</Switch415>
<Switch416>
17
</Switch416>
<Switch417>
12
</Switch417>
<Switch418>
12
</Switch418>
<Switch419>
11
</Switch419>
<Switch420>
8
</Switch420>
<Switch421>
17
</Switch421>
<Switch422>
3
</Switch422>
<Switch423>
4
</Switch423>
<Switch424>
7
</Switch424>
<Switch425>
12
</Switch425>
<Switch426>
12
</Switch426>
<Switch427>
7
</Switch427>
<Switch428>
12
</Switch428>
<Switch429>
19
</Switch429>
<Switch430>
4
</Switch430>
<Switch431>
1
</Switch431>
<Switch432>
5
</Switch432>
<Switch433>
7
</Switch433>
<Switch434>
19
</Switch434>
<Switch435>
0
</Switch435>
<Switch436>
11
</Switch436>
<Switch437>
16
</Switch437>
<Switch438>
1
</Switch438>
<Switch439>
5
</Switch439>
<Switch440>
18
</Switch440>
<Switch441>
11
</Switch441>
<Switch442>
7
</Switch442>
<Switch443>
8
</Switch443>
<Switch444>
13
</Switch444>
<Switch445>
3
</Switch445>
<Switch446>
17
</Switch446>
<Switch447>
8
</Switch447>
<Switch448>
13
</Switch448>
<Switch449>
7
</Switch449>
<Switch450>
9
</Switch450>
<Switch451>
10
</Switch451>
<Switch452>
18
</Switch452>
<Switch453>
3
</Switch453>
<Switch454>
4
</Switch454>
<Switch455>
7
</Switch455>
<Switch456>
6
</Switch456>
<Switch457>
15
</Switch457>
<Switch458>
4
</Switch458>
<Switch459>
9
</Switch459>
<Switch460>
15
</Switch460>
<Switch461>
5
</Switch461>
<Switch462>
10
</Switch462>
<Switch463>
2
</Switch463>
<Switch464>
8
</Switch464>
<Switch465>
6
</Switch465>
<Switch466>
1
</Switch466>
<Switch467>
9
</Switch467>
<Switch468>
12
</Switch468>
<Switch469>
19
</Switch469>
<Switch470>
1
</Switch470>
<Switch471>
7
</Switch471>
<Switch472>
18
</Switch472>
<Switch473>
14
</Switch473>
<Switch474>
18
</Switch474>
<Switch475>
13
</Switch475>
<Switch476>
9
</Switch476>
<Switch477>
0
</Switch477>
<Switch478>
13
</Switch478>
<Switch479>
0
</Switch479>
<Switch480>
4
</Switch480>
<Switch481>
11
</Switch481>
<Switch482>
1
</Switch482>
<Switch483>
5
</Switch483>
<Switch484>
18
</Switch484>
<Switch485>
9
</Switch485>
<Switch486>
6
</Switch486>
<Switch487>
12
</Switch487>
<Switch488>
10
</Switch488>
<Switch489>
4
</Switch489>
<Switch490>
12
</Switch490>
<Switch491>
18
</Switch491>
<Switch492>
5
</Switch492>
<Switch493>
17
</Switch493>
<Switch494>
15
</Switch494>
<Switch495>
14
</Switch495>
<Switch496>
1
</Switch496>
<Switch497>
19
</Switch497>
<Switch498>
12
</Switch498>
<Switch499>
5
</Switch499>
<Switch500>
13
</Switch500>
<Switch501>
17
</Switch501>
<Switch502>
15
</Switch502>
<Switch503>
0
</Switch503>
<Switch504>
6
</Switch504>
<Switch505>
16
</Switch505>
<Switch506>
15
</Switch506>
<Switch507>
7
</Switch507>
<Switch508>
7
</Switch508>
<Switch509>
4
</Switch509>
<Switch510>
8
</Switch510>
<Switch511>
9
</Switch511>
<Switch512>
0
</Switch512>
<Switch513>
19
</Switch513>
<Switch514>
12
</Switch514>
<Switch515>
7
</Switch515>
<Switch516>
6
</Switch516>
<Switch517>
15
</Switch517>
<Switch518>
14
</Switch518>
<Switch519>
3
</Switch519>
<Switch520>
19
</Switch520>
<Switch521>
5
</Switch521>
<Switch522>
7
</Switch522>
<Switch523>
9
</Switch523>
<Switch524>
4
</Switch524>
<Switch525>
2
</Switch525>
<Switch526>
11
</Switch526>
<Switch527>
5
</Switch527>
<Switch528>
1
</Switch528>
<Switch529>
19
</Switch529>
<Switch530>
4
</Switch530>
<Switch531>
0
</Switch531>
<Switch532>
0
</Switch532>
<Switch533>
1
</Switch533>
<Switch534>
17
</Switch534>
<Switch535>
18
</Switch535>
<Switch536>
6
</Switch536>
<Switch537>
18
</Switch537>
<Switch538>
10
</Switch538>
<Switch539>
5
</Switch539>
<Switch540>
7
</Switch540>
<Switch541>
8
</Switch541>
<Switch542>
8
</Switch542>
<Switch543>
11
</Switch543>
<Switch544>
1
</Switch544>
<Switch545>
15
</Switch545>
<Switch546>
10
</Switch546>
<Switch547>
13
</Switch547>
<Switch548>
0
</Switch548>
<Switch549>
19
</Switch549>
<Switch550>
3
</Switch550>
<Switch551>
16
</Switch551>
<Switch552>
6
</Switch552>
<Switch553>
12
</Switch553>
<Switch554>
18
</Switch554>
<Switch555>
11
</Switch555>
</BaseID:293>
