<?xml version="1.0"?>

<BaseID:296>
<Switch1>
8
</Switch1>
<Switch2>
0
</Switch2>
<Switch3>
1
</Switch3>
<Switch4>
10
</Switch4>
<Switch5>
16
</Switch5>
<Switch6>
7
</Switch6>
<Switch7>
4
</Switch7>
<Switch8>
12
</Switch8>
<Switch9>
2
</Switch9>
<Switch10>
0
</Switch10>
<Switch11>
16
</Switch11>
<Switch12>
4
</Switch12>
<Switch13>
11
</Switch13>
<Switch14>
13
</Switch14>
<Switch15>
17
</Switch15>
<Switch16>
14
</Switch16>
<Switch17>
8
</Switch17>
<Switch18>
0
</Switch18>
<Switch19>
4
</Switch19>
<Switch20>
3
</Switch20>
<Switch21>
6
</Switch21>
<Switch22>
13
</Switch22>
<Switch23>
9
</Switch23>
<Switch24>
15
</Switch24>
<Switch25>
4
</Switch25>
<Switch26>
19
</Switch26>
<Switch27>
11
</Switch27>
<Switch28>
5
</Switch28>
<Switch29>
17
</Switch29>
<Switch30>
5
</Switch30>
<Switch31>
10
</Switch31>
<Switch32>
0
</Switch32>
<Switch33>
0
</Switch33>
<Switch34>
19
</Switch34>
<Switch35>
16
</Switch35>
<Switch36>
11
</Switch36>
<Switch37>
10
</Switch37>
<Switch38>
10
</Switch38>
<Switch39>
1
</Switch39>
<Switch40>
9
</Switch40>
<Switch41>
5
</Switch41>
<Switch42>
16
</Switch42>
<Switch43>
10
</Switch43>
<Switch44>
19
</Switch44>
<Switch45>
15
</Switch45>
<Switch46>
13
</Switch46>
<Switch47>
10
</Switch47>
<Switch48>
3
</Switch48>
<Switch49>
19
</Switch49>
<Switch50>
0
</Switch50>
<Switch51>
6
</Switch51>
<Switch52>
13
</Switch52>
<Switch53>
6
</Switch53>
<Switch54>
15
</Switch54>
<Switch55>
14
</Switch55>
<Switch56>
17
</Switch56>
<Switch57>
15
</Switch57>
<Switch58>
11
</Switch58>
<Switch59>
9
</Switch59>
<Switch60>
8
</Switch60>
<Switch61>
11
</Switch61>
<Switch62>
6
</Switch62>
<Switch63>
16
</Switch63>
<Switch64>
4
</Switch64>
<Switch65>
15
</Switch65>
<Switch66>
6
</Switch66>
<Switch67>
16
</Switch67>
<Switch68>
16
</Switch68>
<Switch69>
4
</Switch69>
<Switch70>
19
</Switch70>
<Switch71>
12
</Switch71>
<Switch72>
0
</Switch72>
<Switch73>
9
</Switch73>
<Switch74>
6
</Switch74>
<Switch75>
6
</Switch75>
<Switch76>
7
</Switch76>
<Switch77>
5
</Switch77>
<Switch78>
13
</Switch78>
<Switch79>
9
</Switch79>
<Switch80>
3
</Switch80>
<Switch81>
12
</Switch81>
<Switch82>
7
</Switch82>
<Switch83>
16
</Switch83>
<Switch84>
2
</Switch84>
<Switch85>
8
</Switch85>
<Switch86>
5
</Switch86>
<Switch87>
4
</Switch87>
<Switch88>
7
</Switch88>
<Switch89>
16
</Switch89>
<Switch90>
14
</Switch90>
<Switch91>
15
</Switch91>
<Switch92>
19
</Switch92>
<Switch93>
1
</Switch93>
<Switch94>
9
</Switch94>
<Switch95>
9
</Switch95>
<Switch96>
10
</Switch96>
<Switch97>
2
</Switch97>
<Switch98>
9
</Switch98>
<Switch99>
9
</Switch99>
<Switch100>
9
</Switch100>
<Switch101>
10
</Switch101>
<Switch102>
7
</Switch102>
<Switch103>
5
</Switch103>
<Switch104>
3
</Switch104>
<Switch105>
2
</Switch105>
<Switch106>
4
</Switch106>
<Switch107>
19
</Switch107>
<Switch108>
5
</Switch108>
<Switch109>
16
</Switch109>
<Switch110>
17
</Switch110>
<Switch111>
14
</Switch111>
<Switch112>
7
</Switch112>
<Switch113>
2
</Switch113>
<Switch114>
4
</Switch114>
<Switch115>
9
</Switch115>
<Switch116>
17
</Switch116>
<Switch117>
8
</Switch117>
<Switch118>
11
</Switch118>
<Switch119>
8
</Switch119>
<Switch120>
14
</Switch120>
<Switch121>
17
</Switch121>
<Switch122>
1
</Switch122>
<Switch123>
14
</Switch123>
<Switch124>
17
</Switch124>
<Switch125>
2
</Switch125>
<Switch126>
14
</Switch126>
<Switch127>
0
</Switch127>
<Switch128>
2
</Switch128>
<Switch129>
13
</Switch129>
<Switch130>
5
</Switch130>
<Switch131>
14
</Switch131>
<Switch132>
11
</Switch132>
<Switch133>
13
</Switch133>
<Switch134>
5
</Switch134>
<Switch135>
11
</Switch135>
<Switch136>
0
</Switch136>
<Switch137>
11
</Switch137>
<Switch138>
15
</Switch138>
<Switch139>
3
</Switch139>
<Switch140>
16
</Switch140>
<Switch141>
1
</Switch141>
<Switch142>
0
</Switch142>
<Switch143>
14
</Switch143>
<Switch144>
11
</Switch144>
<Switch145>
15
</Switch145>
<Switch146>
7
</Switch146>
<Switch147>
13
</Switch147>
<Switch148>
14
</Switch148>
<Switch149>
18
</Switch149>
<Switch150>
15
</Switch150>
<Switch151>
17
</Switch151>
<Switch152>
11
</Switch152>
<Switch153>
12
</Switch153>
<Switch154>
10
</Switch154>
<Switch155>
4
</Switch155>
<Switch156>
10
</Switch156>
<Switch157>
3
</Switch157>
<Switch158>
17
</Switch158>
<Switch159>
14
</Switch159>
<Switch160>
7
</Switch160>
<Switch161>
4
</Switch161>
<Switch162>
16
</Switch162>
<Switch163>
1
</Switch163>
<Switch164>
1
</Switch164>
<Switch165>
16
</Switch165>
<Switch166>
2
</Switch166>
<Switch167>
6
</Switch167>
<Switch168>
0
</Switch168>
<Switch169>
1
</Switch169>
<Switch170>
8
</Switch170>
<Switch171>
5
</Switch171>
<Switch172>
17
</Switch172>
<Switch173>
14
</Switch173>
<Switch174>
3
</Switch174>
<Switch175>
17
</Switch175>
<Switch176>
16
</Switch176>
<Switch177>
17
</Switch177>
<Switch178>
8
</Switch178>
<Switch179>
16
</Switch179>
<Switch180>
2
</Switch180>
<Switch181>
19
</Switch181>
<Switch182>
15
</Switch182>
<Switch183>
12
</Switch183>
<Switch184>
16
</Switch184>
<Switch185>
7
</Switch185>
<Switch186>
7
</Switch186>
<Switch187>
10
</Switch187>
<Switch188>
15
</Switch188>
<Switch189>
3
</Switch189>
<Switch190>
9
</Switch190>
<Switch191>
18
</Switch191>
<Switch192>
7
</Switch192>
<Switch193>
2
</Switch193>
<Switch194>
4
</Switch194>
<Switch195>
1
</Switch195>
<Switch196>
0
</Switch196>
<Switch197>
3
</Switch197>
<Switch198>
6
</Switch198>
<Switch199>
19
</Switch199>
<Switch200>
0
</Switch200>
<Switch201>
16
</Switch201>
<Switch202>
14
</Switch202>
<Switch203>
13
</Switch203>
<Switch204>
19
</Switch204>
<Switch205>
1
</Switch205>
<Switch206>
6
</Switch206>
<Switch207>
18
</Switch207>
<Switch208>
3
</Switch208>
<Switch209>
1
</Switch209>
<Switch210>
3
</Switch210>
<Switch211>
10
</Switch211>
<Switch212>
9
</Switch212>
<Switch213>
1
</Switch213>
<Switch214>
15
</Switch214>
<Switch215>
12
</Switch215>
<Switch216>
2
</Switch216>
<Switch217>
0
</Switch217>
<Switch218>
11
</Switch218>
<Switch219>
1
</Switch219>
<Switch220>
15
</Switch220>
<Switch221>
10
</Switch221>
<Switch222>
15
</Switch222>
<Switch223>
2
</Switch223>
<Switch224>
16
</Switch224>
<Switch225>
4
</Switch225>
<Switch226>
16
</Switch226>
<Switch227>
2
</Switch227>
<Switch228>
3
</Switch228>
<Switch229>
14
</Switch229>
<Switch230>
1
</Switch230>
<Switch231>
10
</Switch231>
<Switch232>
14
</Switch232>
<Switch233>
4
</Switch233>
<Switch234>
5
</Switch234>
<Switch235>
6
</Switch235>
<Switch236>
14
</Switch236>
<Switch237>
9
</Switch237>
<Switch238>
0
</Switch238>
<Switch239>
17
</Switch239>
<Switch240>
3
</Switch240>
<Switch241>
18
</Switch241>
<Switch242>
8
</Switch242>
<Switch243>
11
</Switch243>
<Switch244>
13
</Switch244>
<Switch245>
7
</Switch245>
<Switch246>
0
</Switch246>
<Switch247>
15
</Switch247>
<Switch248>
9
</Switch248>
<Switch249>
7
</Switch249>
<Switch250>
14
</Switch250>
<Switch251>
19
</Switch251>
<Switch252>
14
</Switch252>
<Switch253>
0
</Switch253>
<Switch254>
7
</Switch254>
<Switch255>
2
</Switch255>
<Switch256>
0
</Switch256>
<Switch257>
6
</Switch257>
<Switch258>
8
</Switch258>
<Switch259>
8
</Switch259>
<Switch260>
7
</Switch260>
<Switch261>
18
</Switch261>
<Switch262>
10
</Switch262>
<Switch263>
6
</Switch263>
<Switch264>
19
</Switch264>
<Switch265>
13
</Switch265>
<Switch266>
9
</Switch266>
<Switch267>
10
</Switch267>
<Switch268>
7
</Switch268>
<Switch269>
19
</Switch269>
<Switch270>
10
</Switch270>
<Switch271>
0
</Switch271>
<Switch272>
11
</Switch272>
<Switch273>
2
</Switch273>
<Switch274>
8
</Switch274>
<Switch275>
3
</Switch275>
<Switch276>
13
</Switch276>
<Switch277>
2
</Switch277>
<Switch278>
10
</Switch278>
<Switch279>
5
</Switch279>
<Switch280>
17
</Switch280>
<Switch281>
14
</Switch281>
<Switch282>
4
</Switch282>
<Switch283>
9
</Switch283>
<Switch284>
13
</Switch284>
<Switch285>
2
</Switch285>
<Switch286>
12
</Switch286>
<Switch287>
11
</Switch287>
<Switch288>
1
</Switch288>
<Switch289>
8
</Switch289>
<Switch290>
12
</Switch290>
<Switch291>
7
</Switch291>
<Switch292>
10
</Switch292>
<Switch293>
10
</Switch293>
<Switch294>
5
</Switch294>
<Switch295>
12
</Switch295>
<Switch296>
10
</Switch296>
<Switch297>
6
</Switch297>
<Switch298>
2
</Switch298>
<Switch299>
12
</Switch299>
<Switch300>
1
</Switch300>
<Switch301>
14
</Switch301>
<Switch302>
15
</Switch302>
<Switch303>
8
</Switch303>
<Switch304>
7
</Switch304>
<Switch305>
7
</Switch305>
<Switch306>
9
</Switch306>
<Switch307>
2
</Switch307>
<Switch308>
18
</Switch308>
<Switch309>
16
</Switch309>
<Switch310>
5
</Switch310>
<Switch311>
11
</Switch311>
<Switch312>
2
</Switch312>
<Switch313>
19
</Switch313>
<Switch314>
13
</Switch314>
<Switch315>
8
</Switch315>
<Switch316>
3
</Switch316>
<Switch317>
15
</Switch317>
<Switch318>
3
</Switch318>
<Switch319>
16
</Switch319>
<Switch320>
16
</Switch320>
<Switch321>
6
</Switch321>
<Switch322>
4
</Switch322>
<Switch323>
3
</Switch323>
<Switch324>
11
</Switch324>
<Switch325>
19
</Switch325>
<Switch326>
16
</Switch326>
<Switch327>
11
</Switch327>
<Switch328>
17
</Switch328>
<Switch329>
17
</Switch329>
<Switch330>
9
</Switch330>
<Switch331>
12
</Switch331>
<Switch332>
4
</Switch332>
<Switch333>
2
</Switch333>
<Switch334>
9
</Switch334>
<Switch335>
11
</Switch335>
<Switch336>
10
</Switch336>
<Switch337>
18
</Switch337>
<Switch338>
13
</Switch338>
<Switch339>
16
</Switch339>
<Switch340>
14
</Switch340>
<Switch341>
8
</Switch341>
<Switch342>
4
</Switch342>
<Switch343>
8
</Switch343>
<Switch344>
7
</Switch344>
<Switch345>
19
</Switch345>
<Switch346>
18
</Switch346>
<Switch347>
14
</Switch347>
<Switch348>
9
</Switch348>
<Switch349>
3
</Switch349>
<Switch350>
3
</Switch350>
<Switch351>
18
</Switch351>
<Switch352>
13
</Switch352>
<Switch353>
3
</Switch353>
<Switch354>
12
</Switch354>
<Switch355>
12
</Switch355>
<Switch356>
7
</Switch356>
<Switch357>
11
</Switch357>
<Switch358>
5
</Switch358>
<Switch359>
16
</Switch359>
<Switch360>
19
</Switch360>
<Switch361>
15
</Switch361>
<Switch362>
8
</Switch362>
<Switch363>
14
</Switch363>
<Switch364>
17
</Switch364>
<Switch365>
7
</Switch365>
<Switch366>
18
</Switch366>
<Switch367>
5
</Switch367>
<Switch368>
14
</Switch368>
<Switch369>
15
</Switch369>
<Switch370>
7
</Switch370>
<Switch371>
13
</Switch371>
<Switch372>
17
</Switch372>
<Switch373>
6
</Switch373>
<Switch374>
12
</Switch374>
<Switch375>
1
</Switch375>
<Switch376>
6
</Switch376>
<Switch377>
2
</Switch377>
<Switch378>
18
</Switch378>
<Switch379>
17
</Switch379>
<Switch380>
18
</Switch380>
<Switch381>
2
</Switch381>
<Switch382>
6
</Switch382>
<Switch383>
1
</Switch383>
<Switch384>
12
</Switch384>
<Switch385>
9
</Switch385>
<Switch386>
5
</Switch386>
<Switch387>
18
</Switch387>
<Switch388>
9
</Switch388>
<Switch389>
16
</Switch389>
<Switch390>
1
</Switch390>
<Switch391>
18
</Switch391>
<Switch392>
7
</Switch392>
<Switch393>
19
</Switch393>
<Switch394>
5
</Switch394>
<Switch395>
2
</Switch395>
<Switch396>
3
</Switch396>
<Switch397>
18
</Switch397>
<Switch398>
18
</Switch398>
<Switch399>
18
</Switch399>
<Switch400>
17
</Switch400>
<Switch401>
5
</Switch401>
<Switch402>
15
</Switch402>
<Switch403>
17
</Switch403>
<Switch404>
5
</Switch404>
<Switch405>
19
</Switch405>
<Switch406>
5
</Switch406>
<Switch407>
14
</Switch407>
<Switch408>
9
</Switch408>
<Switch409>
4
</Switch409>
<Switch410>
16
</Switch410>
<Switch411>
7
</Switch411>
<Switch412>
3
</Switch412>
<Switch413>
17
</Switch413>
<Switch414>
1
</Switch414>
<Switch415>
16
</Switch415>
<Switch416>
9
</Switch416>
<Switch417>
5
</Switch417>
<Switch418>
6
</Switch418>
<Switch419>
14
</Switch419>
<Switch420>
6
</Switch420>
<Switch421>
14
</Switch421>
<Switch422>
7
</Switch422>
<Switch423>
2
</Switch423>
<Switch424>
7
</Switch424>
<Switch425>
0
</Switch425>
<Switch426>
7
</Switch426>
<Switch427>
16
</Switch427>
<Switch428>
3
</Switch428>
<Switch429>
14
</Switch429>
<Switch430>
14
</Switch430>
<Switch431>
4
</Switch431>
<Switch432>
1
</Switch432>
<Switch433>
2
</Switch433>
<Switch434>
2
</Switch434>
<Switch435>
16
</Switch435>
<Switch436>
13
</Switch436>
<Switch437>
13
</Switch437>
<Switch438>
6
</Switch438>
<Switch439>
18
</Switch439>
<Switch440>
14
</Switch440>
<Switch441>
12
</Switch441>
<Switch442>
6
</Switch442>
<Switch443>
18
</Switch443>
<Switch444>
19
</Switch444>
<Switch445>
7
</Switch445>
<Switch446>
11
</Switch446>
<Switch447>
11
</Switch447>
<Switch448>
4
</Switch448>
<Switch449>
14
</Switch449>
<Switch450>
2
</Switch450>
<Switch451>
10
</Switch451>
<Switch452>
8
</Switch452>
<Switch453>
15
</Switch453>
<Switch454>
4
</Switch454>
<Switch455>
3
</Switch455>
<Switch456>
9
</Switch456>
<Switch457>
1
</Switch457>
<Switch458>
10
</Switch458>
<Switch459>
16
</Switch459>
<Switch460>
12
</Switch460>
<Switch461>
19
</Switch461>
<Switch462>
10
</Switch462>
<Switch463>
10
</Switch463>
<Switch464>
8
</Switch464>
<Switch465>
16
</Switch465>
<Switch466>
18
</Switch466>
<Switch467>
10
</Switch467>
<Switch468>
2
</Switch468>
<Switch469>
15
</Switch469>
<Switch470>
16
</Switch470>
<Switch471>
18
</Switch471>
<Switch472>
15
</Switch472>
<Switch473>
11
</Switch473>
<Switch474>
19
</Switch474>
<Switch475>
0
</Switch475>
<Switch476>
14
</Switch476>
<Switch477>
17
</Switch477>
<Switch478>
2
</Switch478>
<Switch479>
12
</Switch479>
<Switch480>
4
</Switch480>
<Switch481>
19
</Switch481>
<Switch482>
15
</Switch482>
<Switch483>
3
</Switch483>
<Switch484>
6
</Switch484>
<Switch485>
17
</Switch485>
<Switch486>
16
</Switch486>
<Switch487>
2
</Switch487>
<Switch488>
2
</Switch488>
<Switch489>
15
</Switch489>
<Switch490>
6
</Switch490>
<Switch491>
18
</Switch491>
<Switch492>
11
</Switch492>
<Switch493>
13
</Switch493>
<Switch494>
6
</Switch494>
<Switch495>
2
</Switch495>
<Switch496>
19
</Switch496>
<Switch497>
8
</Switch497>
<Switch498>
5
</Switch498>
<Switch499>
0
</Switch499>
<Switch500>
14
</Switch500>
<Switch501>
6
</Switch501>
<Switch502>
14
</Switch502>
<Switch503>
9
</Switch503>
<Switch504>
9
</Switch504>
<Switch505>
5
</Switch505>
<Switch506>
8
</Switch506>
<Switch507>
19
</Switch507>
<Switch508>
1
</Switch508>
<Switch509>
9
</Switch509>
<Switch510>
11
</Switch510>
<Switch511>
8
</Switch511>
<Switch512>
15
</Switch512>
<Switch513>
3
</Switch513>
<Switch514>
1
</Switch514>
<Switch515>
5
</Switch515>
<Switch516>
5
</Switch516>
<Switch517>
7
</Switch517>
<Switch518>
14
</Switch518>
<Switch519>
2
</Switch519>
<Switch520>
15
</Switch520>
<Switch521>
18
</Switch521>
<Switch522>
11
</Switch522>
<Switch523>
6
</Switch523>
<Switch524>
7
</Switch524>
<Switch525>
1
</Switch525>
<Switch526>
1
</Switch526>
<Switch527>
12
</Switch527>
<Switch528>
10
</Switch528>
<Switch529>
13
</Switch529>
<Switch530>
14
</Switch530>
<Switch531>
12
</Switch531>
<Switch532>
1
</Switch532>
<Switch533>
16
</Switch533>
<Switch534>
10
</Switch534>
<Switch535>
3
</Switch535>
<Switch536>
9
</Switch536>
<Switch537>
10
</Switch537>
<Switch538>
11
</Switch538>
<Switch539>
9
</Switch539>
<Switch540>
19
</Switch540>
<Switch541>
1
</Switch541>
<Switch542>
9
</Switch542>
<Switch543>
17
</Switch543>
<Switch544>
3
</Switch544>
<Switch545>
15
</Switch545>
<Switch546>
10
</Switch546>
<Switch547>
16
</Switch547>
<Switch548>
8
</Switch548>
<Switch549>
17
</Switch549>
<Switch550>
3
</Switch550>
<Switch551>
4
</Switch551>
<Switch552>
2
</Switch552>
<Switch553>
10
</Switch553>
<Switch554>
18
</Switch554>
<Switch555>
13
</Switch555>
<Switch556>
0
</Switch556>
<Switch557>
6
</Switch557>
<Switch558>
12
</Switch558>
<Switch559>
5
</Switch559>
<Switch560>
13
</Switch560>
<Switch561>
13
</Switch561>
<Switch562>
0
</Switch562>
<Switch563>
3
</Switch563>
<Switch564>
18
</Switch564>
<Switch565>
0
</Switch565>
<Switch566>
13
</Switch566>
<Switch567>
10
</Switch567>
<Switch568>
5
</Switch568>
<Switch569>
14
</Switch569>
<Switch570>
18
</Switch570>
<Switch571>
16
</Switch571>
<Switch572>
5
</Switch572>
<Switch573>
4
</Switch573>
<Switch574>
2
</Switch574>
<Switch575>
15
</Switch575>
<Switch576>
2
</Switch576>
<Switch577>
11
</Switch577>
<Switch578>
19
</Switch578>
<Switch579>
13
</Switch579>
<Switch580>
8
</Switch580>
<Switch581>
8
</Switch581>
<Switch582>
3
</Switch582>
<Switch583>
16
</Switch583>
<Switch584>
16
</Switch584>
<Switch585>
18
</Switch585>
<Switch586>
1
</Switch586>
<Switch587>
5
</Switch587>
<Switch588>
19
</Switch588>
<Switch589>
0
</Switch589>
<Switch590>
6
</Switch590>
<Switch591>
8
</Switch591>
<Switch592>
0
</Switch592>
<Switch593>
14
</Switch593>
<Switch594>
2
</Switch594>
<Switch595>
10
</Switch595>
<Switch596>
13
</Switch596>
<Switch597>
14
</Switch597>
<Switch598>
18
</Switch598>
<Switch599>
11
</Switch599>
<Switch600>
18
</Switch600>
<Switch601>
0
</Switch601>
<Switch602>
8
</Switch602>
<Switch603>
15
</Switch603>
<Switch604>
10
</Switch604>
<Switch605>
11
</Switch605>
<Switch606>
15
</Switch606>
<Switch607>
13
</Switch607>
<Switch608>
18
</Switch608>
<Switch609>
3
</Switch609>
<Switch610>
5
</Switch610>
<Switch611>
18
</Switch611>
<Switch612>
16
</Switch612>
<Switch613>
15
</Switch613>
<Switch614>
13
</Switch614>
<Switch615>
17
</Switch615>
<Switch616>
5
</Switch616>
<Switch617>
11
</Switch617>
<Switch618>
18
</Switch618>
<Switch619>
19
</Switch619>
<Switch620>
15
</Switch620>
<Switch621>
16
</Switch621>
<Switch622>
8
</Switch622>
<Switch623>
10
</Switch623>
<Switch624>
19
</Switch624>
<Switch625>
17
</Switch625>
<Switch626>
9
</Switch626>
<Switch627>
11
</Switch627>
<Switch628>
7
</Switch628>
<Switch629>
3
</Switch629>
<Switch630>
19
</Switch630>
<Switch631>
1
</Switch631>
<Switch632>
19
</Switch632>
<Switch633>
13
</Switch633>
<Switch634>
16
</Switch634>
<Switch635>
6
</Switch635>
<Switch636>
6
</Switch636>
<Switch637>
0
</Switch637>
<Switch638>
3
</Switch638>
<Switch639>
12
</Switch639>
<Switch640>
4
</Switch640>
<Switch641>
10
</Switch641>
<Switch642>
7
</Switch642>
<Switch643>
12
</Switch643>
<Switch644>
0
</Switch644>
<Switch645>
18
</Switch645>
<Switch646>
18
</Switch646>
<Switch647>
11
</Switch647>
<Switch648>
5
</Switch648>
<Switch649>
13
</Switch649>
<Switch650>
8
</Switch650>
<Switch651>
19
</Switch651>
<Switch652>
17
</Switch652>
<Switch653>
13
</Switch653>
<Switch654>
6
</Switch654>
<Switch655>
11
</Switch655>
<Switch656>
17
</Switch656>
<Switch657>
10
</Switch657>
<Switch658>
18
</Switch658>
<Switch659>
19
</Switch659>
<Switch660>
15
</Switch660>
<Switch661>
5
</Switch661>
<Switch662>
9
</Switch662>
<Switch663>
17
</Switch663>
<Switch664>
10
</Switch664>
<Switch665>
9
</Switch665>
<Switch666>
12
</Switch666>
<Switch667>
12
</Switch667>
<Switch668>
6
</Switch668>
<Switch669>
5
</Switch669>
<Switch670>
4
</Switch670>
<Switch671>
19
</Switch671>
<Switch672>
16
</Switch672>
<Switch673>
9
</Switch673>
<Switch674>
17
</Switch674>
<Switch675>
8
</Switch675>
<Switch676>
13
</Switch676>
<Switch677>
9
</Switch677>
<Switch678>
10
</Switch678>
<Switch679>
15
</Switch679>
<Switch680>
3
</Switch680>
<Switch681>
4
</Switch681>
<Switch682>
11
</Switch682>
<Switch683>
5
</Switch683>
<Switch684>
4
</Switch684>
<Switch685>
7
</Switch685>
<Switch686>
11
</Switch686>
<Switch687>
10
</Switch687>
<Switch688>
12
</Switch688>
<Switch689>
5
</Switch689>
<Switch690>
6
</Switch690>
<Switch691>
7
</Switch691>
<Switch692>
13
</Switch692>
<Switch693>
18
</Switch693>
<Switch694>
3
</Switch694>
<Switch695>
6
</Switch695>
<Switch696>
6
</Switch696>
<Switch697>
16
</Switch697>
<Switch698>
16
</Switch698>
<Switch699>
3
</Switch699>
<Switch700>
13
</Switch700>
<Switch701>
2
</Switch701>
</BaseID:296>
