<?xml version="1.0"?>

<BaseID:298>
<Switch1>
14
</Switch1>
<Switch2>
11
</Switch2>
<Switch3>
7
</Switch3>
<Switch4>
3
</Switch4>
<Switch5>
3
</Switch5>
<Switch6>
1
</Switch6>
<Switch7>
17
</Switch7>
<Switch8>
18
</Switch8>
<Switch9>
18
</Switch9>
<Switch10>
10
</Switch10>
<Switch11>
2
</Switch11>
<Switch12>
11
</Switch12>
<Switch13>
11
</Switch13>
<Switch14>
10
</Switch14>
<Switch15>
8
</Switch15>
<Switch16>
0
</Switch16>
<Switch17>
1
</Switch17>
<Switch18>
8
</Switch18>
<Switch19>
15
</Switch19>
<Switch20>
2
</Switch20>
<Switch21>
5
</Switch21>
<Switch22>
19
</Switch22>
<Switch23>
13
</Switch23>
<Switch24>
0
</Switch24>
<Switch25>
7
</Switch25>
<Switch26>
3
</Switch26>
<Switch27>
7
</Switch27>
<Switch28>
2
</Switch28>
<Switch29>
18
</Switch29>
<Switch30>
18
</Switch30>
<Switch31>
6
</Switch31>
<Switch32>
2
</Switch32>
<Switch33>
7
</Switch33>
<Switch34>
11
</Switch34>
<Switch35>
1
</Switch35>
<Switch36>
1
</Switch36>
<Switch37>
2
</Switch37>
<Switch38>
3
</Switch38>
<Switch39>
15
</Switch39>
<Switch40>
12
</Switch40>
<Switch41>
15
</Switch41>
<Switch42>
5
</Switch42>
<Switch43>
13
</Switch43>
<Switch44>
6
</Switch44>
<Switch45>
16
</Switch45>
<Switch46>
17
</Switch46>
<Switch47>
13
</Switch47>
<Switch48>
2
</Switch48>
<Switch49>
16
</Switch49>
<Switch50>
8
</Switch50>
<Switch51>
18
</Switch51>
<Switch52>
6
</Switch52>
<Switch53>
9
</Switch53>
<Switch54>
14
</Switch54>
<Switch55>
16
</Switch55>
<Switch56>
4
</Switch56>
<Switch57>
19
</Switch57>
<Switch58>
8
</Switch58>
<Switch59>
4
</Switch59>
<Switch60>
1
</Switch60>
<Switch61>
8
</Switch61>
<Switch62>
0
</Switch62>
<Switch63>
9
</Switch63>
<Switch64>
0
</Switch64>
<Switch65>
9
</Switch65>
<Switch66>
12
</Switch66>
<Switch67>
6
</Switch67>
<Switch68>
8
</Switch68>
<Switch69>
11
</Switch69>
<Switch70>
9
</Switch70>
<Switch71>
8
</Switch71>
<Switch72>
18
</Switch72>
<Switch73>
8
</Switch73>
<Switch74>
5
</Switch74>
<Switch75>
1
</Switch75>
<Switch76>
14
</Switch76>
<Switch77>
8
</Switch77>
<Switch78>
12
</Switch78>
<Switch79>
15
</Switch79>
<Switch80>
17
</Switch80>
<Switch81>
19
</Switch81>
<Switch82>
2
</Switch82>
<Switch83>
3
</Switch83>
<Switch84>
5
</Switch84>
<Switch85>
13
</Switch85>
<Switch86>
6
</Switch86>
<Switch87>
1
</Switch87>
<Switch88>
1
</Switch88>
<Switch89>
5
</Switch89>
<Switch90>
16
</Switch90>
<Switch91>
16
</Switch91>
<Switch92>
11
</Switch92>
<Switch93>
5
</Switch93>
<Switch94>
17
</Switch94>
<Switch95>
19
</Switch95>
<Switch96>
9
</Switch96>
<Switch97>
18
</Switch97>
<Switch98>
18
</Switch98>
<Switch99>
19
</Switch99>
<Switch100>
4
</Switch100>
<Switch101>
7
</Switch101>
<Switch102>
9
</Switch102>
<Switch103>
6
</Switch103>
<Switch104>
4
</Switch104>
<Switch105>
0
</Switch105>
<Switch106>
3
</Switch106>
<Switch107>
6
</Switch107>
<Switch108>
4
</Switch108>
<Switch109>
13
</Switch109>
<Switch110>
3
</Switch110>
<Switch111>
2
</Switch111>
<Switch112>
9
</Switch112>
<Switch113>
14
</Switch113>
<Switch114>
16
</Switch114>
<Switch115>
1
</Switch115>
<Switch116>
19
</Switch116>
<Switch117>
18
</Switch117>
<Switch118>
7
</Switch118>
<Switch119>
11
</Switch119>
<Switch120>
8
</Switch120>
<Switch121>
12
</Switch121>
<Switch122>
8
</Switch122>
<Switch123>
10
</Switch123>
<Switch124>
6
</Switch124>
<Switch125>
15
</Switch125>
<Switch126>
8
</Switch126>
<Switch127>
8
</Switch127>
<Switch128>
4
</Switch128>
<Switch129>
1
</Switch129>
<Switch130>
8
</Switch130>
<Switch131>
16
</Switch131>
<Switch132>
5
</Switch132>
<Switch133>
7
</Switch133>
<Switch134>
8
</Switch134>
<Switch135>
11
</Switch135>
<Switch136>
12
</Switch136>
<Switch137>
19
</Switch137>
<Switch138>
7
</Switch138>
<Switch139>
3
</Switch139>
<Switch140>
16
</Switch140>
<Switch141>
13
</Switch141>
<Switch142>
18
</Switch142>
<Switch143>
14
</Switch143>
<Switch144>
0
</Switch144>
<Switch145>
14
</Switch145>
<Switch146>
16
</Switch146>
<Switch147>
13
</Switch147>
<Switch148>
4
</Switch148>
<Switch149>
8
</Switch149>
<Switch150>
18
</Switch150>
<Switch151>
8
</Switch151>
<Switch152>
0
</Switch152>
<Switch153>
16
</Switch153>
<Switch154>
0
</Switch154>
<Switch155>
19
</Switch155>
<Switch156>
0
</Switch156>
<Switch157>
2
</Switch157>
<Switch158>
9
</Switch158>
<Switch159>
8
</Switch159>
<Switch160>
13
</Switch160>
<Switch161>
6
</Switch161>
<Switch162>
15
</Switch162>
<Switch163>
16
</Switch163>
<Switch164>
10
</Switch164>
<Switch165>
0
</Switch165>
<Switch166>
11
</Switch166>
<Switch167>
12
</Switch167>
<Switch168>
12
</Switch168>
<Switch169>
9
</Switch169>
<Switch170>
4
</Switch170>
<Switch171>
4
</Switch171>
<Switch172>
14
</Switch172>
<Switch173>
2
</Switch173>
<Switch174>
10
</Switch174>
<Switch175>
15
</Switch175>
<Switch176>
8
</Switch176>
<Switch177>
18
</Switch177>
<Switch178>
15
</Switch178>
<Switch179>
6
</Switch179>
<Switch180>
19
</Switch180>
<Switch181>
15
</Switch181>
<Switch182>
10
</Switch182>
<Switch183>
3
</Switch183>
<Switch184>
13
</Switch184>
<Switch185>
18
</Switch185>
<Switch186>
16
</Switch186>
<Switch187>
14
</Switch187>
<Switch188>
19
</Switch188>
<Switch189>
8
</Switch189>
<Switch190>
16
</Switch190>
<Switch191>
3
</Switch191>
<Switch192>
13
</Switch192>
<Switch193>
18
</Switch193>
<Switch194>
6
</Switch194>
<Switch195>
19
</Switch195>
<Switch196>
5
</Switch196>
<Switch197>
5
</Switch197>
<Switch198>
1
</Switch198>
<Switch199>
14
</Switch199>
<Switch200>
8
</Switch200>
<Switch201>
3
</Switch201>
<Switch202>
11
</Switch202>
<Switch203>
14
</Switch203>
<Switch204>
14
</Switch204>
<Switch205>
10
</Switch205>
<Switch206>
18
</Switch206>
<Switch207>
13
</Switch207>
<Switch208>
13
</Switch208>
<Switch209>
6
</Switch209>
<Switch210>
0
</Switch210>
<Switch211>
13
</Switch211>
<Switch212>
18
</Switch212>
<Switch213>
15
</Switch213>
<Switch214>
11
</Switch214>
<Switch215>
0
</Switch215>
<Switch216>
12
</Switch216>
<Switch217>
17
</Switch217>
<Switch218>
11
</Switch218>
<Switch219>
8
</Switch219>
<Switch220>
1
</Switch220>
<Switch221>
7
</Switch221>
<Switch222>
9
</Switch222>
<Switch223>
13
</Switch223>
<Switch224>
3
</Switch224>
<Switch225>
8
</Switch225>
<Switch226>
7
</Switch226>
<Switch227>
6
</Switch227>
<Switch228>
0
</Switch228>
<Switch229>
12
</Switch229>
<Switch230>
6
</Switch230>
<Switch231>
11
</Switch231>
<Switch232>
7
</Switch232>
<Switch233>
4
</Switch233>
<Switch234>
15
</Switch234>
<Switch235>
9
</Switch235>
<Switch236>
0
</Switch236>
<Switch237>
9
</Switch237>
<Switch238>
2
</Switch238>
<Switch239>
16
</Switch239>
<Switch240>
14
</Switch240>
<Switch241>
15
</Switch241>
<Switch242>
8
</Switch242>
<Switch243>
13
</Switch243>
<Switch244>
11
</Switch244>
<Switch245>
3
</Switch245>
<Switch246>
17
</Switch246>
<Switch247>
4
</Switch247>
<Switch248>
16
</Switch248>
<Switch249>
9
</Switch249>
<Switch250>
18
</Switch250>
<Switch251>
4
</Switch251>
<Switch252>
15
</Switch252>
<Switch253>
8
</Switch253>
<Switch254>
1
</Switch254>
<Switch255>
15
</Switch255>
<Switch256>
0
</Switch256>
<Switch257>
8
</Switch257>
<Switch258>
15
</Switch258>
<Switch259>
1
</Switch259>
<Switch260>
16
</Switch260>
<Switch261>
7
</Switch261>
<Switch262>
6
</Switch262>
<Switch263>
13
</Switch263>
<Switch264>
1
</Switch264>
<Switch265>
4
</Switch265>
<Switch266>
13
</Switch266>
<Switch267>
4
</Switch267>
<Switch268>
7
</Switch268>
<Switch269>
5
</Switch269>
<Switch270>
2
</Switch270>
<Switch271>
17
</Switch271>
<Switch272>
11
</Switch272>
<Switch273>
15
</Switch273>
<Switch274>
7
</Switch274>
<Switch275>
11
</Switch275>
<Switch276>
3
</Switch276>
<Switch277>
16
</Switch277>
<Switch278>
12
</Switch278>
<Switch279>
9
</Switch279>
<Switch280>
2
</Switch280>
<Switch281>
15
</Switch281>
<Switch282>
0
</Switch282>
<Switch283>
11
</Switch283>
<Switch284>
18
</Switch284>
<Switch285>
15
</Switch285>
<Switch286>
10
</Switch286>
<Switch287>
11
</Switch287>
<Switch288>
3
</Switch288>
<Switch289>
2
</Switch289>
<Switch290>
1
</Switch290>
<Switch291>
3
</Switch291>
<Switch292>
14
</Switch292>
<Switch293>
12
</Switch293>
<Switch294>
13
</Switch294>
<Switch295>
7
</Switch295>
<Switch296>
3
</Switch296>
<Switch297>
16
</Switch297>
<Switch298>
9
</Switch298>
<Switch299>
7
</Switch299>
<Switch300>
1
</Switch300>
<Switch301>
4
</Switch301>
<Switch302>
14
</Switch302>
<Switch303>
6
</Switch303>
<Switch304>
5
</Switch304>
<Switch305>
12
</Switch305>
<Switch306>
8
</Switch306>
<Switch307>
18
</Switch307>
<Switch308>
10
</Switch308>
<Switch309>
18
</Switch309>
<Switch310>
12
</Switch310>
<Switch311>
16
</Switch311>
<Switch312>
4
</Switch312>
<Switch313>
5
</Switch313>
<Switch314>
7
</Switch314>
<Switch315>
13
</Switch315>
<Switch316>
12
</Switch316>
<Switch317>
16
</Switch317>
<Switch318>
18
</Switch318>
<Switch319>
14
</Switch319>
<Switch320>
4
</Switch320>
<Switch321>
11
</Switch321>
<Switch322>
15
</Switch322>
<Switch323>
1
</Switch323>
<Switch324>
0
</Switch324>
<Switch325>
7
</Switch325>
<Switch326>
4
</Switch326>
<Switch327>
0
</Switch327>
<Switch328>
4
</Switch328>
<Switch329>
7
</Switch329>
<Switch330>
7
</Switch330>
<Switch331>
16
</Switch331>
<Switch332>
16
</Switch332>
<Switch333>
19
</Switch333>
<Switch334>
14
</Switch334>
<Switch335>
0
</Switch335>
<Switch336>
15
</Switch336>
<Switch337>
2
</Switch337>
<Switch338>
12
</Switch338>
<Switch339>
15
</Switch339>
<Switch340>
5
</Switch340>
<Switch341>
5
</Switch341>
<Switch342>
18
</Switch342>
<Switch343>
5
</Switch343>
<Switch344>
9
</Switch344>
<Switch345>
5
</Switch345>
<Switch346>
12
</Switch346>
<Switch347>
13
</Switch347>
<Switch348>
14
</Switch348>
<Switch349>
6
</Switch349>
<Switch350>
4
</Switch350>
<Switch351>
0
</Switch351>
<Switch352>
8
</Switch352>
<Switch353>
6
</Switch353>
<Switch354>
14
</Switch354>
<Switch355>
14
</Switch355>
<Switch356>
11
</Switch356>
<Switch357>
6
</Switch357>
<Switch358>
9
</Switch358>
<Switch359>
14
</Switch359>
<Switch360>
17
</Switch360>
<Switch361>
9
</Switch361>
<Switch362>
18
</Switch362>
<Switch363>
4
</Switch363>
<Switch364>
2
</Switch364>
<Switch365>
6
</Switch365>
<Switch366>
11
</Switch366>
<Switch367>
7
</Switch367>
<Switch368>
14
</Switch368>
<Switch369>
11
</Switch369>
<Switch370>
11
</Switch370>
<Switch371>
18
</Switch371>
<Switch372>
10
</Switch372>
<Switch373>
8
</Switch373>
<Switch374>
0
</Switch374>
<Switch375>
0
</Switch375>
<Switch376>
3
</Switch376>
<Switch377>
3
</Switch377>
<Switch378>
6
</Switch378>
<Switch379>
15
</Switch379>
<Switch380>
15
</Switch380>
<Switch381>
19
</Switch381>
<Switch382>
16
</Switch382>
<Switch383>
10
</Switch383>
<Switch384>
18
</Switch384>
<Switch385>
3
</Switch385>
<Switch386>
1
</Switch386>
<Switch387>
11
</Switch387>
<Switch388>
7
</Switch388>
<Switch389>
7
</Switch389>
<Switch390>
6
</Switch390>
<Switch391>
4
</Switch391>
<Switch392>
17
</Switch392>
<Switch393>
19
</Switch393>
<Switch394>
19
</Switch394>
<Switch395>
5
</Switch395>
<Switch396>
9
</Switch396>
<Switch397>
13
</Switch397>
<Switch398>
7
</Switch398>
<Switch399>
0
</Switch399>
<Switch400>
17
</Switch400>
<Switch401>
1
</Switch401>
<Switch402>
16
</Switch402>
<Switch403>
18
</Switch403>
<Switch404>
17
</Switch404>
<Switch405>
8
</Switch405>
<Switch406>
16
</Switch406>
<Switch407>
5
</Switch407>
<Switch408>
10
</Switch408>
<Switch409>
13
</Switch409>
<Switch410>
19
</Switch410>
<Switch411>
4
</Switch411>
<Switch412>
17
</Switch412>
<Switch413>
9
</Switch413>
<Switch414>
2
</Switch414>
<Switch415>
18
</Switch415>
<Switch416>
15
</Switch416>
<Switch417>
19
</Switch417>
<Switch418>
18
</Switch418>
<Switch419>
19
</Switch419>
<Switch420>
12
</Switch420>
<Switch421>
19
</Switch421>
<Switch422>
2
</Switch422>
<Switch423>
17
</Switch423>
<Switch424>
16
</Switch424>
<Switch425>
11
</Switch425>
<Switch426>
17
</Switch426>
<Switch427>
15
</Switch427>
<Switch428>
18
</Switch428>
<Switch429>
3
</Switch429>
<Switch430>
8
</Switch430>
<Switch431>
5
</Switch431>
<Switch432>
8
</Switch432>
<Switch433>
15
</Switch433>
<Switch434>
12
</Switch434>
<Switch435>
15
</Switch435>
<Switch436>
8
</Switch436>
<Switch437>
1
</Switch437>
<Switch438>
1
</Switch438>
<Switch439>
4
</Switch439>
<Switch440>
10
</Switch440>
<Switch441>
13
</Switch441>
<Switch442>
0
</Switch442>
<Switch443>
16
</Switch443>
<Switch444>
19
</Switch444>
<Switch445>
13
</Switch445>
<Switch446>
3
</Switch446>
<Switch447>
13
</Switch447>
<Switch448>
10
</Switch448>
<Switch449>
4
</Switch449>
<Switch450>
18
</Switch450>
<Switch451>
15
</Switch451>
<Switch452>
10
</Switch452>
<Switch453>
6
</Switch453>
<Switch454>
17
</Switch454>
<Switch455>
15
</Switch455>
<Switch456>
3
</Switch456>
<Switch457>
7
</Switch457>
<Switch458>
13
</Switch458>
<Switch459>
6
</Switch459>
<Switch460>
9
</Switch460>
<Switch461>
9
</Switch461>
<Switch462>
17
</Switch462>
<Switch463>
19
</Switch463>
<Switch464>
4
</Switch464>
<Switch465>
18
</Switch465>
<Switch466>
7
</Switch466>
<Switch467>
10
</Switch467>
<Switch468>
2
</Switch468>
<Switch469>
7
</Switch469>
<Switch470>
11
</Switch470>
<Switch471>
2
</Switch471>
<Switch472>
8
</Switch472>
<Switch473>
10
</Switch473>
<Switch474>
16
</Switch474>
<Switch475>
18
</Switch475>
<Switch476>
4
</Switch476>
<Switch477>
2
</Switch477>
<Switch478>
13
</Switch478>
<Switch479>
4
</Switch479>
<Switch480>
19
</Switch480>
<Switch481>
4
</Switch481>
<Switch482>
12
</Switch482>
<Switch483>
14
</Switch483>
<Switch484>
12
</Switch484>
<Switch485>
12
</Switch485>
<Switch486>
7
</Switch486>
<Switch487>
9
</Switch487>
<Switch488>
17
</Switch488>
<Switch489>
11
</Switch489>
<Switch490>
15
</Switch490>
<Switch491>
8
</Switch491>
<Switch492>
2
</Switch492>
<Switch493>
7
</Switch493>
<Switch494>
18
</Switch494>
<Switch495>
7
</Switch495>
<Switch496>
12
</Switch496>
<Switch497>
5
</Switch497>
<Switch498>
8
</Switch498>
<Switch499>
11
</Switch499>
<Switch500>
7
</Switch500>
<Switch501>
2
</Switch501>
<Switch502>
19
</Switch502>
<Switch503>
13
</Switch503>
<Switch504>
12
</Switch504>
<Switch505>
13
</Switch505>
<Switch506>
4
</Switch506>
<Switch507>
10
</Switch507>
<Switch508>
6
</Switch508>
<Switch509>
18
</Switch509>
<Switch510>
10
</Switch510>
<Switch511>
17
</Switch511>
<Switch512>
7
</Switch512>
<Switch513>
19
</Switch513>
<Switch514>
6
</Switch514>
<Switch515>
9
</Switch515>
<Switch516>
16
</Switch516>
<Switch517>
8
</Switch517>
<Switch518>
16
</Switch518>
<Switch519>
7
</Switch519>
<Switch520>
7
</Switch520>
<Switch521>
13
</Switch521>
<Switch522>
2
</Switch522>
<Switch523>
8
</Switch523>
<Switch524>
9
</Switch524>
<Switch525>
17
</Switch525>
<Switch526>
0
</Switch526>
<Switch527>
19
</Switch527>
<Switch528>
16
</Switch528>
<Switch529>
4
</Switch529>
<Switch530>
16
</Switch530>
<Switch531>
1
</Switch531>
<Switch532>
2
</Switch532>
<Switch533>
5
</Switch533>
<Switch534>
3
</Switch534>
<Switch535>
14
</Switch535>
<Switch536>
1
</Switch536>
<Switch537>
16
</Switch537>
<Switch538>
0
</Switch538>
<Switch539>
5
</Switch539>
<Switch540>
15
</Switch540>
<Switch541>
15
</Switch541>
<Switch542>
17
</Switch542>
<Switch543>
2
</Switch543>
<Switch544>
6
</Switch544>
<Switch545>
4
</Switch545>
<Switch546>
5
</Switch546>
<Switch547>
19
</Switch547>
<Switch548>
4
</Switch548>
<Switch549>
8
</Switch549>
<Switch550>
13
</Switch550>
<Switch551>
5
</Switch551>
<Switch552>
16
</Switch552>
<Switch553>
3
</Switch553>
<Switch554>
19
</Switch554>
<Switch555>
0
</Switch555>
<Switch556>
2
</Switch556>
<Switch557>
3
</Switch557>
<Switch558>
9
</Switch558>
<Switch559>
9
</Switch559>
<Switch560>
13
</Switch560>
<Switch561>
19
</Switch561>
<Switch562>
3
</Switch562>
<Switch563>
17
</Switch563>
<Switch564>
5
</Switch564>
<Switch565>
17
</Switch565>
<Switch566>
1
</Switch566>
<Switch567>
18
</Switch567>
<Switch568>
11
</Switch568>
<Switch569>
17
</Switch569>
<Switch570>
3
</Switch570>
<Switch571>
11
</Switch571>
<Switch572>
17
</Switch572>
<Switch573>
18
</Switch573>
<Switch574>
14
</Switch574>
<Switch575>
1
</Switch575>
<Switch576>
18
</Switch576>
<Switch577>
14
</Switch577>
<Switch578>
0
</Switch578>
<Switch579>
13
</Switch579>
<Switch580>
2
</Switch580>
<Switch581>
10
</Switch581>
<Switch582>
17
</Switch582>
<Switch583>
2
</Switch583>
<Switch584>
12
</Switch584>
<Switch585>
0
</Switch585>
<Switch586>
10
</Switch586>
<Switch587>
16
</Switch587>
<Switch588>
1
</Switch588>
<Switch589>
4
</Switch589>
<Switch590>
11
</Switch590>
<Switch591>
11
</Switch591>
<Switch592>
19
</Switch592>
<Switch593>
3
</Switch593>
<Switch594>
16
</Switch594>
<Switch595>
2
</Switch595>
<Switch596>
2
</Switch596>
<Switch597>
2
</Switch597>
<Switch598>
7
</Switch598>
<Switch599>
15
</Switch599>
<Switch600>
18
</Switch600>
<Switch601>
8
</Switch601>
<Switch602>
18
</Switch602>
<Switch603>
11
</Switch603>
<Switch604>
18
</Switch604>
<Switch605>
14
</Switch605>
<Switch606>
9
</Switch606>
<Switch607>
0
</Switch607>
<Switch608>
1
</Switch608>
<Switch609>
12
</Switch609>
<Switch610>
0
</Switch610>
<Switch611>
19
</Switch611>
<Switch612>
16
</Switch612>
<Switch613>
14
</Switch613>
<Switch614>
8
</Switch614>
<Switch615>
12
</Switch615>
<Switch616>
4
</Switch616>
<Switch617>
17
</Switch617>
<Switch618>
7
</Switch618>
<Switch619>
5
</Switch619>
<Switch620>
10
</Switch620>
<Switch621>
17
</Switch621>
<Switch622>
16
</Switch622>
<Switch623>
7
</Switch623>
<Switch624>
13
</Switch624>
<Switch625>
6
</Switch625>
<Switch626>
0
</Switch626>
<Switch627>
8
</Switch627>
<Switch628>
6
</Switch628>
<Switch629>
8
</Switch629>
<Switch630>
15
</Switch630>
<Switch631>
3
</Switch631>
<Switch632>
3
</Switch632>
<Switch633>
3
</Switch633>
<Switch634>
17
</Switch634>
<Switch635>
14
</Switch635>
<Switch636>
11
</Switch636>
<Switch637>
1
</Switch637>
<Switch638>
14
</Switch638>
<Switch639>
17
</Switch639>
<Switch640>
15
</Switch640>
<Switch641>
19
</Switch641>
<Switch642>
1
</Switch642>
<Switch643>
16
</Switch643>
<Switch644>
15
</Switch644>
<Switch645>
10
</Switch645>
<Switch646>
17
</Switch646>
<Switch647>
14
</Switch647>
<Switch648>
11
</Switch648>
<Switch649>
16
</Switch649>
<Switch650>
5
</Switch650>
<Switch651>
2
</Switch651>
<Switch652>
4
</Switch652>
<Switch653>
18
</Switch653>
<Switch654>
18
</Switch654>
<Switch655>
11
</Switch655>
<Switch656>
15
</Switch656>
<Switch657>
7
</Switch657>
<Switch658>
10
</Switch658>
<Switch659>
17
</Switch659>
<Switch660>
5
</Switch660>
<Switch661>
10
</Switch661>
<Switch662>
0
</Switch662>
<Switch663>
16
</Switch663>
<Switch664>
14
</Switch664>
<Switch665>
4
</Switch665>
<Switch666>
0
</Switch666>
<Switch667>
15
</Switch667>
<Switch668>
0
</Switch668>
<Switch669>
13
</Switch669>
<Switch670>
18
</Switch670>
<Switch671>
14
</Switch671>
<Switch672>
7
</Switch672>
<Switch673>
13
</Switch673>
<Switch674>
3
</Switch674>
<Switch675>
8
</Switch675>
<Switch676>
7
</Switch676>
<Switch677>
16
</Switch677>
<Switch678>
11
</Switch678>
<Switch679>
8
</Switch679>
<Switch680>
6
</Switch680>
<Switch681>
15
</Switch681>
<Switch682>
8
</Switch682>
<Switch683>
12
</Switch683>
<Switch684>
5
</Switch684>
<Switch685>
7
</Switch685>
<Switch686>
4
</Switch686>
<Switch687>
9
</Switch687>
<Switch688>
1
</Switch688>
<Switch689>
11
</Switch689>
<Switch690>
8
</Switch690>
<Switch691>
10
</Switch691>
<Switch692>
7
</Switch692>
<Switch693>
1
</Switch693>
<Switch694>
19
</Switch694>
<Switch695>
16
</Switch695>
<Switch696>
10
</Switch696>
<Switch697>
2
</Switch697>
<Switch698>
10
</Switch698>
<Switch699>
11
</Switch699>
<Switch700>
17
</Switch700>
<Switch701>
7
</Switch701>
<Switch702>
0
</Switch702>
<Switch703>
5
</Switch703>
<Switch704>
1
</Switch704>
<Switch705>
17
</Switch705>
<Switch706>
1
</Switch706>
<Switch707>
0
</Switch707>
<Switch708>
0
</Switch708>
<Switch709>
13
</Switch709>
<Switch710>
19
</Switch710>
<Switch711>
2
</Switch711>
<Switch712>
12
</Switch712>
<Switch713>
14
</Switch713>
<Switch714>
6
</Switch714>
<Switch715>
19
</Switch715>
<Switch716>
3
</Switch716>
<Switch717>
15
</Switch717>
<Switch718>
2
</Switch718>
<Switch719>
0
</Switch719>
<Switch720>
12
</Switch720>
<Switch721>
0
</Switch721>
<Switch722>
4
</Switch722>
<Switch723>
10
</Switch723>
<Switch724>
0
</Switch724>
<Switch725>
1
</Switch725>
<Switch726>
2
</Switch726>
<Switch727>
17
</Switch727>
<Switch728>
15
</Switch728>
<Switch729>
14
</Switch729>
<Switch730>
7
</Switch730>
<Switch731>
1
</Switch731>
<Switch732>
10
</Switch732>
<Switch733>
19
</Switch733>
<Switch734>
7
</Switch734>
<Switch735>
0
</Switch735>
<Switch736>
14
</Switch736>
<Switch737>
19
</Switch737>
<Switch738>
7
</Switch738>
<Switch739>
0
</Switch739>
<Switch740>
18
</Switch740>
<Switch741>
9
</Switch741>
<Switch742>
18
</Switch742>
<Switch743>
4
</Switch743>
<Switch744>
1
</Switch744>
<Switch745>
11
</Switch745>
<Switch746>
5
</Switch746>
<Switch747>
18
</Switch747>
<Switch748>
15
</Switch748>
<Switch749>
7
</Switch749>
<Switch750>
9
</Switch750>
<Switch751>
19
</Switch751>
<Switch752>
4
</Switch752>
<Switch753>
13
</Switch753>
<Switch754>
14
</Switch754>
<Switch755>
3
</Switch755>
<Switch756>
16
</Switch756>
<Switch757>
2
</Switch757>
<Switch758>
11
</Switch758>
<Switch759>
5
</Switch759>
<Switch760>
2
</Switch760>
<Switch761>
2
</Switch761>
<Switch762>
17
</Switch762>
<Switch763>
2
</Switch763>
<Switch764>
14
</Switch764>
<Switch765>
17
</Switch765>
<Switch766>
9
</Switch766>
<Switch767>
6
</Switch767>
</BaseID:298>
