<?xml version="1.0"?>

<BaseID:303>
<Switch1>
0
</Switch1>
<Switch2>
7
</Switch2>
<Switch3>
0
</Switch3>
<Switch4>
13
</Switch4>
<Switch5>
1
</Switch5>
<Switch6>
17
</Switch6>
<Switch7>
15
</Switch7>
<Switch8>
7
</Switch8>
<Switch9>
5
</Switch9>
<Switch10>
4
</Switch10>
<Switch11>
12
</Switch11>
<Switch12>
17
</Switch12>
<Switch13>
0
</Switch13>
<Switch14>
12
</Switch14>
<Switch15>
4
</Switch15>
<Switch16>
4
</Switch16>
<Switch17>
14
</Switch17>
<Switch18>
18
</Switch18>
<Switch19>
5
</Switch19>
<Switch20>
3
</Switch20>
<Switch21>
3
</Switch21>
<Switch22>
11
</Switch22>
<Switch23>
17
</Switch23>
<Switch24>
4
</Switch24>
<Switch25>
4
</Switch25>
<Switch26>
16
</Switch26>
<Switch27>
9
</Switch27>
<Switch28>
3
</Switch28>
<Switch29>
3
</Switch29>
<Switch30>
18
</Switch30>
<Switch31>
19
</Switch31>
<Switch32>
7
</Switch32>
<Switch33>
18
</Switch33>
<Switch34>
13
</Switch34>
<Switch35>
2
</Switch35>
<Switch36>
19
</Switch36>
<Switch37>
11
</Switch37>
<Switch38>
15
</Switch38>
<Switch39>
3
</Switch39>
<Switch40>
9
</Switch40>
<Switch41>
0
</Switch41>
<Switch42>
7
</Switch42>
<Switch43>
2
</Switch43>
<Switch44>
11
</Switch44>
<Switch45>
18
</Switch45>
<Switch46>
3
</Switch46>
<Switch47>
3
</Switch47>
</BaseID:303>
