<?xml version="1.0"?>

<BaseID:304>
<Switch1>
9
</Switch1>
<Switch2>
17
</Switch2>
<Switch3>
15
</Switch3>
<Switch4>
4
</Switch4>
<Switch5>
19
</Switch5>
<Switch6>
18
</Switch6>
<Switch7>
3
</Switch7>
<Switch8>
17
</Switch8>
<Switch9>
0
</Switch9>
<Switch10>
17
</Switch10>
<Switch11>
9
</Switch11>
<Switch12>
5
</Switch12>
<Switch13>
6
</Switch13>
<Switch14>
10
</Switch14>
<Switch15>
3
</Switch15>
<Switch16>
6
</Switch16>
<Switch17>
3
</Switch17>
<Switch18>
17
</Switch18>
<Switch19>
16
</Switch19>
<Switch20>
6
</Switch20>
<Switch21>
11
</Switch21>
<Switch22>
16
</Switch22>
<Switch23>
14
</Switch23>
<Switch24>
10
</Switch24>
<Switch25>
9
</Switch25>
<Switch26>
9
</Switch26>
<Switch27>
7
</Switch27>
<Switch28>
6
</Switch28>
<Switch29>
4
</Switch29>
<Switch30>
0
</Switch30>
<Switch31>
9
</Switch31>
<Switch32>
9
</Switch32>
<Switch33>
13
</Switch33>
<Switch34>
15
</Switch34>
<Switch35>
0
</Switch35>
<Switch36>
13
</Switch36>
<Switch37>
10
</Switch37>
<Switch38>
18
</Switch38>
<Switch39>
16
</Switch39>
<Switch40>
6
</Switch40>
<Switch41>
9
</Switch41>
<Switch42>
1
</Switch42>
<Switch43>
17
</Switch43>
<Switch44>
12
</Switch44>
<Switch45>
15
</Switch45>
<Switch46>
5
</Switch46>
<Switch47>
12
</Switch47>
<Switch48>
8
</Switch48>
<Switch49>
12
</Switch49>
<Switch50>
2
</Switch50>
<Switch51>
3
</Switch51>
<Switch52>
0
</Switch52>
<Switch53>
1
</Switch53>
<Switch54>
12
</Switch54>
<Switch55>
12
</Switch55>
<Switch56>
19
</Switch56>
<Switch57>
18
</Switch57>
<Switch58>
18
</Switch58>
<Switch59>
10
</Switch59>
<Switch60>
19
</Switch60>
<Switch61>
14
</Switch61>
<Switch62>
16
</Switch62>
<Switch63>
14
</Switch63>
<Switch64>
11
</Switch64>
<Switch65>
4
</Switch65>
<Switch66>
1
</Switch66>
<Switch67>
2
</Switch67>
<Switch68>
5
</Switch68>
<Switch69>
12
</Switch69>
<Switch70>
15
</Switch70>
<Switch71>
4
</Switch71>
<Switch72>
1
</Switch72>
<Switch73>
3
</Switch73>
<Switch74>
3
</Switch74>
<Switch75>
14
</Switch75>
<Switch76>
12
</Switch76>
<Switch77>
19
</Switch77>
<Switch78>
10
</Switch78>
<Switch79>
9
</Switch79>
<Switch80>
11
</Switch80>
<Switch81>
15
</Switch81>
<Switch82>
19
</Switch82>
<Switch83>
8
</Switch83>
<Switch84>
16
</Switch84>
<Switch85>
0
</Switch85>
<Switch86>
0
</Switch86>
<Switch87>
7
</Switch87>
<Switch88>
7
</Switch88>
<Switch89>
14
</Switch89>
<Switch90>
11
</Switch90>
<Switch91>
5
</Switch91>
<Switch92>
12
</Switch92>
<Switch93>
10
</Switch93>
<Switch94>
0
</Switch94>
<Switch95>
8
</Switch95>
<Switch96>
17
</Switch96>
<Switch97>
8
</Switch97>
<Switch98>
0
</Switch98>
<Switch99>
16
</Switch99>
<Switch100>
18
</Switch100>
<Switch101>
4
</Switch101>
<Switch102>
14
</Switch102>
<Switch103>
15
</Switch103>
<Switch104>
4
</Switch104>
<Switch105>
9
</Switch105>
<Switch106>
4
</Switch106>
<Switch107>
4
</Switch107>
<Switch108>
14
</Switch108>
<Switch109>
15
</Switch109>
<Switch110>
18
</Switch110>
<Switch111>
2
</Switch111>
<Switch112>
16
</Switch112>
<Switch113>
8
</Switch113>
<Switch114>
18
</Switch114>
<Switch115>
12
</Switch115>
<Switch116>
11
</Switch116>
<Switch117>
3
</Switch117>
<Switch118>
7
</Switch118>
<Switch119>
15
</Switch119>
<Switch120>
15
</Switch120>
<Switch121>
12
</Switch121>
<Switch122>
11
</Switch122>
<Switch123>
12
</Switch123>
<Switch124>
3
</Switch124>
<Switch125>
3
</Switch125>
<Switch126>
13
</Switch126>
<Switch127>
4
</Switch127>
<Switch128>
14
</Switch128>
<Switch129>
11
</Switch129>
<Switch130>
13
</Switch130>
<Switch131>
6
</Switch131>
<Switch132>
15
</Switch132>
<Switch133>
7
</Switch133>
<Switch134>
15
</Switch134>
<Switch135>
9
</Switch135>
<Switch136>
16
</Switch136>
<Switch137>
1
</Switch137>
<Switch138>
6
</Switch138>
<Switch139>
19
</Switch139>
<Switch140>
1
</Switch140>
<Switch141>
19
</Switch141>
<Switch142>
1
</Switch142>
<Switch143>
10
</Switch143>
<Switch144>
3
</Switch144>
<Switch145>
0
</Switch145>
<Switch146>
8
</Switch146>
<Switch147>
10
</Switch147>
<Switch148>
12
</Switch148>
<Switch149>
7
</Switch149>
<Switch150>
18
</Switch150>
<Switch151>
12
</Switch151>
<Switch152>
16
</Switch152>
<Switch153>
6
</Switch153>
<Switch154>
12
</Switch154>
<Switch155>
1
</Switch155>
<Switch156>
10
</Switch156>
<Switch157>
10
</Switch157>
<Switch158>
2
</Switch158>
<Switch159>
6
</Switch159>
<Switch160>
19
</Switch160>
<Switch161>
19
</Switch161>
<Switch162>
10
</Switch162>
<Switch163>
17
</Switch163>
<Switch164>
17
</Switch164>
<Switch165>
9
</Switch165>
<Switch166>
9
</Switch166>
<Switch167>
14
</Switch167>
<Switch168>
13
</Switch168>
<Switch169>
2
</Switch169>
<Switch170>
10
</Switch170>
<Switch171>
8
</Switch171>
<Switch172>
5
</Switch172>
<Switch173>
19
</Switch173>
<Switch174>
2
</Switch174>
<Switch175>
19
</Switch175>
<Switch176>
0
</Switch176>
<Switch177>
5
</Switch177>
<Switch178>
10
</Switch178>
<Switch179>
2
</Switch179>
<Switch180>
7
</Switch180>
<Switch181>
15
</Switch181>
<Switch182>
4
</Switch182>
<Switch183>
1
</Switch183>
<Switch184>
9
</Switch184>
<Switch185>
0
</Switch185>
<Switch186>
13
</Switch186>
<Switch187>
11
</Switch187>
<Switch188>
1
</Switch188>
<Switch189>
7
</Switch189>
<Switch190>
4
</Switch190>
<Switch191>
18
</Switch191>
<Switch192>
12
</Switch192>
<Switch193>
0
</Switch193>
<Switch194>
0
</Switch194>
<Switch195>
12
</Switch195>
<Switch196>
18
</Switch196>
<Switch197>
9
</Switch197>
<Switch198>
4
</Switch198>
<Switch199>
13
</Switch199>
<Switch200>
2
</Switch200>
<Switch201>
5
</Switch201>
<Switch202>
0
</Switch202>
<Switch203>
15
</Switch203>
<Switch204>
18
</Switch204>
<Switch205>
2
</Switch205>
<Switch206>
13
</Switch206>
<Switch207>
15
</Switch207>
<Switch208>
10
</Switch208>
<Switch209>
5
</Switch209>
<Switch210>
6
</Switch210>
<Switch211>
13
</Switch211>
<Switch212>
4
</Switch212>
<Switch213>
12
</Switch213>
<Switch214>
6
</Switch214>
<Switch215>
8
</Switch215>
<Switch216>
5
</Switch216>
<Switch217>
0
</Switch217>
<Switch218>
18
</Switch218>
<Switch219>
7
</Switch219>
<Switch220>
6
</Switch220>
<Switch221>
9
</Switch221>
<Switch222>
18
</Switch222>
<Switch223>
8
</Switch223>
<Switch224>
13
</Switch224>
<Switch225>
16
</Switch225>
<Switch226>
4
</Switch226>
<Switch227>
12
</Switch227>
<Switch228>
8
</Switch228>
<Switch229>
0
</Switch229>
<Switch230>
13
</Switch230>
<Switch231>
8
</Switch231>
<Switch232>
13
</Switch232>
<Switch233>
8
</Switch233>
<Switch234>
1
</Switch234>
<Switch235>
11
</Switch235>
<Switch236>
9
</Switch236>
<Switch237>
12
</Switch237>
<Switch238>
12
</Switch238>
<Switch239>
0
</Switch239>
<Switch240>
6
</Switch240>
<Switch241>
11
</Switch241>
<Switch242>
6
</Switch242>
<Switch243>
2
</Switch243>
<Switch244>
4
</Switch244>
<Switch245>
2
</Switch245>
<Switch246>
15
</Switch246>
<Switch247>
15
</Switch247>
<Switch248>
11
</Switch248>
<Switch249>
16
</Switch249>
<Switch250>
18
</Switch250>
<Switch251>
11
</Switch251>
<Switch252>
7
</Switch252>
<Switch253>
9
</Switch253>
<Switch254>
13
</Switch254>
<Switch255>
12
</Switch255>
<Switch256>
6
</Switch256>
<Switch257>
12
</Switch257>
<Switch258>
8
</Switch258>
<Switch259>
16
</Switch259>
<Switch260>
3
</Switch260>
<Switch261>
13
</Switch261>
<Switch262>
8
</Switch262>
<Switch263>
9
</Switch263>
<Switch264>
16
</Switch264>
<Switch265>
9
</Switch265>
<Switch266>
19
</Switch266>
<Switch267>
12
</Switch267>
<Switch268>
13
</Switch268>
<Switch269>
19
</Switch269>
<Switch270>
12
</Switch270>
<Switch271>
0
</Switch271>
<Switch272>
8
</Switch272>
<Switch273>
11
</Switch273>
<Switch274>
12
</Switch274>
<Switch275>
18
</Switch275>
<Switch276>
6
</Switch276>
<Switch277>
8
</Switch277>
<Switch278>
16
</Switch278>
<Switch279>
12
</Switch279>
<Switch280>
8
</Switch280>
<Switch281>
18
</Switch281>
<Switch282>
3
</Switch282>
<Switch283>
7
</Switch283>
<Switch284>
15
</Switch284>
<Switch285>
7
</Switch285>
<Switch286>
1
</Switch286>
<Switch287>
10
</Switch287>
<Switch288>
2
</Switch288>
<Switch289>
1
</Switch289>
<Switch290>
14
</Switch290>
<Switch291>
4
</Switch291>
<Switch292>
1
</Switch292>
<Switch293>
2
</Switch293>
<Switch294>
12
</Switch294>
<Switch295>
10
</Switch295>
<Switch296>
16
</Switch296>
<Switch297>
11
</Switch297>
<Switch298>
8
</Switch298>
<Switch299>
14
</Switch299>
<Switch300>
10
</Switch300>
<Switch301>
1
</Switch301>
<Switch302>
7
</Switch302>
<Switch303>
16
</Switch303>
<Switch304>
0
</Switch304>
<Switch305>
17
</Switch305>
<Switch306>
6
</Switch306>
<Switch307>
12
</Switch307>
<Switch308>
10
</Switch308>
<Switch309>
16
</Switch309>
<Switch310>
1
</Switch310>
<Switch311>
9
</Switch311>
<Switch312>
8
</Switch312>
<Switch313>
12
</Switch313>
<Switch314>
4
</Switch314>
<Switch315>
10
</Switch315>
<Switch316>
19
</Switch316>
<Switch317>
11
</Switch317>
<Switch318>
13
</Switch318>
<Switch319>
14
</Switch319>
<Switch320>
6
</Switch320>
<Switch321>
2
</Switch321>
<Switch322>
12
</Switch322>
<Switch323>
1
</Switch323>
<Switch324>
8
</Switch324>
<Switch325>
5
</Switch325>
<Switch326>
2
</Switch326>
<Switch327>
17
</Switch327>
<Switch328>
4
</Switch328>
<Switch329>
1
</Switch329>
<Switch330>
6
</Switch330>
<Switch331>
10
</Switch331>
<Switch332>
13
</Switch332>
<Switch333>
3
</Switch333>
<Switch334>
9
</Switch334>
<Switch335>
16
</Switch335>
<Switch336>
17
</Switch336>
<Switch337>
5
</Switch337>
<Switch338>
6
</Switch338>
<Switch339>
13
</Switch339>
<Switch340>
0
</Switch340>
<Switch341>
3
</Switch341>
<Switch342>
9
</Switch342>
<Switch343>
19
</Switch343>
<Switch344>
2
</Switch344>
<Switch345>
17
</Switch345>
<Switch346>
5
</Switch346>
<Switch347>
8
</Switch347>
<Switch348>
5
</Switch348>
<Switch349>
0
</Switch349>
<Switch350>
13
</Switch350>
<Switch351>
7
</Switch351>
<Switch352>
2
</Switch352>
<Switch353>
15
</Switch353>
<Switch354>
12
</Switch354>
<Switch355>
14
</Switch355>
<Switch356>
19
</Switch356>
<Switch357>
6
</Switch357>
<Switch358>
1
</Switch358>
<Switch359>
11
</Switch359>
<Switch360>
10
</Switch360>
<Switch361>
2
</Switch361>
<Switch362>
6
</Switch362>
<Switch363>
12
</Switch363>
<Switch364>
9
</Switch364>
<Switch365>
4
</Switch365>
<Switch366>
17
</Switch366>
<Switch367>
8
</Switch367>
<Switch368>
1
</Switch368>
<Switch369>
0
</Switch369>
<Switch370>
6
</Switch370>
<Switch371>
12
</Switch371>
<Switch372>
17
</Switch372>
<Switch373>
16
</Switch373>
<Switch374>
12
</Switch374>
<Switch375>
18
</Switch375>
<Switch376>
12
</Switch376>
<Switch377>
1
</Switch377>
<Switch378>
18
</Switch378>
<Switch379>
9
</Switch379>
<Switch380>
11
</Switch380>
<Switch381>
6
</Switch381>
<Switch382>
2
</Switch382>
<Switch383>
11
</Switch383>
<Switch384>
18
</Switch384>
<Switch385>
4
</Switch385>
<Switch386>
17
</Switch386>
<Switch387>
12
</Switch387>
<Switch388>
19
</Switch388>
<Switch389>
14
</Switch389>
<Switch390>
2
</Switch390>
<Switch391>
16
</Switch391>
<Switch392>
0
</Switch392>
<Switch393>
3
</Switch393>
<Switch394>
1
</Switch394>
<Switch395>
15
</Switch395>
<Switch396>
14
</Switch396>
<Switch397>
17
</Switch397>
<Switch398>
0
</Switch398>
<Switch399>
16
</Switch399>
<Switch400>
10
</Switch400>
<Switch401>
0
</Switch401>
<Switch402>
17
</Switch402>
<Switch403>
5
</Switch403>
<Switch404>
4
</Switch404>
<Switch405>
17
</Switch405>
<Switch406>
11
</Switch406>
<Switch407>
14
</Switch407>
<Switch408>
4
</Switch408>
<Switch409>
13
</Switch409>
<Switch410>
15
</Switch410>
<Switch411>
14
</Switch411>
<Switch412>
1
</Switch412>
<Switch413>
3
</Switch413>
<Switch414>
0
</Switch414>
<Switch415>
4
</Switch415>
<Switch416>
1
</Switch416>
<Switch417>
17
</Switch417>
<Switch418>
10
</Switch418>
<Switch419>
18
</Switch419>
<Switch420>
2
</Switch420>
<Switch421>
9
</Switch421>
<Switch422>
8
</Switch422>
<Switch423>
16
</Switch423>
<Switch424>
3
</Switch424>
<Switch425>
17
</Switch425>
<Switch426>
13
</Switch426>
<Switch427>
19
</Switch427>
<Switch428>
4
</Switch428>
<Switch429>
6
</Switch429>
<Switch430>
13
</Switch430>
<Switch431>
4
</Switch431>
<Switch432>
9
</Switch432>
<Switch433>
11
</Switch433>
<Switch434>
18
</Switch434>
<Switch435>
9
</Switch435>
<Switch436>
14
</Switch436>
<Switch437>
15
</Switch437>
<Switch438>
14
</Switch438>
<Switch439>
19
</Switch439>
<Switch440>
7
</Switch440>
<Switch441>
7
</Switch441>
<Switch442>
12
</Switch442>
<Switch443>
11
</Switch443>
<Switch444>
5
</Switch444>
<Switch445>
13
</Switch445>
<Switch446>
6
</Switch446>
<Switch447>
19
</Switch447>
<Switch448>
12
</Switch448>
<Switch449>
18
</Switch449>
<Switch450>
9
</Switch450>
<Switch451>
8
</Switch451>
<Switch452>
2
</Switch452>
<Switch453>
19
</Switch453>
<Switch454>
4
</Switch454>
<Switch455>
7
</Switch455>
<Switch456>
19
</Switch456>
<Switch457>
13
</Switch457>
<Switch458>
4
</Switch458>
<Switch459>
1
</Switch459>
<Switch460>
16
</Switch460>
<Switch461>
14
</Switch461>
<Switch462>
17
</Switch462>
<Switch463>
8
</Switch463>
<Switch464>
13
</Switch464>
<Switch465>
12
</Switch465>
<Switch466>
15
</Switch466>
<Switch467>
3
</Switch467>
<Switch468>
5
</Switch468>
<Switch469>
13
</Switch469>
<Switch470>
0
</Switch470>
<Switch471>
17
</Switch471>
<Switch472>
12
</Switch472>
<Switch473>
13
</Switch473>
<Switch474>
1
</Switch474>
<Switch475>
15
</Switch475>
<Switch476>
9
</Switch476>
<Switch477>
4
</Switch477>
<Switch478>
12
</Switch478>
<Switch479>
8
</Switch479>
<Switch480>
7
</Switch480>
<Switch481>
16
</Switch481>
<Switch482>
17
</Switch482>
<Switch483>
15
</Switch483>
<Switch484>
11
</Switch484>
<Switch485>
19
</Switch485>
<Switch486>
9
</Switch486>
<Switch487>
17
</Switch487>
<Switch488>
7
</Switch488>
<Switch489>
13
</Switch489>
<Switch490>
13
</Switch490>
<Switch491>
0
</Switch491>
<Switch492>
1
</Switch492>
<Switch493>
6
</Switch493>
</BaseID:304>
