<?xml version="1.0"?>

<BaseID:305>
<Switch1>
6
</Switch1>
<Switch2>
6
</Switch2>
<Switch3>
19
</Switch3>
<Switch4>
17
</Switch4>
<Switch5>
15
</Switch5>
<Switch6>
15
</Switch6>
<Switch7>
2
</Switch7>
<Switch8>
17
</Switch8>
<Switch9>
8
</Switch9>
<Switch10>
16
</Switch10>
<Switch11>
9
</Switch11>
<Switch12>
7
</Switch12>
<Switch13>
19
</Switch13>
<Switch14>
6
</Switch14>
<Switch15>
7
</Switch15>
<Switch16>
17
</Switch16>
<Switch17>
6
</Switch17>
<Switch18>
10
</Switch18>
<Switch19>
0
</Switch19>
<Switch20>
5
</Switch20>
<Switch21>
3
</Switch21>
<Switch22>
9
</Switch22>
<Switch23>
15
</Switch23>
<Switch24>
2
</Switch24>
<Switch25>
5
</Switch25>
<Switch26>
6
</Switch26>
<Switch27>
6
</Switch27>
<Switch28>
3
</Switch28>
<Switch29>
11
</Switch29>
<Switch30>
14
</Switch30>
<Switch31>
11
</Switch31>
<Switch32>
3
</Switch32>
<Switch33>
1
</Switch33>
<Switch34>
9
</Switch34>
<Switch35>
2
</Switch35>
<Switch36>
13
</Switch36>
<Switch37>
7
</Switch37>
<Switch38>
6
</Switch38>
<Switch39>
7
</Switch39>
<Switch40>
16
</Switch40>
<Switch41>
9
</Switch41>
<Switch42>
17
</Switch42>
<Switch43>
10
</Switch43>
<Switch44>
0
</Switch44>
<Switch45>
16
</Switch45>
<Switch46>
7
</Switch46>
<Switch47>
6
</Switch47>
<Switch48>
15
</Switch48>
<Switch49>
17
</Switch49>
<Switch50>
4
</Switch50>
<Switch51>
16
</Switch51>
<Switch52>
3
</Switch52>
<Switch53>
12
</Switch53>
<Switch54>
0
</Switch54>
<Switch55>
5
</Switch55>
<Switch56>
13
</Switch56>
<Switch57>
1
</Switch57>
<Switch58>
10
</Switch58>
<Switch59>
11
</Switch59>
<Switch60>
14
</Switch60>
<Switch61>
6
</Switch61>
<Switch62>
17
</Switch62>
<Switch63>
1
</Switch63>
<Switch64>
19
</Switch64>
<Switch65>
0
</Switch65>
<Switch66>
2
</Switch66>
<Switch67>
13
</Switch67>
<Switch68>
10
</Switch68>
<Switch69>
17
</Switch69>
<Switch70>
5
</Switch70>
<Switch71>
15
</Switch71>
<Switch72>
17
</Switch72>
<Switch73>
3
</Switch73>
<Switch74>
10
</Switch74>
<Switch75>
0
</Switch75>
<Switch76>
19
</Switch76>
<Switch77>
0
</Switch77>
<Switch78>
15
</Switch78>
<Switch79>
0
</Switch79>
<Switch80>
13
</Switch80>
<Switch81>
9
</Switch81>
<Switch82>
10
</Switch82>
<Switch83>
6
</Switch83>
<Switch84>
4
</Switch84>
<Switch85>
5
</Switch85>
<Switch86>
3
</Switch86>
<Switch87>
7
</Switch87>
<Switch88>
4
</Switch88>
<Switch89>
19
</Switch89>
<Switch90>
0
</Switch90>
<Switch91>
11
</Switch91>
<Switch92>
7
</Switch92>
<Switch93>
7
</Switch93>
<Switch94>
7
</Switch94>
<Switch95>
0
</Switch95>
<Switch96>
8
</Switch96>
<Switch97>
11
</Switch97>
<Switch98>
10
</Switch98>
<Switch99>
15
</Switch99>
<Switch100>
18
</Switch100>
<Switch101>
13
</Switch101>
<Switch102>
15
</Switch102>
<Switch103>
5
</Switch103>
<Switch104>
8
</Switch104>
<Switch105>
2
</Switch105>
<Switch106>
18
</Switch106>
<Switch107>
15
</Switch107>
<Switch108>
6
</Switch108>
<Switch109>
3
</Switch109>
<Switch110>
7
</Switch110>
<Switch111>
2
</Switch111>
<Switch112>
15
</Switch112>
<Switch113>
19
</Switch113>
<Switch114>
16
</Switch114>
<Switch115>
18
</Switch115>
<Switch116>
2
</Switch116>
<Switch117>
13
</Switch117>
<Switch118>
8
</Switch118>
<Switch119>
10
</Switch119>
<Switch120>
4
</Switch120>
<Switch121>
7
</Switch121>
<Switch122>
4
</Switch122>
<Switch123>
10
</Switch123>
<Switch124>
16
</Switch124>
<Switch125>
1
</Switch125>
<Switch126>
11
</Switch126>
<Switch127>
1
</Switch127>
<Switch128>
15
</Switch128>
<Switch129>
1
</Switch129>
<Switch130>
17
</Switch130>
<Switch131>
2
</Switch131>
<Switch132>
15
</Switch132>
<Switch133>
12
</Switch133>
<Switch134>
16
</Switch134>
<Switch135>
1
</Switch135>
<Switch136>
2
</Switch136>
<Switch137>
17
</Switch137>
<Switch138>
6
</Switch138>
<Switch139>
2
</Switch139>
<Switch140>
11
</Switch140>
<Switch141>
5
</Switch141>
<Switch142>
19
</Switch142>
<Switch143>
19
</Switch143>
<Switch144>
12
</Switch144>
<Switch145>
3
</Switch145>
<Switch146>
8
</Switch146>
<Switch147>
0
</Switch147>
<Switch148>
7
</Switch148>
<Switch149>
2
</Switch149>
<Switch150>
14
</Switch150>
<Switch151>
17
</Switch151>
<Switch152>
0
</Switch152>
<Switch153>
10
</Switch153>
<Switch154>
9
</Switch154>
<Switch155>
3
</Switch155>
<Switch156>
6
</Switch156>
<Switch157>
12
</Switch157>
<Switch158>
4
</Switch158>
<Switch159>
19
</Switch159>
<Switch160>
2
</Switch160>
<Switch161>
19
</Switch161>
<Switch162>
14
</Switch162>
<Switch163>
0
</Switch163>
<Switch164>
13
</Switch164>
<Switch165>
8
</Switch165>
<Switch166>
3
</Switch166>
<Switch167>
12
</Switch167>
<Switch168>
13
</Switch168>
<Switch169>
1
</Switch169>
<Switch170>
1
</Switch170>
<Switch171>
15
</Switch171>
<Switch172>
18
</Switch172>
<Switch173>
18
</Switch173>
<Switch174>
15
</Switch174>
<Switch175>
12
</Switch175>
<Switch176>
19
</Switch176>
<Switch177>
16
</Switch177>
<Switch178>
3
</Switch178>
<Switch179>
16
</Switch179>
<Switch180>
13
</Switch180>
<Switch181>
4
</Switch181>
<Switch182>
5
</Switch182>
<Switch183>
16
</Switch183>
<Switch184>
9
</Switch184>
<Switch185>
8
</Switch185>
<Switch186>
3
</Switch186>
<Switch187>
3
</Switch187>
<Switch188>
17
</Switch188>
<Switch189>
9
</Switch189>
<Switch190>
12
</Switch190>
<Switch191>
15
</Switch191>
<Switch192>
11
</Switch192>
<Switch193>
13
</Switch193>
<Switch194>
9
</Switch194>
<Switch195>
14
</Switch195>
<Switch196>
2
</Switch196>
<Switch197>
11
</Switch197>
<Switch198>
18
</Switch198>
<Switch199>
17
</Switch199>
<Switch200>
7
</Switch200>
<Switch201>
14
</Switch201>
<Switch202>
4
</Switch202>
<Switch203>
4
</Switch203>
<Switch204>
17
</Switch204>
<Switch205>
2
</Switch205>
<Switch206>
15
</Switch206>
<Switch207>
11
</Switch207>
<Switch208>
3
</Switch208>
<Switch209>
15
</Switch209>
<Switch210>
11
</Switch210>
<Switch211>
18
</Switch211>
<Switch212>
1
</Switch212>
<Switch213>
9
</Switch213>
<Switch214>
1
</Switch214>
<Switch215>
4
</Switch215>
<Switch216>
6
</Switch216>
<Switch217>
17
</Switch217>
<Switch218>
15
</Switch218>
<Switch219>
11
</Switch219>
<Switch220>
0
</Switch220>
<Switch221>
10
</Switch221>
<Switch222>
18
</Switch222>
<Switch223>
16
</Switch223>
<Switch224>
18
</Switch224>
<Switch225>
14
</Switch225>
<Switch226>
7
</Switch226>
<Switch227>
5
</Switch227>
<Switch228>
0
</Switch228>
<Switch229>
4
</Switch229>
<Switch230>
8
</Switch230>
<Switch231>
1
</Switch231>
<Switch232>
16
</Switch232>
<Switch233>
15
</Switch233>
<Switch234>
18
</Switch234>
<Switch235>
18
</Switch235>
<Switch236>
14
</Switch236>
<Switch237>
2
</Switch237>
<Switch238>
8
</Switch238>
<Switch239>
19
</Switch239>
<Switch240>
13
</Switch240>
<Switch241>
12
</Switch241>
<Switch242>
8
</Switch242>
<Switch243>
9
</Switch243>
<Switch244>
14
</Switch244>
<Switch245>
10
</Switch245>
<Switch246>
5
</Switch246>
<Switch247>
17
</Switch247>
<Switch248>
2
</Switch248>
<Switch249>
16
</Switch249>
<Switch250>
17
</Switch250>
<Switch251>
1
</Switch251>
<Switch252>
16
</Switch252>
<Switch253>
13
</Switch253>
<Switch254>
17
</Switch254>
<Switch255>
2
</Switch255>
<Switch256>
9
</Switch256>
<Switch257>
19
</Switch257>
<Switch258>
0
</Switch258>
<Switch259>
15
</Switch259>
<Switch260>
4
</Switch260>
<Switch261>
7
</Switch261>
<Switch262>
13
</Switch262>
<Switch263>
19
</Switch263>
<Switch264>
6
</Switch264>
<Switch265>
1
</Switch265>
<Switch266>
0
</Switch266>
<Switch267>
13
</Switch267>
<Switch268>
11
</Switch268>
<Switch269>
13
</Switch269>
<Switch270>
0
</Switch270>
<Switch271>
1
</Switch271>
<Switch272>
3
</Switch272>
<Switch273>
14
</Switch273>
<Switch274>
2
</Switch274>
<Switch275>
7
</Switch275>
<Switch276>
3
</Switch276>
<Switch277>
8
</Switch277>
<Switch278>
11
</Switch278>
<Switch279>
9
</Switch279>
<Switch280>
8
</Switch280>
<Switch281>
13
</Switch281>
<Switch282>
0
</Switch282>
<Switch283>
10
</Switch283>
<Switch284>
5
</Switch284>
<Switch285>
17
</Switch285>
<Switch286>
7
</Switch286>
<Switch287>
6
</Switch287>
<Switch288>
18
</Switch288>
<Switch289>
12
</Switch289>
<Switch290>
15
</Switch290>
<Switch291>
9
</Switch291>
<Switch292>
2
</Switch292>
<Switch293>
16
</Switch293>
<Switch294>
9
</Switch294>
<Switch295>
15
</Switch295>
<Switch296>
11
</Switch296>
<Switch297>
4
</Switch297>
<Switch298>
17
</Switch298>
<Switch299>
2
</Switch299>
<Switch300>
6
</Switch300>
<Switch301>
15
</Switch301>
<Switch302>
12
</Switch302>
<Switch303>
0
</Switch303>
<Switch304>
8
</Switch304>
<Switch305>
10
</Switch305>
<Switch306>
19
</Switch306>
<Switch307>
18
</Switch307>
<Switch308>
19
</Switch308>
<Switch309>
18
</Switch309>
<Switch310>
18
</Switch310>
<Switch311>
2
</Switch311>
<Switch312>
13
</Switch312>
<Switch313>
18
</Switch313>
<Switch314>
8
</Switch314>
<Switch315>
6
</Switch315>
<Switch316>
3
</Switch316>
<Switch317>
13
</Switch317>
<Switch318>
11
</Switch318>
<Switch319>
16
</Switch319>
<Switch320>
9
</Switch320>
<Switch321>
0
</Switch321>
<Switch322>
0
</Switch322>
<Switch323>
6
</Switch323>
<Switch324>
2
</Switch324>
<Switch325>
4
</Switch325>
<Switch326>
0
</Switch326>
<Switch327>
18
</Switch327>
<Switch328>
14
</Switch328>
<Switch329>
15
</Switch329>
<Switch330>
2
</Switch330>
<Switch331>
11
</Switch331>
<Switch332>
19
</Switch332>
<Switch333>
12
</Switch333>
<Switch334>
1
</Switch334>
<Switch335>
5
</Switch335>
<Switch336>
4
</Switch336>
<Switch337>
16
</Switch337>
<Switch338>
18
</Switch338>
<Switch339>
8
</Switch339>
<Switch340>
19
</Switch340>
<Switch341>
16
</Switch341>
<Switch342>
18
</Switch342>
<Switch343>
4
</Switch343>
<Switch344>
19
</Switch344>
<Switch345>
13
</Switch345>
<Switch346>
18
</Switch346>
<Switch347>
5
</Switch347>
<Switch348>
6
</Switch348>
<Switch349>
0
</Switch349>
<Switch350>
5
</Switch350>
<Switch351>
14
</Switch351>
<Switch352>
4
</Switch352>
<Switch353>
0
</Switch353>
<Switch354>
8
</Switch354>
<Switch355>
12
</Switch355>
<Switch356>
11
</Switch356>
<Switch357>
5
</Switch357>
<Switch358>
10
</Switch358>
<Switch359>
3
</Switch359>
<Switch360>
8
</Switch360>
<Switch361>
19
</Switch361>
<Switch362>
18
</Switch362>
<Switch363>
8
</Switch363>
<Switch364>
16
</Switch364>
<Switch365>
0
</Switch365>
<Switch366>
1
</Switch366>
<Switch367>
2
</Switch367>
<Switch368>
4
</Switch368>
<Switch369>
7
</Switch369>
<Switch370>
1
</Switch370>
<Switch371>
7
</Switch371>
<Switch372>
15
</Switch372>
<Switch373>
18
</Switch373>
<Switch374>
19
</Switch374>
<Switch375>
18
</Switch375>
<Switch376>
9
</Switch376>
<Switch377>
11
</Switch377>
<Switch378>
6
</Switch378>
<Switch379>
7
</Switch379>
<Switch380>
1
</Switch380>
<Switch381>
3
</Switch381>
<Switch382>
9
</Switch382>
<Switch383>
14
</Switch383>
<Switch384>
1
</Switch384>
<Switch385>
11
</Switch385>
<Switch386>
3
</Switch386>
<Switch387>
18
</Switch387>
<Switch388>
6
</Switch388>
<Switch389>
5
</Switch389>
<Switch390>
3
</Switch390>
<Switch391>
7
</Switch391>
<Switch392>
8
</Switch392>
<Switch393>
11
</Switch393>
<Switch394>
6
</Switch394>
<Switch395>
11
</Switch395>
<Switch396>
19
</Switch396>
<Switch397>
3
</Switch397>
<Switch398>
13
</Switch398>
<Switch399>
14
</Switch399>
<Switch400>
15
</Switch400>
<Switch401>
4
</Switch401>
<Switch402>
0
</Switch402>
<Switch403>
4
</Switch403>
<Switch404>
18
</Switch404>
<Switch405>
16
</Switch405>
<Switch406>
9
</Switch406>
<Switch407>
0
</Switch407>
<Switch408>
8
</Switch408>
<Switch409>
15
</Switch409>
<Switch410>
19
</Switch410>
<Switch411>
4
</Switch411>
<Switch412>
18
</Switch412>
<Switch413>
7
</Switch413>
<Switch414>
11
</Switch414>
<Switch415>
12
</Switch415>
<Switch416>
11
</Switch416>
<Switch417>
7
</Switch417>
<Switch418>
8
</Switch418>
<Switch419>
0
</Switch419>
<Switch420>
7
</Switch420>
<Switch421>
19
</Switch421>
<Switch422>
3
</Switch422>
<Switch423>
1
</Switch423>
<Switch424>
2
</Switch424>
<Switch425>
13
</Switch425>
<Switch426>
18
</Switch426>
<Switch427>
19
</Switch427>
<Switch428>
1
</Switch428>
<Switch429>
2
</Switch429>
<Switch430>
10
</Switch430>
<Switch431>
2
</Switch431>
<Switch432>
5
</Switch432>
<Switch433>
2
</Switch433>
<Switch434>
4
</Switch434>
<Switch435>
7
</Switch435>
<Switch436>
10
</Switch436>
<Switch437>
2
</Switch437>
<Switch438>
0
</Switch438>
<Switch439>
7
</Switch439>
<Switch440>
14
</Switch440>
<Switch441>
6
</Switch441>
<Switch442>
6
</Switch442>
<Switch443>
15
</Switch443>
<Switch444>
3
</Switch444>
<Switch445>
17
</Switch445>
<Switch446>
19
</Switch446>
<Switch447>
3
</Switch447>
<Switch448>
2
</Switch448>
<Switch449>
13
</Switch449>
<Switch450>
8
</Switch450>
<Switch451>
13
</Switch451>
<Switch452>
14
</Switch452>
<Switch453>
2
</Switch453>
<Switch454>
10
</Switch454>
<Switch455>
5
</Switch455>
<Switch456>
14
</Switch456>
<Switch457>
19
</Switch457>
<Switch458>
9
</Switch458>
<Switch459>
0
</Switch459>
<Switch460>
10
</Switch460>
<Switch461>
11
</Switch461>
<Switch462>
10
</Switch462>
<Switch463>
17
</Switch463>
<Switch464>
7
</Switch464>
<Switch465>
15
</Switch465>
<Switch466>
1
</Switch466>
<Switch467>
12
</Switch467>
<Switch468>
13
</Switch468>
<Switch469>
9
</Switch469>
<Switch470>
13
</Switch470>
<Switch471>
18
</Switch471>
<Switch472>
17
</Switch472>
<Switch473>
0
</Switch473>
<Switch474>
2
</Switch474>
<Switch475>
2
</Switch475>
<Switch476>
8
</Switch476>
<Switch477>
0
</Switch477>
<Switch478>
9
</Switch478>
<Switch479>
11
</Switch479>
<Switch480>
15
</Switch480>
<Switch481>
12
</Switch481>
<Switch482>
6
</Switch482>
<Switch483>
14
</Switch483>
<Switch484>
15
</Switch484>
<Switch485>
1
</Switch485>
<Switch486>
8
</Switch486>
<Switch487>
8
</Switch487>
<Switch488>
4
</Switch488>
<Switch489>
9
</Switch489>
<Switch490>
15
</Switch490>
<Switch491>
17
</Switch491>
<Switch492>
18
</Switch492>
<Switch493>
16
</Switch493>
<Switch494>
15
</Switch494>
<Switch495>
0
</Switch495>
<Switch496>
16
</Switch496>
<Switch497>
4
</Switch497>
<Switch498>
6
</Switch498>
<Switch499>
3
</Switch499>
<Switch500>
16
</Switch500>
<Switch501>
4
</Switch501>
<Switch502>
10
</Switch502>
<Switch503>
17
</Switch503>
<Switch504>
8
</Switch504>
<Switch505>
8
</Switch505>
<Switch506>
16
</Switch506>
<Switch507>
7
</Switch507>
<Switch508>
3
</Switch508>
<Switch509>
11
</Switch509>
<Switch510>
9
</Switch510>
<Switch511>
5
</Switch511>
<Switch512>
13
</Switch512>
<Switch513>
2
</Switch513>
<Switch514>
11
</Switch514>
<Switch515>
8
</Switch515>
<Switch516>
9
</Switch516>
<Switch517>
17
</Switch517>
<Switch518>
1
</Switch518>
<Switch519>
17
</Switch519>
<Switch520>
17
</Switch520>
<Switch521>
12
</Switch521>
<Switch522>
17
</Switch522>
<Switch523>
11
</Switch523>
<Switch524>
16
</Switch524>
<Switch525>
16
</Switch525>
<Switch526>
3
</Switch526>
<Switch527>
6
</Switch527>
<Switch528>
4
</Switch528>
<Switch529>
12
</Switch529>
<Switch530>
11
</Switch530>
<Switch531>
8
</Switch531>
<Switch532>
15
</Switch532>
<Switch533>
3
</Switch533>
<Switch534>
12
</Switch534>
<Switch535>
1
</Switch535>
<Switch536>
0
</Switch536>
<Switch537>
4
</Switch537>
<Switch538>
8
</Switch538>
<Switch539>
12
</Switch539>
<Switch540>
10
</Switch540>
<Switch541>
4
</Switch541>
<Switch542>
11
</Switch542>
<Switch543>
0
</Switch543>
<Switch544>
16
</Switch544>
<Switch545>
16
</Switch545>
<Switch546>
15
</Switch546>
<Switch547>
1
</Switch547>
<Switch548>
13
</Switch548>
<Switch549>
15
</Switch549>
<Switch550>
6
</Switch550>
<Switch551>
9
</Switch551>
<Switch552>
12
</Switch552>
<Switch553>
16
</Switch553>
<Switch554>
15
</Switch554>
<Switch555>
19
</Switch555>
<Switch556>
17
</Switch556>
<Switch557>
7
</Switch557>
<Switch558>
8
</Switch558>
<Switch559>
19
</Switch559>
<Switch560>
15
</Switch560>
<Switch561>
9
</Switch561>
<Switch562>
13
</Switch562>
<Switch563>
2
</Switch563>
<Switch564>
5
</Switch564>
<Switch565>
18
</Switch565>
<Switch566>
11
</Switch566>
<Switch567>
18
</Switch567>
<Switch568>
8
</Switch568>
<Switch569>
17
</Switch569>
<Switch570>
12
</Switch570>
<Switch571>
15
</Switch571>
<Switch572>
18
</Switch572>
<Switch573>
15
</Switch573>
<Switch574>
15
</Switch574>
<Switch575>
17
</Switch575>
<Switch576>
1
</Switch576>
<Switch577>
18
</Switch577>
<Switch578>
12
</Switch578>
<Switch579>
2
</Switch579>
<Switch580>
15
</Switch580>
<Switch581>
12
</Switch581>
<Switch582>
17
</Switch582>
<Switch583>
19
</Switch583>
<Switch584>
14
</Switch584>
<Switch585>
5
</Switch585>
<Switch586>
4
</Switch586>
<Switch587>
15
</Switch587>
<Switch588>
9
</Switch588>
<Switch589>
13
</Switch589>
<Switch590>
16
</Switch590>
<Switch591>
4
</Switch591>
<Switch592>
13
</Switch592>
<Switch593>
12
</Switch593>
<Switch594>
0
</Switch594>
<Switch595>
15
</Switch595>
<Switch596>
8
</Switch596>
<Switch597>
13
</Switch597>
<Switch598>
15
</Switch598>
<Switch599>
2
</Switch599>
<Switch600>
8
</Switch600>
<Switch601>
18
</Switch601>
<Switch602>
3
</Switch602>
<Switch603>
17
</Switch603>
<Switch604>
11
</Switch604>
<Switch605>
14
</Switch605>
<Switch606>
1
</Switch606>
<Switch607>
11
</Switch607>
<Switch608>
2
</Switch608>
<Switch609>
19
</Switch609>
<Switch610>
1
</Switch610>
<Switch611>
11
</Switch611>
<Switch612>
19
</Switch612>
<Switch613>
19
</Switch613>
<Switch614>
19
</Switch614>
<Switch615>
15
</Switch615>
<Switch616>
10
</Switch616>
<Switch617>
18
</Switch617>
<Switch618>
13
</Switch618>
<Switch619>
4
</Switch619>
<Switch620>
8
</Switch620>
<Switch621>
7
</Switch621>
<Switch622>
13
</Switch622>
<Switch623>
12
</Switch623>
<Switch624>
3
</Switch624>
<Switch625>
0
</Switch625>
<Switch626>
19
</Switch626>
<Switch627>
9
</Switch627>
<Switch628>
18
</Switch628>
<Switch629>
12
</Switch629>
<Switch630>
5
</Switch630>
<Switch631>
3
</Switch631>
<Switch632>
12
</Switch632>
<Switch633>
9
</Switch633>
<Switch634>
15
</Switch634>
<Switch635>
6
</Switch635>
<Switch636>
17
</Switch636>
<Switch637>
19
</Switch637>
<Switch638>
13
</Switch638>
<Switch639>
14
</Switch639>
<Switch640>
17
</Switch640>
<Switch641>
16
</Switch641>
<Switch642>
0
</Switch642>
<Switch643>
8
</Switch643>
<Switch644>
8
</Switch644>
<Switch645>
4
</Switch645>
<Switch646>
4
</Switch646>
<Switch647>
2
</Switch647>
<Switch648>
15
</Switch648>
<Switch649>
8
</Switch649>
<Switch650>
9
</Switch650>
<Switch651>
18
</Switch651>
<Switch652>
18
</Switch652>
<Switch653>
15
</Switch653>
<Switch654>
10
</Switch654>
<Switch655>
12
</Switch655>
<Switch656>
1
</Switch656>
<Switch657>
19
</Switch657>
<Switch658>
11
</Switch658>
<Switch659>
14
</Switch659>
<Switch660>
19
</Switch660>
<Switch661>
12
</Switch661>
<Switch662>
19
</Switch662>
<Switch663>
1
</Switch663>
<Switch664>
5
</Switch664>
<Switch665>
6
</Switch665>
<Switch666>
4
</Switch666>
<Switch667>
10
</Switch667>
<Switch668>
7
</Switch668>
<Switch669>
8
</Switch669>
<Switch670>
19
</Switch670>
<Switch671>
15
</Switch671>
<Switch672>
14
</Switch672>
<Switch673>
16
</Switch673>
<Switch674>
13
</Switch674>
<Switch675>
1
</Switch675>
<Switch676>
16
</Switch676>
<Switch677>
19
</Switch677>
<Switch678>
9
</Switch678>
<Switch679>
7
</Switch679>
<Switch680>
12
</Switch680>
<Switch681>
2
</Switch681>
<Switch682>
13
</Switch682>
<Switch683>
13
</Switch683>
<Switch684>
2
</Switch684>
<Switch685>
19
</Switch685>
<Switch686>
14
</Switch686>
<Switch687>
14
</Switch687>
<Switch688>
5
</Switch688>
<Switch689>
14
</Switch689>
<Switch690>
15
</Switch690>
<Switch691>
16
</Switch691>
<Switch692>
1
</Switch692>
<Switch693>
7
</Switch693>
<Switch694>
18
</Switch694>
<Switch695>
11
</Switch695>
<Switch696>
1
</Switch696>
<Switch697>
11
</Switch697>
<Switch698>
15
</Switch698>
<Switch699>
17
</Switch699>
<Switch700>
2
</Switch700>
<Switch701>
3
</Switch701>
<Switch702>
16
</Switch702>
<Switch703>
5
</Switch703>
<Switch704>
15
</Switch704>
<Switch705>
4
</Switch705>
<Switch706>
5
</Switch706>
<Switch707>
14
</Switch707>
<Switch708>
5
</Switch708>
<Switch709>
12
</Switch709>
<Switch710>
4
</Switch710>
<Switch711>
3
</Switch711>
<Switch712>
14
</Switch712>
<Switch713>
2
</Switch713>
<Switch714>
4
</Switch714>
<Switch715>
5
</Switch715>
<Switch716>
1
</Switch716>
<Switch717>
6
</Switch717>
<Switch718>
7
</Switch718>
<Switch719>
9
</Switch719>
<Switch720>
5
</Switch720>
<Switch721>
8
</Switch721>
<Switch722>
0
</Switch722>
<Switch723>
8
</Switch723>
<Switch724>
19
</Switch724>
<Switch725>
11
</Switch725>
<Switch726>
7
</Switch726>
<Switch727>
17
</Switch727>
<Switch728>
15
</Switch728>
<Switch729>
14
</Switch729>
<Switch730>
12
</Switch730>
<Switch731>
19
</Switch731>
<Switch732>
18
</Switch732>
<Switch733>
7
</Switch733>
<Switch734>
2
</Switch734>
<Switch735>
13
</Switch735>
<Switch736>
14
</Switch736>
<Switch737>
4
</Switch737>
<Switch738>
16
</Switch738>
<Switch739>
2
</Switch739>
<Switch740>
11
</Switch740>
<Switch741>
15
</Switch741>
<Switch742>
18
</Switch742>
<Switch743>
17
</Switch743>
<Switch744>
11
</Switch744>
<Switch745>
9
</Switch745>
<Switch746>
7
</Switch746>
<Switch747>
14
</Switch747>
<Switch748>
15
</Switch748>
<Switch749>
0
</Switch749>
<Switch750>
8
</Switch750>
<Switch751>
7
</Switch751>
<Switch752>
16
</Switch752>
<Switch753>
11
</Switch753>
<Switch754>
13
</Switch754>
<Switch755>
15
</Switch755>
<Switch756>
12
</Switch756>
<Switch757>
3
</Switch757>
<Switch758>
0
</Switch758>
<Switch759>
8
</Switch759>
</BaseID:305>
